"Zeit";"Aktion";"Datei";"Referenz";"GroesseByte";"Info"
"2026-09-28 22:56:44";"DryRun";"F:\Daten\Älter\Bilder - Kopie\IMG20241213094831.jpg";"E:\OpenCloud\Persönlich (2)\Fotos\Dokumente\IMG20241213094831.jpg";"3525867";"Würde gelöscht werden"
"2026-09-28 22:56:45";"DryRun";"F:\Daten\Älter\Bilder - Kopie\IMG20250210163939.jpg";"E:\OpenCloud\Persönlich (2)\Fotos\Dokumente\IMG20250210163939.jpg";"3649700";"Würde gelöscht werden"
"2026-09-28 22:56:45";"DryRun";"F:\Daten\Älter\Bilder - Kopie\IMG20250401164741.jpg";"E:\OpenCloud\Persönlich (2)\Fotos\Dokumente\IMG20250401164741.jpg";"14246133";"Würde gelöscht werden"
"2026-09-28 22:56:45";"DryRun";"F:\Daten\Älter\Bilder - Kopie\IMG20250401164747.jpg";"E:\OpenCloud\Persönlich (2)\Fotos\Dokumente\IMG20250401164747.jpg";"12866523";"Würde gelöscht werden"
"2026-09-28 22:56:45";"DryRun";"F:\Daten\Älter\Bilder - Kopie\IMG20250401164753.jpg";"E:\OpenCloud\Persönlich (2)\Fotos\Dokumente\IMG20250401164753.jpg";"20716130";"Würde gelöscht werden"
"2026-09-28 22:56:45";"DryRun";"F:\Daten\Älter\Bilder\Afrika\F65T9122.jpg";"E:\OpenCloud\Persönlich (2)\Fotos\Afrika\F65T9122.jpg";"149307";"Würde gelöscht werden"
"2026-09-28 22:56:45";"DryRun";"F:\Daten\Älter\Bilder\Afrika\F65T9123.jpg";"E:\OpenCloud\Persönlich (2)\Fotos\Afrika\F65T9123.jpg";"169682";"Würde gelöscht werden"
"2026-09-28 22:56:45";"DryRun";"F:\Daten\Älter\Bilder\Afrika\F65T9124.jpg";"E:\OpenCloud\Persönlich (2)\Fotos\Afrika\F65T9124.jpg";"155855";"Würde gelöscht werden"
"2026-09-28 22:56:45";"DryRun";"F:\Daten\Älter\Bilder\Afrika\F65T9126.jpg";"E:\OpenCloud\Persönlich (2)\Fotos\Afrika\F65T9126.jpg";"163038";"Würde gelöscht werden"
"2026-09-28 22:56:45";"DryRun";"F:\Daten\Älter\Bilder\Afrika\F65T9128.jpg";"E:\OpenCloud\Persönlich (2)\Fotos\Afrika\F65T9128.jpg";"152651";"Würde gelöscht werden"
"2026-09-28 22:56:45";"DryRun";"F:\Daten\Älter\Bilder\Afrika\F65T9129.jpg";"E:\OpenCloud\Persönlich (2)\Fotos\Afrika\F65T9129.jpg";"156131";"Würde gelöscht werden"
"2026-09-28 22:56:45";"DryRun";"F:\Daten\Älter\Bilder\Afrika\F65T9131.jpg";"E:\OpenCloud\Persönlich (2)\Fotos\Afrika\F65T9131.jpg";"169195";"Würde gelöscht werden"
"2026-09-28 22:56:45";"DryRun";"F:\Daten\Älter\Bilder\Afrika\F65T9132.jpg";"E:\OpenCloud\Persönlich (2)\Fotos\Afrika\F65T9132.jpg";"165829";"Würde gelöscht werden"
"2026-09-28 22:56:45";"DryRun";"F:\Daten\Älter\Bilder\Afrika\F65T9133.jpg";"E:\OpenCloud\Persönlich (2)\Fotos\Afrika\F65T9133.jpg";"176054";"Würde gelöscht werden"
"2026-09-28 22:56:45";"DryRun";"F:\Daten\Älter\Bilder\Afrika\F65T9134.jpg";"E:\OpenCloud\Persönlich (2)\Fotos\Afrika\F65T9134.jpg";"173981";"Würde gelöscht werden"
"2026-09-28 22:56:45";"DryRun";"F:\Daten\Älter\Bilder\Afrika\F65T9135.jpg";"E:\OpenCloud\Persönlich (2)\Fotos\Afrika\F65T9135.jpg";"136226";"Würde gelöscht werden"
"2026-09-28 22:56:45";"DryRun";"F:\Daten\Älter\Bilder\Afrika\F65T9136.jpg";"E:\OpenCloud\Persönlich (2)\Fotos\Afrika\F65T9136.jpg";"129992";"Würde gelöscht werden"
"2026-09-28 22:56:45";"DryRun";"F:\Daten\Älter\Bilder\Afrika\F65T9137.jpg";"E:\OpenCloud\Persönlich (2)\Fotos\Afrika\F65T9137.jpg";"167991";"Würde gelöscht werden"
"2026-09-28 22:56:45";"DryRun";"F:\Daten\Älter\Bilder\Afrika\F65T9138.jpg";"E:\OpenCloud\Persönlich (2)\Fotos\Afrika\F65T9138.jpg";"136644";"Würde gelöscht werden"
"2026-09-28 22:56:45";"DryRun";"F:\Daten\Älter\Bilder\Afrika\F65T9139.jpg";"E:\OpenCloud\Persönlich (2)\Fotos\Afrika\F65T9139.jpg";"138806";"Würde gelöscht werden"
"2026-09-28 22:56:45";"DryRun";"F:\Daten\Älter\Bilder\Afrika\F65T9140.jpg";"E:\OpenCloud\Persönlich (2)\Fotos\Afrika\F65T9140.jpg";"118638";"Würde gelöscht werden"
"2026-09-28 22:56:45";"DryRun";"F:\Daten\Älter\Bilder\Afrika\F65T9141.jpg";"E:\OpenCloud\Persönlich (2)\Fotos\Afrika\F65T9141.jpg";"150580";"Würde gelöscht werden"
"2026-09-28 22:56:45";"DryRun";"F:\Daten\Älter\Bilder\Afrika\F65T9142.jpg";"E:\OpenCloud\Persönlich (2)\Fotos\Afrika\F65T9142.jpg";"126574";"Würde gelöscht werden"
"2026-09-28 22:56:45";"DryRun";"F:\Daten\Älter\Bilder\Afrika\F65T9143.jpg";"E:\OpenCloud\Persönlich (2)\Fotos\Afrika\F65T9143.jpg";"124304";"Würde gelöscht werden"
"2026-09-28 22:56:45";"DryRun";"F:\Daten\Älter\Bilder\Afrika\F65T9144.jpg";"E:\OpenCloud\Persönlich (2)\Fotos\Afrika\F65T9144.jpg";"125949";"Würde gelöscht werden"
"2026-09-28 22:56:45";"DryRun";"F:\Daten\Älter\Bilder\Afrika\F65T9145.jpg";"E:\OpenCloud\Persönlich (2)\Fotos\Afrika\F65T9145.jpg";"125361";"Würde gelöscht werden"
"2026-09-28 22:56:45";"DryRun";"F:\Daten\Älter\Bilder\Afrika\F65T9146.jpg";"E:\OpenCloud\Persönlich (2)\Fotos\Afrika\F65T9146.jpg";"124162";"Würde gelöscht werden"
"2026-09-28 22:56:45";"DryRun";"F:\Daten\Älter\Bilder\Afrika\F65T9147.jpg";"E:\OpenCloud\Persönlich (2)\Fotos\Afrika\F65T9147.jpg";"120984";"Würde gelöscht werden"
"2026-09-28 22:56:45";"DryRun";"F:\Daten\Älter\Bilder\Afrika\F65T9148.jpg";"E:\OpenCloud\Persönlich (2)\Fotos\Afrika\F65T9148.jpg";"127860";"Würde gelöscht werden"
"2026-09-28 22:56:45";"DryRun";"F:\Daten\Älter\Bilder\Afrika\F65T9149.jpg";"E:\OpenCloud\Persönlich (2)\Fotos\Afrika\F65T9149.jpg";"117252";"Würde gelöscht werden"
"2026-09-28 22:56:45";"DryRun";"F:\Daten\Älter\Bilder\Afrika\F65T9150.jpg";"E:\OpenCloud\Persönlich (2)\Fotos\Afrika\F65T9150.jpg";"120015";"Würde gelöscht werden"
"2026-09-28 22:56:45";"DryRun";"F:\Daten\Älter\Bilder\Afrika\F65T9151.jpg";"E:\OpenCloud\Persönlich (2)\Fotos\Afrika\F65T9151.jpg";"118846";"Würde gelöscht werden"
"2026-09-28 22:56:45";"DryRun";"F:\Daten\Älter\Bilder\Afrika\F65T9152 (2).jpg";"E:\OpenCloud\Persönlich (2)\Fotos\Afrika\F65T9152 (2).jpg";"77559";"Würde gelöscht werden"
"2026-09-28 22:56:45";"DryRun";"F:\Daten\Älter\Bilder\Afrika\F65T9152.jpg";"E:\OpenCloud\Persönlich (2)\Fotos\Afrika\F65T9152.jpg";"86103";"Würde gelöscht werden"
"2026-09-28 22:56:45";"DryRun";"F:\Daten\Älter\Bilder\Afrika\F65T9154.jpg";"E:\OpenCloud\Persönlich (2)\Fotos\Afrika\F65T9154.jpg";"82158";"Würde gelöscht werden"
"2026-09-28 22:56:45";"DryRun";"F:\Daten\Älter\Bilder\Afrika\F65T9155.jpg";"E:\OpenCloud\Persönlich (2)\Fotos\Afrika\F65T9155.jpg";"153284";"Würde gelöscht werden"
"2026-09-28 22:56:45";"DryRun";"F:\Daten\Älter\Bilder\Afrika\F65T9156.jpg";"E:\OpenCloud\Persönlich (2)\Fotos\Afrika\F65T9156.jpg";"123521";"Würde gelöscht werden"
"2026-09-28 22:56:45";"DryRun";"F:\Daten\Älter\Bilder\Afrika\F65T9157.jpg";"E:\OpenCloud\Persönlich (2)\Fotos\Afrika\F65T9157.jpg";"120695";"Würde gelöscht werden"
"2026-09-28 22:56:45";"DryRun";"F:\Daten\Älter\Bilder\Afrika\F65T9158.jpg";"E:\OpenCloud\Persönlich (2)\Fotos\Afrika\F65T9158.jpg";"128203";"Würde gelöscht werden"
"2026-09-28 22:56:45";"DryRun";"F:\Daten\Älter\Bilder\Afrika\F65T9159.jpg";"E:\OpenCloud\Persönlich (2)\Fotos\Afrika\F65T9159.jpg";"115592";"Würde gelöscht werden"
"2026-09-28 22:56:45";"DryRun";"F:\Daten\Älter\Bilder\Afrika\F65T9160.jpg";"E:\OpenCloud\Persönlich (2)\Fotos\Afrika\F65T9160.jpg";"141871";"Würde gelöscht werden"
"2026-09-28 22:56:45";"DryRun";"F:\Daten\Älter\Bilder\Afrika\F65T9161 (2).jpg";"E:\OpenCloud\Persönlich (2)\Fotos\Afrika\F65T9161 (2).jpg";"150600";"Würde gelöscht werden"
"2026-09-28 22:56:45";"DryRun";"F:\Daten\Älter\Bilder\Afrika\F65T9162 (2).jpg";"E:\OpenCloud\Persönlich (2)\Fotos\Afrika\F65T9162 (2).jpg";"84240";"Würde gelöscht werden"
"2026-09-28 22:56:45";"DryRun";"F:\Daten\Älter\Bilder\Afrika\F65T9163 (2).jpg";"E:\OpenCloud\Persönlich (2)\Fotos\Afrika\F65T9163 (2).jpg";"94947";"Würde gelöscht werden"
"2026-09-28 22:56:45";"DryRun";"F:\Daten\Älter\Bilder\Afrika\F65T9164 (2).jpg";"E:\OpenCloud\Persönlich (2)\Fotos\Afrika\F65T9164 (2).jpg";"171371";"Würde gelöscht werden"
"2026-09-28 22:56:45";"DryRun";"F:\Daten\Älter\Bilder\Afrika\F65T9165 (2).jpg";"E:\OpenCloud\Persönlich (2)\Fotos\Afrika\F65T9165 (2).jpg";"124146";"Würde gelöscht werden"
"2026-09-28 22:56:45";"DryRun";"F:\Daten\Älter\Bilder\Afrika\F65T9165.jpg";"E:\OpenCloud\Persönlich (2)\Fotos\Afrika\F65T9165.jpg";"137386";"Würde gelöscht werden"
"2026-09-28 22:56:45";"DryRun";"F:\Daten\Älter\Bilder\Afrika\F65T9166 (2).jpg";"E:\OpenCloud\Persönlich (2)\Fotos\Afrika\F65T9166 (2).jpg";"103526";"Würde gelöscht werden"
"2026-09-28 22:56:45";"DryRun";"F:\Daten\Älter\Bilder\Afrika\F65T9168.jpg";"E:\OpenCloud\Persönlich (2)\Fotos\Afrika\F65T9168.jpg";"126771";"Würde gelöscht werden"
"2026-09-28 22:56:45";"DryRun";"F:\Daten\Älter\Bilder\Afrika\F65T9170 (2).jpg";"E:\OpenCloud\Persönlich (2)\Fotos\Afrika\F65T9170 (2).jpg";"111663";"Würde gelöscht werden"
"2026-09-28 22:56:45";"DryRun";"F:\Daten\Älter\Bilder\Afrika\F65T9170.jpg";"E:\OpenCloud\Persönlich (2)\Fotos\Afrika\F65T9170.jpg";"127979";"Würde gelöscht werden"
"2026-09-28 22:56:45";"DryRun";"F:\Daten\Älter\Bilder\Afrika\F65T9172 (2).jpg";"E:\OpenCloud\Persönlich (2)\Fotos\Afrika\F65T9172 (2).jpg";"160741";"Würde gelöscht werden"
"2026-09-28 22:56:45";"DryRun";"F:\Daten\Älter\Bilder\Afrika\F65T9173 (2).jpg";"E:\OpenCloud\Persönlich (2)\Fotos\Afrika\F65T9173 (2).jpg";"105293";"Würde gelöscht werden"
"2026-09-28 22:56:45";"DryRun";"F:\Daten\Älter\Bilder\Afrika\F65T9173 (3).jpg";"E:\OpenCloud\Persönlich (2)\Fotos\Afrika\F65T9173 (3).jpg";"63183";"Würde gelöscht werden"
"2026-09-28 22:56:45";"DryRun";"F:\Daten\Älter\Bilder\Afrika\F65T9174 (2).jpg";"E:\OpenCloud\Persönlich (2)\Fotos\Afrika\F65T9174 (2).jpg";"110812";"Würde gelöscht werden"
"2026-09-28 22:56:45";"DryRun";"F:\Daten\Älter\Bilder\Afrika\F65T9174 (3).jpg";"E:\OpenCloud\Persönlich (2)\Fotos\Afrika\F65T9174 (3).jpg";"66284";"Würde gelöscht werden"
"2026-09-28 22:56:45";"DryRun";"F:\Daten\Älter\Bilder\Afrika\F65T9175 (2).jpg";"E:\OpenCloud\Persönlich (2)\Fotos\Afrika\F65T9175 (2).jpg";"77187";"Würde gelöscht werden"
"2026-09-28 22:56:45";"DryRun";"F:\Daten\Älter\Bilder\Afrika\F65T9175 (3).jpg";"E:\OpenCloud\Persönlich (2)\Fotos\Afrika\F65T9175 (3).jpg";"51133";"Würde gelöscht werden"
"2026-09-28 22:56:45";"DryRun";"F:\Daten\Älter\Bilder\Afrika\F65T9175 (5).jpg";"E:\OpenCloud\Persönlich (2)\Fotos\Afrika\F65T9175 (5).jpg";"69137";"Würde gelöscht werden"
"2026-09-28 22:56:45";"DryRun";"F:\Daten\Älter\Bilder\Afrika\IMG-20190915-WA0001.jpeg";"E:\OpenCloud\Persönlich (2)\Fotos\Afrika\IMG-20190915-WA0001.jpeg";"1190447";"Würde gelöscht werden"
"2026-09-28 22:56:45";"DryRun";"F:\Daten\Älter\Bilder\Afrika\IMG-20190916-WA0002.jpg";"E:\OpenCloud\Persönlich (2)\Fotos\Afrika\IMG-20190916-WA0002.jpg";"49532";"Würde gelöscht werden"
"2026-09-28 22:56:46";"DryRun";"F:\Daten\Älter\Bilder\Afrika\IMG-20190916-WA0004.jpg";"E:\OpenCloud\Persönlich (2)\Fotos\Afrika\IMG-20190916-WA0004.jpg";"150408";"Würde gelöscht werden"
"2026-09-28 22:56:46";"DryRun";"F:\Daten\Älter\Bilder\Afrika\IMG-20190916-WA0009.jpg";"E:\OpenCloud\Persönlich (2)\Fotos\Afrika\IMG-20190916-WA0009.jpg";"41326";"Würde gelöscht werden"
"2026-09-28 22:56:46";"DryRun";"F:\Daten\Älter\Bilder\Afrika\IMG-20190916-WA0010.jpg";"E:\OpenCloud\Persönlich (2)\Fotos\Afrika\IMG-20190916-WA0010.jpg";"44063";"Würde gelöscht werden"
"2026-09-28 22:56:46";"DryRun";"F:\Daten\Älter\Bilder\Afrika\IMG-20190916-WA0012.jpg";"E:\OpenCloud\Persönlich (2)\Fotos\Afrika\IMG-20190916-WA0012.jpg";"53074";"Würde gelöscht werden"
"2026-09-28 22:56:46";"DryRun";"F:\Daten\Älter\Bilder\Afrika\IMG-20190916-WA0013.jpg";"E:\OpenCloud\Persönlich (2)\Fotos\Afrika\IMG-20190916-WA0013.jpg";"54132";"Würde gelöscht werden"
"2026-09-28 22:56:46";"DryRun";"F:\Daten\Älter\Bilder\Afrika\IMG-20190916-WA0014.jpg";"E:\OpenCloud\Persönlich (2)\Fotos\Afrika\IMG-20190916-WA0014.jpg";"55072";"Würde gelöscht werden"
"2026-09-28 22:56:46";"DryRun";"F:\Daten\Älter\Bilder\Afrika\IMG-20190916-WA0020.jpg";"E:\OpenCloud\Persönlich (2)\Fotos\Afrika\IMG-20190916-WA0020.jpg";"56135";"Würde gelöscht werden"
"2026-09-28 22:56:46";"DryRun";"F:\Daten\Älter\Bilder\Afrika\IMG-20190916-WA0021.jpg";"E:\OpenCloud\Persönlich (2)\Fotos\Afrika\IMG-20190916-WA0021.jpg";"67451";"Würde gelöscht werden"
"2026-09-28 22:56:46";"DryRun";"F:\Daten\Älter\Bilder\Afrika\IMG-20190916-WA0022.jpg";"E:\OpenCloud\Persönlich (2)\Fotos\Afrika\IMG-20190916-WA0022.jpg";"78111";"Würde gelöscht werden"
"2026-09-28 22:56:46";"DryRun";"F:\Daten\Älter\Bilder\Afrika\IMG-20190916-WA0023.jpg";"E:\OpenCloud\Persönlich (2)\Fotos\Afrika\IMG-20190916-WA0023.jpg";"45409";"Würde gelöscht werden"
"2026-09-28 22:56:46";"DryRun";"F:\Daten\Älter\Bilder\Afrika\IMG-20190916-WA0024.jpg";"E:\OpenCloud\Persönlich (2)\Fotos\Afrika\IMG-20190916-WA0024.jpg";"54648";"Würde gelöscht werden"
"2026-09-28 22:56:46";"DryRun";"F:\Daten\Älter\Bilder\Afrika\IMG-20190916-WA0026.jpg";"E:\OpenCloud\Persönlich (2)\Fotos\Afrika\IMG-20190916-WA0026.jpg";"38678";"Würde gelöscht werden"
"2026-09-28 22:56:46";"DryRun";"F:\Daten\Älter\Bilder\Afrika\IMG-20190916-WA0028.jpg";"E:\OpenCloud\Persönlich (2)\Fotos\Afrika\IMG-20190916-WA0028.jpg";"38336";"Würde gelöscht werden"
"2026-09-28 22:56:46";"DryRun";"F:\Daten\Älter\Bilder\Afrika\IMG-20190916-WA0029.jpg";"E:\OpenCloud\Persönlich (2)\Fotos\Afrika\IMG-20190916-WA0029.jpg";"101314";"Würde gelöscht werden"
"2026-09-28 22:56:46";"DryRun";"F:\Daten\Älter\Bilder\Afrika\IMG-20190916-WA0030.jpg";"E:\OpenCloud\Persönlich (2)\Fotos\Afrika\IMG-20190916-WA0030.jpg";"45573";"Würde gelöscht werden"
"2026-09-28 22:56:46";"DryRun";"F:\Daten\Älter\Bilder\Afrika\IMG-20190916-WA0031.jpg";"E:\OpenCloud\Persönlich (2)\Fotos\Afrika\IMG-20190916-WA0031.jpg";"87716";"Würde gelöscht werden"
"2026-09-28 22:56:46";"DryRun";"F:\Daten\Älter\Bilder\Afrika\IMG-20190916-WA0032.jpg";"E:\OpenCloud\Persönlich (2)\Fotos\Afrika\IMG-20190916-WA0032.jpg";"134550";"Würde gelöscht werden"
"2026-09-28 22:56:46";"DryRun";"F:\Daten\Älter\Bilder\Afrika\IMG-20190916-WA0033.jpg";"E:\OpenCloud\Persönlich (2)\Fotos\Afrika\IMG-20190916-WA0033.jpg";"98541";"Würde gelöscht werden"
"2026-09-28 22:56:46";"DryRun";"F:\Daten\Älter\Bilder\Afrika\IMG-20190916-WA0034.jpg";"E:\OpenCloud\Persönlich (2)\Fotos\Afrika\IMG-20190916-WA0034.jpg";"189946";"Würde gelöscht werden"
"2026-09-28 22:56:46";"DryRun";"F:\Daten\Älter\Bilder\Afrika\IMG-20190916-WA0036.jpg";"E:\OpenCloud\Persönlich (2)\Fotos\Afrika\IMG-20190916-WA0036.jpg";"68509";"Würde gelöscht werden"
"2026-09-28 22:56:46";"DryRun";"F:\Daten\Älter\Bilder\Afrika\IMG-20190916-WA0038.jpg";"E:\OpenCloud\Persönlich (2)\Fotos\Afrika\IMG-20190916-WA0038.jpg";"51043";"Würde gelöscht werden"
"2026-09-28 22:56:46";"DryRun";"F:\Daten\Älter\Bilder\Afrika\IMG-20190916-WA0041.jpg";"E:\OpenCloud\Persönlich (2)\Fotos\Afrika\IMG-20190916-WA0041.jpg";"64838";"Würde gelöscht werden"
"2026-09-28 22:56:46";"DryRun";"F:\Daten\Älter\Bilder\Afrika\IMG-20190916-WA0042.jpg";"E:\OpenCloud\Persönlich (2)\Fotos\Afrika\IMG-20190916-WA0042.jpg";"125926";"Würde gelöscht werden"
"2026-09-28 22:56:46";"DryRun";"F:\Daten\Älter\Bilder\Afrika\IMG-20190916-WA0043.jpg";"E:\OpenCloud\Persönlich (2)\Fotos\Afrika\IMG-20190916-WA0043.jpg";"115901";"Würde gelöscht werden"
"2026-09-28 22:56:46";"DryRun";"F:\Daten\Älter\Bilder\Afrika\IMG-20190916-WA0044.jpg";"E:\OpenCloud\Persönlich (2)\Fotos\Afrika\IMG-20190916-WA0044.jpg";"118977";"Würde gelöscht werden"
"2026-09-28 22:56:46";"DryRun";"F:\Daten\Älter\Bilder\Afrika\IMG-20190916-WA0045.jpg";"E:\OpenCloud\Persönlich (2)\Fotos\Afrika\IMG-20190916-WA0045.jpg";"115833";"Würde gelöscht werden"
"2026-09-28 22:56:46";"DryRun";"F:\Daten\Älter\Bilder\Afrika\IMG-20190916-WA0050.jpg";"E:\OpenCloud\Persönlich (2)\Fotos\Afrika\IMG-20190916-WA0050.jpg";"238009";"Würde gelöscht werden"
"2026-09-28 22:56:46";"DryRun";"F:\Daten\Älter\Bilder\Afrika\IMG-20190916-WA0051.jpg";"E:\OpenCloud\Persönlich (2)\Fotos\Afrika\IMG-20190916-WA0051.jpg";"232122";"Würde gelöscht werden"
"2026-09-28 22:56:46";"DryRun";"F:\Daten\Älter\Bilder\Afrika\IMG-20190916-WA0052.jpg";"E:\OpenCloud\Persönlich (2)\Fotos\Afrika\IMG-20190916-WA0052.jpg";"260293";"Würde gelöscht werden"
"2026-09-28 22:56:46";"DryRun";"F:\Daten\Älter\Bilder\Afrika\IMG-20190916-WA0054.jpg";"E:\OpenCloud\Persönlich (2)\Fotos\Afrika\IMG-20190916-WA0054.jpg";"126433";"Würde gelöscht werden"
"2026-09-28 22:56:46";"DryRun";"F:\Daten\Älter\Bilder\Afrika\IMG-20190916-WA0055.jpg";"E:\OpenCloud\Persönlich (2)\Fotos\Afrika\IMG-20190916-WA0055.jpg";"117966";"Würde gelöscht werden"
"2026-09-28 22:56:46";"DryRun";"F:\Daten\Älter\Bilder\Afrika\IMG-20190916-WA0056.jpg";"E:\OpenCloud\Persönlich (2)\Fotos\Afrika\IMG-20190916-WA0056.jpg";"155351";"Würde gelöscht werden"
"2026-09-28 22:56:46";"DryRun";"F:\Daten\Älter\Bilder\Afrika\IMG-20190916-WA0057.jpg";"E:\OpenCloud\Persönlich (2)\Fotos\Afrika\IMG-20190916-WA0057.jpg";"129060";"Würde gelöscht werden"
"2026-09-28 22:56:46";"DryRun";"F:\Daten\Älter\Bilder\Afrika\IMG-20190916-WA0059.jpg";"E:\OpenCloud\Persönlich (2)\Fotos\Afrika\IMG-20190916-WA0059.jpg";"96816";"Würde gelöscht werden"
"2026-09-28 22:56:46";"DryRun";"F:\Daten\Älter\Bilder\Afrika\IMG-20190916-WA0060.jpg";"E:\OpenCloud\Persönlich (2)\Fotos\Afrika\IMG-20190916-WA0060.jpg";"105073";"Würde gelöscht werden"
"2026-09-28 22:56:46";"DryRun";"F:\Daten\Älter\Bilder\Afrika\IMG-20190916-WA0061.jpg";"E:\OpenCloud\Persönlich (2)\Fotos\Afrika\IMG-20190916-WA0061.jpg";"173441";"Würde gelöscht werden"
"2026-09-28 22:56:46";"DryRun";"F:\Daten\Älter\Bilder\Afrika\IMG-20190916-WA0062.jpg";"E:\OpenCloud\Persönlich (2)\Fotos\Afrika\IMG-20190916-WA0062.jpg";"133111";"Würde gelöscht werden"
"2026-09-28 22:56:46";"DryRun";"F:\Daten\Älter\Bilder\Afrika\IMG-20190916-WA0064.jpg";"E:\OpenCloud\Persönlich (2)\Fotos\Afrika\IMG-20190916-WA0064.jpg";"193069";"Würde gelöscht werden"
"2026-09-28 22:56:46";"DryRun";"F:\Daten\Älter\Bilder\Afrika\IMG-20190916-WA0065.jpg";"E:\OpenCloud\Persönlich (2)\Fotos\Afrika\IMG-20190916-WA0065.jpg";"89085";"Würde gelöscht werden"
"2026-09-28 22:56:46";"DryRun";"F:\Daten\Älter\Bilder\Afrika\IMG-20190916-WA0066.jpg";"E:\OpenCloud\Persönlich (2)\Fotos\Afrika\IMG-20190916-WA0066.jpg";"135539";"Würde gelöscht werden"
"2026-09-28 22:56:46";"DryRun";"F:\Daten\Älter\Bilder\Afrika\IMG-20190916-WA0067.jpg";"E:\OpenCloud\Persönlich (2)\Fotos\Afrika\IMG-20190916-WA0067.jpg";"126059";"Würde gelöscht werden"
"2026-09-28 22:56:46";"DryRun";"F:\Daten\Älter\Bilder\Afrika\IMG-20190916-WA0068.jpg";"E:\OpenCloud\Persönlich (2)\Fotos\Afrika\IMG-20190916-WA0068.jpg";"111282";"Würde gelöscht werden"
"2026-09-28 22:56:46";"DryRun";"F:\Daten\Älter\Bilder\Afrika\IMG-20190916-WA0070.jpg";"E:\OpenCloud\Persönlich (2)\Fotos\Afrika\IMG-20190916-WA0070.jpg";"105354";"Würde gelöscht werden"
"2026-09-28 22:56:46";"DryRun";"F:\Daten\Älter\Bilder\Afrika\IMG-20190916-WA0071.jpg";"E:\OpenCloud\Persönlich (2)\Fotos\Afrika\IMG-20190916-WA0071.jpg";"120184";"Würde gelöscht werden"
"2026-09-28 22:56:46";"DryRun";"F:\Daten\Älter\Bilder\Afrika\IMG-20190916-WA0072.jpg";"E:\OpenCloud\Persönlich (2)\Fotos\Afrika\IMG-20190916-WA0072.jpg";"213269";"Würde gelöscht werden"
"2026-09-28 22:56:46";"DryRun";"F:\Daten\Älter\Bilder\Afrika\IMG-20190916-WA0078.jpg";"E:\OpenCloud\Persönlich (2)\Fotos\Afrika\IMG-20190916-WA0078.jpg";"163454";"Würde gelöscht werden"
"2026-09-28 22:56:46";"DryRun";"F:\Daten\Älter\Bilder\Afrika\IMG-20190916-WA0079.jpg";"E:\OpenCloud\Persönlich (2)\Fotos\Afrika\IMG-20190916-WA0079.jpg";"120471";"Würde gelöscht werden"
"2026-09-28 22:56:46";"DryRun";"F:\Daten\Älter\Bilder\Afrika\IMG-20190916-WA0080.jpg";"E:\OpenCloud\Persönlich (2)\Fotos\Afrika\IMG-20190916-WA0080.jpg";"105326";"Würde gelöscht werden"
"2026-09-28 22:56:46";"DryRun";"F:\Daten\Älter\Bilder\Afrika\IMG-20190916-WA0082.jpg";"E:\OpenCloud\Persönlich (2)\Fotos\Afrika\IMG-20190916-WA0082.jpg";"226514";"Würde gelöscht werden"
"2026-09-28 22:56:46";"DryRun";"F:\Daten\Älter\Bilder\Afrika\IMG-20190916-WA0083.jpg";"E:\OpenCloud\Persönlich (2)\Fotos\Afrika\IMG-20190916-WA0083.jpg";"182017";"Würde gelöscht werden"
"2026-09-28 22:56:46";"DryRun";"F:\Daten\Älter\Bilder\Afrika\IMG-20190916-WA0088.jpg";"E:\OpenCloud\Persönlich (2)\Fotos\Afrika\IMG-20190916-WA0088.jpg";"231652";"Würde gelöscht werden"
"2026-09-28 22:56:46";"DryRun";"F:\Daten\Älter\Bilder\Afrika\IMG-20190916-WA0089.jpg";"E:\OpenCloud\Persönlich (2)\Fotos\Afrika\IMG-20190916-WA0089.jpg";"155885";"Würde gelöscht werden"
"2026-09-28 22:56:46";"DryRun";"F:\Daten\Älter\Bilder\Afrika\IMG-20190916-WA0090.jpg";"E:\OpenCloud\Persönlich (2)\Fotos\Afrika\IMG-20190916-WA0090.jpg";"282852";"Würde gelöscht werden"
"2026-09-28 22:56:46";"DryRun";"F:\Daten\Älter\Bilder\Afrika\IMG-20190916-WA0091.jpg";"E:\OpenCloud\Persönlich (2)\Fotos\Afrika\IMG-20190916-WA0091.jpg";"182462";"Würde gelöscht werden"
"2026-09-28 22:56:46";"DryRun";"F:\Daten\Älter\Bilder\Afrika\IMG-20190916-WA0092.jpg";"E:\OpenCloud\Persönlich (2)\Fotos\Afrika\IMG-20190916-WA0092.jpg";"118840";"Würde gelöscht werden"
"2026-09-28 22:56:46";"DryRun";"F:\Daten\Älter\Bilder\Afrika\IMG-20190916-WA0093.jpg";"E:\OpenCloud\Persönlich (2)\Fotos\Afrika\IMG-20190916-WA0093.jpg";"149651";"Würde gelöscht werden"
"2026-09-28 22:56:46";"DryRun";"F:\Daten\Älter\Bilder\Afrika\IMG-20190916-WA0094.jpg";"E:\OpenCloud\Persönlich (2)\Fotos\Afrika\IMG-20190916-WA0094.jpg";"82424";"Würde gelöscht werden"
"2026-09-28 22:56:46";"DryRun";"F:\Daten\Älter\Bilder\Afrika\IMG-20190916-WA0095.jpg";"E:\OpenCloud\Persönlich (2)\Fotos\Afrika\IMG-20190916-WA0095.jpg";"226905";"Würde gelöscht werden"
"2026-09-28 22:56:46";"DryRun";"F:\Daten\Älter\Bilder\Afrika\IMG-20190916-WA0096.jpg";"E:\OpenCloud\Persönlich (2)\Fotos\Afrika\IMG-20190916-WA0096.jpg";"174885";"Würde gelöscht werden"
"2026-09-28 22:56:46";"DryRun";"F:\Daten\Älter\Bilder\Afrika\IMG-20190916-WA0097.jpg";"E:\OpenCloud\Persönlich (2)\Fotos\Afrika\IMG-20190916-WA0097.jpg";"184493";"Würde gelöscht werden"
"2026-09-28 22:56:46";"DryRun";"F:\Daten\Älter\Bilder\Afrika\IMG-20190916-WA0098.jpg";"E:\OpenCloud\Persönlich (2)\Fotos\Afrika\IMG-20190916-WA0098.jpg";"172371";"Würde gelöscht werden"
"2026-09-28 22:56:46";"DryRun";"F:\Daten\Älter\Bilder\Afrika\IMG-20190916-WA0099.jpg";"E:\OpenCloud\Persönlich (2)\Fotos\Afrika\IMG-20190916-WA0099.jpg";"431581";"Würde gelöscht werden"
"2026-09-28 22:56:46";"DryRun";"F:\Daten\Älter\Bilder\Afrika\IMG-20190916-WA0100.jpg";"E:\OpenCloud\Persönlich (2)\Fotos\Afrika\IMG-20190916-WA0100.jpg";"97127";"Würde gelöscht werden"
"2026-09-28 22:56:46";"DryRun";"F:\Daten\Älter\Bilder\Afrika\IMG-20190916-WA0101.jpg";"E:\OpenCloud\Persönlich (2)\Fotos\Afrika\IMG-20190916-WA0101.jpg";"150209";"Würde gelöscht werden"
"2026-09-28 22:56:46";"DryRun";"F:\Daten\Älter\Bilder\Afrika\IMG-20190916-WA0102.jpg";"E:\OpenCloud\Persönlich (2)\Fotos\Afrika\IMG-20190916-WA0102.jpg";"110869";"Würde gelöscht werden"
"2026-09-28 22:56:46";"DryRun";"F:\Daten\Älter\Bilder\Afrika\IMG-20190916-WA0103.jpg";"E:\OpenCloud\Persönlich (2)\Fotos\Afrika\IMG-20190916-WA0103.jpg";"332727";"Würde gelöscht werden"
"2026-09-28 22:56:46";"DryRun";"F:\Daten\Älter\Bilder\Afrika\IMG-20190916-WA0104.jpg";"E:\OpenCloud\Persönlich (2)\Fotos\Afrika\IMG-20190916-WA0104.jpg";"172355";"Würde gelöscht werden"
"2026-09-28 22:56:46";"DryRun";"F:\Daten\Älter\Bilder\Afrika\IMG-20190916-WA0105.jpg";"E:\OpenCloud\Persönlich (2)\Fotos\Afrika\IMG-20190916-WA0105.jpg";"141139";"Würde gelöscht werden"
"2026-09-28 22:56:46";"DryRun";"F:\Daten\Älter\Bilder\Afrika\IMG-20190916-WA0106.jpg";"E:\OpenCloud\Persönlich (2)\Fotos\Afrika\IMG-20190916-WA0106.jpg";"360017";"Würde gelöscht werden"
"2026-09-28 22:56:46";"DryRun";"F:\Daten\Älter\Bilder\Afrika\IMG-20190916-WA0107.jpg";"E:\OpenCloud\Persönlich (2)\Fotos\Afrika\IMG-20190916-WA0107.jpg";"199716";"Würde gelöscht werden"
"2026-09-28 22:56:46";"DryRun";"F:\Daten\Älter\Bilder\Afrika\IMG-20190916-WA0108.jpg";"E:\OpenCloud\Persönlich (2)\Fotos\Afrika\IMG-20190916-WA0108.jpg";"79183";"Würde gelöscht werden"
"2026-09-28 22:56:46";"DryRun";"F:\Daten\Älter\Bilder\Afrika\IMG-20190916-WA0109.jpg";"E:\OpenCloud\Persönlich (2)\Fotos\Afrika\IMG-20190916-WA0109.jpg";"135600";"Würde gelöscht werden"
"2026-09-28 22:56:46";"DryRun";"F:\Daten\Älter\Bilder\Afrika\IMG-20190916-WA0110.jpg";"E:\OpenCloud\Persönlich (2)\Fotos\Afrika\IMG-20190916-WA0110.jpg";"93684";"Würde gelöscht werden"
"2026-09-28 22:56:46";"DryRun";"F:\Daten\Älter\Bilder\Afrika\IMG-20190916-WA0111.jpg";"E:\OpenCloud\Persönlich (2)\Fotos\Afrika\IMG-20190916-WA0111.jpg";"284200";"Würde gelöscht werden"
"2026-09-28 22:56:46";"DryRun";"F:\Daten\Älter\Bilder\Afrika\IMG-20190916-WA0112.jpg";"E:\OpenCloud\Persönlich (2)\Fotos\Afrika\IMG-20190916-WA0112.jpg";"86988";"Würde gelöscht werden"
"2026-09-28 22:56:46";"DryRun";"F:\Daten\Älter\Bilder\Afrika\IMG-20190916-WA0113.jpg";"E:\OpenCloud\Persönlich (2)\Fotos\Afrika\IMG-20190916-WA0113.jpg";"261363";"Würde gelöscht werden"
"2026-09-28 22:56:46";"DryRun";"F:\Daten\Älter\Bilder\Afrika\IMG-20190916-WA0114.jpg";"E:\OpenCloud\Persönlich (2)\Fotos\Afrika\IMG-20190916-WA0114.jpg";"122816";"Würde gelöscht werden"
"2026-09-28 22:56:46";"DryRun";"F:\Daten\Älter\Bilder\Afrika\IMG-20190916-WA0115.jpg";"E:\OpenCloud\Persönlich (2)\Fotos\Afrika\IMG-20190916-WA0115.jpg";"170177";"Würde gelöscht werden"
"2026-09-28 22:56:46";"DryRun";"F:\Daten\Älter\Bilder\Afrika\IMG-20190916-WA0116.jpg";"E:\OpenCloud\Persönlich (2)\Fotos\Afrika\IMG-20190916-WA0116.jpg";"122743";"Würde gelöscht werden"
"2026-09-28 22:56:46";"DryRun";"F:\Daten\Älter\Bilder\Afrika\IMG-20190916-WA0117.jpg";"E:\OpenCloud\Persönlich (2)\Fotos\Afrika\IMG-20190916-WA0117.jpg";"124403";"Würde gelöscht werden"
"2026-09-28 22:56:46";"DryRun";"F:\Daten\Älter\Bilder\Afrika\IMG-20190916-WA0118.jpg";"E:\OpenCloud\Persönlich (2)\Fotos\Afrika\IMG-20190916-WA0118.jpg";"108571";"Würde gelöscht werden"
"2026-09-28 22:56:46";"DryRun";"F:\Daten\Älter\Bilder\Afrika\IMG-20190916-WA0119.jpg";"E:\OpenCloud\Persönlich (2)\Fotos\Afrika\IMG-20190916-WA0119.jpg";"208965";"Würde gelöscht werden"
"2026-09-28 22:56:46";"DryRun";"F:\Daten\Älter\Bilder\Afrika\IMG-20190916-WA0120.jpg";"E:\OpenCloud\Persönlich (2)\Fotos\Afrika\IMG-20190916-WA0120.jpg";"100559";"Würde gelöscht werden"
"2026-09-28 22:56:46";"DryRun";"F:\Daten\Älter\Bilder\Afrika\IMG-20190916-WA0121.jpg";"E:\OpenCloud\Persönlich (2)\Fotos\Afrika\IMG-20190916-WA0121.jpg";"71131";"Würde gelöscht werden"
"2026-09-28 22:56:46";"DryRun";"F:\Daten\Älter\Bilder\Afrika\IMG-20190916-WA0122.jpg";"E:\OpenCloud\Persönlich (2)\Fotos\Afrika\IMG-20190916-WA0122.jpg";"142720";"Würde gelöscht werden"
"2026-09-28 22:56:46";"DryRun";"F:\Daten\Älter\Bilder\Afrika\IMG-20190916-WA0123.jpg";"E:\OpenCloud\Persönlich (2)\Fotos\Afrika\IMG-20190916-WA0123.jpg";"98858";"Würde gelöscht werden"
"2026-09-28 22:56:46";"DryRun";"F:\Daten\Älter\Bilder\Afrika\IMG-20190916-WA0124.jpg";"E:\OpenCloud\Persönlich (2)\Fotos\Afrika\IMG-20190916-WA0124.jpg";"89893";"Würde gelöscht werden"
"2026-09-28 22:56:46";"DryRun";"F:\Daten\Älter\Bilder\Afrika\IMG-20190916-WA0125.jpg";"E:\OpenCloud\Persönlich (2)\Fotos\Afrika\IMG-20190916-WA0125.jpg";"100942";"Würde gelöscht werden"
"2026-09-28 22:56:46";"DryRun";"F:\Daten\Älter\Bilder\Afrika\IMG-20190916-WA0126.jpg";"E:\OpenCloud\Persönlich (2)\Fotos\Afrika\IMG-20190916-WA0126.jpg";"100106";"Würde gelöscht werden"
"2026-09-28 22:56:46";"DryRun";"F:\Daten\Älter\Bilder\Afrika\IMG-20190916-WA0127.jpg";"E:\OpenCloud\Persönlich (2)\Fotos\Afrika\IMG-20190916-WA0127.jpg";"136971";"Würde gelöscht werden"
"2026-09-28 22:56:46";"DryRun";"F:\Daten\Älter\Bilder\Afrika\IMG-20190916-WA0128.jpg";"E:\OpenCloud\Persönlich (2)\Fotos\Afrika\IMG-20190916-WA0128.jpg";"183592";"Würde gelöscht werden"
"2026-09-28 22:56:46";"DryRun";"F:\Daten\Älter\Bilder\Afrika\IMG-20190916-WA0129.jpg";"E:\OpenCloud\Persönlich (2)\Fotos\Afrika\IMG-20190916-WA0129.jpg";"46916";"Würde gelöscht werden"
"2026-09-28 22:56:46";"DryRun";"F:\Daten\Älter\Bilder\Afrika\IMG-20190916-WA0130.jpg";"E:\OpenCloud\Persönlich (2)\Fotos\Afrika\IMG-20190916-WA0130.jpg";"102386";"Würde gelöscht werden"
"2026-09-28 22:56:46";"DryRun";"F:\Daten\Älter\Bilder\Afrika\IMG-20190916-WA0131.jpg";"E:\OpenCloud\Persönlich (2)\Fotos\Afrika\IMG-20190916-WA0131.jpg";"67156";"Würde gelöscht werden"
"2026-09-28 22:56:46";"DryRun";"F:\Daten\Älter\Bilder\Afrika\IMG-20190916-WA0132.jpg";"E:\OpenCloud\Persönlich (2)\Fotos\Afrika\IMG-20190916-WA0132.jpg";"88975";"Würde gelöscht werden"
"2026-09-28 22:56:46";"DryRun";"F:\Daten\Älter\Bilder\Afrika\IMG-20190916-WA0133.jpg";"E:\OpenCloud\Persönlich (2)\Fotos\Afrika\IMG-20190916-WA0133.jpg";"99658";"Würde gelöscht werden"
"2026-09-28 22:56:46";"DryRun";"F:\Daten\Älter\Bilder\Afrika\IMG-20190916-WA0134.jpg";"E:\OpenCloud\Persönlich (2)\Fotos\Afrika\IMG-20190916-WA0134.jpg";"73863";"Würde gelöscht werden"
"2026-09-28 22:56:46";"DryRun";"F:\Daten\Älter\Bilder\Afrika\IMG-20190916-WA0135.jpg";"E:\OpenCloud\Persönlich (2)\Fotos\Afrika\IMG-20190916-WA0135.jpg";"73910";"Würde gelöscht werden"
"2026-09-28 22:56:46";"DryRun";"F:\Daten\Älter\Bilder\Afrika\IMG-20190916-WA0136.jpg";"E:\OpenCloud\Persönlich (2)\Fotos\Afrika\IMG-20190916-WA0136.jpg";"88998";"Würde gelöscht werden"
"2026-09-28 22:56:46";"DryRun";"F:\Daten\Älter\Bilder\Afrika\IMG-20190916-WA0137.jpg";"E:\OpenCloud\Persönlich (2)\Fotos\Afrika\IMG-20190916-WA0137.jpg";"67198";"Würde gelöscht werden"
"2026-09-28 22:56:46";"DryRun";"F:\Daten\Älter\Bilder\Afrika\IMG-20190916-WA0138.jpg";"E:\OpenCloud\Persönlich (2)\Fotos\Afrika\IMG-20190916-WA0138.jpg";"136217";"Würde gelöscht werden"
"2026-09-28 22:56:46";"DryRun";"F:\Daten\Älter\Bilder\Afrika\IMG-20190916-WA0139.jpg";"E:\OpenCloud\Persönlich (2)\Fotos\Afrika\IMG-20190916-WA0139.jpg";"77583";"Würde gelöscht werden"
"2026-09-28 22:56:46";"DryRun";"F:\Daten\Älter\Bilder\Afrika\IMG-20190916-WA0140.jpg";"E:\OpenCloud\Persönlich (2)\Fotos\Afrika\IMG-20190916-WA0140.jpg";"65642";"Würde gelöscht werden"
"2026-09-28 22:56:46";"DryRun";"F:\Daten\Älter\Bilder\Afrika\IMG-20190916-WA0141.jpg";"E:\OpenCloud\Persönlich (2)\Fotos\Afrika\IMG-20190916-WA0141.jpg";"118211";"Würde gelöscht werden"
"2026-09-28 22:56:46";"DryRun";"F:\Daten\Älter\Bilder\Afrika\IMG-20190916-WA0142.jpg";"E:\OpenCloud\Persönlich (2)\Fotos\Afrika\IMG-20190916-WA0142.jpg";"87482";"Würde gelöscht werden"
"2026-09-28 22:56:46";"DryRun";"F:\Daten\Älter\Bilder\Afrika\IMG-20190916-WA0143.jpg";"E:\OpenCloud\Persönlich (2)\Fotos\Afrika\IMG-20190916-WA0143.jpg";"138197";"Würde gelöscht werden"
"2026-09-28 22:56:46";"DryRun";"F:\Daten\Älter\Bilder\Afrika\IMG-20190916-WA0144.jpg";"E:\OpenCloud\Persönlich (2)\Fotos\Afrika\IMG-20190916-WA0144.jpg";"60026";"Würde gelöscht werden"
"2026-09-28 22:56:46";"DryRun";"F:\Daten\Älter\Bilder\Afrika\IMG-20190916-WA0145.jpg";"E:\OpenCloud\Persönlich (2)\Fotos\Afrika\IMG-20190916-WA0145.jpg";"95728";"Würde gelöscht werden"
"2026-09-28 22:56:46";"DryRun";"F:\Daten\Älter\Bilder\Afrika\IMG-20190916-WA0146.jpg";"E:\OpenCloud\Persönlich (2)\Fotos\Afrika\IMG-20190916-WA0146.jpg";"125784";"Würde gelöscht werden"
"2026-09-28 22:56:46";"DryRun";"F:\Daten\Älter\Bilder\Afrika\IMG-20190916-WA0147.jpg";"E:\OpenCloud\Persönlich (2)\Fotos\Afrika\IMG-20190916-WA0147.jpg";"96252";"Würde gelöscht werden"
"2026-09-28 22:56:46";"DryRun";"F:\Daten\Älter\Bilder\Afrika\IMG-20190916-WA0148.jpg";"E:\OpenCloud\Persönlich (2)\Fotos\Afrika\IMG-20190916-WA0148.jpg";"79434";"Würde gelöscht werden"
"2026-09-28 22:56:46";"DryRun";"F:\Daten\Älter\Bilder\Afrika\IMG-20190916-WA0149.jpg";"E:\OpenCloud\Persönlich (2)\Fotos\Afrika\IMG-20190916-WA0149.jpg";"52237";"Würde gelöscht werden"
"2026-09-28 22:56:46";"DryRun";"F:\Daten\Älter\Bilder\Afrika\IMG-20190916-WA0150.jpg";"E:\OpenCloud\Persönlich (2)\Fotos\Afrika\IMG-20190916-WA0150.jpg";"56693";"Würde gelöscht werden"
"2026-09-28 22:56:46";"DryRun";"F:\Daten\Älter\Bilder\Afrika\IMG-20190916-WA0151.jpg";"E:\OpenCloud\Persönlich (2)\Fotos\Afrika\IMG-20190916-WA0151.jpg";"87483";"Würde gelöscht werden"
"2026-09-28 22:56:46";"DryRun";"F:\Daten\Älter\Bilder\Afrika\IMG-20190916-WA0152.jpg";"E:\OpenCloud\Persönlich (2)\Fotos\Afrika\IMG-20190916-WA0152.jpg";"65848";"Würde gelöscht werden"
"2026-09-28 22:56:46";"DryRun";"F:\Daten\Älter\Bilder\Afrika\IMG-20190916-WA0153.jpg";"E:\OpenCloud\Persönlich (2)\Fotos\Afrika\IMG-20190916-WA0153.jpg";"197315";"Würde gelöscht werden"
"2026-09-28 22:56:46";"DryRun";"F:\Daten\Älter\Bilder\Afrika\IMG-20190916-WA0154.jpg";"E:\OpenCloud\Persönlich (2)\Fotos\Afrika\IMG-20190916-WA0154.jpg";"113443";"Würde gelöscht werden"
"2026-09-28 22:56:46";"DryRun";"F:\Daten\Älter\Bilder\Afrika\IMG-20190916-WA0155.jpg";"E:\OpenCloud\Persönlich (2)\Fotos\Afrika\IMG-20190916-WA0155.jpg";"94778";"Würde gelöscht werden"
"2026-09-28 22:56:46";"DryRun";"F:\Daten\Älter\Bilder\Afrika\IMG-20190916-WA0156.jpg";"E:\OpenCloud\Persönlich (2)\Fotos\Afrika\IMG-20190916-WA0156.jpg";"107326";"Würde gelöscht werden"
"2026-09-28 22:56:46";"DryRun";"F:\Daten\Älter\Bilder\Afrika\IMG-20190916-WA0157.jpg";"E:\OpenCloud\Persönlich (2)\Fotos\Afrika\IMG-20190916-WA0157.jpg";"147431";"Würde gelöscht werden"
"2026-09-28 22:56:46";"DryRun";"F:\Daten\Älter\Bilder\Afrika\IMG-20190916-WA0158.jpg";"E:\OpenCloud\Persönlich (2)\Fotos\Afrika\IMG-20190916-WA0158.jpg";"83657";"Würde gelöscht werden"
"2026-09-28 22:56:46";"DryRun";"F:\Daten\Älter\Bilder\Afrika\IMG-20190916-WA0159.jpg";"E:\OpenCloud\Persönlich (2)\Fotos\Afrika\IMG-20190916-WA0159.jpg";"169920";"Würde gelöscht werden"
"2026-09-28 22:56:47";"DryRun";"F:\Daten\Älter\Bilder\Afrika\IMG-20190916-WA0160.jpg";"E:\OpenCloud\Persönlich (2)\Fotos\Afrika\IMG-20190916-WA0160.jpg";"82500";"Würde gelöscht werden"
"2026-09-28 22:56:47";"DryRun";"F:\Daten\Älter\Bilder\Afrika\IMG-20190916-WA0161.jpg";"E:\OpenCloud\Persönlich (2)\Fotos\Afrika\IMG-20190916-WA0161.jpg";"103310";"Würde gelöscht werden"
"2026-09-28 22:56:47";"DryRun";"F:\Daten\Älter\Bilder\Afrika\IMG-20190916-WA0162.jpg";"E:\OpenCloud\Persönlich (2)\Fotos\Afrika\IMG-20190916-WA0162.jpg";"104484";"Würde gelöscht werden"
"2026-09-28 22:56:47";"DryRun";"F:\Daten\Älter\Bilder\Afrika\IMG-20190916-WA0163.jpg";"E:\OpenCloud\Persönlich (2)\Fotos\Afrika\IMG-20190916-WA0163.jpg";"256006";"Würde gelöscht werden"
"2026-09-28 22:56:47";"DryRun";"F:\Daten\Älter\Bilder\Afrika\IMG-20190916-WA0164.jpg";"E:\OpenCloud\Persönlich (2)\Fotos\Afrika\IMG-20190916-WA0164.jpg";"179910";"Würde gelöscht werden"
"2026-09-28 22:56:47";"DryRun";"F:\Daten\Älter\Bilder\Afrika\IMG-20190916-WA0165.jpg";"E:\OpenCloud\Persönlich (2)\Fotos\Afrika\IMG-20190916-WA0165.jpg";"94850";"Würde gelöscht werden"
"2026-09-28 22:56:47";"DryRun";"F:\Daten\Älter\Bilder\Afrika\IMG-20190916-WA0166.jpg";"E:\OpenCloud\Persönlich (2)\Fotos\Afrika\IMG-20190916-WA0166.jpg";"146125";"Würde gelöscht werden"
"2026-09-28 22:56:47";"DryRun";"F:\Daten\Älter\Bilder\Afrika\IMG-20190916-WA0167.jpg";"E:\OpenCloud\Persönlich (2)\Fotos\Afrika\IMG-20190916-WA0167.jpg";"113558";"Würde gelöscht werden"
"2026-09-28 22:56:47";"DryRun";"F:\Daten\Älter\Bilder\Afrika\IMG-20190916-WA0168.jpg";"E:\OpenCloud\Persönlich (2)\Fotos\Afrika\IMG-20190916-WA0168.jpg";"60152";"Würde gelöscht werden"
"2026-09-28 22:56:47";"DryRun";"F:\Daten\Älter\Bilder\Afrika\IMG-20190916-WA0169.jpg";"E:\OpenCloud\Persönlich (2)\Fotos\Afrika\IMG-20190916-WA0169.jpg";"291825";"Würde gelöscht werden"
"2026-09-28 22:56:47";"DryRun";"F:\Daten\Älter\Bilder\Afrika\IMG-20190916-WA0170.jpg";"E:\OpenCloud\Persönlich (2)\Fotos\Afrika\IMG-20190916-WA0170.jpg";"81976";"Würde gelöscht werden"
"2026-09-28 22:56:47";"DryRun";"F:\Daten\Älter\Bilder\Afrika\IMG-20190916-WA0171.jpg";"E:\OpenCloud\Persönlich (2)\Fotos\Afrika\IMG-20190916-WA0171.jpg";"68648";"Würde gelöscht werden"
"2026-09-28 22:56:47";"DryRun";"F:\Daten\Älter\Bilder\Afrika\IMG-20190916-WA0172.jpg";"E:\OpenCloud\Persönlich (2)\Fotos\Afrika\IMG-20190916-WA0172.jpg";"84022";"Würde gelöscht werden"
"2026-09-28 22:56:47";"DryRun";"F:\Daten\Älter\Bilder\Afrika\IMG-20190916-WA0173.jpg";"E:\OpenCloud\Persönlich (2)\Fotos\Afrika\IMG-20190916-WA0173.jpg";"43772";"Würde gelöscht werden"
"2026-09-28 22:56:47";"DryRun";"F:\Daten\Älter\Bilder\Afrika\IMG-20190916-WA0174.jpg";"E:\OpenCloud\Persönlich (2)\Fotos\Afrika\IMG-20190916-WA0174.jpg";"42778";"Würde gelöscht werden"
"2026-09-28 22:56:47";"DryRun";"F:\Daten\Älter\Bilder\Afrika\IMG-20190916-WA0176.jpg";"E:\OpenCloud\Persönlich (2)\Fotos\Afrika\IMG-20190916-WA0176.jpg";"49494";"Würde gelöscht werden"
"2026-09-28 22:56:47";"DryRun";"F:\Daten\Älter\Bilder\Afrika\IMG-20190916-WA0177.jpg";"E:\OpenCloud\Persönlich (2)\Fotos\Afrika\IMG-20190916-WA0177.jpg";"119381";"Würde gelöscht werden"
"2026-09-28 22:56:47";"DryRun";"F:\Daten\Älter\Bilder\Afrika\IMG-20190916-WA0178.jpg";"E:\OpenCloud\Persönlich (2)\Fotos\Afrika\IMG-20190916-WA0178.jpg";"95910";"Würde gelöscht werden"
"2026-09-28 22:56:47";"DryRun";"F:\Daten\Älter\Bilder\Afrika\IMG-20190916-WA0179.jpg";"E:\OpenCloud\Persönlich (2)\Fotos\Afrika\IMG-20190916-WA0179.jpg";"95492";"Würde gelöscht werden"
"2026-09-28 22:56:47";"DryRun";"F:\Daten\Älter\Bilder\Afrika\IMG-20190916-WA0180.jpg";"E:\OpenCloud\Persönlich (2)\Fotos\Afrika\IMG-20190916-WA0180.jpg";"44935";"Würde gelöscht werden"
"2026-09-28 22:56:47";"DryRun";"F:\Daten\Älter\Bilder\Afrika\IMG-20190916-WA0181.jpg";"E:\OpenCloud\Persönlich (2)\Fotos\Afrika\IMG-20190916-WA0181.jpg";"163032";"Würde gelöscht werden"
"2026-09-28 22:56:47";"DryRun";"F:\Daten\Älter\Bilder\Afrika\IMG-20190916-WA0182.jpg";"E:\OpenCloud\Persönlich (2)\Fotos\Afrika\IMG-20190916-WA0129.jpg";"46916";"Würde gelöscht werden"
"2026-09-28 22:56:47";"DryRun";"F:\Daten\Älter\Bilder\Afrika\IMG-20190916-WA0183.jpg";"E:\OpenCloud\Persönlich (2)\Fotos\Afrika\IMG-20190916-WA0183.jpg";"89667";"Würde gelöscht werden"
"2026-09-28 22:56:47";"DryRun";"F:\Daten\Älter\Bilder\Afrika\IMG-20190916-WA0184.jpg";"E:\OpenCloud\Persönlich (2)\Fotos\Afrika\IMG-20190916-WA0184.jpg";"47647";"Würde gelöscht werden"
"2026-09-28 22:56:47";"DryRun";"F:\Daten\Älter\Bilder\Afrika\IMG-20190916-WA0185.jpg";"E:\OpenCloud\Persönlich (2)\Fotos\Afrika\IMG-20190916-WA0185.jpg";"135738";"Würde gelöscht werden"
"2026-09-28 22:56:47";"DryRun";"F:\Daten\Älter\Bilder\Afrika\IMG-20190916-WA0186.jpg";"E:\OpenCloud\Persönlich (2)\Fotos\Afrika\IMG-20190916-WA0186.jpg";"123373";"Würde gelöscht werden"
"2026-09-28 22:56:47";"DryRun";"F:\Daten\Älter\Bilder\Afrika\IMG-20190916-WA0187.jpg";"E:\OpenCloud\Persönlich (2)\Fotos\Afrika\IMG-20190916-WA0187.jpg";"47647";"Würde gelöscht werden"
"2026-09-28 22:56:47";"DryRun";"F:\Daten\Älter\Bilder\Afrika\IMG-20190916-WA0188.jpg";"E:\OpenCloud\Persönlich (2)\Fotos\Afrika\IMG-20190916-WA0188.jpg";"72318";"Würde gelöscht werden"
"2026-09-28 22:56:47";"DryRun";"F:\Daten\Älter\Bilder\Afrika\IMG-20190916-WA0189.jpg";"E:\OpenCloud\Persönlich (2)\Fotos\Afrika\IMG-20190916-WA0189.jpg";"41299";"Würde gelöscht werden"
"2026-09-28 22:56:47";"DryRun";"F:\Daten\Älter\Bilder\Afrika\IMG-20190916-WA0190.jpg";"E:\OpenCloud\Persönlich (2)\Fotos\Afrika\IMG-20190916-WA0190.jpg";"123795";"Würde gelöscht werden"
"2026-09-28 22:56:47";"DryRun";"F:\Daten\Älter\Bilder\Afrika\IMG-20190916-WA0191.jpg";"E:\OpenCloud\Persönlich (2)\Fotos\Afrika\IMG-20190916-WA0191.jpg";"71999";"Würde gelöscht werden"
"2026-09-28 22:56:47";"DryRun";"F:\Daten\Älter\Bilder\Afrika\IMG-20190916-WA0192.jpg";"E:\OpenCloud\Persönlich (2)\Fotos\Afrika\IMG-20190916-WA0192.jpg";"66895";"Würde gelöscht werden"
"2026-09-28 22:56:47";"DryRun";"F:\Daten\Älter\Bilder\Afrika\IMG-20190916-WA0193.jpg";"E:\OpenCloud\Persönlich (2)\Fotos\Afrika\IMG-20190916-WA0193.jpg";"34555";"Würde gelöscht werden"
"2026-09-28 22:56:47";"DryRun";"F:\Daten\Älter\Bilder\Afrika\IMG-20190916-WA0194.jpg";"E:\OpenCloud\Persönlich (2)\Fotos\Afrika\IMG-20190916-WA0194.jpg";"144760";"Würde gelöscht werden"
"2026-09-28 22:56:47";"DryRun";"F:\Daten\Älter\Bilder\Afrika\IMG-20190916-WA0195.jpg";"E:\OpenCloud\Persönlich (2)\Fotos\Afrika\IMG-20190916-WA0195.jpg";"150167";"Würde gelöscht werden"
"2026-09-28 22:56:47";"DryRun";"F:\Daten\Älter\Bilder\Afrika\IMG-20190916-WA0196.jpg";"E:\OpenCloud\Persönlich (2)\Fotos\Afrika\IMG-20190916-WA0196.jpg";"330444";"Würde gelöscht werden"
"2026-09-28 22:56:47";"DryRun";"F:\Daten\Älter\Bilder\Afrika\IMG-20190916-WA0197.jpg";"E:\OpenCloud\Persönlich (2)\Fotos\Afrika\IMG-20190916-WA0197.jpg";"335261";"Würde gelöscht werden"
"2026-09-28 22:56:47";"DryRun";"F:\Daten\Älter\Bilder\Afrika\IMG-20190916-WA0198.jpg";"E:\OpenCloud\Persönlich (2)\Fotos\Afrika\IMG-20190916-WA0198.jpg";"133748";"Würde gelöscht werden"
"2026-09-28 22:56:47";"DryRun";"F:\Daten\Älter\Bilder\Afrika\IMG-20190916-WA0199.jpg";"E:\OpenCloud\Persönlich (2)\Fotos\Afrika\IMG-20190916-WA0199.jpg";"89043";"Würde gelöscht werden"
"2026-09-28 22:56:47";"DryRun";"F:\Daten\Älter\Bilder\Afrika\IMG-20190916-WA0200.jpg";"E:\OpenCloud\Persönlich (2)\Fotos\Afrika\IMG-20190916-WA0200.jpg";"178264";"Würde gelöscht werden"
"2026-09-28 22:56:47";"DryRun";"F:\Daten\Älter\Bilder\Afrika\IMG-20190916-WA0201.jpg";"E:\OpenCloud\Persönlich (2)\Fotos\Afrika\IMG-20190916-WA0201.jpg";"102349";"Würde gelöscht werden"
"2026-09-28 22:56:47";"DryRun";"F:\Daten\Älter\Bilder\Afrika\IMG-20190916-WA0202.jpg";"E:\OpenCloud\Persönlich (2)\Fotos\Afrika\IMG-20190916-WA0202.jpg";"219068";"Würde gelöscht werden"
"2026-09-28 22:56:47";"DryRun";"F:\Daten\Älter\Bilder\Afrika\IMG-20190916-WA0203.jpg";"E:\OpenCloud\Persönlich (2)\Fotos\Afrika\IMG-20190916-WA0203.jpg";"283341";"Würde gelöscht werden"
"2026-09-28 22:56:47";"DryRun";"F:\Daten\Älter\Bilder\Afrika\IMG-20190916-WA0204.jpg";"E:\OpenCloud\Persönlich (2)\Fotos\Afrika\IMG-20190916-WA0204.jpg";"206067";"Würde gelöscht werden"
"2026-09-28 22:56:47";"DryRun";"F:\Daten\Älter\Bilder\Afrika\IMG-20190916-WA0205.jpg";"E:\OpenCloud\Persönlich (2)\Fotos\Afrika\IMG-20190916-WA0205.jpg";"217391";"Würde gelöscht werden"
"2026-09-28 22:56:47";"DryRun";"F:\Daten\Älter\Bilder\Afrika\IMG-20190916-WA0206.jpg";"E:\OpenCloud\Persönlich (2)\Fotos\Afrika\IMG-20190916-WA0206.jpg";"224425";"Würde gelöscht werden"
"2026-09-28 22:56:47";"DryRun";"F:\Daten\Älter\Bilder\Afrika\IMG-20190916-WA0207.jpg";"E:\OpenCloud\Persönlich (2)\Fotos\Afrika\IMG-20190916-WA0207.jpg";"260963";"Würde gelöscht werden"
"2026-09-28 22:56:47";"DryRun";"F:\Daten\Älter\Bilder\Afrika\IMG-20190916-WA0208.jpg";"E:\OpenCloud\Persönlich (2)\Fotos\Afrika\IMG-20190916-WA0208.jpg";"300108";"Würde gelöscht werden"
"2026-09-28 22:56:47";"DryRun";"F:\Daten\Älter\Bilder\Afrika\IMG-20190916-WA0209.jpg";"E:\OpenCloud\Persönlich (2)\Fotos\Afrika\IMG-20190916-WA0209.jpg";"375780";"Würde gelöscht werden"
"2026-09-28 22:56:47";"DryRun";"F:\Daten\Älter\Bilder\Afrika\IMG-20190916-WA0210.jpg";"E:\OpenCloud\Persönlich (2)\Fotos\Afrika\IMG-20190916-WA0210.jpg";"99021";"Würde gelöscht werden"
"2026-09-28 22:56:47";"DryRun";"F:\Daten\Älter\Bilder\Afrika\IMG-20190916-WA0211.jpg";"E:\OpenCloud\Persönlich (2)\Fotos\Afrika\IMG-20190916-WA0211.jpg";"190643";"Würde gelöscht werden"
"2026-09-28 22:56:47";"DryRun";"F:\Daten\Älter\Bilder\Afrika\IMG-20190916-WA0212.jpg";"E:\OpenCloud\Persönlich (2)\Fotos\Afrika\IMG-20190916-WA0212.jpg";"106746";"Würde gelöscht werden"
"2026-09-28 22:56:47";"DryRun";"F:\Daten\Älter\Bilder\Afrika\IMG-20190916-WA0213.jpg";"E:\OpenCloud\Persönlich (2)\Fotos\Afrika\IMG-20190916-WA0213.jpg";"262360";"Würde gelöscht werden"
"2026-09-28 22:56:47";"DryRun";"F:\Daten\Älter\Bilder\Afrika\IMG-20190916-WA0214.jpg";"E:\OpenCloud\Persönlich (2)\Fotos\Afrika\IMG-20190916-WA0214.jpg";"212428";"Würde gelöscht werden"
"2026-09-28 22:56:47";"DryRun";"F:\Daten\Älter\Bilder\Afrika\IMG-20190916-WA0215.jpg";"E:\OpenCloud\Persönlich (2)\Fotos\Afrika\IMG-20190916-WA0215.jpg";"139696";"Würde gelöscht werden"
"2026-09-28 22:56:47";"DryRun";"F:\Daten\Älter\Bilder\Afrika\IMG-20190916-WA0216.jpg";"E:\OpenCloud\Persönlich (2)\Fotos\Afrika\IMG-20190916-WA0216.jpg";"214471";"Würde gelöscht werden"
"2026-09-28 22:56:47";"DryRun";"F:\Daten\Älter\Bilder\Afrika\IMG-20190916-WA0217.jpg";"E:\OpenCloud\Persönlich (2)\Fotos\Afrika\IMG-20190916-WA0217.jpg";"274689";"Würde gelöscht werden"
"2026-09-28 22:56:47";"DryRun";"F:\Daten\Älter\Bilder\Afrika\IMG-20190916-WA0218.jpg";"E:\OpenCloud\Persönlich (2)\Fotos\Afrika\IMG-20190916-WA0218.jpg";"150661";"Würde gelöscht werden"
"2026-09-28 22:56:47";"DryRun";"F:\Daten\Älter\Bilder\Afrika\IMG-20190916-WA0219.jpg";"E:\OpenCloud\Persönlich (2)\Fotos\Afrika\IMG-20190916-WA0219.jpg";"152239";"Würde gelöscht werden"
"2026-09-28 22:56:47";"DryRun";"F:\Daten\Älter\Bilder\Afrika\IMG-20190916-WA0220.jpg";"E:\OpenCloud\Persönlich (2)\Fotos\Afrika\IMG-20190916-WA0220.jpg";"375482";"Würde gelöscht werden"
"2026-09-28 22:56:47";"DryRun";"F:\Daten\Älter\Bilder\Afrika\IMG-20190916-WA0221.jpg";"E:\OpenCloud\Persönlich (2)\Fotos\Afrika\IMG-20190916-WA0221.jpg";"161190";"Würde gelöscht werden"
"2026-09-28 22:56:47";"DryRun";"F:\Daten\Älter\Bilder\Afrika\IMG-20190916-WA0222.jpg";"E:\OpenCloud\Persönlich (2)\Fotos\Afrika\IMG-20190916-WA0222.jpg";"128719";"Würde gelöscht werden"
"2026-09-28 22:56:47";"DryRun";"F:\Daten\Älter\Bilder\Afrika\IMG-20190916-WA0223.jpg";"E:\OpenCloud\Persönlich (2)\Fotos\Afrika\IMG-20190916-WA0223.jpg";"194299";"Würde gelöscht werden"
"2026-09-28 22:56:47";"DryRun";"F:\Daten\Älter\Bilder\Afrika\IMG-20190916-WA0224.jpg";"E:\OpenCloud\Persönlich (2)\Fotos\Afrika\IMG-20190916-WA0224.jpg";"215268";"Würde gelöscht werden"
"2026-09-28 22:56:47";"DryRun";"F:\Daten\Älter\Bilder\Afrika\IMG-20190916-WA0225.jpg";"E:\OpenCloud\Persönlich (2)\Fotos\Afrika\IMG-20190916-WA0225.jpg";"205532";"Würde gelöscht werden"
"2026-09-28 22:56:47";"DryRun";"F:\Daten\Älter\Bilder\Afrika\IMG-20190916-WA0226.jpg";"E:\OpenCloud\Persönlich (2)\Fotos\Afrika\IMG-20190916-WA0226.jpg";"277630";"Würde gelöscht werden"
"2026-09-28 22:56:47";"DryRun";"F:\Daten\Älter\Bilder\Afrika\IMG-20190916-WA0227.jpg";"E:\OpenCloud\Persönlich (2)\Fotos\Afrika\IMG-20190916-WA0227.jpg";"145855";"Würde gelöscht werden"
"2026-09-28 22:56:47";"DryRun";"F:\Daten\Älter\Bilder\Afrika\IMG-20190916-WA0228.jpg";"E:\OpenCloud\Persönlich (2)\Fotos\Afrika\IMG-20190916-WA0228.jpg";"205566";"Würde gelöscht werden"
"2026-09-28 22:56:47";"DryRun";"F:\Daten\Älter\Bilder\Afrika\IMG-20190916-WA0229.jpg";"E:\OpenCloud\Persönlich (2)\Fotos\Afrika\IMG-20190916-WA0229.jpg";"496108";"Würde gelöscht werden"
"2026-09-28 22:56:47";"DryRun";"F:\Daten\Älter\Bilder\Afrika\IMG-20190916-WA0230.jpg";"E:\OpenCloud\Persönlich (2)\Fotos\Afrika\IMG-20190916-WA0230.jpg";"174320";"Würde gelöscht werden"
"2026-09-28 22:56:47";"DryRun";"F:\Daten\Älter\Bilder\Afrika\IMG-20190916-WA0231.jpg";"E:\OpenCloud\Persönlich (2)\Fotos\Afrika\IMG-20190916-WA0231.jpg";"212651";"Würde gelöscht werden"
"2026-09-28 22:56:47";"DryRun";"F:\Daten\Älter\Bilder\Afrika\IMG-20190916-WA0232.jpg";"E:\OpenCloud\Persönlich (2)\Fotos\Afrika\IMG-20190916-WA0232.jpg";"199016";"Würde gelöscht werden"
"2026-09-28 22:56:47";"DryRun";"F:\Daten\Älter\Bilder\Afrika\IMG-20190916-WA0233.jpg";"E:\OpenCloud\Persönlich (2)\Fotos\Afrika\IMG-20190916-WA0233.jpg";"130256";"Würde gelöscht werden"
"2026-09-28 22:56:47";"DryRun";"F:\Daten\Älter\Bilder\Afrika\IMG-20190916-WA0234.jpg";"E:\OpenCloud\Persönlich (2)\Fotos\Afrika\IMG-20190916-WA0234.jpg";"227602";"Würde gelöscht werden"
"2026-09-28 22:56:47";"DryRun";"F:\Daten\Älter\Bilder\Afrika\IMG-20190916-WA0235.jpg";"E:\OpenCloud\Persönlich (2)\Fotos\Afrika\IMG-20190916-WA0235.jpg";"198268";"Würde gelöscht werden"
"2026-09-28 22:56:47";"DryRun";"F:\Daten\Älter\Bilder\Afrika\IMG-20190916-WA0236.jpg";"E:\OpenCloud\Persönlich (2)\Fotos\Afrika\IMG-20190916-WA0236.jpg";"152612";"Würde gelöscht werden"
"2026-09-28 22:56:47";"DryRun";"F:\Daten\Älter\Bilder\Afrika\IMG-20190916-WA0237.jpg";"E:\OpenCloud\Persönlich (2)\Fotos\Afrika\IMG-20190916-WA0237.jpg";"139914";"Würde gelöscht werden"
"2026-09-28 22:56:47";"DryRun";"F:\Daten\Älter\Bilder\Afrika\IMG-20190916-WA0238.jpg";"E:\OpenCloud\Persönlich (2)\Fotos\Afrika\IMG-20190916-WA0238.jpg";"146156";"Würde gelöscht werden"
"2026-09-28 22:56:47";"DryRun";"F:\Daten\Älter\Bilder\Afrika\IMG-20190916-WA0239.jpg";"E:\OpenCloud\Persönlich (2)\Fotos\Afrika\IMG-20190916-WA0239.jpg";"142711";"Würde gelöscht werden"
"2026-09-28 22:56:47";"DryRun";"F:\Daten\Älter\Bilder\Afrika\IMG-20190916-WA0240.jpg";"E:\OpenCloud\Persönlich (2)\Fotos\Afrika\IMG-20190916-WA0240.jpg";"140230";"Würde gelöscht werden"
"2026-09-28 22:56:47";"DryRun";"F:\Daten\Älter\Bilder\Afrika\IMG-20190916-WA0241.jpg";"E:\OpenCloud\Persönlich (2)\Fotos\Afrika\IMG-20190916-WA0241.jpg";"152638";"Würde gelöscht werden"
"2026-09-28 22:56:47";"DryRun";"F:\Daten\Älter\Bilder\Afrika\IMG-20190916-WA0242.jpg";"E:\OpenCloud\Persönlich (2)\Fotos\Afrika\IMG-20190916-WA0242.jpg";"193525";"Würde gelöscht werden"
"2026-09-28 22:56:47";"DryRun";"F:\Daten\Älter\Bilder\Afrika\IMG-20190916-WA0243.jpg";"E:\OpenCloud\Persönlich (2)\Fotos\Afrika\IMG-20190916-WA0243.jpg";"308326";"Würde gelöscht werden"
"2026-09-28 22:56:47";"DryRun";"F:\Daten\Älter\Bilder\Afrika\IMG-20190916-WA0244.jpg";"E:\OpenCloud\Persönlich (2)\Fotos\Afrika\IMG-20190916-WA0244.jpg";"221201";"Würde gelöscht werden"
"2026-09-28 22:56:47";"DryRun";"F:\Daten\Älter\Bilder\Afrika\IMG-20190916-WA0245.jpg";"E:\OpenCloud\Persönlich (2)\Fotos\Afrika\IMG-20190916-WA0245.jpg";"136932";"Würde gelöscht werden"
"2026-09-28 22:56:47";"DryRun";"F:\Daten\Älter\Bilder\Afrika\IMG-20190916-WA0246.jpg";"E:\OpenCloud\Persönlich (2)\Fotos\Afrika\IMG-20190916-WA0246.jpg";"134735";"Würde gelöscht werden"
"2026-09-28 22:56:47";"DryRun";"F:\Daten\Älter\Bilder\Afrika\IMG-20190916-WA0247.jpg";"E:\OpenCloud\Persönlich (2)\Fotos\Afrika\IMG-20190916-WA0247.jpg";"129175";"Würde gelöscht werden"
"2026-09-28 22:56:47";"DryRun";"F:\Daten\Älter\Bilder\Afrika\IMG-20190916-WA0248.jpg";"E:\OpenCloud\Persönlich (2)\Fotos\Afrika\IMG-20190916-WA0248.jpg";"198791";"Würde gelöscht werden"
"2026-09-28 22:56:47";"DryRun";"F:\Daten\Älter\Bilder\Afrika\IMG-20190916-WA0249.jpg";"E:\OpenCloud\Persönlich (2)\Fotos\Afrika\IMG-20190916-WA0249.jpg";"152367";"Würde gelöscht werden"
"2026-09-28 22:56:47";"DryRun";"F:\Daten\Älter\Bilder\Afrika\IMG-20190916-WA0251.jpg";"E:\OpenCloud\Persönlich (2)\Fotos\Afrika\IMG-20190916-WA0251.jpg";"462473";"Würde gelöscht werden"
"2026-09-28 22:56:47";"DryRun";"F:\Daten\Älter\Bilder\Afrika\IMG-20190916-WA0252.jpg";"E:\OpenCloud\Persönlich (2)\Fotos\Afrika\IMG-20190916-WA0252.jpg";"210692";"Würde gelöscht werden"
"2026-09-28 22:56:47";"DryRun";"F:\Daten\Älter\Bilder\Afrika\IMG-20190916-WA0257.jpg";"E:\OpenCloud\Persönlich (2)\Fotos\Afrika\IMG-20190916-WA0257.jpg";"153462";"Würde gelöscht werden"
"2026-09-28 22:56:47";"DryRun";"F:\Daten\Älter\Bilder\Afrika\IMG-20190916-WA0259.jpg";"E:\OpenCloud\Persönlich (2)\Fotos\Afrika\IMG-20190916-WA0259.jpg";"208471";"Würde gelöscht werden"
"2026-09-28 22:56:47";"DryRun";"F:\Daten\Älter\Bilder\Afrika\IMG-20190916-WA0268.jpg";"E:\OpenCloud\Persönlich (2)\Fotos\Afrika\IMG-20190916-WA0268.jpg";"161944";"Würde gelöscht werden"
"2026-09-28 22:56:47";"DryRun";"F:\Daten\Älter\Bilder\Afrika\IMG-20190916-WA0269.jpg";"E:\OpenCloud\Persönlich (2)\Fotos\Afrika\IMG-20190916-WA0269.jpg";"167621";"Würde gelöscht werden"
"2026-09-28 22:56:47";"DryRun";"F:\Daten\Älter\Bilder\Afrika\IMG-20190916-WA0271.jpg";"E:\OpenCloud\Persönlich (2)\Fotos\Afrika\IMG-20190916-WA0271.jpg";"355968";"Würde gelöscht werden"
"2026-09-28 22:56:47";"DryRun";"F:\Daten\Älter\Bilder\Afrika\IMG-20190916-WA0273.jpg";"E:\OpenCloud\Persönlich (2)\Fotos\Afrika\IMG-20190916-WA0273.jpg";"214678";"Würde gelöscht werden"
"2026-09-28 22:56:47";"DryRun";"F:\Daten\Älter\Bilder\Afrika\IMG-20190916-WA0274.jpg";"E:\OpenCloud\Persönlich (2)\Fotos\Afrika\IMG-20190916-WA0274.jpg";"141790";"Würde gelöscht werden"
"2026-09-28 22:56:47";"DryRun";"F:\Daten\Älter\Bilder\Afrika\IMG-20190916-WA0277.jpg";"E:\OpenCloud\Persönlich (2)\Fotos\Afrika\IMG-20190916-WA0277.jpg";"167897";"Würde gelöscht werden"
"2026-09-28 22:56:47";"DryRun";"F:\Daten\Älter\Bilder\Afrika\IMG-20190916-WA0278.jpg";"E:\OpenCloud\Persönlich (2)\Fotos\Afrika\IMG-20190916-WA0278.jpg";"143276";"Würde gelöscht werden"
"2026-09-28 22:56:47";"DryRun";"F:\Daten\Älter\Bilder\Afrika\IMG-20190916-WA0279.jpg";"E:\OpenCloud\Persönlich (2)\Fotos\Afrika\IMG-20190916-WA0279.jpg";"140619";"Würde gelöscht werden"
"2026-09-28 22:56:47";"DryRun";"F:\Daten\Älter\Bilder\Afrika\IMG-20190916-WA0280.jpg";"E:\OpenCloud\Persönlich (2)\Fotos\Afrika\IMG-20190916-WA0280.jpg";"149317";"Würde gelöscht werden"
"2026-09-28 22:56:47";"DryRun";"F:\Daten\Älter\Bilder\Afrika\IMG-20190916-WA0281.jpg";"E:\OpenCloud\Persönlich (2)\Fotos\Afrika\IMG-20190916-WA0281.jpg";"122192";"Würde gelöscht werden"
"2026-09-28 22:56:47";"DryRun";"F:\Daten\Älter\Bilder\Afrika\IMG-20190916-WA0284.jpg";"E:\OpenCloud\Persönlich (2)\Fotos\Afrika\IMG-20190916-WA0284.jpg";"115965";"Würde gelöscht werden"
"2026-09-28 22:56:47";"DryRun";"F:\Daten\Älter\Bilder\Afrika\IMG-20190916-WA0285.jpg";"E:\OpenCloud\Persönlich (2)\Fotos\Afrika\IMG-20190916-WA0285.jpg";"121116";"Würde gelöscht werden"
"2026-09-28 22:56:47";"DryRun";"F:\Daten\Älter\Bilder\Afrika\IMG-20190916-WA0286.jpg";"E:\OpenCloud\Persönlich (2)\Fotos\Afrika\IMG-20190916-WA0286.jpg";"130349";"Würde gelöscht werden"
"2026-09-28 22:56:47";"DryRun";"F:\Daten\Älter\Bilder\Afrika\IMG-20190916-WA0287.jpg";"E:\OpenCloud\Persönlich (2)\Fotos\Afrika\IMG-20190916-WA0287.jpg";"124334";"Würde gelöscht werden"
"2026-09-28 22:56:47";"DryRun";"F:\Daten\Älter\Bilder\Afrika\IMG-20190916-WA0288.jpg";"E:\OpenCloud\Persönlich (2)\Fotos\Afrika\IMG-20190916-WA0288.jpg";"215624";"Würde gelöscht werden"
"2026-09-28 22:56:47";"DryRun";"F:\Daten\Älter\Bilder\Afrika\IMG-20190916-WA0290.jpg";"E:\OpenCloud\Persönlich (2)\Fotos\Afrika\IMG-20190916-WA0290.jpg";"145981";"Würde gelöscht werden"
"2026-09-28 22:56:47";"DryRun";"F:\Daten\Älter\Bilder\Afrika\IMG-20190916-WA0291.jpg";"E:\OpenCloud\Persönlich (2)\Fotos\Afrika\IMG-20190916-WA0291.jpg";"151788";"Würde gelöscht werden"
"2026-09-28 22:56:47";"DryRun";"F:\Daten\Älter\Bilder\Afrika\IMG-20190916-WA0292.jpg";"E:\OpenCloud\Persönlich (2)\Fotos\Afrika\IMG-20190916-WA0292.jpg";"112530";"Würde gelöscht werden"
"2026-09-28 22:56:47";"DryRun";"F:\Daten\Älter\Bilder\Afrika\IMG-20190916-WA0293.jpg";"E:\OpenCloud\Persönlich (2)\Fotos\Afrika\IMG-20190916-WA0293.jpg";"162398";"Würde gelöscht werden"
"2026-09-28 22:56:47";"DryRun";"F:\Daten\Älter\Bilder\Afrika\IMG-20190916-WA0294.jpg";"E:\OpenCloud\Persönlich (2)\Fotos\Afrika\IMG-20190916-WA0294.jpg";"176834";"Würde gelöscht werden"
"2026-09-28 22:56:47";"DryRun";"F:\Daten\Älter\Bilder\Afrika\IMG-20190916-WA0295.jpg";"E:\OpenCloud\Persönlich (2)\Fotos\Afrika\IMG-20190916-WA0295.jpg";"174217";"Würde gelöscht werden"
"2026-09-28 22:56:47";"DryRun";"F:\Daten\Älter\Bilder\Afrika\IMG-20190916-WA0296.jpg";"E:\OpenCloud\Persönlich (2)\Fotos\Afrika\IMG-20190916-WA0296.jpg";"157881";"Würde gelöscht werden"
"2026-09-28 22:56:47";"DryRun";"F:\Daten\Älter\Bilder\Afrika\IMG-20190916-WA0297.jpg";"E:\OpenCloud\Persönlich (2)\Fotos\Afrika\IMG-20190916-WA0297.jpg";"122928";"Würde gelöscht werden"
"2026-09-28 22:56:47";"DryRun";"F:\Daten\Älter\Bilder\Afrika\IMG-20190916-WA0299.jpg";"E:\OpenCloud\Persönlich (2)\Fotos\Afrika\IMG-20190916-WA0299.jpg";"162366";"Würde gelöscht werden"
"2026-09-28 22:56:47";"DryRun";"F:\Daten\Älter\Bilder\Afrika\IMG-20190916-WA0301.jpg";"E:\OpenCloud\Persönlich (2)\Fotos\Afrika\IMG-20190916-WA0301.jpg";"167109";"Würde gelöscht werden"
"2026-09-28 22:56:47";"DryRun";"F:\Daten\Älter\Bilder\Afrika\IMG-20190916-WA0303.jpg";"E:\OpenCloud\Persönlich (2)\Fotos\Afrika\IMG-20190916-WA0303.jpg";"266884";"Würde gelöscht werden"
"2026-09-28 22:56:47";"DryRun";"F:\Daten\Älter\Bilder\Afrika\IMG-20190916-WA0305.jpg";"E:\OpenCloud\Persönlich (2)\Fotos\Afrika\IMG-20190916-WA0305.jpg";"524147";"Würde gelöscht werden"
"2026-09-28 22:56:47";"DryRun";"F:\Daten\Älter\Bilder\Afrika\IMG-20190916-WA0307.jpg";"E:\OpenCloud\Persönlich (2)\Fotos\Afrika\IMG-20190916-WA0307.jpg";"271306";"Würde gelöscht werden"
"2026-09-28 22:56:47";"DryRun";"F:\Daten\Älter\Bilder\Afrika\IMG-20190916-WA0308.jpg";"E:\OpenCloud\Persönlich (2)\Fotos\Afrika\IMG-20190916-WA0308.jpg";"266179";"Würde gelöscht werden"
"2026-09-28 22:56:47";"DryRun";"F:\Daten\Älter\Bilder\Afrika\IMG-20190916-WA0312.jpg";"E:\OpenCloud\Persönlich (2)\Fotos\Afrika\IMG-20190916-WA0312.jpg";"360975";"Würde gelöscht werden"
"2026-09-28 22:56:47";"DryRun";"F:\Daten\Älter\Bilder\Afrika\IMG-20190916-WA0314.jpg";"E:\OpenCloud\Persönlich (2)\Fotos\Afrika\IMG-20190916-WA0314.jpg";"557903";"Würde gelöscht werden"
"2026-09-28 22:56:47";"DryRun";"F:\Daten\Älter\Bilder\Afrika\IMG-20190916-WA0315.jpg";"E:\OpenCloud\Persönlich (2)\Fotos\Afrika\IMG-20190916-WA0315.jpg";"121442";"Würde gelöscht werden"
"2026-09-28 22:56:47";"DryRun";"F:\Daten\Älter\Bilder\Afrika\IMG-20190916-WA0316.jpg";"E:\OpenCloud\Persönlich (2)\Fotos\Afrika\IMG-20190916-WA0316.jpg";"262434";"Würde gelöscht werden"
"2026-09-28 22:56:47";"DryRun";"F:\Daten\Älter\Bilder\Afrika\IMG-20190916-WA0317.jpg";"E:\OpenCloud\Persönlich (2)\Fotos\Afrika\IMG-20190916-WA0317.jpg";"243142";"Würde gelöscht werden"
"2026-09-28 22:56:47";"DryRun";"F:\Daten\Älter\Bilder\Afrika\IMG-20190916-WA0320.jpg";"E:\OpenCloud\Persönlich (2)\Fotos\Afrika\IMG-20190916-WA0320.jpg";"150993";"Würde gelöscht werden"
"2026-09-28 22:56:47";"DryRun";"F:\Daten\Älter\Bilder\Afrika\IMG-20190916-WA0321.jpg";"E:\OpenCloud\Persönlich (2)\Fotos\Afrika\IMG-20190916-WA0321.jpg";"289759";"Würde gelöscht werden"
"2026-09-28 22:56:48";"DryRun";"F:\Daten\Älter\Bilder\Afrika\IMG-20190916-WA0322.jpg";"E:\OpenCloud\Persönlich (2)\Fotos\Afrika\IMG-20190916-WA0322.jpg";"330302";"Würde gelöscht werden"
"2026-09-28 22:56:48";"DryRun";"F:\Daten\Älter\Bilder\Afrika\IMG-20190916-WA0323.jpg";"E:\OpenCloud\Persönlich (2)\Fotos\Afrika\IMG-20190916-WA0323.jpg";"196546";"Würde gelöscht werden"
"2026-09-28 22:56:48";"DryRun";"F:\Daten\Älter\Bilder\Afrika\IMG-20190916-WA0324.jpg";"E:\OpenCloud\Persönlich (2)\Fotos\Afrika\IMG-20190916-WA0324.jpg";"323585";"Würde gelöscht werden"
"2026-09-28 22:56:48";"DryRun";"F:\Daten\Älter\Bilder\Afrika\IMG-20190916-WA0327.jpg";"E:\OpenCloud\Persönlich (2)\Fotos\Afrika\IMG-20190916-WA0327.jpg";"335684";"Würde gelöscht werden"
"2026-09-28 22:56:48";"DryRun";"F:\Daten\Älter\Bilder\Afrika\IMG-20190916-WA0329.jpg";"E:\OpenCloud\Persönlich (2)\Fotos\Afrika\IMG-20190916-WA0329.jpg";"169811";"Würde gelöscht werden"
"2026-09-28 22:56:48";"DryRun";"F:\Daten\Älter\Bilder\Afrika\IMG-20190916-WA0331.jpg";"E:\OpenCloud\Persönlich (2)\Fotos\Afrika\IMG-20190916-WA0331.jpg";"324313";"Würde gelöscht werden"
"2026-09-28 22:56:48";"DryRun";"F:\Daten\Älter\Bilder\Afrika\IMG-20190916-WA0336.jpg";"E:\OpenCloud\Persönlich (2)\Fotos\Afrika\IMG-20190916-WA0336.jpg";"251272";"Würde gelöscht werden"
"2026-09-28 22:56:48";"DryRun";"F:\Daten\Älter\Bilder\Afrika\IMG-20190916-WA0337.jpg";"E:\OpenCloud\Persönlich (2)\Fotos\Afrika\IMG-20190916-WA0337.jpg";"261625";"Würde gelöscht werden"
"2026-09-28 22:56:48";"DryRun";"F:\Daten\Älter\Bilder\Afrika\IMG-20190916-WA0338.jpg";"E:\OpenCloud\Persönlich (2)\Fotos\Afrika\IMG-20190916-WA0338.jpg";"161305";"Würde gelöscht werden"
"2026-09-28 22:56:48";"DryRun";"F:\Daten\Älter\Bilder\Afrika\IMG-20190916-WA0340.jpg";"E:\OpenCloud\Persönlich (2)\Fotos\Afrika\IMG-20190916-WA0340.jpg";"199869";"Würde gelöscht werden"
"2026-09-28 22:56:48";"DryRun";"F:\Daten\Älter\Bilder\Afrika\IMG-20190916-WA0342.jpg";"E:\OpenCloud\Persönlich (2)\Fotos\Afrika\IMG-20190916-WA0342.jpg";"284517";"Würde gelöscht werden"
"2026-09-28 22:56:48";"DryRun";"F:\Daten\Älter\Bilder\Afrika\IMG-20190916-WA0343.jpg";"E:\OpenCloud\Persönlich (2)\Fotos\Afrika\IMG-20190916-WA0343.jpg";"290775";"Würde gelöscht werden"
"2026-09-28 22:56:48";"DryRun";"F:\Daten\Älter\Bilder\Afrika\IMG-20190916-WA0344.jpg";"E:\OpenCloud\Persönlich (2)\Fotos\Afrika\IMG-20190916-WA0344.jpg";"163346";"Würde gelöscht werden"
"2026-09-28 22:56:48";"DryRun";"F:\Daten\Älter\Bilder\Afrika\IMG-20190916-WA0345.jpg";"E:\OpenCloud\Persönlich (2)\Fotos\Afrika\IMG-20190916-WA0345.jpg";"385754";"Würde gelöscht werden"
"2026-09-28 22:56:48";"DryRun";"F:\Daten\Älter\Bilder\Afrika\IMG-20190916-WA0347.jpg";"E:\OpenCloud\Persönlich (2)\Fotos\Afrika\IMG-20190916-WA0347.jpg";"199946";"Würde gelöscht werden"
"2026-09-28 22:56:48";"DryRun";"F:\Daten\Älter\Bilder\Afrika\IMG-20190916-WA0349.jpg";"E:\OpenCloud\Persönlich (2)\Fotos\Afrika\IMG-20190916-WA0349.jpg";"155112";"Würde gelöscht werden"
"2026-09-28 22:56:48";"DryRun";"F:\Daten\Älter\Bilder\Afrika\IMG-20190916-WA0350.jpg";"E:\OpenCloud\Persönlich (2)\Fotos\Afrika\IMG-20190916-WA0350.jpg";"282383";"Würde gelöscht werden"
"2026-09-28 22:56:48";"DryRun";"F:\Daten\Älter\Bilder\Afrika\IMG-20190916-WA0351.jpg";"E:\OpenCloud\Persönlich (2)\Fotos\Afrika\IMG-20190916-WA0351.jpg";"266053";"Würde gelöscht werden"
"2026-09-28 22:56:48";"DryRun";"F:\Daten\Älter\Bilder\Afrika\IMG-20190916-WA0352.jpg";"E:\OpenCloud\Persönlich (2)\Fotos\Afrika\IMG-20190916-WA0352.jpg";"198654";"Würde gelöscht werden"
"2026-09-28 22:56:48";"DryRun";"F:\Daten\Älter\Bilder\Afrika\IMG-20190916-WA0353.jpg";"E:\OpenCloud\Persönlich (2)\Fotos\Afrika\IMG-20190916-WA0353.jpg";"190441";"Würde gelöscht werden"
"2026-09-28 22:56:48";"DryRun";"F:\Daten\Älter\Bilder\Afrika\IMG-20190916-WA0354.jpg";"E:\OpenCloud\Persönlich (2)\Fotos\Afrika\IMG-20190916-WA0354.jpg";"88644";"Würde gelöscht werden"
"2026-09-28 22:56:48";"DryRun";"F:\Daten\Älter\Bilder\Afrika\IMG-20190916-WA0355.jpg";"E:\OpenCloud\Persönlich (2)\Fotos\Afrika\IMG-20190916-WA0355.jpg";"97054";"Würde gelöscht werden"
"2026-09-28 22:56:48";"DryRun";"F:\Daten\Älter\Bilder\Afrika\IMG-20190916-WA0356.jpg";"E:\OpenCloud\Persönlich (2)\Fotos\Afrika\IMG-20190916-WA0356.jpg";"132728";"Würde gelöscht werden"
"2026-09-28 22:56:48";"DryRun";"F:\Daten\Älter\Bilder\Afrika\IMG-20190916-WA0357.jpg";"E:\OpenCloud\Persönlich (2)\Fotos\Afrika\IMG-20190916-WA0357.jpg";"75578";"Würde gelöscht werden"
"2026-09-28 22:56:48";"DryRun";"F:\Daten\Älter\Bilder\Afrika\IMG-20190916-WA0358.jpg";"E:\OpenCloud\Persönlich (2)\Fotos\Afrika\IMG-20190916-WA0358.jpg";"135949";"Würde gelöscht werden"
"2026-09-28 22:56:48";"DryRun";"F:\Daten\Älter\Bilder\Afrika\IMG-20190916-WA0359.jpg";"E:\OpenCloud\Persönlich (2)\Fotos\Afrika\IMG-20190916-WA0359.jpg";"152213";"Würde gelöscht werden"
"2026-09-28 22:56:48";"DryRun";"F:\Daten\Älter\Bilder\Afrika\IMG-20190916-WA0360.jpg";"E:\OpenCloud\Persönlich (2)\Fotos\Afrika\IMG-20190916-WA0360.jpg";"74810";"Würde gelöscht werden"
"2026-09-28 22:56:48";"DryRun";"F:\Daten\Älter\Bilder\Afrika\IMG-20190916-WA0361.jpg";"E:\OpenCloud\Persönlich (2)\Fotos\Afrika\IMG-20190916-WA0361.jpg";"56569";"Würde gelöscht werden"
"2026-09-28 22:56:48";"DryRun";"F:\Daten\Älter\Bilder\Afrika\IMG-20190916-WA0362.jpg";"E:\OpenCloud\Persönlich (2)\Fotos\Afrika\IMG-20190916-WA0362.jpg";"173499";"Würde gelöscht werden"
"2026-09-28 22:56:48";"DryRun";"F:\Daten\Älter\Bilder\Afrika\IMG-20190916-WA0363.jpg";"E:\OpenCloud\Persönlich (2)\Fotos\Afrika\IMG-20190916-WA0363.jpg";"145626";"Würde gelöscht werden"
"2026-09-28 22:56:48";"DryRun";"F:\Daten\Älter\Bilder\Afrika\IMG-20190916-WA0364.jpg";"E:\OpenCloud\Persönlich (2)\Fotos\Afrika\IMG-20190916-WA0364.jpg";"165593";"Würde gelöscht werden"
"2026-09-28 22:56:48";"DryRun";"F:\Daten\Älter\Bilder\Afrika\IMG-20190916-WA0365.jpg";"E:\OpenCloud\Persönlich (2)\Fotos\Afrika\IMG-20190916-WA0365.jpg";"129491";"Würde gelöscht werden"
"2026-09-28 22:56:48";"DryRun";"F:\Daten\Älter\Bilder\Afrika\IMG-20190916-WA0366.jpg";"E:\OpenCloud\Persönlich (2)\Fotos\Afrika\IMG-20190916-WA0366.jpg";"87836";"Würde gelöscht werden"
"2026-09-28 22:56:48";"DryRun";"F:\Daten\Älter\Bilder\Afrika\IMG-20190916-WA0367.jpg";"E:\OpenCloud\Persönlich (2)\Fotos\Afrika\IMG-20190916-WA0367.jpg";"79146";"Würde gelöscht werden"
"2026-09-28 22:56:48";"DryRun";"F:\Daten\Älter\Bilder\Afrika\IMG-20190916-WA0368.jpg";"E:\OpenCloud\Persönlich (2)\Fotos\Afrika\IMG-20190916-WA0368.jpg";"158450";"Würde gelöscht werden"
"2026-09-28 22:56:48";"DryRun";"F:\Daten\Älter\Bilder\Afrika\IMG-20190916-WA0369.jpg";"E:\OpenCloud\Persönlich (2)\Fotos\Afrika\IMG-20190916-WA0369.jpg";"82058";"Würde gelöscht werden"
"2026-09-28 22:56:48";"DryRun";"F:\Daten\Älter\Bilder\Afrika\IMG-20190916-WA0372.jpg";"E:\OpenCloud\Persönlich (2)\Fotos\Afrika\IMG-20190916-WA0372.jpg";"87227";"Würde gelöscht werden"
"2026-09-28 22:56:48";"DryRun";"F:\Daten\Älter\Bilder\Afrika\IMG-20190916-WA0373.jpg";"E:\OpenCloud\Persönlich (2)\Fotos\Afrika\IMG-20190916-WA0373.jpg";"85725";"Würde gelöscht werden"
"2026-09-28 22:56:48";"DryRun";"F:\Daten\Älter\Bilder\Afrika\IMG-20190916-WA0374.jpg";"E:\OpenCloud\Persönlich (2)\Fotos\Afrika\IMG-20190916-WA0374.jpg";"114080";"Würde gelöscht werden"
"2026-09-28 22:56:48";"DryRun";"F:\Daten\Älter\Bilder\Afrika\IMG-20190916-WA0375.jpg";"E:\OpenCloud\Persönlich (2)\Fotos\Afrika\IMG-20190916-WA0135.jpg";"73910";"Würde gelöscht werden"
"2026-09-28 22:56:48";"DryRun";"F:\Daten\Älter\Bilder\Afrika\IMG-20190916-WA0408.jpg";"E:\OpenCloud\Persönlich (2)\Fotos\Afrika\IMG-20190916-WA0408.jpg";"318613";"Würde gelöscht werden"
"2026-09-28 22:56:48";"DryRun";"F:\Daten\Älter\Bilder\Afrika\IMG-20190916-WA0409.jpg";"E:\OpenCloud\Persönlich (2)\Fotos\Afrika\IMG-20190916-WA0409.jpg";"324459";"Würde gelöscht werden"
"2026-09-28 22:56:48";"DryRun";"F:\Daten\Älter\Bilder\Afrika\IMG-20190916-WA0410.jpg";"E:\OpenCloud\Persönlich (2)\Fotos\Afrika\IMG-20190916-WA0410.jpg";"318154";"Würde gelöscht werden"
"2026-09-28 22:56:48";"DryRun";"F:\Daten\Älter\Bilder\Afrika\IMG-20190916-WA0411__01.jpg";"E:\OpenCloud\Persönlich (2)\Fotos\Afrika\IMG-20190916-WA0411__01.jpg";"506057";"Würde gelöscht werden"
"2026-09-28 22:56:48";"DryRun";"F:\Daten\Älter\Bilder\Afrika\IMG-20190916-WA0411.jpg";"E:\OpenCloud\Persönlich (2)\Fotos\Afrika\IMG-20190916-WA0411.jpg";"310924";"Würde gelöscht werden"
"2026-09-28 22:56:48";"DryRun";"F:\Daten\Älter\Bilder\Afrika\IMG-20190916-WA0412.jpg";"E:\OpenCloud\Persönlich (2)\Fotos\Afrika\IMG-20190916-WA0412.jpg";"152722";"Würde gelöscht werden"
"2026-09-28 22:56:48";"DryRun";"F:\Daten\Älter\Bilder\Afrika\IMG-20190916-WA0413.jpg";"E:\OpenCloud\Persönlich (2)\Fotos\Afrika\IMG-20190916-WA0413.jpg";"227712";"Würde gelöscht werden"
"2026-09-28 22:56:48";"DryRun";"F:\Daten\Älter\Bilder\Afrika\IMG-20190916-WA0414.jpg";"E:\OpenCloud\Persönlich (2)\Fotos\Afrika\IMG-20190916-WA0414.jpg";"153995";"Würde gelöscht werden"
"2026-09-28 22:56:48";"DryRun";"F:\Daten\Älter\Bilder\Afrika\IMG-20190916-WA0415.jpg";"E:\OpenCloud\Persönlich (2)\Fotos\Afrika\IMG-20190916-WA0415.jpg";"297614";"Würde gelöscht werden"
"2026-09-28 22:56:48";"DryRun";"F:\Daten\Älter\Bilder\Afrika\IMG-20190916-WA0416.jpg";"E:\OpenCloud\Persönlich (2)\Fotos\Afrika\IMG-20190916-WA0416.jpg";"383045";"Würde gelöscht werden"
"2026-09-28 22:56:48";"DryRun";"F:\Daten\Älter\Bilder\Afrika\IMG-20190916-WA0417.jpg";"E:\OpenCloud\Persönlich (2)\Fotos\Afrika\IMG-20190916-WA0417.jpg";"219844";"Würde gelöscht werden"
"2026-09-28 22:56:48";"DryRun";"F:\Daten\Älter\Bilder\Afrika\IMG-20190916-WA0418.jpg";"E:\OpenCloud\Persönlich (2)\Fotos\Afrika\IMG-20190916-WA0418.jpg";"287110";"Würde gelöscht werden"
"2026-09-28 22:56:48";"DryRun";"F:\Daten\Älter\Bilder\Afrika\IMG-20190916-WA0419.jpg";"E:\OpenCloud\Persönlich (2)\Fotos\Afrika\IMG-20190916-WA0419.jpg";"151525";"Würde gelöscht werden"
"2026-09-28 22:56:48";"DryRun";"F:\Daten\Älter\Bilder\Afrika\IMG-20190916-WA0420.jpg";"E:\OpenCloud\Persönlich (2)\Fotos\Afrika\IMG-20190916-WA0420.jpg";"260051";"Würde gelöscht werden"
"2026-09-28 22:56:48";"DryRun";"F:\Daten\Älter\Bilder\Afrika\IMG-20190916-WA0421.jpg";"E:\OpenCloud\Persönlich (2)\Fotos\Afrika\IMG-20190916-WA0421.jpg";"107723";"Würde gelöscht werden"
"2026-09-28 22:56:48";"DryRun";"F:\Daten\Älter\Bilder\Afrika\IMG-20190916-WA0422.jpg";"E:\OpenCloud\Persönlich (2)\Fotos\Afrika\IMG-20190916-WA0422.jpg";"186161";"Würde gelöscht werden"
"2026-09-28 22:56:48";"DryRun";"F:\Daten\Älter\Bilder\Afrika\IMG-20190916-WA0423.jpg";"E:\OpenCloud\Persönlich (2)\Fotos\Afrika\IMG-20190916-WA0423.jpg";"270927";"Würde gelöscht werden"
"2026-09-28 22:56:48";"DryRun";"F:\Daten\Älter\Bilder\Afrika\IMG-20190916-WA0424.jpg";"E:\OpenCloud\Persönlich (2)\Fotos\Afrika\IMG-20190916-WA0424.jpg";"426016";"Würde gelöscht werden"
"2026-09-28 22:56:48";"DryRun";"F:\Daten\Älter\Bilder\Afrika\IMG-20190916-WA0425.jpg";"E:\OpenCloud\Persönlich (2)\Fotos\Afrika\IMG-20190916-WA0425.jpg";"184525";"Würde gelöscht werden"
"2026-09-28 22:56:48";"DryRun";"F:\Daten\Älter\Bilder\Afrika\IMG-20190916-WA0426.jpg";"E:\OpenCloud\Persönlich (2)\Fotos\Afrika\IMG-20190916-WA0426.jpg";"123443";"Würde gelöscht werden"
"2026-09-28 22:56:48";"DryRun";"F:\Daten\Älter\Bilder\Afrika\IMG-20190916-WA0427.jpg";"E:\OpenCloud\Persönlich (2)\Fotos\Afrika\IMG-20190916-WA0427.jpg";"172080";"Würde gelöscht werden"
"2026-09-28 22:56:48";"DryRun";"F:\Daten\Älter\Bilder\Afrika\IMG-20190916-WA0428.jpg";"E:\OpenCloud\Persönlich (2)\Fotos\Afrika\IMG-20190916-WA0428.jpg";"169829";"Würde gelöscht werden"
"2026-09-28 22:56:48";"DryRun";"F:\Daten\Älter\Bilder\Afrika\IMG-20190916-WA0429.jpg";"E:\OpenCloud\Persönlich (2)\Fotos\Afrika\IMG-20190916-WA0429.jpg";"139189";"Würde gelöscht werden"
"2026-09-28 22:56:48";"DryRun";"F:\Daten\Älter\Bilder\Afrika\IMG-20190916-WA0430.jpg";"E:\OpenCloud\Persönlich (2)\Fotos\Afrika\IMG-20190916-WA0430.jpg";"158194";"Würde gelöscht werden"
"2026-09-28 22:56:48";"DryRun";"F:\Daten\Älter\Bilder\Afrika\IMG-20190916-WA0431.jpg";"E:\OpenCloud\Persönlich (2)\Fotos\Afrika\IMG-20190916-WA0431.jpg";"349348";"Würde gelöscht werden"
"2026-09-28 22:56:48";"DryRun";"F:\Daten\Älter\Bilder\Afrika\IMG-20190916-WA0432.jpg";"E:\OpenCloud\Persönlich (2)\Fotos\Afrika\IMG-20190916-WA0432.jpg";"153430";"Würde gelöscht werden"
"2026-09-28 22:56:48";"DryRun";"F:\Daten\Älter\Bilder\Afrika\IMG-20190916-WA0433.jpg";"E:\OpenCloud\Persönlich (2)\Fotos\Afrika\IMG-20190916-WA0433.jpg";"234766";"Würde gelöscht werden"
"2026-09-28 22:56:48";"DryRun";"F:\Daten\Älter\Bilder\Afrika\IMG-20190916-WA0434.jpg";"E:\OpenCloud\Persönlich (2)\Fotos\Afrika\IMG-20190916-WA0434.jpg";"97928";"Würde gelöscht werden"
"2026-09-28 22:56:48";"DryRun";"F:\Daten\Älter\Bilder\Afrika\IMG-20190916-WA0435.jpg";"E:\OpenCloud\Persönlich (2)\Fotos\Afrika\IMG-20190916-WA0435.jpg";"147900";"Würde gelöscht werden"
"2026-09-28 22:56:48";"DryRun";"F:\Daten\Älter\Bilder\Afrika\IMG-20190916-WA0436.jpg";"E:\OpenCloud\Persönlich (2)\Fotos\Afrika\IMG-20190916-WA0436.jpg";"150022";"Würde gelöscht werden"
"2026-09-28 22:56:48";"DryRun";"F:\Daten\Älter\Bilder\Afrika\IMG-20190916-WA0437.jpg";"E:\OpenCloud\Persönlich (2)\Fotos\Afrika\IMG-20190916-WA0437.jpg";"113439";"Würde gelöscht werden"
"2026-09-28 22:56:48";"DryRun";"F:\Daten\Älter\Bilder\Afrika\IMG-20190916-WA0438.jpg";"E:\OpenCloud\Persönlich (2)\Fotos\Afrika\IMG-20190916-WA0438.jpg";"186203";"Würde gelöscht werden"
"2026-09-28 22:56:48";"DryRun";"F:\Daten\Älter\Bilder\Afrika\IMG-20190916-WA0439.jpg";"E:\OpenCloud\Persönlich (2)\Fotos\Afrika\IMG-20190916-WA0439.jpg";"234562";"Würde gelöscht werden"
"2026-09-28 22:56:48";"DryRun";"F:\Daten\Älter\Bilder\Afrika\IMG-20190916-WA0440.jpg";"E:\OpenCloud\Persönlich (2)\Fotos\Afrika\IMG-20190916-WA0440.jpg";"252077";"Würde gelöscht werden"
"2026-09-28 22:56:48";"DryRun";"F:\Daten\Älter\Bilder\Afrika\IMG-20190916-WA0441.jpg";"E:\OpenCloud\Persönlich (2)\Fotos\Afrika\IMG-20190916-WA0441.jpg";"261856";"Würde gelöscht werden"
"2026-09-28 22:56:48";"DryRun";"F:\Daten\Älter\Bilder\Afrika\IMG-20190916-WA0442.jpg";"E:\OpenCloud\Persönlich (2)\Fotos\Afrika\IMG-20190916-WA0442.jpg";"289930";"Würde gelöscht werden"
"2026-09-28 22:56:48";"DryRun";"F:\Daten\Älter\Bilder\Afrika\IMG-20190916-WA0443.jpg";"E:\OpenCloud\Persönlich (2)\Fotos\Afrika\IMG-20190916-WA0443.jpg";"244451";"Würde gelöscht werden"
"2026-09-28 22:56:48";"DryRun";"F:\Daten\Älter\Bilder\Afrika\IMG-20190916-WA0444.jpg";"E:\OpenCloud\Persönlich (2)\Fotos\Afrika\IMG-20190916-WA0444.jpg";"272443";"Würde gelöscht werden"
"2026-09-28 22:56:48";"DryRun";"F:\Daten\Älter\Bilder\Afrika\IMG-20190916-WA0445.jpg";"E:\OpenCloud\Persönlich (2)\Fotos\Afrika\IMG-20190916-WA0445.jpg";"312883";"Würde gelöscht werden"
"2026-09-28 22:56:48";"DryRun";"F:\Daten\Älter\Bilder\Afrika\IMG-20190916-WA0446.jpg";"E:\OpenCloud\Persönlich (2)\Fotos\Afrika\IMG-20190916-WA0446.jpg";"203622";"Würde gelöscht werden"
"2026-09-28 22:56:48";"DryRun";"F:\Daten\Älter\Bilder\Afrika\IMG-20190916-WA0448.jpg";"E:\OpenCloud\Persönlich (2)\Fotos\Afrika\IMG-20190916-WA0448.jpg";"72496";"Würde gelöscht werden"
"2026-09-28 22:56:48";"DryRun";"F:\Daten\Älter\Bilder\Afrika\IMG-20190917-WA0001.jpeg";"E:\OpenCloud\Persönlich (2)\Fotos\Afrika\IMG-20190917-WA0001.jpeg";"1372843";"Würde gelöscht werden"
"2026-09-28 22:56:48";"DryRun";"F:\Daten\Älter\Bilder\Afrika\IMG-20190917-WA0012.jpg";"E:\OpenCloud\Persönlich (2)\Fotos\Afrika\IMG-20190917-WA0012.jpg";"250022";"Würde gelöscht werden"
"2026-09-28 22:56:48";"DryRun";"F:\Daten\Älter\Bilder\Afrika\IMG-20190917-WA0014.jpg";"E:\OpenCloud\Persönlich (2)\Fotos\Afrika\IMG-20190917-WA0014.jpg";"262294";"Würde gelöscht werden"
"2026-09-28 22:56:48";"DryRun";"F:\Daten\Älter\Bilder\Afrika\IMG-20190917-WA0015.jpg";"E:\OpenCloud\Persönlich (2)\Fotos\Afrika\IMG-20190917-WA0015.jpg";"187184";"Würde gelöscht werden"
"2026-09-28 22:56:48";"DryRun";"F:\Daten\Älter\Bilder\Afrika\IMG-20190917-WA0016.jpg";"E:\OpenCloud\Persönlich (2)\Fotos\Afrika\IMG-20190917-WA0016.jpg";"113373";"Würde gelöscht werden"
"2026-09-28 22:56:48";"DryRun";"F:\Daten\Älter\Bilder\Afrika\IMG-20190917-WA0017.jpg";"E:\OpenCloud\Persönlich (2)\Fotos\Afrika\IMG-20190917-WA0017.jpg";"241299";"Würde gelöscht werden"
"2026-09-28 22:56:48";"DryRun";"F:\Daten\Älter\Bilder\Afrika\IMG-20190917-WA0018.jpg";"E:\OpenCloud\Persönlich (2)\Fotos\Afrika\IMG-20190917-WA0018.jpg";"349080";"Würde gelöscht werden"
"2026-09-28 22:56:48";"DryRun";"F:\Daten\Älter\Bilder\Afrika\IMG-20190917-WA0019.jpg";"E:\OpenCloud\Persönlich (2)\Fotos\Afrika\IMG-20190917-WA0019.jpg";"266294";"Würde gelöscht werden"
"2026-09-28 22:56:48";"DryRun";"F:\Daten\Älter\Bilder\Afrika\IMG-20190917-WA0020.jpg";"E:\OpenCloud\Persönlich (2)\Fotos\Afrika\IMG-20190917-WA0020.jpg";"195777";"Würde gelöscht werden"
"2026-09-28 22:56:48";"DryRun";"F:\Daten\Älter\Bilder\Afrika\IMG-20190917-WA0021.jpg";"E:\OpenCloud\Persönlich (2)\Fotos\Afrika\IMG-20190917-WA0021.jpg";"118354";"Würde gelöscht werden"
"2026-09-28 22:56:48";"DryRun";"F:\Daten\Älter\Bilder\Afrika\IMG-20190917-WA0022.jpg";"E:\OpenCloud\Persönlich (2)\Fotos\Afrika\IMG-20190917-WA0022.jpg";"270182";"Würde gelöscht werden"
"2026-09-28 22:56:48";"DryRun";"F:\Daten\Älter\Bilder\Afrika\IMG-20190917-WA0029.jpg";"E:\OpenCloud\Persönlich (2)\Fotos\Afrika\IMG-20190917-WA0029.jpg";"105284";"Würde gelöscht werden"
"2026-09-28 22:56:48";"DryRun";"F:\Daten\Älter\Bilder\Afrika\IMG-20190917-WA0030.jpg";"E:\OpenCloud\Persönlich (2)\Fotos\Afrika\IMG-20190917-WA0030.jpg";"59482";"Würde gelöscht werden"
"2026-09-28 22:56:48";"DryRun";"F:\Daten\Älter\Bilder\Afrika\IMG-20190917-WA0032.jpg";"E:\OpenCloud\Persönlich (2)\Fotos\Afrika\IMG-20190917-WA0032.jpg";"98535";"Würde gelöscht werden"
"2026-09-28 22:56:48";"DryRun";"F:\Daten\Älter\Bilder\Afrika\IMG-20190917-WA0033.jpg";"E:\OpenCloud\Persönlich (2)\Fotos\Afrika\IMG-20190917-WA0033.jpg";"226878";"Würde gelöscht werden"
"2026-09-28 22:56:48";"DryRun";"F:\Daten\Älter\Bilder\Afrika\IMG-20190917-WA0034.jpg";"E:\OpenCloud\Persönlich (2)\Fotos\Afrika\IMG-20190917-WA0034.jpg";"260255";"Würde gelöscht werden"
"2026-09-28 22:56:48";"DryRun";"F:\Daten\Älter\Bilder\Afrika\IMG-20190917-WA0035.jpg";"E:\OpenCloud\Persönlich (2)\Fotos\Afrika\IMG-20190917-WA0035.jpg";"66621";"Würde gelöscht werden"
"2026-09-28 22:56:48";"DryRun";"F:\Daten\Älter\Bilder\Afrika\IMG-20190917-WA0036.jpg";"E:\OpenCloud\Persönlich (2)\Fotos\Afrika\IMG-20190917-WA0036.jpg";"372322";"Würde gelöscht werden"
"2026-09-28 22:56:48";"DryRun";"F:\Daten\Älter\Bilder\Afrika\IMG-20190917-WA0037.jpg";"E:\OpenCloud\Persönlich (2)\Fotos\Afrika\IMG-20190917-WA0037.jpg";"341826";"Würde gelöscht werden"
"2026-09-28 22:56:48";"DryRun";"F:\Daten\Älter\Bilder\Afrika\IMG-20190917-WA0038.jpg";"E:\OpenCloud\Persönlich (2)\Fotos\Afrika\IMG-20190917-WA0038.jpg";"54468";"Würde gelöscht werden"
"2026-09-28 22:56:48";"DryRun";"F:\Daten\Älter\Bilder\Afrika\IMG-20190917-WA0039.jpg";"E:\OpenCloud\Persönlich (2)\Fotos\Afrika\IMG-20190917-WA0039.jpg";"70435";"Würde gelöscht werden"
"2026-09-28 22:56:48";"DryRun";"F:\Daten\Älter\Bilder\Afrika\IMG-20190917-WA0040.jpg";"E:\OpenCloud\Persönlich (2)\Fotos\Afrika\IMG-20190917-WA0040.jpg";"194709";"Würde gelöscht werden"
"2026-09-28 22:56:48";"DryRun";"F:\Daten\Älter\Bilder\Afrika\IMG-20190917-WA0041.jpg";"E:\OpenCloud\Persönlich (2)\Fotos\Afrika\IMG-20190917-WA0041.jpg";"372689";"Würde gelöscht werden"
"2026-09-28 22:56:48";"DryRun";"F:\Daten\Älter\Bilder\Afrika\IMG-20190917-WA0042.jpg";"E:\OpenCloud\Persönlich (2)\Fotos\Afrika\IMG-20190917-WA0042.jpg";"217689";"Würde gelöscht werden"
"2026-09-28 22:56:48";"DryRun";"F:\Daten\Älter\Bilder\Afrika\IMG-20190917-WA0043.jpg";"E:\OpenCloud\Persönlich (2)\Fotos\Afrika\IMG-20190917-WA0043.jpg";"358258";"Würde gelöscht werden"
"2026-09-28 22:56:48";"DryRun";"F:\Daten\Älter\Bilder\Afrika\IMG-20190917-WA0044.jpg";"E:\OpenCloud\Persönlich (2)\Fotos\Afrika\IMG-20190917-WA0044.jpg";"293878";"Würde gelöscht werden"
"2026-09-28 22:56:48";"DryRun";"F:\Daten\Älter\Bilder\Afrika\IMG-20190917-WA0045.jpg";"E:\OpenCloud\Persönlich (2)\Fotos\Afrika\IMG-20190917-WA0045.jpg";"172838";"Würde gelöscht werden"
"2026-09-28 22:56:48";"DryRun";"F:\Daten\Älter\Bilder\Afrika\IMG-20190917-WA0046.jpg";"E:\OpenCloud\Persönlich (2)\Fotos\Afrika\IMG-20190917-WA0046.jpg";"84604";"Würde gelöscht werden"
"2026-09-28 22:56:48";"DryRun";"F:\Daten\Älter\Bilder\Afrika\IMG-20190917-WA0047.jpg";"E:\OpenCloud\Persönlich (2)\Fotos\Afrika\IMG-20190917-WA0047.jpg";"144655";"Würde gelöscht werden"
"2026-09-28 22:56:48";"DryRun";"F:\Daten\Älter\Bilder\Afrika\IMG-20190917-WA0048.jpg";"E:\OpenCloud\Persönlich (2)\Fotos\Afrika\IMG-20190917-WA0048.jpg";"241603";"Würde gelöscht werden"
"2026-09-28 22:56:48";"DryRun";"F:\Daten\Älter\Bilder\Afrika\IMG-20190917-WA0049.jpg";"E:\OpenCloud\Persönlich (2)\Fotos\Afrika\IMG-20190917-WA0049.jpg";"79429";"Würde gelöscht werden"
"2026-09-28 22:56:48";"DryRun";"F:\Daten\Älter\Bilder\Afrika\IMG-20190917-WA0050.jpg";"E:\OpenCloud\Persönlich (2)\Fotos\Afrika\IMG-20190917-WA0050.jpg";"169841";"Würde gelöscht werden"
"2026-09-28 22:56:48";"DryRun";"F:\Daten\Älter\Bilder\Afrika\IMG-20190917-WA0051.jpg";"E:\OpenCloud\Persönlich (2)\Fotos\Afrika\IMG-20190917-WA0051.jpg";"148297";"Würde gelöscht werden"
"2026-09-28 22:56:48";"DryRun";"F:\Daten\Älter\Bilder\Afrika\IMG-20190917-WA0052.jpg";"E:\OpenCloud\Persönlich (2)\Fotos\Afrika\IMG-20190917-WA0052.jpg";"175598";"Würde gelöscht werden"
"2026-09-28 22:56:48";"DryRun";"F:\Daten\Älter\Bilder\Afrika\IMG-20190917-WA0053.jpg";"E:\OpenCloud\Persönlich (2)\Fotos\Afrika\IMG-20190917-WA0053.jpg";"227169";"Würde gelöscht werden"
"2026-09-28 22:56:48";"DryRun";"F:\Daten\Älter\Bilder\Afrika\IMG-20190917-WA0054.jpg";"E:\OpenCloud\Persönlich (2)\Fotos\Afrika\IMG-20190917-WA0054.jpg";"189205";"Würde gelöscht werden"
"2026-09-28 22:56:48";"DryRun";"F:\Daten\Älter\Bilder\Afrika\IMG-20190917-WA0055.jpg";"E:\OpenCloud\Persönlich (2)\Fotos\Afrika\IMG-20190917-WA0055.jpg";"257504";"Würde gelöscht werden"
"2026-09-28 22:56:48";"DryRun";"F:\Daten\Älter\Bilder\Afrika\IMG-20190917-WA0056.jpg";"E:\OpenCloud\Persönlich (2)\Fotos\Afrika\IMG-20190917-WA0056.jpg";"269519";"Würde gelöscht werden"
"2026-09-28 22:56:48";"DryRun";"F:\Daten\Älter\Bilder\Afrika\IMG-20190917-WA0057.jpg";"E:\OpenCloud\Persönlich (2)\Fotos\Afrika\IMG-20190917-WA0057.jpg";"263067";"Würde gelöscht werden"
"2026-09-28 22:56:48";"DryRun";"F:\Daten\Älter\Bilder\Afrika\IMG-20190917-WA0058.jpg";"E:\OpenCloud\Persönlich (2)\Fotos\Afrika\IMG-20190917-WA0058.jpg";"158559";"Würde gelöscht werden"
"2026-09-28 22:56:48";"DryRun";"F:\Daten\Älter\Bilder\Afrika\IMG-20190917-WA0059.jpg";"E:\OpenCloud\Persönlich (2)\Fotos\Afrika\IMG-20190917-WA0059.jpg";"162552";"Würde gelöscht werden"
"2026-09-28 22:56:48";"DryRun";"F:\Daten\Älter\Bilder\Afrika\IMG-20190917-WA0060.jpg";"E:\OpenCloud\Persönlich (2)\Fotos\Afrika\IMG-20190917-WA0060.jpg";"220902";"Würde gelöscht werden"
"2026-09-28 22:56:48";"DryRun";"F:\Daten\Älter\Bilder\Afrika\IMG-20190917-WA0061.jpg";"E:\OpenCloud\Persönlich (2)\Fotos\Afrika\IMG-20190917-WA0061.jpg";"255229";"Würde gelöscht werden"
"2026-09-28 22:56:48";"DryRun";"F:\Daten\Älter\Bilder\Afrika\IMG-20190917-WA0062.jpg";"E:\OpenCloud\Persönlich (2)\Fotos\Afrika\IMG-20190917-WA0062.jpg";"145968";"Würde gelöscht werden"
"2026-09-28 22:56:48";"DryRun";"F:\Daten\Älter\Bilder\Afrika\IMG-20190917-WA0063.jpg";"E:\OpenCloud\Persönlich (2)\Fotos\Afrika\IMG-20190917-WA0063.jpg";"261553";"Würde gelöscht werden"
"2026-09-28 22:56:48";"DryRun";"F:\Daten\Älter\Bilder\Afrika\IMG-20190917-WA0064.jpg";"E:\OpenCloud\Persönlich (2)\Fotos\Afrika\IMG-20190917-WA0064.jpg";"207096";"Würde gelöscht werden"
"2026-09-28 22:56:48";"DryRun";"F:\Daten\Älter\Bilder\Afrika\IMG-20190917-WA0065.jpg";"E:\OpenCloud\Persönlich (2)\Fotos\Afrika\IMG-20190917-WA0065.jpg";"152350";"Würde gelöscht werden"
"2026-09-28 22:56:48";"DryRun";"F:\Daten\Älter\Bilder\Afrika\IMG-20190917-WA0066.jpg";"E:\OpenCloud\Persönlich (2)\Fotos\Afrika\IMG-20190917-WA0066.jpg";"117188";"Würde gelöscht werden"
"2026-09-28 22:56:48";"DryRun";"F:\Daten\Älter\Bilder\Afrika\IMG-20190917-WA0067.jpg";"E:\OpenCloud\Persönlich (2)\Fotos\Afrika\IMG-20190917-WA0067.jpg";"202423";"Würde gelöscht werden"
"2026-09-28 22:56:48";"DryRun";"F:\Daten\Älter\Bilder\Afrika\IMG-20190917-WA0068.jpg";"E:\OpenCloud\Persönlich (2)\Fotos\Afrika\IMG-20190917-WA0068.jpg";"308020";"Würde gelöscht werden"
"2026-09-28 22:56:48";"DryRun";"F:\Daten\Älter\Bilder\Afrika\IMG-20190917-WA0069.jpg";"E:\OpenCloud\Persönlich (2)\Fotos\Afrika\IMG-20190917-WA0069.jpg";"254365";"Würde gelöscht werden"
"2026-09-28 22:56:48";"DryRun";"F:\Daten\Älter\Bilder\Afrika\IMG-20190917-WA0070.jpg";"E:\OpenCloud\Persönlich (2)\Fotos\Afrika\IMG-20190917-WA0070.jpg";"133534";"Würde gelöscht werden"
"2026-09-28 22:56:49";"DryRun";"F:\Daten\Älter\Bilder\Afrika\IMG-20190917-WA0071.jpg";"E:\OpenCloud\Persönlich (2)\Fotos\Afrika\IMG-20190917-WA0071.jpg";"90220";"Würde gelöscht werden"
"2026-09-28 22:56:49";"DryRun";"F:\Daten\Älter\Bilder\Afrika\IMG-20190917-WA0072.jpg";"E:\OpenCloud\Persönlich (2)\Fotos\Afrika\IMG-20190917-WA0072.jpg";"142662";"Würde gelöscht werden"
"2026-09-28 22:56:49";"DryRun";"F:\Daten\Älter\Bilder\Afrika\IMG-20190917-WA0073.jpg";"E:\OpenCloud\Persönlich (2)\Fotos\Afrika\IMG-20190917-WA0073.jpg";"104671";"Würde gelöscht werden"
"2026-09-28 22:56:49";"DryRun";"F:\Daten\Älter\Bilder\Afrika\IMG-20190917-WA0074.jpg";"E:\OpenCloud\Persönlich (2)\Fotos\Afrika\IMG-20190917-WA0074.jpg";"139696";"Würde gelöscht werden"
"2026-09-28 22:56:49";"DryRun";"F:\Daten\Älter\Bilder\Afrika\IMG-20190917-WA0075.jpg";"E:\OpenCloud\Persönlich (2)\Fotos\Afrika\IMG-20190917-WA0075.jpg";"145719";"Würde gelöscht werden"
"2026-09-28 22:56:49";"DryRun";"F:\Daten\Älter\Bilder\Afrika\IMG-20190917-WA0076.jpg";"E:\OpenCloud\Persönlich (2)\Fotos\Afrika\IMG-20190917-WA0076.jpg";"188605";"Würde gelöscht werden"
"2026-09-28 22:56:49";"DryRun";"F:\Daten\Älter\Bilder\Afrika\IMG-20190917-WA0077.jpg";"E:\OpenCloud\Persönlich (2)\Fotos\Afrika\IMG-20190917-WA0077.jpg";"158181";"Würde gelöscht werden"
"2026-09-28 22:56:49";"DryRun";"F:\Daten\Älter\Bilder\Afrika\IMG-20190917-WA0078.jpg";"E:\OpenCloud\Persönlich (2)\Fotos\Afrika\IMG-20190917-WA0078.jpg";"119076";"Würde gelöscht werden"
"2026-09-28 22:56:49";"DryRun";"F:\Daten\Älter\Bilder\Afrika\IMG-20190917-WA0079.jpg";"E:\OpenCloud\Persönlich (2)\Fotos\Afrika\IMG-20190917-WA0079.jpg";"100681";"Würde gelöscht werden"
"2026-09-28 22:56:49";"DryRun";"F:\Daten\Älter\Bilder\Afrika\IMG-20190917-WA0080.jpg";"E:\OpenCloud\Persönlich (2)\Fotos\Afrika\IMG-20190917-WA0080.jpg";"172079";"Würde gelöscht werden"
"2026-09-28 22:56:49";"DryRun";"F:\Daten\Älter\Bilder\Afrika\IMG-20190917-WA0081.jpg";"E:\OpenCloud\Persönlich (2)\Fotos\Afrika\IMG-20190917-WA0081.jpg";"137194";"Würde gelöscht werden"
"2026-09-28 22:56:49";"DryRun";"F:\Daten\Älter\Bilder\Afrika\IMG-20190917-WA0082.jpg";"E:\OpenCloud\Persönlich (2)\Fotos\Afrika\IMG-20190917-WA0082.jpg";"212852";"Würde gelöscht werden"
"2026-09-28 22:56:49";"DryRun";"F:\Daten\Älter\Bilder\Afrika\IMG-20190917-WA0083.jpg";"E:\OpenCloud\Persönlich (2)\Fotos\Afrika\IMG-20190917-WA0083.jpg";"129440";"Würde gelöscht werden"
"2026-09-28 22:56:49";"DryRun";"F:\Daten\Älter\Bilder\Afrika\IMG-20190917-WA0084.jpg";"E:\OpenCloud\Persönlich (2)\Fotos\Afrika\IMG-20190917-WA0084.jpg";"232865";"Würde gelöscht werden"
"2026-09-28 22:56:49";"DryRun";"F:\Daten\Älter\Bilder\Afrika\IMG-20190917-WA0085.jpg";"E:\OpenCloud\Persönlich (2)\Fotos\Afrika\IMG-20190917-WA0085.jpg";"134870";"Würde gelöscht werden"
"2026-09-28 22:56:49";"DryRun";"F:\Daten\Älter\Bilder\Afrika\IMG-20190917-WA0086.jpg";"E:\OpenCloud\Persönlich (2)\Fotos\Afrika\IMG-20190917-WA0086.jpg";"264037";"Würde gelöscht werden"
"2026-09-28 22:56:49";"DryRun";"F:\Daten\Älter\Bilder\Afrika\IMG-20190917-WA0087.jpg";"E:\OpenCloud\Persönlich (2)\Fotos\Afrika\IMG-20190917-WA0087.jpg";"231021";"Würde gelöscht werden"
"2026-09-28 22:56:49";"DryRun";"F:\Daten\Älter\Bilder\Afrika\IMG-20190917-WA0088.jpg";"E:\OpenCloud\Persönlich (2)\Fotos\Afrika\IMG-20190917-WA0088.jpg";"196191";"Würde gelöscht werden"
"2026-09-28 22:56:49";"DryRun";"F:\Daten\Älter\Bilder\Afrika\IMG-20190917-WA0089.jpg";"E:\OpenCloud\Persönlich (2)\Fotos\Afrika\IMG-20190917-WA0089.jpg";"172759";"Würde gelöscht werden"
"2026-09-28 22:56:49";"DryRun";"F:\Daten\Älter\Bilder\Afrika\IMG-20190917-WA0090.jpg";"E:\OpenCloud\Persönlich (2)\Fotos\Afrika\IMG-20190917-WA0090.jpg";"212263";"Würde gelöscht werden"
"2026-09-28 22:56:49";"DryRun";"F:\Daten\Älter\Bilder\Afrika\IMG-20190917-WA0091.jpg";"E:\OpenCloud\Persönlich (2)\Fotos\Afrika\IMG-20190917-WA0091.jpg";"316046";"Würde gelöscht werden"
"2026-09-28 22:56:49";"DryRun";"F:\Daten\Älter\Bilder\Afrika\IMG-20190917-WA0092.jpg";"E:\OpenCloud\Persönlich (2)\Fotos\Afrika\IMG-20190917-WA0092.jpg";"325858";"Würde gelöscht werden"
"2026-09-28 22:56:49";"DryRun";"F:\Daten\Älter\Bilder\Afrika\IMG-20190917-WA0093.jpg";"E:\OpenCloud\Persönlich (2)\Fotos\Afrika\IMG-20190917-WA0093.jpg";"381588";"Würde gelöscht werden"
"2026-09-28 22:56:49";"DryRun";"F:\Daten\Älter\Bilder\Afrika\IMG-20190917-WA0094.jpg";"E:\OpenCloud\Persönlich (2)\Fotos\Afrika\IMG-20190917-WA0094.jpg";"114788";"Würde gelöscht werden"
"2026-09-28 22:56:49";"DryRun";"F:\Daten\Älter\Bilder\Afrika\IMG-20190917-WA0095.jpg";"E:\OpenCloud\Persönlich (2)\Fotos\Afrika\IMG-20190917-WA0095.jpg";"276009";"Würde gelöscht werden"
"2026-09-28 22:56:49";"DryRun";"F:\Daten\Älter\Bilder\Afrika\IMG-20190917-WA0096.jpg";"E:\OpenCloud\Persönlich (2)\Fotos\Afrika\IMG-20190917-WA0095.jpg";"276009";"Würde gelöscht werden"
"2026-09-28 22:56:49";"DryRun";"F:\Daten\Älter\Bilder\Afrika\IMG-20190917-WA0097.jpg";"E:\OpenCloud\Persönlich (2)\Fotos\Afrika\IMG-20190917-WA0097.jpg";"108569";"Würde gelöscht werden"
"2026-09-28 22:56:49";"DryRun";"F:\Daten\Älter\Bilder\Afrika\IMG-20190917-WA0101.jpeg";"E:\OpenCloud\Persönlich (2)\Fotos\Afrika\IMG-20190917-WA0101.jpeg";"1328949";"Würde gelöscht werden"
"2026-09-28 22:56:49";"DryRun";"F:\Daten\Älter\Bilder\Afrika\IMG-20190917-WA0111.jpg";"E:\OpenCloud\Persönlich (2)\Fotos\Afrika\IMG-20190917-WA0111.jpg";"99048";"Würde gelöscht werden"
"2026-09-28 22:56:49";"DryRun";"F:\Daten\Älter\Bilder\Afrika\IMG-20190917-WA0112.jpg";"E:\OpenCloud\Persönlich (2)\Fotos\Afrika\IMG-20190917-WA0112.jpg";"57089";"Würde gelöscht werden"
"2026-09-28 22:56:49";"DryRun";"F:\Daten\Älter\Bilder\Afrika\IMG-20190917-WA0113.jpg";"E:\OpenCloud\Persönlich (2)\Fotos\Afrika\IMG-20190917-WA0113.jpg";"43134";"Würde gelöscht werden"
"2026-09-28 22:56:49";"DryRun";"F:\Daten\Älter\Bilder\Afrika\IMG-20190917-WA0114.jpg";"E:\OpenCloud\Persönlich (2)\Fotos\Afrika\IMG-20190917-WA0114.jpg";"48422";"Würde gelöscht werden"
"2026-09-28 22:56:49";"DryRun";"F:\Daten\Älter\Bilder\Afrika\IMG-20190917-WA0115.jpg";"E:\OpenCloud\Persönlich (2)\Fotos\Afrika\IMG-20190917-WA0115.jpg";"142132";"Würde gelöscht werden"
"2026-09-28 22:56:49";"DryRun";"F:\Daten\Älter\Bilder\Afrika\IMG-20190917-WA0116.jpg";"E:\OpenCloud\Persönlich (2)\Fotos\Afrika\IMG-20190917-WA0116.jpg";"138973";"Würde gelöscht werden"
"2026-09-28 22:56:49";"DryRun";"F:\Daten\Älter\Bilder\Afrika\IMG-20190917-WA0117.jpg";"E:\OpenCloud\Persönlich (2)\Fotos\Afrika\IMG-20190917-WA0117.jpg";"112743";"Würde gelöscht werden"
"2026-09-28 22:56:49";"DryRun";"F:\Daten\Älter\Bilder\Afrika\IMG-20190917-WA0118.jpg";"E:\OpenCloud\Persönlich (2)\Fotos\Afrika\IMG-20190917-WA0118.jpg";"110946";"Würde gelöscht werden"
"2026-09-28 22:56:49";"DryRun";"F:\Daten\Älter\Bilder\Afrika\IMG-20190917-WA0119.jpg";"E:\OpenCloud\Persönlich (2)\Fotos\Afrika\IMG-20190917-WA0119.jpg";"113429";"Würde gelöscht werden"
"2026-09-28 22:56:49";"DryRun";"F:\Daten\Älter\Bilder\Afrika\IMG-20190917-WA0120.jpg";"E:\OpenCloud\Persönlich (2)\Fotos\Afrika\IMG-20190917-WA0120.jpg";"106674";"Würde gelöscht werden"
"2026-09-28 22:56:49";"DryRun";"F:\Daten\Älter\Bilder\Afrika\IMG-20190917-WA0138.jpg";"E:\OpenCloud\Persönlich (2)\Fotos\Afrika\IMG-20190917-WA0138.jpg";"171451";"Würde gelöscht werden"
"2026-09-28 22:56:49";"DryRun";"F:\Daten\Älter\Bilder\Afrika\IMG-20190917-WA0139.jpg";"E:\OpenCloud\Persönlich (2)\Fotos\Afrika\IMG-20190917-WA0139.jpg";"75611";"Würde gelöscht werden"
"2026-09-28 22:56:49";"DryRun";"F:\Daten\Älter\Bilder\Afrika\IMG-20190917-WA0140.jpg";"E:\OpenCloud\Persönlich (2)\Fotos\Afrika\IMG-20190917-WA0140.jpg";"201553";"Würde gelöscht werden"
"2026-09-28 22:56:49";"DryRun";"F:\Daten\Älter\Bilder\Afrika\IMG-20190917-WA0141.jpg";"E:\OpenCloud\Persönlich (2)\Fotos\Afrika\IMG-20190917-WA0141.jpg";"171979";"Würde gelöscht werden"
"2026-09-28 22:56:49";"DryRun";"F:\Daten\Älter\Bilder\Afrika\IMG-20190917-WA0144.jpg";"E:\OpenCloud\Persönlich (2)\Fotos\Afrika\IMG-20190917-WA0144.jpg";"182784";"Würde gelöscht werden"
"2026-09-28 22:56:49";"DryRun";"F:\Daten\Älter\Bilder\Afrika\IMG-20190917-WA0145.jpg";"E:\OpenCloud\Persönlich (2)\Fotos\Afrika\IMG-20190917-WA0145.jpg";"183691";"Würde gelöscht werden"
"2026-09-28 22:56:49";"DryRun";"F:\Daten\Älter\Bilder\Afrika\IMG-20190917-WA0148.jpg";"E:\OpenCloud\Persönlich (2)\Fotos\Afrika\IMG-20190917-WA0148.jpg";"95333";"Würde gelöscht werden"
"2026-09-28 22:56:49";"DryRun";"F:\Daten\Älter\Bilder\Afrika\IMG-20190917-WA0150.jpg";"E:\OpenCloud\Persönlich (2)\Fotos\Afrika\IMG-20190917-WA0150.jpg";"57437";"Würde gelöscht werden"
"2026-09-28 22:56:49";"DryRun";"F:\Daten\Älter\Bilder\Afrika\IMG-20190917-WA0151.jpg";"E:\OpenCloud\Persönlich (2)\Fotos\Afrika\IMG-20190917-WA0151.jpg";"51988";"Würde gelöscht werden"
"2026-09-28 22:56:49";"DryRun";"F:\Daten\Älter\Bilder\Afrika\IMG-20190917-WA0152.jpg";"E:\OpenCloud\Persönlich (2)\Fotos\Afrika\IMG-20190917-WA0152.jpg";"154418";"Würde gelöscht werden"
"2026-09-28 22:56:49";"DryRun";"F:\Daten\Älter\Bilder\Afrika\IMG-20190917-WA0153.jpg";"E:\OpenCloud\Persönlich (2)\Fotos\Afrika\IMG-20190917-WA0153.jpg";"134310";"Würde gelöscht werden"
"2026-09-28 22:56:49";"DryRun";"F:\Daten\Älter\Bilder\Afrika\IMG-20190917-WA0154.jpg";"E:\OpenCloud\Persönlich (2)\Fotos\Afrika\IMG-20190917-WA0154.jpg";"153297";"Würde gelöscht werden"
"2026-09-28 22:56:49";"DryRun";"F:\Daten\Älter\Bilder\Afrika\IMG-20190917-WA0178.jpg";"E:\OpenCloud\Persönlich (2)\Fotos\Afrika\IMG-20190917-WA0178.jpg";"126985";"Würde gelöscht werden"
"2026-09-28 22:56:49";"DryRun";"F:\Daten\Älter\Bilder\Afrika\IMG-20190917-WA0181.jpg";"E:\OpenCloud\Persönlich (2)\Fotos\Afrika\IMG-20190917-WA0181.jpg";"146335";"Würde gelöscht werden"
"2026-09-28 22:56:49";"DryRun";"F:\Daten\Älter\Bilder\Afrika\IMG-20190917-WA0182.jpg";"E:\OpenCloud\Persönlich (2)\Fotos\Afrika\IMG-20190917-WA0182.jpg";"124593";"Würde gelöscht werden"
"2026-09-28 22:56:49";"DryRun";"F:\Daten\Älter\Bilder\Afrika\IMG-20190917-WA0183.jpg";"E:\OpenCloud\Persönlich (2)\Fotos\Afrika\IMG-20190917-WA0183.jpg";"142342";"Würde gelöscht werden"
"2026-09-28 22:56:49";"DryRun";"F:\Daten\Älter\Bilder\Afrika\IMG-20190917-WA0184.jpg";"E:\OpenCloud\Persönlich (2)\Fotos\Afrika\IMG-20190917-WA0184.jpg";"213528";"Würde gelöscht werden"
"2026-09-28 22:56:49";"DryRun";"F:\Daten\Älter\Bilder\Afrika\IMG-20190917-WA0185.jpg";"E:\OpenCloud\Persönlich (2)\Fotos\Afrika\IMG-20190917-WA0185.jpg";"130124";"Würde gelöscht werden"
"2026-09-28 22:56:49";"DryRun";"F:\Daten\Älter\Bilder\Afrika\IMG-20190917-WA0187.jpg";"E:\OpenCloud\Persönlich (2)\Fotos\Afrika\IMG-20190917-WA0187.jpg";"226168";"Würde gelöscht werden"
"2026-09-28 22:56:49";"DryRun";"F:\Daten\Älter\Bilder\Afrika\IMG-20190917-WA0188.jpg";"E:\OpenCloud\Persönlich (2)\Fotos\Afrika\IMG-20190917-WA0188.jpg";"155156";"Würde gelöscht werden"
"2026-09-28 22:56:49";"DryRun";"F:\Daten\Älter\Bilder\Afrika\IMG-20190917-WA0189.jpg";"E:\OpenCloud\Persönlich (2)\Fotos\Afrika\IMG-20190917-WA0189.jpg";"127438";"Würde gelöscht werden"
"2026-09-28 22:56:49";"DryRun";"F:\Daten\Älter\Bilder\Afrika\IMG-20190917-WA0190.jpg";"E:\OpenCloud\Persönlich (2)\Fotos\Afrika\IMG-20190917-WA0190.jpg";"127435";"Würde gelöscht werden"
"2026-09-28 22:56:49";"DryRun";"F:\Daten\Älter\Bilder\Afrika\IMG-20190917-WA0191.jpg";"E:\OpenCloud\Persönlich (2)\Fotos\Afrika\IMG-20190917-WA0191.jpg";"127256";"Würde gelöscht werden"
"2026-09-28 22:56:49";"DryRun";"F:\Daten\Älter\Bilder\Afrika\IMG-20190917-WA0192.jpg";"E:\OpenCloud\Persönlich (2)\Fotos\Afrika\IMG-20190917-WA0192.jpg";"127512";"Würde gelöscht werden"
"2026-09-28 22:56:49";"DryRun";"F:\Daten\Älter\Bilder\Afrika\IMG-20190917-WA0193.jpg";"E:\OpenCloud\Persönlich (2)\Fotos\Afrika\IMG-20190917-WA0193.jpg";"127554";"Würde gelöscht werden"
"2026-09-28 22:56:49";"DryRun";"F:\Daten\Älter\Bilder\Afrika\IMG-20190917-WA0195.jpg";"E:\OpenCloud\Persönlich (2)\Fotos\Afrika\IMG-20190917-WA0195.jpg";"128225";"Würde gelöscht werden"
"2026-09-28 22:56:49";"DryRun";"F:\Daten\Älter\Bilder\Afrika\IMG-20190917-WA0196.jpg";"E:\OpenCloud\Persönlich (2)\Fotos\Afrika\IMG-20190917-WA0196.jpg";"130443";"Würde gelöscht werden"
"2026-09-28 22:56:49";"DryRun";"F:\Daten\Älter\Bilder\Afrika\IMG-20190917-WA0198.jpg";"E:\OpenCloud\Persönlich (2)\Fotos\Afrika\IMG-20190917-WA0198.jpg";"56860";"Würde gelöscht werden"
"2026-09-28 22:56:49";"DryRun";"F:\Daten\Älter\Bilder\Afrika\IMG-20190917-WA0200.jpg";"E:\OpenCloud\Persönlich (2)\Fotos\Afrika\IMG-20190917-WA0200.jpg";"123686";"Würde gelöscht werden"
"2026-09-28 22:56:49";"DryRun";"F:\Daten\Älter\Bilder\Afrika\IMG-20190917-WA0205.jpg";"E:\OpenCloud\Persönlich (2)\Fotos\Afrika\IMG-20190917-WA0205.jpg";"132741";"Würde gelöscht werden"
"2026-09-28 22:56:49";"DryRun";"F:\Daten\Älter\Bilder\Afrika\IMG-20190917-WA0206.jpg";"E:\OpenCloud\Persönlich (2)\Fotos\Afrika\IMG-20190917-WA0206.jpg";"120350";"Würde gelöscht werden"
"2026-09-28 22:56:49";"DryRun";"F:\Daten\Älter\Bilder\Afrika\IMG-20190917-WA0207.jpg";"E:\OpenCloud\Persönlich (2)\Fotos\Afrika\IMG-20190917-WA0207.jpg";"134617";"Würde gelöscht werden"
"2026-09-28 22:56:49";"DryRun";"F:\Daten\Älter\Bilder\Afrika\IMG-20190917-WA0209.jpg";"E:\OpenCloud\Persönlich (2)\Fotos\Afrika\IMG-20190917-WA0209.jpg";"158595";"Würde gelöscht werden"
"2026-09-28 22:56:49";"DryRun";"F:\Daten\Älter\Bilder\Afrika\IMG-20190917-WA0212.jpg";"E:\OpenCloud\Persönlich (2)\Fotos\Afrika\IMG-20190917-WA0212.jpg";"134927";"Würde gelöscht werden"
"2026-09-28 22:56:49";"DryRun";"F:\Daten\Älter\Bilder\Afrika\IMG-20190917-WA0213.jpg";"E:\OpenCloud\Persönlich (2)\Fotos\Afrika\IMG-20190917-WA0213.jpg";"152115";"Würde gelöscht werden"
"2026-09-28 22:56:49";"DryRun";"F:\Daten\Älter\Bilder\Afrika\IMG-20190917-WA0214.jpg";"E:\OpenCloud\Persönlich (2)\Fotos\Afrika\IMG-20190917-WA0214.jpg";"164347";"Würde gelöscht werden"
"2026-09-28 22:56:49";"DryRun";"F:\Daten\Älter\Bilder\Afrika\IMG-20190917-WA0216.jpg";"E:\OpenCloud\Persönlich (2)\Fotos\Afrika\IMG-20190917-WA0216.jpg";"143300";"Würde gelöscht werden"
"2026-09-28 22:56:49";"DryRun";"F:\Daten\Älter\Bilder\Afrika\IMG-20190917-WA0217.jpg";"E:\OpenCloud\Persönlich (2)\Fotos\Afrika\IMG-20190917-WA0217.jpg";"262532";"Würde gelöscht werden"
"2026-09-28 22:56:49";"DryRun";"F:\Daten\Älter\Bilder\Afrika\IMG-20190917-WA0218.jpg";"E:\OpenCloud\Persönlich (2)\Fotos\Afrika\IMG-20190917-WA0218.jpg";"159631";"Würde gelöscht werden"
"2026-09-28 22:56:49";"DryRun";"F:\Daten\Älter\Bilder\Afrika\IMG-20190917-WA0219.jpg";"E:\OpenCloud\Persönlich (2)\Fotos\Afrika\IMG-20190917-WA0219.jpg";"107848";"Würde gelöscht werden"
"2026-09-28 22:56:49";"DryRun";"F:\Daten\Älter\Bilder\Afrika\IMG-20190917-WA0221.jpg";"E:\OpenCloud\Persönlich (2)\Fotos\Afrika\IMG-20190917-WA0221.jpg";"158730";"Würde gelöscht werden"
"2026-09-28 22:56:49";"DryRun";"F:\Daten\Älter\Bilder\Afrika\IMG-20190917-WA0222.jpg";"E:\OpenCloud\Persönlich (2)\Fotos\Afrika\IMG-20190917-WA0222.jpg";"257324";"Würde gelöscht werden"
"2026-09-28 22:56:49";"DryRun";"F:\Daten\Älter\Bilder\Afrika\IMG-20190917-WA0223.jpg";"E:\OpenCloud\Persönlich (2)\Fotos\Afrika\IMG-20190917-WA0223.jpg";"215100";"Würde gelöscht werden"
"2026-09-28 22:56:49";"DryRun";"F:\Daten\Älter\Bilder\Afrika\IMG-20190917-WA0224.jpg";"E:\OpenCloud\Persönlich (2)\Fotos\Afrika\IMG-20190917-WA0224.jpg";"258997";"Würde gelöscht werden"
"2026-09-28 22:56:49";"DryRun";"F:\Daten\Älter\Bilder\Afrika\IMG-20190917-WA0225.jpg";"E:\OpenCloud\Persönlich (2)\Fotos\Afrika\IMG-20190917-WA0225.jpg";"231550";"Würde gelöscht werden"
"2026-09-28 22:56:49";"DryRun";"F:\Daten\Älter\Bilder\Afrika\IMG-20190917-WA0226.jpg";"E:\OpenCloud\Persönlich (2)\Fotos\Afrika\IMG-20190917-WA0226.jpg";"240583";"Würde gelöscht werden"
"2026-09-28 22:56:49";"DryRun";"F:\Daten\Älter\Bilder\Afrika\IMG-20190917-WA0228.jpg";"E:\OpenCloud\Persönlich (2)\Fotos\Afrika\IMG-20190917-WA0228.jpg";"280221";"Würde gelöscht werden"
"2026-09-28 22:56:49";"DryRun";"F:\Daten\Älter\Bilder\Afrika\IMG-20190917-WA0229.jpg";"E:\OpenCloud\Persönlich (2)\Fotos\Afrika\IMG-20190917-WA0229.jpg";"264318";"Würde gelöscht werden"
"2026-09-28 22:56:49";"DryRun";"F:\Daten\Älter\Bilder\Afrika\IMG-20190917-WA0231.jpg";"E:\OpenCloud\Persönlich (2)\Fotos\Afrika\IMG-20190917-WA0231.jpg";"283342";"Würde gelöscht werden"
"2026-09-28 22:56:49";"DryRun";"F:\Daten\Älter\Bilder\Afrika\IMG-20190917-WA0233.jpg";"E:\OpenCloud\Persönlich (2)\Fotos\Afrika\IMG-20190917-WA0233.jpg";"134115";"Würde gelöscht werden"
"2026-09-28 22:56:49";"DryRun";"F:\Daten\Älter\Bilder\Afrika\IMG-20190917-WA0234.jpg";"E:\OpenCloud\Persönlich (2)\Fotos\Afrika\IMG-20190917-WA0234.jpg";"279370";"Würde gelöscht werden"
"2026-09-28 22:56:49";"DryRun";"F:\Daten\Älter\Bilder\Afrika\IMG-20190917-WA0237.jpg";"E:\OpenCloud\Persönlich (2)\Fotos\Afrika\IMG-20190917-WA0237.jpg";"266371";"Würde gelöscht werden"
"2026-09-28 22:56:49";"DryRun";"F:\Daten\Älter\Bilder\Afrika\IMG-20190917-WA0239.jpg";"E:\OpenCloud\Persönlich (2)\Fotos\Afrika\IMG-20190917-WA0239.jpg";"272034";"Würde gelöscht werden"
"2026-09-28 22:56:49";"DryRun";"F:\Daten\Älter\Bilder\Afrika\IMG-20190917-WA0241.jpg";"E:\OpenCloud\Persönlich (2)\Fotos\Afrika\IMG-20190917-WA0241.jpg";"160946";"Würde gelöscht werden"
"2026-09-28 22:56:49";"DryRun";"F:\Daten\Älter\Bilder\Afrika\IMG-20190917-WA0242.jpg";"E:\OpenCloud\Persönlich (2)\Fotos\Afrika\IMG-20190917-WA0242.jpg";"190775";"Würde gelöscht werden"
"2026-09-28 22:56:49";"DryRun";"F:\Daten\Älter\Bilder\Afrika\IMG-20190917-WA0243.jpg";"E:\OpenCloud\Persönlich (2)\Fotos\Afrika\IMG-20190917-WA0243.jpg";"161419";"Würde gelöscht werden"
"2026-09-28 22:56:49";"DryRun";"F:\Daten\Älter\Bilder\Afrika\IMG-20190917-WA0246.jpg";"E:\OpenCloud\Persönlich (2)\Fotos\Afrika\IMG-20190917-WA0246.jpg";"153153";"Würde gelöscht werden"
"2026-09-28 22:56:49";"DryRun";"F:\Daten\Älter\Bilder\Afrika\IMG-20190917-WA0247.jpg";"E:\OpenCloud\Persönlich (2)\Fotos\Afrika\IMG-20190917-WA0247.jpg";"115945";"Würde gelöscht werden"
"2026-09-28 22:56:49";"DryRun";"F:\Daten\Älter\Bilder\Afrika\IMG-20190917-WA0251.jpg";"E:\OpenCloud\Persönlich (2)\Fotos\Afrika\IMG-20190917-WA0251.jpg";"184420";"Würde gelöscht werden"
"2026-09-28 22:56:49";"DryRun";"F:\Daten\Älter\Bilder\Afrika\IMG-20190917-WA0252.jpg";"E:\OpenCloud\Persönlich (2)\Fotos\Afrika\IMG-20190917-WA0252.jpg";"292982";"Würde gelöscht werden"
"2026-09-28 22:56:49";"DryRun";"F:\Daten\Älter\Bilder\Afrika\IMG-20190917-WA0253.jpg";"E:\OpenCloud\Persönlich (2)\Fotos\Afrika\IMG-20190917-WA0253.jpg";"122032";"Würde gelöscht werden"
"2026-09-28 22:56:49";"DryRun";"F:\Daten\Älter\Bilder\Afrika\IMG-20190917-WA0254.jpg";"E:\OpenCloud\Persönlich (2)\Fotos\Afrika\IMG-20190917-WA0254.jpg";"110532";"Würde gelöscht werden"
"2026-09-28 22:56:50";"DryRun";"F:\Daten\Älter\Bilder\Afrika\IMG-20190917-WA0255.jpg";"E:\OpenCloud\Persönlich (2)\Fotos\Afrika\IMG-20190917-WA0255.jpg";"294323";"Würde gelöscht werden"
"2026-09-28 22:56:50";"DryRun";"F:\Daten\Älter\Bilder\Afrika\IMG-20190917-WA0256.jpg";"E:\OpenCloud\Persönlich (2)\Fotos\Afrika\IMG-20190917-WA0256.jpg";"141779";"Würde gelöscht werden"
"2026-09-28 22:56:50";"DryRun";"F:\Daten\Älter\Bilder\Afrika\IMG-20190917-WA0257.jpg";"E:\OpenCloud\Persönlich (2)\Fotos\Afrika\IMG-20190917-WA0257.jpg";"124406";"Würde gelöscht werden"
"2026-09-28 22:56:50";"DryRun";"F:\Daten\Älter\Bilder\Afrika\IMG-20190917-WA0258.jpg";"E:\OpenCloud\Persönlich (2)\Fotos\Afrika\IMG-20190917-WA0258.jpg";"121403";"Würde gelöscht werden"
"2026-09-28 22:56:50";"DryRun";"F:\Daten\Älter\Bilder\Afrika\IMG-20190917-WA0259.jpg";"E:\OpenCloud\Persönlich (2)\Fotos\Afrika\IMG-20190917-WA0259.jpg";"272240";"Würde gelöscht werden"
"2026-09-28 22:56:50";"DryRun";"F:\Daten\Älter\Bilder\Afrika\IMG-20190917-WA0260.jpg";"E:\OpenCloud\Persönlich (2)\Fotos\Afrika\IMG-20190917-WA0260.jpg";"130229";"Würde gelöscht werden"
"2026-09-28 22:56:50";"DryRun";"F:\Daten\Älter\Bilder\Afrika\IMG-20190917-WA0261.jpg";"E:\OpenCloud\Persönlich (2)\Fotos\Afrika\IMG-20190917-WA0261.jpg";"294583";"Würde gelöscht werden"
"2026-09-28 22:56:50";"DryRun";"F:\Daten\Älter\Bilder\Afrika\IMG-20190917-WA0262.jpg";"E:\OpenCloud\Persönlich (2)\Fotos\Afrika\IMG-20190917-WA0262.jpg";"126852";"Würde gelöscht werden"
"2026-09-28 22:56:50";"DryRun";"F:\Daten\Älter\Bilder\Afrika\IMG-20190917-WA0263.jpg";"E:\OpenCloud\Persönlich (2)\Fotos\Afrika\IMG-20190917-WA0263.jpg";"252606";"Würde gelöscht werden"
"2026-09-28 22:56:50";"DryRun";"F:\Daten\Älter\Bilder\Afrika\IMG-20190917-WA0264.jpg";"E:\OpenCloud\Persönlich (2)\Fotos\Afrika\IMG-20190917-WA0264.jpg";"327054";"Würde gelöscht werden"
"2026-09-28 22:56:50";"DryRun";"F:\Daten\Älter\Bilder\Afrika\IMG-20190917-WA0265.jpg";"E:\OpenCloud\Persönlich (2)\Fotos\Afrika\IMG-20190917-WA0265.jpg";"200014";"Würde gelöscht werden"
"2026-09-28 22:56:50";"DryRun";"F:\Daten\Älter\Bilder\Afrika\IMG-20190917-WA0266.jpg";"E:\OpenCloud\Persönlich (2)\Fotos\Afrika\IMG-20190917-WA0266.jpg";"140937";"Würde gelöscht werden"
"2026-09-28 22:56:50";"DryRun";"F:\Daten\Älter\Bilder\Afrika\IMG-20190917-WA0267.jpg";"E:\OpenCloud\Persönlich (2)\Fotos\Afrika\IMG-20190917-WA0267.jpg";"191514";"Würde gelöscht werden"
"2026-09-28 22:56:50";"DryRun";"F:\Daten\Älter\Bilder\Afrika\IMG-20190917-WA0268.jpg";"E:\OpenCloud\Persönlich (2)\Fotos\Afrika\IMG-20190917-WA0268.jpg";"161570";"Würde gelöscht werden"
"2026-09-28 22:56:50";"DryRun";"F:\Daten\Älter\Bilder\Afrika\IMG-20190917-WA0269.jpg";"E:\OpenCloud\Persönlich (2)\Fotos\Afrika\IMG-20190917-WA0269.jpg";"278460";"Würde gelöscht werden"
"2026-09-28 22:56:50";"DryRun";"F:\Daten\Älter\Bilder\Afrika\IMG-20190917-WA0270.jpg";"E:\OpenCloud\Persönlich (2)\Fotos\Afrika\IMG-20190917-WA0270.jpg";"173682";"Würde gelöscht werden"
"2026-09-28 22:56:50";"DryRun";"F:\Daten\Älter\Bilder\Afrika\IMG-20190917-WA0271.jpg";"E:\OpenCloud\Persönlich (2)\Fotos\Afrika\IMG-20190917-WA0271.jpg";"165190";"Würde gelöscht werden"
"2026-09-28 22:56:50";"DryRun";"F:\Daten\Älter\Bilder\Afrika\IMG-20190917-WA0272.jpg";"E:\OpenCloud\Persönlich (2)\Fotos\Afrika\IMG-20190917-WA0272.jpg";"250327";"Würde gelöscht werden"
"2026-09-28 22:56:50";"DryRun";"F:\Daten\Älter\Bilder\Afrika\IMG-20190917-WA0274.jpg";"E:\OpenCloud\Persönlich (2)\Fotos\Afrika\IMG-20190917-WA0274.jpg";"261578";"Würde gelöscht werden"
"2026-09-28 22:56:50";"DryRun";"F:\Daten\Älter\Bilder\Afrika\IMG-20190917-WA0275.jpg";"E:\OpenCloud\Persönlich (2)\Fotos\Afrika\IMG-20190917-WA0275.jpg";"224428";"Würde gelöscht werden"
"2026-09-28 22:56:50";"DryRun";"F:\Daten\Älter\Bilder\Afrika\IMG-20190917-WA0276.jpg";"E:\OpenCloud\Persönlich (2)\Fotos\Afrika\IMG-20190917-WA0276.jpg";"256054";"Würde gelöscht werden"
"2026-09-28 22:56:50";"DryRun";"F:\Daten\Älter\Bilder\Afrika\IMG-20190917-WA0277.jpg";"E:\OpenCloud\Persönlich (2)\Fotos\Afrika\IMG-20190917-WA0277.jpg";"244876";"Würde gelöscht werden"
"2026-09-28 22:56:50";"DryRun";"F:\Daten\Älter\Bilder\Afrika\IMG-20190917-WA0278.jpg";"E:\OpenCloud\Persönlich (2)\Fotos\Afrika\IMG-20190917-WA0278.jpg";"188857";"Würde gelöscht werden"
"2026-09-28 22:56:50";"DryRun";"F:\Daten\Älter\Bilder\Afrika\IMG-20190917-WA0279.jpg";"E:\OpenCloud\Persönlich (2)\Fotos\Afrika\IMG-20190917-WA0279.jpg";"337314";"Würde gelöscht werden"
"2026-09-28 22:56:50";"DryRun";"F:\Daten\Älter\Bilder\Afrika\IMG-20190917-WA0280.jpg";"E:\OpenCloud\Persönlich (2)\Fotos\Afrika\IMG-20190917-WA0280.jpg";"108298";"Würde gelöscht werden"
"2026-09-28 22:56:50";"DryRun";"F:\Daten\Älter\Bilder\Afrika\IMG-20190917-WA0281.jpg";"E:\OpenCloud\Persönlich (2)\Fotos\Afrika\IMG-20190917-WA0281.jpg";"262460";"Würde gelöscht werden"
"2026-09-28 22:56:50";"DryRun";"F:\Daten\Älter\Bilder\Afrika\IMG-20190917-WA0282.jpg";"E:\OpenCloud\Persönlich (2)\Fotos\Afrika\IMG-20190917-WA0282.jpg";"201320";"Würde gelöscht werden"
"2026-09-28 22:56:50";"DryRun";"F:\Daten\Älter\Bilder\Afrika\IMG-20190917-WA0283.jpg";"E:\OpenCloud\Persönlich (2)\Fotos\Afrika\IMG-20190917-WA0283.jpg";"219528";"Würde gelöscht werden"
"2026-09-28 22:56:50";"DryRun";"F:\Daten\Älter\Bilder\Afrika\IMG-20190917-WA0285.jpg";"E:\OpenCloud\Persönlich (2)\Fotos\Afrika\IMG-20190917-WA0285.jpg";"159703";"Würde gelöscht werden"
"2026-09-28 22:56:50";"DryRun";"F:\Daten\Älter\Bilder\Afrika\IMG-20190917-WA0286.jpg";"E:\OpenCloud\Persönlich (2)\Fotos\Afrika\IMG-20190917-WA0286.jpg";"314397";"Würde gelöscht werden"
"2026-09-28 22:56:50";"DryRun";"F:\Daten\Älter\Bilder\Afrika\IMG-20190917-WA0287.jpg";"E:\OpenCloud\Persönlich (2)\Fotos\Afrika\IMG-20190917-WA0287.jpg";"179117";"Würde gelöscht werden"
"2026-09-28 22:56:50";"DryRun";"F:\Daten\Älter\Bilder\Afrika\IMG-20190917-WA0288.jpg";"E:\OpenCloud\Persönlich (2)\Fotos\Afrika\IMG-20190917-WA0288.jpg";"267746";"Würde gelöscht werden"
"2026-09-28 22:56:50";"DryRun";"F:\Daten\Älter\Bilder\Afrika\IMG-20190917-WA0289.jpg";"E:\OpenCloud\Persönlich (2)\Fotos\Afrika\IMG-20190917-WA0289.jpg";"259346";"Würde gelöscht werden"
"2026-09-28 22:56:50";"DryRun";"F:\Daten\Älter\Bilder\Afrika\IMG-20190917-WA0290.jpg";"E:\OpenCloud\Persönlich (2)\Fotos\Afrika\IMG-20190917-WA0290.jpg";"273100";"Würde gelöscht werden"
"2026-09-28 22:56:50";"DryRun";"F:\Daten\Älter\Bilder\Afrika\IMG-20190917-WA0291.jpg";"E:\OpenCloud\Persönlich (2)\Fotos\Afrika\IMG-20190917-WA0291.jpg";"127387";"Würde gelöscht werden"
"2026-09-28 22:56:50";"DryRun";"F:\Daten\Älter\Bilder\Afrika\IMG-20190917-WA0292.jpg";"E:\OpenCloud\Persönlich (2)\Fotos\Afrika\IMG-20190917-WA0292.jpg";"238228";"Würde gelöscht werden"
"2026-09-28 22:56:50";"DryRun";"F:\Daten\Älter\Bilder\Afrika\IMG-20190917-WA0293.jpg";"E:\OpenCloud\Persönlich (2)\Fotos\Afrika\IMG-20190917-WA0293.jpg";"128637";"Würde gelöscht werden"
"2026-09-28 22:56:50";"DryRun";"F:\Daten\Älter\Bilder\Afrika\IMG-20190917-WA0294.jpg";"E:\OpenCloud\Persönlich (2)\Fotos\Afrika\IMG-20190917-WA0294.jpg";"309367";"Würde gelöscht werden"
"2026-09-28 22:56:50";"DryRun";"F:\Daten\Älter\Bilder\Afrika\IMG-20190917-WA0295.jpg";"E:\OpenCloud\Persönlich (2)\Fotos\Afrika\IMG-20190917-WA0295.jpg";"107457";"Würde gelöscht werden"
"2026-09-28 22:56:50";"DryRun";"F:\Daten\Älter\Bilder\Afrika\IMG-20190917-WA0296.jpg";"E:\OpenCloud\Persönlich (2)\Fotos\Afrika\IMG-20190917-WA0296.jpg";"140075";"Würde gelöscht werden"
"2026-09-28 22:56:50";"DryRun";"F:\Daten\Älter\Bilder\Afrika\IMG-20190917-WA0297.jpg";"E:\OpenCloud\Persönlich (2)\Fotos\Afrika\IMG-20190917-WA0297.jpg";"245047";"Würde gelöscht werden"
"2026-09-28 22:56:50";"DryRun";"F:\Daten\Älter\Bilder\Afrika\IMG-20190917-WA0298.jpg";"E:\OpenCloud\Persönlich (2)\Fotos\Afrika\IMG-20190917-WA0298.jpg";"208675";"Würde gelöscht werden"
"2026-09-28 22:56:50";"DryRun";"F:\Daten\Älter\Bilder\Afrika\IMG-20190917-WA0299.jpg";"E:\OpenCloud\Persönlich (2)\Fotos\Afrika\IMG-20190917-WA0299.jpg";"390309";"Würde gelöscht werden"
"2026-09-28 22:56:50";"DryRun";"F:\Daten\Älter\Bilder\Afrika\IMG-20190917-WA0300.jpg";"E:\OpenCloud\Persönlich (2)\Fotos\Afrika\IMG-20190917-WA0300.jpg";"309728";"Würde gelöscht werden"
"2026-09-28 22:56:50";"DryRun";"F:\Daten\Älter\Bilder\Afrika\IMG-20190917-WA0301.jpg";"E:\OpenCloud\Persönlich (2)\Fotos\Afrika\IMG-20190917-WA0301.jpg";"230303";"Würde gelöscht werden"
"2026-09-28 22:56:50";"DryRun";"F:\Daten\Älter\Bilder\Afrika\IMG-20190917-WA0302.jpg";"E:\OpenCloud\Persönlich (2)\Fotos\Afrika\IMG-20190917-WA0302.jpg";"270407";"Würde gelöscht werden"
"2026-09-28 22:56:50";"DryRun";"F:\Daten\Älter\Bilder\Afrika\IMG-20190917-WA0303.jpg";"E:\OpenCloud\Persönlich (2)\Fotos\Afrika\IMG-20190917-WA0303.jpg";"318437";"Würde gelöscht werden"
"2026-09-28 22:56:50";"DryRun";"F:\Daten\Älter\Bilder\Afrika\IMG-20190917-WA0304.jpg";"E:\OpenCloud\Persönlich (2)\Fotos\Afrika\IMG-20190917-WA0304.jpg";"139443";"Würde gelöscht werden"
"2026-09-28 22:56:50";"DryRun";"F:\Daten\Älter\Bilder\Afrika\IMG-20190917-WA0305.jpg";"E:\OpenCloud\Persönlich (2)\Fotos\Afrika\IMG-20190917-WA0305.jpg";"765889";"Würde gelöscht werden"
"2026-09-28 22:56:50";"DryRun";"F:\Daten\Älter\Bilder\Afrika\IMG-20190917-WA0306.jpg";"E:\OpenCloud\Persönlich (2)\Fotos\Afrika\IMG-20190917-WA0306.jpg";"220018";"Würde gelöscht werden"
"2026-09-28 22:56:50";"DryRun";"F:\Daten\Älter\Bilder\Afrika\IMG-20190917-WA0307.jpg";"E:\OpenCloud\Persönlich (2)\Fotos\Afrika\IMG-20190917-WA0307.jpg";"179907";"Würde gelöscht werden"
"2026-09-28 22:56:50";"DryRun";"F:\Daten\Älter\Bilder\Afrika\IMG-20190917-WA0308.jpg";"E:\OpenCloud\Persönlich (2)\Fotos\Afrika\IMG-20190917-WA0308.jpg";"166722";"Würde gelöscht werden"
"2026-09-28 22:56:50";"DryRun";"F:\Daten\Älter\Bilder\Afrika\IMG-20190917-WA0309.jpg";"E:\OpenCloud\Persönlich (2)\Fotos\Afrika\IMG-20190917-WA0309.jpg";"226495";"Würde gelöscht werden"
"2026-09-28 22:56:50";"DryRun";"F:\Daten\Älter\Bilder\Afrika\IMG-20190917-WA0310.jpg";"E:\OpenCloud\Persönlich (2)\Fotos\Afrika\IMG-20190917-WA0310.jpg";"446273";"Würde gelöscht werden"
"2026-09-28 22:56:50";"DryRun";"F:\Daten\Älter\Bilder\Afrika\IMG-20190917-WA0311.jpg";"E:\OpenCloud\Persönlich (2)\Fotos\Afrika\IMG-20190917-WA0311.jpg";"157676";"Würde gelöscht werden"
"2026-09-28 22:56:50";"DryRun";"F:\Daten\Älter\Bilder\Afrika\IMG-20190917-WA0312.jpg";"E:\OpenCloud\Persönlich (2)\Fotos\Afrika\IMG-20190917-WA0312.jpg";"178436";"Würde gelöscht werden"
"2026-09-28 22:56:50";"DryRun";"F:\Daten\Älter\Bilder\Afrika\IMG-20190917-WA0313.jpg";"E:\OpenCloud\Persönlich (2)\Fotos\Afrika\IMG-20190917-WA0313.jpg";"175985";"Würde gelöscht werden"
"2026-09-28 22:56:50";"DryRun";"F:\Daten\Älter\Bilder\Afrika\IMG-20190917-WA0314.jpg";"E:\OpenCloud\Persönlich (2)\Fotos\Afrika\IMG-20190917-WA0314.jpg";"229994";"Würde gelöscht werden"
"2026-09-28 22:56:50";"DryRun";"F:\Daten\Älter\Bilder\Afrika\IMG-20190917-WA0315.jpg";"E:\OpenCloud\Persönlich (2)\Fotos\Afrika\Kapstadt\Robben Island\Selfies\IMG-20190917-WA0206.jpg";"171361";"Würde gelöscht werden"
"2026-09-28 22:56:50";"DryRun";"F:\Daten\Älter\Bilder\Afrika\IMG-20190917-WA0316.jpg";"E:\OpenCloud\Persönlich (2)\Fotos\Afrika\Kapstadt\Robben Island\IMG-20190917-WA0202.jpg";"310865";"Würde gelöscht werden"
"2026-09-28 22:56:50";"DryRun";"F:\Daten\Älter\Bilder\Afrika\IMG-20190917-WA0317.jpg";"E:\OpenCloud\Persönlich (2)\Fotos\Afrika\Kapstadt\Robben Island\Selfies\IMG-20190917-WA0203.jpg";"178212";"Würde gelöscht werden"
"2026-09-28 22:56:50";"DryRun";"F:\Daten\Älter\Bilder\Afrika\IMG-20190917-WA0318.jpg";"E:\OpenCloud\Persönlich (2)\Fotos\Afrika\Kapstadt\Robben Island\IMG-20190917-WA0204.jpg";"331422";"Würde gelöscht werden"
"2026-09-28 22:56:50";"DryRun";"F:\Daten\Älter\Bilder\Afrika\IMG-20190917-WA0319.jpg";"E:\OpenCloud\Persönlich (2)\Fotos\Afrika\Kapstadt\Robben Island\Selfies\IMG-20190917-WA0200.jpg";"160276";"Würde gelöscht werden"
"2026-09-28 22:56:50";"DryRun";"F:\Daten\Älter\Bilder\Afrika\IMG-20190917-WA0327.jpg";"E:\OpenCloud\Persönlich (2)\Fotos\Afrika\IMG-20190917-WA0239.jpg";"272034";"Würde gelöscht werden"
"2026-09-28 22:56:50";"DryRun";"F:\Daten\Älter\Bilder\Afrika\IMG-20190919-WA0000.jpg";"E:\OpenCloud\Persönlich (2)\Fotos\Afrika\Kapstadt\Kap der guten Hoffnung\IMG-20190919-WA0000.jpg";"823473";"Würde gelöscht werden"
"2026-09-28 22:56:50";"DryRun";"F:\Daten\Älter\Bilder\Afrika\IMG-20190919-WA0052.jpg";"E:\OpenCloud\Persönlich (2)\Fotos\Afrika\Kapstadt\Kap der guten Hoffnung\IMG-20190919-WA0000.jpg";"823473";"Würde gelöscht werden"
"2026-09-28 22:56:50";"DryRun";"F:\Daten\Älter\Bilder\Afrika\IMG-20190919-WA0055.jpg";"E:\OpenCloud\Persönlich (2)\Fotos\Afrika\Kapstadt\Kap der guten Hoffnung\IMG-20190920-WA0183.jpg";"97715";"Würde gelöscht werden"
"2026-09-28 22:56:50";"DryRun";"F:\Daten\Älter\Bilder\Afrika\IMG-20190920-WA0025.jpg";"E:\OpenCloud\Persönlich (2)\Fotos\Afrika\IMG-20190917-WA0084.jpg";"232865";"Würde gelöscht werden"
"2026-09-28 22:56:50";"DryRun";"F:\Daten\Älter\Bilder\Afrika\IMG-20190920-WA0026.jpg";"E:\OpenCloud\Persönlich (2)\Fotos\Afrika\IMG-20190917-WA0089.jpg";"172759";"Würde gelöscht werden"
"2026-09-28 22:56:50";"DryRun";"F:\Daten\Älter\Bilder\Afrika\IMG-20190920-WA0027.jpg";"E:\OpenCloud\Persönlich (2)\Fotos\Afrika\IMG-20190917-WA0076.jpg";"188605";"Würde gelöscht werden"
"2026-09-28 22:56:50";"DryRun";"F:\Daten\Älter\Bilder\Afrika\IMG-20190920-WA0028.jpg";"E:\OpenCloud\Persönlich (2)\Fotos\Afrika\IMG-20190917-WA0060.jpg";"220902";"Würde gelöscht werden"
"2026-09-28 22:56:50";"DryRun";"F:\Daten\Älter\Bilder\Afrika\IMG-20190920-WA0029.jpg";"E:\OpenCloud\Persönlich (2)\Fotos\Afrika\IMG-20190917-WA0088.jpg";"196191";"Würde gelöscht werden"
"2026-09-28 22:56:50";"DryRun";"F:\Daten\Älter\Bilder\Afrika\IMG-20190920-WA0030.jpg";"E:\OpenCloud\Persönlich (2)\Fotos\Afrika\IMG-20190917-WA0079.jpg";"100681";"Würde gelöscht werden"
"2026-09-28 22:56:50";"DryRun";"F:\Daten\Älter\Bilder\Afrika\IMG-20190920-WA0031.jpg";"E:\OpenCloud\Persönlich (2)\Fotos\Afrika\IMG-20190917-WA0090.jpg";"212263";"Würde gelöscht werden"
"2026-09-28 22:56:50";"DryRun";"F:\Daten\Älter\Bilder\Afrika\IMG-20190920-WA0032.jpg";"E:\OpenCloud\Persönlich (2)\Fotos\Afrika\IMG-20190917-WA0064.jpg";"207096";"Würde gelöscht werden"
"2026-09-28 22:56:50";"DryRun";"F:\Daten\Älter\Bilder\Afrika\IMG-20190920-WA0033.jpg";"E:\OpenCloud\Persönlich (2)\Fotos\Afrika\IMG-20190917-WA0075.jpg";"145719";"Würde gelöscht werden"
"2026-09-28 22:56:50";"DryRun";"F:\Daten\Älter\Bilder\Afrika\IMG-20190920-WA0035.jpg";"E:\OpenCloud\Persönlich (2)\Fotos\Afrika\IMG-20190917-WA0078.jpg";"119076";"Würde gelöscht werden"
"2026-09-28 22:56:50";"DryRun";"F:\Daten\Älter\Bilder\Afrika\IMG-20190920-WA0047.jpg";"E:\OpenCloud\Persönlich (2)\Fotos\Afrika\IMG-20190917-WA0070.jpg";"133534";"Würde gelöscht werden"
"2026-09-28 22:56:50";"DryRun";"F:\Daten\Älter\Bilder\Afrika\IMG-20190920-WA0048.jpg";"E:\OpenCloud\Persönlich (2)\Fotos\Afrika\IMG-20190917-WA0065.jpg";"152350";"Würde gelöscht werden"
"2026-09-28 22:56:50";"DryRun";"F:\Daten\Älter\Bilder\Afrika\IMG-20190920-WA0049.jpg";"E:\OpenCloud\Persönlich (2)\Fotos\Afrika\IMG-20190917-WA0074.jpg";"139696";"Würde gelöscht werden"
"2026-09-28 22:56:50";"DryRun";"F:\Daten\Älter\Bilder\Afrika\IMG-20190920-WA0050.jpg";"E:\OpenCloud\Persönlich (2)\Fotos\Afrika\IMG-20190917-WA0054.jpg";"189205";"Würde gelöscht werden"
"2026-09-28 22:56:50";"DryRun";"F:\Daten\Älter\Bilder\Afrika\IMG-20190920-WA0051.jpg";"E:\OpenCloud\Persönlich (2)\Fotos\Afrika\IMG-20190917-WA0092.jpg";"325858";"Würde gelöscht werden"
"2026-09-28 22:56:50";"DryRun";"F:\Daten\Älter\Bilder\Afrika\IMG-20190920-WA0052.jpg";"E:\OpenCloud\Persönlich (2)\Fotos\Afrika\IMG-20190917-WA0053.jpg";"227169";"Würde gelöscht werden"
"2026-09-28 22:56:50";"DryRun";"F:\Daten\Älter\Bilder\Afrika\IMG-20190920-WA0053.jpg";"E:\OpenCloud\Persönlich (2)\Fotos\Afrika\IMG-20190917-WA0077.jpg";"158181";"Würde gelöscht werden"
"2026-09-28 22:56:50";"DryRun";"F:\Daten\Älter\Bilder\Afrika\IMG-20190920-WA0054.jpg";"E:\OpenCloud\Persönlich (2)\Fotos\Afrika\IMG-20190917-WA0091.jpg";"316046";"Würde gelöscht werden"
"2026-09-28 22:56:50";"DryRun";"F:\Daten\Älter\Bilder\Afrika\IMG-20190920-WA0060.jpg";"E:\OpenCloud\Persönlich (2)\Fotos\Afrika\IMG-20190917-WA0066.jpg";"117188";"Würde gelöscht werden"
"2026-09-28 22:56:50";"DryRun";"F:\Daten\Älter\Bilder\Afrika\IMG-20190920-WA0061.jpg";"E:\OpenCloud\Persönlich (2)\Fotos\Afrika\IMG-20190917-WA0087.jpg";"231021";"Würde gelöscht werden"
"2026-09-28 22:56:50";"DryRun";"F:\Daten\Älter\Bilder\Afrika\IMG-20190920-WA0082.jpg";"E:\OpenCloud\Persönlich (2)\Fotos\Afrika\IMG-20190917-WA0085.jpg";"134870";"Würde gelöscht werden"
"2026-09-28 22:56:50";"DryRun";"F:\Daten\Älter\Bilder\Afrika\IMG-20190921-WA0079.jpg";"E:\OpenCloud\Persönlich (2)\Fotos\Afrika\IMG-20190917-WA0082.jpg";"212852";"Würde gelöscht werden"
"2026-09-28 22:56:50";"DryRun";"F:\Daten\Älter\Bilder\Afrika\IMG-20190921-WA0083.jpg";"E:\OpenCloud\Persönlich (2)\Fotos\Afrika\IMG-20190917-WA0083.jpg";"129440";"Würde gelöscht werden"
"2026-09-28 22:56:50";"DryRun";"F:\Daten\Älter\Bilder\Afrika\IMG-20190921-WA0088.jpg";"E:\OpenCloud\Persönlich (2)\Fotos\Afrika\IMG-20190917-WA0068.jpg";"308020";"Würde gelöscht werden"
"2026-09-28 22:56:50";"DryRun";"F:\Daten\Älter\Bilder\Afrika\IMG-20190921-WA0138.jpg";"E:\OpenCloud\Persönlich (2)\Fotos\Afrika\Südafrika\IMG-20190921-WA0010.jpg";"171331";"Würde gelöscht werden"
"2026-09-28 22:56:50";"DryRun";"F:\Daten\Älter\Bilder\Afrika\IMG-20190923-WA0021-1.jpg";"E:\OpenCloud\Persönlich (2)\Fotos\Afrika\Dana Bay\Ostrich Farm\IMG-20190923-WA0002.jpg";"228241";"Würde gelöscht werden"
"2026-09-28 22:56:50";"DryRun";"F:\Daten\Älter\Bilder\Afrika\IMG-20190923-WA0021.jpg";"E:\OpenCloud\Persönlich (2)\Fotos\Afrika\Dana Bay\Ostrich Farm\IMG-20190923-WA0002.jpg";"228241";"Würde gelöscht werden"
"2026-09-28 22:56:50";"DryRun";"F:\Daten\Älter\Bilder\Afrika\IMG-20190924-WA0051.jpg";"E:\OpenCloud\Persönlich (2)\Fotos\Afrika\Addo Elephant Park\IMG-20190924-WA0059.jpg";"155789";"Würde gelöscht werden"
"2026-09-28 22:56:50";"DryRun";"F:\Daten\Älter\Bilder\Afrika\IMG-20190924-WA0052.jpg";"E:\OpenCloud\Persönlich (2)\Fotos\Afrika\Addo Elephant Park\IMG-20190924-WA0060.jpg";"153111";"Würde gelöscht werden"
"2026-09-28 22:56:50";"DryRun";"F:\Daten\Älter\Bilder\Afrika\IMG-20190924-WA0053.jpg";"E:\OpenCloud\Persönlich (2)\Fotos\Afrika\Addo Elephant Park\IMG-20190924-WA0074.jpg";"179862";"Würde gelöscht werden"
"2026-09-28 22:56:50";"DryRun";"F:\Daten\Älter\Bilder\Afrika\IMG-20190924-WA0054.jpg";"E:\OpenCloud\Persönlich (2)\Fotos\Afrika\Addo Elephant Park\IMG-20190924-WA0075.jpg";"149136";"Würde gelöscht werden"
"2026-09-28 22:56:50";"DryRun";"F:\Daten\Älter\Bilder\Afrika\IMG-20190924-WA0067.jpg";"E:\OpenCloud\Persönlich (2)\Fotos\Afrika\Addo Elephant Park\IMG-20190924-WA0101.jpg";"71041";"Würde gelöscht werden"
"2026-09-28 22:56:50";"DryRun";"F:\Daten\Älter\Bilder\Afrika\IMG-20190924-WA0072.jpg";"E:\OpenCloud\Persönlich (2)\Fotos\Afrika\Addo Elephant Park\IMG-20190924-WA0106.jpg";"131172";"Würde gelöscht werden"
"2026-09-28 22:56:50";"DryRun";"F:\Daten\Älter\Bilder\Afrika\IMG-20190924-WA0073.jpg";"E:\OpenCloud\Persönlich (2)\Fotos\Afrika\Dana Bay\Knysna\IMG-20190924-WA0107.jpg";"106511";"Würde gelöscht werden"
"2026-09-28 22:56:50";"DryRun";"F:\Daten\Älter\Bilder\Afrika\IMG-20190924-WA0074.jpg";"E:\OpenCloud\Persönlich (2)\Fotos\Afrika\Dana Bay\Knysna\IMG-20190924-WA0108.jpg";"129391";"Würde gelöscht werden"
"2026-09-28 22:56:50";"DryRun";"F:\Daten\Älter\Bilder\Afrika\IMG-20190924-WA0075.jpg";"E:\OpenCloud\Persönlich (2)\Fotos\Afrika\Dana Bay\Knysna\IMG-20190924-WA0109.jpg";"120226";"Würde gelöscht werden"
"2026-09-28 22:56:50";"DryRun";"F:\Daten\Älter\Bilder\Afrika\IMG-20190924-WA0076.jpg";"E:\OpenCloud\Persönlich (2)\Fotos\Afrika\Dana Bay\Knysna\IMG-20190924-WA0110.jpg";"130895";"Würde gelöscht werden"
"2026-09-28 22:56:50";"DryRun";"F:\Daten\Älter\Bilder\Afrika\IMG-20190924-WA0077.jpg";"E:\OpenCloud\Persönlich (2)\Fotos\Afrika\Dana Bay\Knysna\IMG-20190924-WA0111.jpg";"127420";"Würde gelöscht werden"
"2026-09-28 22:56:50";"DryRun";"F:\Daten\Älter\Bilder\Afrika\IMG-20190924-WA0078.jpg";"E:\OpenCloud\Persönlich (2)\Fotos\Afrika\Addo Elephant Park\IMG-20190924-WA0112.jpg";"146693";"Würde gelöscht werden"
"2026-09-28 22:56:50";"DryRun";"F:\Daten\Älter\Bilder\Afrika\IMG-20190924-WA0079.jpg";"E:\OpenCloud\Persönlich (2)\Fotos\Afrika\Dana Bay\Safari Katzenpark\IMG-20190924-WA0113.jpg";"284053";"Würde gelöscht werden"
"2026-09-28 22:56:50";"DryRun";"F:\Daten\Älter\Bilder\Afrika\IMG-20190924-WA0080.jpg";"E:\OpenCloud\Persönlich (2)\Fotos\Afrika\Dana Bay\Safari Katzenpark\IMG-20190924-WA0114.jpg";"363776";"Würde gelöscht werden"
"2026-09-28 22:56:50";"DryRun";"F:\Daten\Älter\Bilder\Afrika\IMG-20190924-WA0081.jpg";"E:\OpenCloud\Persönlich (2)\Fotos\Afrika\Dana Bay\Safari Katzenpark\IMG-20190924-WA0115.jpg";"374335";"Würde gelöscht werden"
"2026-09-28 22:56:50";"DryRun";"F:\Daten\Älter\Bilder\Afrika\IMG-20190924-WA0082.jpg";"E:\OpenCloud\Persönlich (2)\Fotos\Afrika\Dana Bay\Safari Katzenpark\IMG-20190924-WA0119.jpg";"328348";"Würde gelöscht werden"
"2026-09-28 22:56:50";"DryRun";"F:\Daten\Älter\Bilder\Afrika\IMG-20190924-WA0083.jpg";"E:\OpenCloud\Persönlich (2)\Fotos\Afrika\Dana Bay\Safari Katzenpark\IMG-20190924-WA0118.jpg";"280331";"Würde gelöscht werden"
"2026-09-28 22:56:50";"DryRun";"F:\Daten\Älter\Bilder\Afrika\IMG-20190924-WA0084.jpg";"E:\OpenCloud\Persönlich (2)\Fotos\Afrika\Dana Bay\Safari Katzenpark\IMG-20190924-WA0116.jpg";"316993";"Würde gelöscht werden"
"2026-09-28 22:56:50";"DryRun";"F:\Daten\Älter\Bilder\Afrika\IMG-20190924-WA0085.jpg";"E:\OpenCloud\Persönlich (2)\Fotos\Afrika\Dana Bay\Safari Katzenpark\IMG-20190924-WA0117.jpg";"382930";"Würde gelöscht werden"
"2026-09-28 22:56:50";"DryRun";"F:\Daten\Älter\Bilder\Afrika\IMG-20190924-WA0086.jpg";"E:\OpenCloud\Persönlich (2)\Fotos\Afrika\Dana Bay\Safari Katzenpark\IMG-20190924-WA0120.jpg";"356290";"Würde gelöscht werden"
"2026-09-28 22:56:50";"DryRun";"F:\Daten\Älter\Bilder\Afrika\IMG-20190924-WA0087.jpg";"E:\OpenCloud\Persönlich (2)\Fotos\Afrika\Dana Bay\Safari Katzenpark\IMG-20190924-WA0122.jpg";"401068";"Würde gelöscht werden"
"2026-09-28 22:56:50";"DryRun";"F:\Daten\Älter\Bilder\Afrika\IMG-20190924-WA0088.jpg";"E:\OpenCloud\Persönlich (2)\Fotos\Afrika\Dana Bay\Safari Katzenpark\IMG-20190924-WA0121.jpg";"378642";"Würde gelöscht werden"
"2026-09-28 22:56:50";"DryRun";"F:\Daten\Älter\Bilder\Afrika\IMG-20190924-WA0089.jpg";"E:\OpenCloud\Persönlich (2)\Fotos\Afrika\Addo Elephant Park\IMG-20190924-WA0140.jpg";"210219";"Würde gelöscht werden"
"2026-09-28 22:56:50";"DryRun";"F:\Daten\Älter\Bilder\Afrika\IMG-20190924-WA0091.jpg";"E:\OpenCloud\Persönlich (2)\Fotos\Afrika\Addo Elephant Park\IMG-20190924-WA0138.jpg";"182955";"Würde gelöscht werden"
"2026-09-28 22:56:50";"DryRun";"F:\Daten\Älter\Bilder\Afrika\IMG-20190925-WA0004.jpg";"E:\OpenCloud\Persönlich (2)\Fotos\Afrika\Addo Elephant Park\IMG-20190925-WA0008.jpg";"120221";"Würde gelöscht werden"
"2026-09-28 22:56:50";"DryRun";"F:\Daten\Älter\Bilder\Afrika\IMG-20190925-WA0006.jpg";"E:\OpenCloud\Persönlich (2)\Fotos\Afrika\Addo Elephant Park\IMG-20190925-WA0012.jpg";"223372";"Würde gelöscht werden"
"2026-09-28 22:56:50";"DryRun";"F:\Daten\Älter\Bilder\Afrika\IMG-20190925-WA0008.jpg";"E:\OpenCloud\Persönlich (2)\Fotos\Afrika\Addo Elephant Park\IMG-20190925-WA0014.jpg";"221280";"Würde gelöscht werden"
"2026-09-28 22:56:50";"DryRun";"F:\Daten\Älter\Bilder\Afrika\IMG-20190925-WA0009.jpg";"E:\OpenCloud\Persönlich (2)\Fotos\Afrika\Addo Elephant Park\IMG-20190925-WA0018.jpg";"178049";"Würde gelöscht werden"
"2026-09-28 22:56:50";"DryRun";"F:\Daten\Älter\Bilder\Afrika\IMG-20190925-WA0010.jpg";"E:\OpenCloud\Persönlich (2)\Fotos\Afrika\Addo Elephant Park\IMG-20190925-WA0019.jpg";"257701";"Würde gelöscht werden"
"2026-09-28 22:56:50";"DryRun";"F:\Daten\Älter\Bilder\Afrika\IMG-20190925-WA0012.jpg";"E:\OpenCloud\Persönlich (2)\Fotos\Afrika\Addo Elephant Park\IMG-20190925-WA0024.jpg";"143409";"Würde gelöscht werden"
"2026-09-28 22:56:50";"DryRun";"F:\Daten\Älter\Bilder\Afrika\IMG-20190926-WA0001.jpg";"E:\OpenCloud\Persönlich (2)\Fotos\Afrika\Durban\IMG-20190926-WA0007.jpg";"119035";"Würde gelöscht werden"
"2026-09-28 22:56:50";"DryRun";"F:\Daten\Älter\Bilder\Afrika\IMG-20190926-WA0003.jpg";"E:\OpenCloud\Persönlich (2)\Fotos\Afrika\Durban\IMG-20190926-WA0009.jpg";"93254";"Würde gelöscht werden"
"2026-09-28 22:56:50";"DryRun";"F:\Daten\Älter\Bilder\Afrika\IMG-20190926-WA0004.jpg";"E:\OpenCloud\Persönlich (2)\Fotos\Afrika\Durban\IMG-20190926-WA0010.jpg";"148731";"Würde gelöscht werden"
"2026-09-28 22:56:50";"DryRun";"F:\Daten\Älter\Bilder\Afrika\IMG-20190926-WA0006.jpg";"E:\OpenCloud\Persönlich (2)\Fotos\Afrika\Durban\IMG-20190926-WA0013.jpg";"88087";"Würde gelöscht werden"
"2026-09-28 22:56:50";"DryRun";"F:\Daten\Älter\Bilder\Afrika\IMG-20190926-WA0007.jpg";"E:\OpenCloud\Persönlich (2)\Fotos\Afrika\Durban\IMG-20190926-WA0015.jpg";"89828";"Würde gelöscht werden"
"2026-09-28 22:56:50";"DryRun";"F:\Daten\Älter\Bilder\Afrika\IMG-20190926-WA0008.jpg";"E:\OpenCloud\Persönlich (2)\Fotos\Afrika\Durban\IMG-20190926-WA0016.jpg";"134212";"Würde gelöscht werden"
"2026-09-28 22:56:50";"DryRun";"F:\Daten\Älter\Bilder\Afrika\IMG-20190926-WA0009.jpg";"E:\OpenCloud\Persönlich (2)\Fotos\Afrika\Durban\IMG-20190926-WA0019.jpg";"151174";"Würde gelöscht werden"
"2026-09-28 22:56:50";"DryRun";"F:\Daten\Älter\Bilder\Afrika\IMG-20190926-WA0010.jpg";"E:\OpenCloud\Persönlich (2)\Fotos\Afrika\Durban\IMG-20190926-WA0021.jpg";"138911";"Würde gelöscht werden"
"2026-09-28 22:56:50";"DryRun";"F:\Daten\Älter\Bilder\Afrika\IMG-20190926-WA0011.jpg";"E:\OpenCloud\Persönlich (2)\Fotos\Afrika\Durban\IMG-20190926-WA0022.jpg";"120661";"Würde gelöscht werden"
"2026-09-28 22:56:50";"DryRun";"F:\Daten\Älter\Bilder\Afrika\IMG-20190926-WA0013.jpg";"E:\OpenCloud\Persönlich (2)\Fotos\Afrika\Durban\IMG-20190926-WA0024.jpg";"109099";"Würde gelöscht werden"
"2026-09-28 22:56:50";"DryRun";"F:\Daten\Älter\Bilder\Afrika\IMG-20190926-WA0014.jpg";"E:\OpenCloud\Persönlich (2)\Fotos\Afrika\Durban\IMG-20190926-WA0026.jpg";"120226";"Würde gelöscht werden"
"2026-09-28 22:56:50";"DryRun";"F:\Daten\Älter\Bilder\Afrika\IMG-20190926-WA0016.jpg";"E:\OpenCloud\Persönlich (2)\Fotos\Afrika\Durban\IMG-20190926-WA0028.jpg";"95010";"Würde gelöscht werden"
"2026-09-28 22:56:50";"DryRun";"F:\Daten\Älter\Bilder\Afrika\IMG-20190926-WA0019.jpg";"E:\OpenCloud\Persönlich (2)\Fotos\Afrika\Durban\IMG-20190927-WA0125.jpg";"179995";"Würde gelöscht werden"
"2026-09-28 22:56:51";"DryRun";"F:\Daten\Älter\Bilder\Afrika\IMG-20190926-WA0022.jpg";"E:\OpenCloud\Persönlich (2)\Fotos\Afrika\Durban\IMG-20190927-WA0129.jpg";"161703";"Würde gelöscht werden"
"2026-09-28 22:56:51";"DryRun";"F:\Daten\Älter\Bilder\Afrika\IMG-20190926-WA0030.jpg";"E:\OpenCloud\Persönlich (2)\Fotos\Afrika\Durban\IMG-20190926-WA0004.jpg";"143057";"Würde gelöscht werden"
"2026-09-28 22:56:51";"DryRun";"F:\Daten\Älter\Bilder\Afrika\IMG-20190926-WA0036.jpg";"E:\OpenCloud\Persönlich (2)\Fotos\Afrika\Durban\IMG-20190926-WA0001.jpg";"183100";"Würde gelöscht werden"
"2026-09-28 22:56:51";"DryRun";"F:\Daten\Älter\Bilder\Afrika\IMG-20190927-WA0000.jpg";"E:\OpenCloud\Persönlich (2)\Fotos\Afrika\Durban\Private Game Reserve\IMG-20190927-WA0000.jpg";"106347";"Würde gelöscht werden"
"2026-09-28 22:56:51";"DryRun";"F:\Daten\Älter\Bilder\Afrika\IMG-20190927-WA0003.jpg";"E:\OpenCloud\Persönlich (2)\Fotos\Afrika\Durban\Private Game Reserve\Schmarnbilder\IMG-20190927-WA0027.jpg";"206095";"Würde gelöscht werden"
"2026-09-28 22:56:51";"DryRun";"F:\Daten\Älter\Bilder\Afrika\IMG-20190927-WA0005.jpg";"E:\OpenCloud\Persönlich (2)\Fotos\Afrika\Durban\Private Game Reserve\IMG-20190927-WA0012.jpg";"146301";"Würde gelöscht werden"
"2026-09-28 22:56:51";"DryRun";"F:\Daten\Älter\Bilder\Afrika\IMG-20190927-WA0006.jpg";"E:\OpenCloud\Persönlich (2)\Fotos\Afrika\Durban\Private Game Reserve\IMG-20190927-WA0011.jpg";"88148";"Würde gelöscht werden"
"2026-09-28 22:56:51";"DryRun";"F:\Daten\Älter\Bilder\Afrika\IMG-20190927-WA0007.jpg";"E:\OpenCloud\Persönlich (2)\Fotos\Afrika\Durban\Private Game Reserve\Schmarnbilder\IMG-20190927-WA0009.jpg";"238474";"Würde gelöscht werden"
"2026-09-28 22:56:51";"DryRun";"F:\Daten\Älter\Bilder\Afrika\IMG-20190927-WA0008.jpg";"E:\OpenCloud\Persönlich (2)\Fotos\Afrika\Durban\Private Game Reserve\Schmarnbilder\IMG-20190927-WA0008.jpg";"120399";"Würde gelöscht werden"
"2026-09-28 22:56:51";"DryRun";"F:\Daten\Älter\Bilder\Afrika\IMG-20190927-WA0009.jpg";"E:\OpenCloud\Persönlich (2)\Fotos\Afrika\Durban\Private Game Reserve\Schmarnbilder\IMG-20190927-WA0007.jpg";"222153";"Würde gelöscht werden"
"2026-09-28 22:56:51";"DryRun";"F:\Daten\Älter\Bilder\Afrika\IMG-20190927-WA0010.jpg";"E:\OpenCloud\Persönlich (2)\Fotos\Afrika\Durban\Private Game Reserve\Schmarnbilder\IMG-20190927-WA0006.jpg";"165660";"Würde gelöscht werden"
"2026-09-28 22:56:51";"DryRun";"F:\Daten\Älter\Bilder\Afrika\IMG-20190927-WA0011.jpg";"E:\OpenCloud\Persönlich (2)\Fotos\Afrika\Durban\Private Game Reserve\IMG-20190927-WA0005.jpg";"73799";"Würde gelöscht werden"
"2026-09-28 22:56:51";"DryRun";"F:\Daten\Älter\Bilder\Afrika\IMG-20190927-WA0012.jpg";"E:\OpenCloud\Persönlich (2)\Fotos\Afrika\Durban\Private Game Reserve\IMG-20190927-WA0004.jpg";"205207";"Würde gelöscht werden"
"2026-09-28 22:56:51";"DryRun";"F:\Daten\Älter\Bilder\Afrika\IMG-20190927-WA0013.jpg";"E:\OpenCloud\Persönlich (2)\Fotos\Afrika\Durban\Private Game Reserve\IMG-20190927-WA0010.jpg";"242690";"Würde gelöscht werden"
"2026-09-28 22:56:51";"DryRun";"F:\Daten\Älter\Bilder\Afrika\IMG-20190927-WA0014.jpg";"E:\OpenCloud\Persönlich (2)\Fotos\Afrika\Durban\Private Game Reserve\IMG-20190927-WA0026.jpg";"269343";"Würde gelöscht werden"
"2026-09-28 22:56:51";"DryRun";"F:\Daten\Älter\Bilder\Afrika\IMG-20190927-WA0015.jpg";"E:\OpenCloud\Persönlich (2)\Fotos\Afrika\Durban\Private Game Reserve\IMG-20190927-WA0019.jpg";"243210";"Würde gelöscht werden"
"2026-09-28 22:56:51";"DryRun";"F:\Daten\Älter\Bilder\Afrika\IMG-20190927-WA0016.jpg";"E:\OpenCloud\Persönlich (2)\Fotos\Afrika\Durban\Private Game Reserve\IMG-20190927-WA0017.jpg";"253919";"Würde gelöscht werden"
"2026-09-28 22:56:51";"DryRun";"F:\Daten\Älter\Bilder\Afrika\IMG-20190927-WA0017.jpg";"E:\OpenCloud\Persönlich (2)\Fotos\Afrika\Durban\Private Game Reserve\IMG-20190927-WA0018.jpg";"96205";"Würde gelöscht werden"
"2026-09-28 22:56:51";"DryRun";"F:\Daten\Älter\Bilder\Afrika\IMG-20190927-WA0018.jpg";"E:\OpenCloud\Persönlich (2)\Fotos\Afrika\Durban\Private Game Reserve\IMG-20190927-WA0016.jpg";"254306";"Würde gelöscht werden"
"2026-09-28 22:56:51";"DryRun";"F:\Daten\Älter\Bilder\Afrika\IMG-20190927-WA0019.jpg";"E:\OpenCloud\Persönlich (2)\Fotos\Afrika\Durban\Private Game Reserve\IMG-20190927-WA0020.jpg";"240841";"Würde gelöscht werden"
"2026-09-28 22:56:51";"DryRun";"F:\Daten\Älter\Bilder\Afrika\IMG-20190927-WA0020.jpg";"E:\OpenCloud\Persönlich (2)\Fotos\Afrika\Durban\Private Game Reserve\Schmarnbilder\IMG-20190927-WA0015.jpg";"77595";"Würde gelöscht werden"
"2026-09-28 22:56:51";"DryRun";"F:\Daten\Älter\Bilder\Afrika\IMG-20190927-WA0021.jpg";"E:\OpenCloud\Persönlich (2)\Fotos\Afrika\Durban\Private Game Reserve\IMG-20190927-WA0014.jpg";"89850";"Würde gelöscht werden"
"2026-09-28 22:56:51";"DryRun";"F:\Daten\Älter\Bilder\Afrika\IMG-20190927-WA0022.jpg";"E:\OpenCloud\Persönlich (2)\Fotos\Afrika\Durban\Private Game Reserve\IMG-20190927-WA0024.jpg";"234590";"Würde gelöscht werden"
"2026-09-28 22:56:51";"DryRun";"F:\Daten\Älter\Bilder\Afrika\IMG-20190927-WA0023.jpg";"E:\OpenCloud\Persönlich (2)\Fotos\Afrika\Durban\Private Game Reserve\IMG-20190927-WA0023.jpg";"106115";"Würde gelöscht werden"
"2026-09-28 22:56:51";"DryRun";"F:\Daten\Älter\Bilder\Afrika\IMG-20190927-WA0024.jpg";"E:\OpenCloud\Persönlich (2)\Fotos\Afrika\Durban\Private Game Reserve\Schmarnbilder\IMG-20190927-WA0021.jpg";"265521";"Würde gelöscht werden"
"2026-09-28 22:56:51";"DryRun";"F:\Daten\Älter\Bilder\Afrika\IMG-20190927-WA0025.jpg";"E:\OpenCloud\Persönlich (2)\Fotos\Afrika\Durban\Private Game Reserve\IMG-20190927-WA0029.jpg";"302588";"Würde gelöscht werden"
"2026-09-28 22:56:51";"DryRun";"F:\Daten\Älter\Bilder\Afrika\IMG-20190927-WA0026.jpg";"E:\OpenCloud\Persönlich (2)\Fotos\Afrika\Durban\Private Game Reserve\IMG-20190927-WA0037.jpg";"305136";"Würde gelöscht werden"
"2026-09-28 22:56:51";"DryRun";"F:\Daten\Älter\Bilder\Afrika\IMG-20190927-WA0027.jpg";"E:\OpenCloud\Persönlich (2)\Fotos\Afrika\Durban\Private Game Reserve\IMG-20190927-WA0034.jpg";"278242";"Würde gelöscht werden"
"2026-09-28 22:56:51";"DryRun";"F:\Daten\Älter\Bilder\Afrika\IMG-20190927-WA0028.jpg";"E:\OpenCloud\Persönlich (2)\Fotos\Afrika\Durban\Private Game Reserve\IMG-20190927-WA0035.jpg";"201696";"Würde gelöscht werden"
"2026-09-28 22:56:51";"DryRun";"F:\Daten\Älter\Bilder\Afrika\IMG-20190927-WA0029.jpg";"E:\OpenCloud\Persönlich (2)\Fotos\Afrika\Durban\Private Game Reserve\IMG-20190927-WA0036.jpg";"315601";"Würde gelöscht werden"
"2026-09-28 22:56:51";"DryRun";"F:\Daten\Älter\Bilder\Afrika\IMG-20190927-WA0030.jpg";"E:\OpenCloud\Persönlich (2)\Fotos\Afrika\Durban\Private Game Reserve\IMG-20190927-WA0038.jpg";"238797";"Würde gelöscht werden"
"2026-09-28 22:56:51";"DryRun";"F:\Daten\Älter\Bilder\Afrika\IMG-20190927-WA0049.jpg";"E:\OpenCloud\Persönlich (2)\Fotos\Afrika\Durban\Private Game Reserve\IMG-20190927-WA0079.jpg";"365571";"Würde gelöscht werden"
"2026-09-28 22:56:51";"DryRun";"F:\Daten\Älter\Bilder\Afrika\IMG-20190927-WA0050.jpg";"E:\OpenCloud\Persönlich (2)\Fotos\Afrika\Durban\Private Game Reserve\IMG-20190927-WA0080.jpg";"218283";"Würde gelöscht werden"
"2026-09-28 22:56:51";"DryRun";"F:\Daten\Älter\Bilder\Afrika\IMG-20190927-WA0054.jpg";"E:\OpenCloud\Persönlich (2)\Fotos\Afrika\Durban\Private Game Reserve\Schmarnbilder\IMG-20190927-WA0065.jpg";"210921";"Würde gelöscht werden"
"2026-09-28 22:56:51";"DryRun";"F:\Daten\Älter\Bilder\Afrika\IMG-20190927-WA0058.jpg";"E:\OpenCloud\Persönlich (2)\Fotos\Afrika\Durban\Private Game Reserve\IMG-20190927-WA0071.jpg";"176878";"Würde gelöscht werden"
"2026-09-28 22:56:51";"DryRun";"F:\Daten\Älter\Bilder\Afrika\IMG-20190927-WA0059.jpg";"E:\OpenCloud\Persönlich (2)\Fotos\Afrika\Durban\Private Game Reserve\IMG-20190927-WA0072.jpg";"276284";"Würde gelöscht werden"
"2026-09-28 22:56:51";"DryRun";"F:\Daten\Älter\Bilder\Afrika\IMG-20190927-WA0088.jpg";"E:\OpenCloud\Persönlich (2)\Fotos\Afrika\Durban\Private Game Reserve\IMG-20190927-WA0100.jpg";"320168";"Würde gelöscht werden"
"2026-09-28 22:56:51";"DryRun";"F:\Daten\Älter\Bilder\Afrika\IMG-20190927-WA0103.jpg";"E:\OpenCloud\Persönlich (2)\Fotos\Afrika\Durban\Private Game Reserve\IMG-20190927-WA0117.jpg";"311490";"Würde gelöscht werden"
"2026-09-28 22:56:51";"DryRun";"F:\Daten\Älter\Bilder\Afrika\IMG-20190927-WA0107.jpg";"E:\OpenCloud\Persönlich (2)\Fotos\Afrika\Durban\IMG-20190926-WA0028.jpg";"95010";"Würde gelöscht werden"
"2026-09-28 22:56:51";"DryRun";"F:\Daten\Älter\Bilder\Afrika\IMG-20190927-WA0111.jpg";"E:\OpenCloud\Persönlich (2)\Fotos\Afrika\Durban\IMG-20190927-WA0125.jpg";"179995";"Würde gelöscht werden"
"2026-09-28 22:56:51";"DryRun";"F:\Daten\Älter\Bilder\Afrika\IMG-20190927-WA0113.jpg";"E:\OpenCloud\Persönlich (2)\Fotos\Afrika\Durban\Private Game Reserve\IMG-20190927-WA0127.jpg";"365233";"Würde gelöscht werden"
"2026-09-28 22:56:51";"DryRun";"F:\Daten\Älter\Bilder\Afrika\IMG-20190927-WA0115.jpg";"E:\OpenCloud\Persönlich (2)\Fotos\Afrika\Durban\IMG-20190927-WA0129.jpg";"161703";"Würde gelöscht werden"
"2026-09-28 22:56:51";"DryRun";"F:\Daten\Älter\Bilder\Afrika\IMG-20190928-WA0003.jpg";"E:\OpenCloud\Persönlich (2)\Fotos\Afrika\Durban\Private Game Reserve\Schmarnbilder\IMG-20190927-WA0008.jpg";"120399";"Würde gelöscht werden"
"2026-09-28 22:56:51";"DryRun";"F:\Daten\Älter\Bilder\AI Art\1744203937821.jpg";"E:\OpenCloud\Persönlich (2)\Fotos\AI Art\Ai Generated\1744203937821.jpg";"631888";"Würde gelöscht werden"
"2026-09-28 22:56:51";"DryRun";"F:\Daten\Älter\Bilder\AI Art\1744206073985.jpg";"E:\OpenCloud\Persönlich (2)\Fotos\AI Art\Ai Generated\1744206073985.jpg";"361813";"Würde gelöscht werden"
"2026-09-28 22:56:51";"DryRun";"F:\Daten\Älter\Bilder\AI Art\1744206143257.jpg";"E:\OpenCloud\Persönlich (2)\Fotos\AI Art\Ai Generated\1744206143257.jpg";"403787";"Würde gelöscht werden"
"2026-09-28 22:56:51";"DryRun";"F:\Daten\Älter\Bilder\Ai Generated\013b5fa3-3b34-42c8-95f3-eef4b2f09cb5.jpeg";"E:\OpenCloud\Persönlich (2)\Fotos\AI Art\Ai Generated\013b5fa3-3b34-42c8-95f3-eef4b2f09cb5.jpeg";"80250";"Würde gelöscht werden"
"2026-09-28 22:56:51";"DryRun";"F:\Daten\Älter\Bilder\Ai Generated\02.06.2024 (10).png";"E:\OpenCloud\Persönlich (2)\Fotos\AI Art\Ai Generated\02.06.2024 (10).png";"3007940";"Würde gelöscht werden"
"2026-09-28 22:56:51";"DryRun";"F:\Daten\Älter\Bilder\Ai Generated\02.06.2024 (11).png";"E:\OpenCloud\Persönlich (2)\Fotos\AI Art\Ai Generated\02.06.2024 (11).png";"3031860";"Würde gelöscht werden"
"2026-09-28 22:56:51";"DryRun";"F:\Daten\Älter\Bilder\Ai Generated\02.06.2024 (12).png";"E:\OpenCloud\Persönlich (2)\Fotos\AI Art\Ai Generated\02.06.2024 (12).png";"2973343";"Würde gelöscht werden"
"2026-09-28 22:56:51";"DryRun";"F:\Daten\Älter\Bilder\Ai Generated\02.06.2024 (13).png";"E:\OpenCloud\Persönlich (2)\Fotos\AI Art\Ai Generated\02.06.2024 (12).png";"2973343";"Würde gelöscht werden"
"2026-09-28 22:56:51";"DryRun";"F:\Daten\Älter\Bilder\Ai Generated\02.06.2024 (14).png";"E:\OpenCloud\Persönlich (2)\Fotos\AI Art\Ai Generated\02.06.2024 (14).png";"2852358";"Würde gelöscht werden"
"2026-09-28 22:56:51";"DryRun";"F:\Daten\Älter\Bilder\Ai Generated\02.06.2024 (15).png";"E:\OpenCloud\Persönlich (2)\Fotos\AI Art\Ai Generated\02.06.2024 (15).png";"2952304";"Würde gelöscht werden"
"2026-09-28 22:56:51";"DryRun";"F:\Daten\Älter\Bilder\Ai Generated\02.06.2024 (16).png";"E:\OpenCloud\Persönlich (2)\Fotos\AI Art\Ai Generated\02.06.2024 (16).png";"3006238";"Würde gelöscht werden"
"2026-09-28 22:56:51";"DryRun";"F:\Daten\Älter\Bilder\Ai Generated\02.06.2024 (17).png";"E:\OpenCloud\Persönlich (2)\Fotos\AI Art\Ai Generated\02.06.2024 (17).png";"2835021";"Würde gelöscht werden"
"2026-09-28 22:56:51";"DryRun";"F:\Daten\Älter\Bilder\Ai Generated\02.06.2024 (18).png";"E:\OpenCloud\Persönlich (2)\Fotos\AI Art\Ai Generated\02.06.2024 (18).png";"2740580";"Würde gelöscht werden"
"2026-09-28 22:56:51";"DryRun";"F:\Daten\Älter\Bilder\Ai Generated\02.06.2024 (19).png";"E:\OpenCloud\Persönlich (2)\Fotos\AI Art\Ai Generated\02.06.2024 (19).png";"2601368";"Würde gelöscht werden"
"2026-09-28 22:56:51";"DryRun";"F:\Daten\Älter\Bilder\Ai Generated\02.06.2024 (20).png";"E:\OpenCloud\Persönlich (2)\Fotos\AI Art\Ai Generated\02.06.2024 (20).png";"2709027";"Würde gelöscht werden"
"2026-09-28 22:56:51";"DryRun";"F:\Daten\Älter\Bilder\Ai Generated\02.06.2024 (21).png";"E:\OpenCloud\Persönlich (2)\Fotos\AI Art\Ai Generated\02.06.2024 (21).png";"2730840";"Würde gelöscht werden"
"2026-09-28 22:56:51";"DryRun";"F:\Daten\Älter\Bilder\Ai Generated\02.06.2024 (22).png";"E:\OpenCloud\Persönlich (2)\Fotos\AI Art\Ai Generated\02.06.2024 (22).png";"2677471";"Würde gelöscht werden"
"2026-09-28 22:56:51";"DryRun";"F:\Daten\Älter\Bilder\Ai Generated\02.06.2024 (23).png";"E:\OpenCloud\Persönlich (2)\Fotos\AI Art\Ai Generated\02.06.2024 (23).png";"2711485";"Würde gelöscht werden"
"2026-09-28 22:56:51";"DryRun";"F:\Daten\Älter\Bilder\Ai Generated\02.06.2024 (24).png";"E:\OpenCloud\Persönlich (2)\Fotos\AI Art\Ai Generated\02.06.2024 (24).png";"2696458";"Würde gelöscht werden"
"2026-09-28 22:56:51";"DryRun";"F:\Daten\Älter\Bilder\Ai Generated\02.06.2024 (25).png";"E:\OpenCloud\Persönlich (2)\Fotos\AI Art\Ai Generated\02.06.2024 (25).png";"2581174";"Würde gelöscht werden"
"2026-09-28 22:56:51";"DryRun";"F:\Daten\Älter\Bilder\Ai Generated\02.06.2024 (26).png";"E:\OpenCloud\Persönlich (2)\Fotos\AI Art\Ai Generated\02.06.2024 (26).png";"2585048";"Würde gelöscht werden"
"2026-09-28 22:56:51";"DryRun";"F:\Daten\Älter\Bilder\Ai Generated\02.06.2024 (27).png";"E:\OpenCloud\Persönlich (2)\Fotos\AI Art\Ai Generated\02.06.2024 (27).png";"2791214";"Würde gelöscht werden"
"2026-09-28 22:56:51";"DryRun";"F:\Daten\Älter\Bilder\Ai Generated\02.06.2024 (28).png";"E:\OpenCloud\Persönlich (2)\Fotos\AI Art\Ai Generated\02.06.2024 (28).png";"2722373";"Würde gelöscht werden"
"2026-09-28 22:56:51";"DryRun";"F:\Daten\Älter\Bilder\Ai Generated\02.06.2024 (29).png";"E:\OpenCloud\Persönlich (2)\Fotos\AI Art\Ai Generated\02.06.2024 (29).png";"2683438";"Würde gelöscht werden"
"2026-09-28 22:56:51";"DryRun";"F:\Daten\Älter\Bilder\Ai Generated\02.06.2024 (3).png";"E:\OpenCloud\Persönlich (2)\Fotos\AI Art\Ai Generated\02.06.2024 (3).png";"3002920";"Würde gelöscht werden"
"2026-09-28 22:56:51";"DryRun";"F:\Daten\Älter\Bilder\Ai Generated\02.06.2024 (30).png";"E:\OpenCloud\Persönlich (2)\Fotos\AI Art\Ai Generated\02.06.2024 (30).png";"2907653";"Würde gelöscht werden"
"2026-09-28 22:56:51";"DryRun";"F:\Daten\Älter\Bilder\Ai Generated\02.06.2024 (31).png";"E:\OpenCloud\Persönlich (2)\Fotos\AI Art\Ai Generated\02.06.2024 (31).png";"2838127";"Würde gelöscht werden"
"2026-09-28 22:56:51";"DryRun";"F:\Daten\Älter\Bilder\Ai Generated\02.06.2024 (32).png";"E:\OpenCloud\Persönlich (2)\Fotos\AI Art\Ai Generated\02.06.2024 (32).png";"2746542";"Würde gelöscht werden"
"2026-09-28 22:56:51";"DryRun";"F:\Daten\Älter\Bilder\Ai Generated\02.06.2024 (33).png";"E:\OpenCloud\Persönlich (2)\Fotos\AI Art\Ai Generated\02.06.2024 (33).png";"2673506";"Würde gelöscht werden"
"2026-09-28 22:56:51";"DryRun";"F:\Daten\Älter\Bilder\Ai Generated\02.06.2024 (34).png";"E:\OpenCloud\Persönlich (2)\Fotos\AI Art\Ai Generated\02.06.2024 (34).png";"2853673";"Würde gelöscht werden"
"2026-09-28 22:56:51";"DryRun";"F:\Daten\Älter\Bilder\Ai Generated\02.06.2024 (35).png";"E:\OpenCloud\Persönlich (2)\Fotos\AI Art\Ai Generated\02.06.2024 (35).png";"2821935";"Würde gelöscht werden"
"2026-09-28 22:56:51";"DryRun";"F:\Daten\Älter\Bilder\Ai Generated\02.06.2024 (36).png";"E:\OpenCloud\Persönlich (2)\Fotos\AI Art\Ai Generated\02.06.2024 (36).png";"2310151";"Würde gelöscht werden"
"2026-09-28 22:56:51";"DryRun";"F:\Daten\Älter\Bilder\Ai Generated\02.06.2024 (37).png";"E:\OpenCloud\Persönlich (2)\Fotos\AI Art\Ai Generated\02.06.2024 (37).png";"2929704";"Würde gelöscht werden"
"2026-09-28 22:56:51";"DryRun";"F:\Daten\Älter\Bilder\Ai Generated\02.06.2024 (38).png";"E:\OpenCloud\Persönlich (2)\Fotos\AI Art\Ai Generated\02.06.2024 (38).png";"2972372";"Würde gelöscht werden"
"2026-09-28 22:56:51";"DryRun";"F:\Daten\Älter\Bilder\Ai Generated\02.06.2024 (39).png";"E:\OpenCloud\Persönlich (2)\Fotos\AI Art\Ai Generated\02.06.2024 (39).png";"2470304";"Würde gelöscht werden"
"2026-09-28 22:56:51";"DryRun";"F:\Daten\Älter\Bilder\Ai Generated\02.06.2024 (40).png";"E:\OpenCloud\Persönlich (2)\Fotos\AI Art\Ai Generated\02.06.2024 (40).png";"2849995";"Würde gelöscht werden"
"2026-09-28 22:56:51";"DryRun";"F:\Daten\Älter\Bilder\Ai Generated\02.06.2024 (41).png";"E:\OpenCloud\Persönlich (2)\Fotos\AI Art\Ai Generated\02.06.2024 (41).png";"2853963";"Würde gelöscht werden"
"2026-09-28 22:56:51";"DryRun";"F:\Daten\Älter\Bilder\Ai Generated\02.06.2024 (42).png";"E:\OpenCloud\Persönlich (2)\Fotos\AI Art\Ai Generated\02.06.2024 (42).png";"2845582";"Würde gelöscht werden"
"2026-09-28 22:56:51";"DryRun";"F:\Daten\Älter\Bilder\Ai Generated\02.06.2024 (43).png";"E:\OpenCloud\Persönlich (2)\Fotos\AI Art\Ai Generated\02.06.2024 (43).png";"2691127";"Würde gelöscht werden"
"2026-09-28 22:56:51";"DryRun";"F:\Daten\Älter\Bilder\Ai Generated\02.06.2024 (44).png";"E:\OpenCloud\Persönlich (2)\Fotos\AI Art\Ai Generated\02.06.2024 (44).png";"2825226";"Würde gelöscht werden"
"2026-09-28 22:56:51";"DryRun";"F:\Daten\Älter\Bilder\Ai Generated\02.06.2024 (45).png";"E:\OpenCloud\Persönlich (2)\Fotos\AI Art\Ai Generated\02.06.2024 (45).png";"2884501";"Würde gelöscht werden"
"2026-09-28 22:56:51";"DryRun";"F:\Daten\Älter\Bilder\Ai Generated\02.06.2024 (46).png";"E:\OpenCloud\Persönlich (2)\Fotos\AI Art\Ai Generated\02.06.2024 (46).png";"2731656";"Würde gelöscht werden"
"2026-09-28 22:56:51";"DryRun";"F:\Daten\Älter\Bilder\Ai Generated\02.06.2024 (47).png";"E:\OpenCloud\Persönlich (2)\Fotos\AI Art\Ai Generated\02.06.2024 (47).png";"2972175";"Würde gelöscht werden"
"2026-09-28 22:56:51";"DryRun";"F:\Daten\Älter\Bilder\Ai Generated\02.06.2024 (5).png";"E:\OpenCloud\Persönlich (2)\Fotos\AI Art\Ai Generated\02.06.2024 (5).png";"3042364";"Würde gelöscht werden"
"2026-09-28 22:56:51";"DryRun";"F:\Daten\Älter\Bilder\Ai Generated\02.06.2024 (6).png";"E:\OpenCloud\Persönlich (2)\Fotos\AI Art\Ai Generated\02.06.2024 (6).png";"2986302";"Würde gelöscht werden"
"2026-09-28 22:56:51";"DryRun";"F:\Daten\Älter\Bilder\Ai Generated\02.06.2024 (8).png";"E:\OpenCloud\Persönlich (2)\Fotos\AI Art\Ai Generated\02.06.2024 (8).png";"3016489";"Würde gelöscht werden"
"2026-09-28 22:56:51";"DryRun";"F:\Daten\Älter\Bilder\Ai Generated\02.06.2024 (9).png";"E:\OpenCloud\Persönlich (2)\Fotos\AI Art\Ai Generated\02.06.2024 (9).png";"3047859";"Würde gelöscht werden"
"2026-09-28 22:56:51";"DryRun";"F:\Daten\Älter\Bilder\Ai Generated\02196a5c-c1fd-4c3f-a923-787d8d80b32f.jpeg";"E:\OpenCloud\Persönlich (2)\Fotos\AI Art\Ai Generated\02196a5c-c1fd-4c3f-a923-787d8d80b32f.jpeg";"110910";"Würde gelöscht werden"
"2026-09-28 22:56:51";"DryRun";"F:\Daten\Älter\Bilder\Ai Generated\0495d6ba-3d7d-4add-b6e9-c4188bcf07a6.jpeg";"E:\OpenCloud\Persönlich (2)\Fotos\AI Art\Ai Generated\0495d6ba-3d7d-4add-b6e9-c4188bcf07a6.jpeg";"83372";"Würde gelöscht werden"
"2026-09-28 22:56:51";"DryRun";"F:\Daten\Älter\Bilder\Ai Generated\07114863-e7de-4553-b2e4-c08b8ba564ea.jpeg";"E:\OpenCloud\Persönlich (2)\Fotos\AI Art\Ai Generated\07114863-e7de-4553-b2e4-c08b8ba564ea.jpeg";"82915";"Würde gelöscht werden"
"2026-09-28 22:56:51";"DryRun";"F:\Daten\Älter\Bilder\Ai Generated\09.05.2024 (10).png";"E:\OpenCloud\Persönlich (2)\Fotos\AI Art\Ai Generated\09.05.2024 (10).png";"2792096";"Würde gelöscht werden"
"2026-09-28 22:56:51";"DryRun";"F:\Daten\Älter\Bilder\Ai Generated\09.05.2024 (11).png";"E:\OpenCloud\Persönlich (2)\Fotos\AI Art\Ai Generated\09.05.2024 (11).png";"2679959";"Würde gelöscht werden"
"2026-09-28 22:56:51";"DryRun";"F:\Daten\Älter\Bilder\Ai Generated\09.05.2024 (12).png";"E:\OpenCloud\Persönlich (2)\Fotos\AI Art\Ai Generated\09.05.2024 (12).png";"2751558";"Würde gelöscht werden"
"2026-09-28 22:56:51";"DryRun";"F:\Daten\Älter\Bilder\Ai Generated\09.05.2024 (13).png";"E:\OpenCloud\Persönlich (2)\Fotos\AI Art\Ai Generated\09.05.2024 (13).png";"2802677";"Würde gelöscht werden"
"2026-09-28 22:56:51";"DryRun";"F:\Daten\Älter\Bilder\Ai Generated\09.05.2024 (14).png";"E:\OpenCloud\Persönlich (2)\Fotos\AI Art\Ai Generated\09.05.2024 (14).png";"2813837";"Würde gelöscht werden"
"2026-09-28 22:56:51";"DryRun";"F:\Daten\Älter\Bilder\Ai Generated\09.05.2024 (15).png";"E:\OpenCloud\Persönlich (2)\Fotos\AI Art\Ai Generated\09.05.2024 (15).png";"2914587";"Würde gelöscht werden"
"2026-09-28 22:56:51";"DryRun";"F:\Daten\Älter\Bilder\Ai Generated\09.05.2024 (16).png";"E:\OpenCloud\Persönlich (2)\Fotos\AI Art\Ai Generated\09.05.2024 (16).png";"2816548";"Würde gelöscht werden"
"2026-09-28 22:56:51";"DryRun";"F:\Daten\Älter\Bilder\Ai Generated\09.05.2024 (17).png";"E:\OpenCloud\Persönlich (2)\Fotos\AI Art\Ai Generated\09.05.2024 (17).png";"3092517";"Würde gelöscht werden"
"2026-09-28 22:56:51";"DryRun";"F:\Daten\Älter\Bilder\Ai Generated\09.05.2024 (18).png";"E:\OpenCloud\Persönlich (2)\Fotos\AI Art\Ai Generated\09.05.2024 (18).png";"2863476";"Würde gelöscht werden"
"2026-09-28 22:56:51";"DryRun";"F:\Daten\Älter\Bilder\Ai Generated\09.05.2024 (19).png";"E:\OpenCloud\Persönlich (2)\Fotos\AI Art\Ai Generated\09.05.2024 (19).png";"3077996";"Würde gelöscht werden"
"2026-09-28 22:56:51";"DryRun";"F:\Daten\Älter\Bilder\Ai Generated\09.05.2024 (20).png";"E:\OpenCloud\Persönlich (2)\Fotos\AI Art\Ai Generated\09.05.2024 (20).png";"2850088";"Würde gelöscht werden"
"2026-09-28 22:56:51";"DryRun";"F:\Daten\Älter\Bilder\Ai Generated\09.05.2024 (21).png";"E:\OpenCloud\Persönlich (2)\Fotos\AI Art\Ai Generated\09.05.2024 (21).png";"3114646";"Würde gelöscht werden"
"2026-09-28 22:56:51";"DryRun";"F:\Daten\Älter\Bilder\Ai Generated\09.05.2024 (22).png";"E:\OpenCloud\Persönlich (2)\Fotos\AI Art\Ai Generated\09.05.2024 (22).png";"2910774";"Würde gelöscht werden"
"2026-09-28 22:56:51";"DryRun";"F:\Daten\Älter\Bilder\Ai Generated\09.05.2024 (23).png";"E:\OpenCloud\Persönlich (2)\Fotos\AI Art\Ai Generated\09.05.2024 (23).png";"3060022";"Würde gelöscht werden"
"2026-09-28 22:56:51";"DryRun";"F:\Daten\Älter\Bilder\Ai Generated\09.05.2024 (24).png";"E:\OpenCloud\Persönlich (2)\Fotos\AI Art\Ai Generated\09.05.2024 (24).png";"3233920";"Würde gelöscht werden"
"2026-09-28 22:56:51";"DryRun";"F:\Daten\Älter\Bilder\Ai Generated\09.05.2024 (25).png";"E:\OpenCloud\Persönlich (2)\Fotos\AI Art\Ai Generated\09.05.2024 (25).png";"3115797";"Würde gelöscht werden"
"2026-09-28 22:56:51";"DryRun";"F:\Daten\Älter\Bilder\Ai Generated\09.05.2024 (26).png";"E:\OpenCloud\Persönlich (2)\Fotos\AI Art\Ai Generated\09.05.2024 (26).png";"2989345";"Würde gelöscht werden"
"2026-09-28 22:56:51";"DryRun";"F:\Daten\Älter\Bilder\Ai Generated\09.05.2024 (27).png";"E:\OpenCloud\Persönlich (2)\Fotos\AI Art\Ai Generated\09.05.2024 (27).png";"2957777";"Würde gelöscht werden"
"2026-09-28 22:56:51";"DryRun";"F:\Daten\Älter\Bilder\Ai Generated\09.05.2024 (28).png";"E:\OpenCloud\Persönlich (2)\Fotos\AI Art\Ai Generated\09.05.2024 (28).png";"2816007";"Würde gelöscht werden"
"2026-09-28 22:56:51";"DryRun";"F:\Daten\Älter\Bilder\Ai Generated\09.05.2024 (29).png";"E:\OpenCloud\Persönlich (2)\Fotos\AI Art\Ai Generated\09.05.2024 (29).png";"2917565";"Würde gelöscht werden"
"2026-09-28 22:56:51";"DryRun";"F:\Daten\Älter\Bilder\Ai Generated\09.05.2024 (30).png";"E:\OpenCloud\Persönlich (2)\Fotos\AI Art\Ai Generated\09.05.2024 (30).png";"2950777";"Würde gelöscht werden"
"2026-09-28 22:56:51";"DryRun";"F:\Daten\Älter\Bilder\Ai Generated\09.05.2024 (31).png";"E:\OpenCloud\Persönlich (2)\Fotos\AI Art\Ai Generated\09.05.2024 (31).png";"2948524";"Würde gelöscht werden"
"2026-09-28 22:56:51";"DryRun";"F:\Daten\Älter\Bilder\Ai Generated\09.05.2024 (32).png";"E:\OpenCloud\Persönlich (2)\Fotos\AI Art\Ai Generated\09.05.2024 (32).png";"1948394";"Würde gelöscht werden"
"2026-09-28 22:56:51";"DryRun";"F:\Daten\Älter\Bilder\Ai Generated\09.05.2024 (33).png";"E:\OpenCloud\Persönlich (2)\Fotos\AI Art\Ai Generated\09.05.2024 (33).png";"2893857";"Würde gelöscht werden"
"2026-09-28 22:56:51";"DryRun";"F:\Daten\Älter\Bilder\Ai Generated\09.05.2024 (34).png";"E:\OpenCloud\Persönlich (2)\Fotos\AI Art\Ai Generated\09.05.2024 (34).png";"2896203";"Würde gelöscht werden"
"2026-09-28 22:56:51";"DryRun";"F:\Daten\Älter\Bilder\Ai Generated\09.05.2024 (35).png";"E:\OpenCloud\Persönlich (2)\Fotos\AI Art\Ai Generated\09.05.2024 (35).png";"2913648";"Würde gelöscht werden"
"2026-09-28 22:56:51";"DryRun";"F:\Daten\Älter\Bilder\Ai Generated\09.05.2024 (36).png";"E:\OpenCloud\Persönlich (2)\Fotos\AI Art\Ai Generated\09.05.2024 (36).png";"2825274";"Würde gelöscht werden"
"2026-09-28 22:56:51";"DryRun";"F:\Daten\Älter\Bilder\Ai Generated\09.05.2024 (37).png";"E:\OpenCloud\Persönlich (2)\Fotos\AI Art\Ai Generated\09.05.2024 (37).png";"2666325";"Würde gelöscht werden"
"2026-09-28 22:56:51";"DryRun";"F:\Daten\Älter\Bilder\Ai Generated\09.05.2024 (5).png";"E:\OpenCloud\Persönlich (2)\Fotos\AI Art\Ai Generated\09.05.2024 (5).png";"2814180";"Würde gelöscht werden"
"2026-09-28 22:56:51";"DryRun";"F:\Daten\Älter\Bilder\Ai Generated\09.05.2024 (6).png";"E:\OpenCloud\Persönlich (2)\Fotos\AI Art\Ai Generated\09.05.2024 (6).png";"2852925";"Würde gelöscht werden"
"2026-09-28 22:56:51";"DryRun";"F:\Daten\Älter\Bilder\Ai Generated\09.05.2024 (7).png";"E:\OpenCloud\Persönlich (2)\Fotos\AI Art\Ai Generated\09.05.2024 (7).png";"2656040";"Würde gelöscht werden"
"2026-09-28 22:56:51";"DryRun";"F:\Daten\Älter\Bilder\Ai Generated\09.05.2024 (8).png";"E:\OpenCloud\Persönlich (2)\Fotos\AI Art\Ai Generated\09.05.2024 (8).png";"2809208";"Würde gelöscht werden"
"2026-09-28 22:56:51";"DryRun";"F:\Daten\Älter\Bilder\Ai Generated\09.05.2024 (9).png";"E:\OpenCloud\Persönlich (2)\Fotos\AI Art\Ai Generated\09.05.2024 (11).png";"2679959";"Würde gelöscht werden"
"2026-09-28 22:56:51";"DryRun";"F:\Daten\Älter\Bilder\Ai Generated\0beafe98-9801-4dc8-80cb-52abfad5cfb6.jpeg";"E:\OpenCloud\Persönlich (2)\Fotos\AI Art\Ai Generated\0beafe98-9801-4dc8-80cb-52abfad5cfb6.jpeg";"65367";"Würde gelöscht werden"
"2026-09-28 22:56:51";"DryRun";"F:\Daten\Älter\Bilder\Ai Generated\0dc0949c-45fd-490f-ba85-8b6cd16c8415.jpeg";"E:\OpenCloud\Persönlich (2)\Fotos\AI Art\Ai Generated\0dc0949c-45fd-490f-ba85-8b6cd16c8415.jpeg";"73962";"Würde gelöscht werden"
"2026-09-28 22:56:51";"DryRun";"F:\Daten\Älter\Bilder\Ai Generated\1 (10).png";"E:\OpenCloud\Persönlich (2)\Fotos\AI Art\Ai Generated\1 (10).png";"2860908";"Würde gelöscht werden"
"2026-09-28 22:56:51";"DryRun";"F:\Daten\Älter\Bilder\Ai Generated\1 (100).png";"E:\OpenCloud\Persönlich (2)\Fotos\AI Art\Ai Generated\1 (100).png";"3700607";"Würde gelöscht werden"
"2026-09-28 22:56:51";"DryRun";"F:\Daten\Älter\Bilder\Ai Generated\1 (101).png";"E:\OpenCloud\Persönlich (2)\Fotos\AI Art\Ai Generated\1 (101).png";"3038891";"Würde gelöscht werden"
"2026-09-28 22:56:51";"DryRun";"F:\Daten\Älter\Bilder\Ai Generated\1 (104).png";"E:\OpenCloud\Persönlich (2)\Fotos\AI Art\Ai Generated\1 (104).png";"2744910";"Würde gelöscht werden"
"2026-09-28 22:56:51";"DryRun";"F:\Daten\Älter\Bilder\Ai Generated\1 (105).png";"E:\OpenCloud\Persönlich (2)\Fotos\AI Art\Ai Generated\1 (105).png";"3047496";"Würde gelöscht werden"
"2026-09-28 22:56:51";"DryRun";"F:\Daten\Älter\Bilder\Ai Generated\1 (107).png";"E:\OpenCloud\Persönlich (2)\Fotos\AI Art\Ai Generated\1 (107).png";"3022969";"Würde gelöscht werden"
"2026-09-28 22:56:51";"DryRun";"F:\Daten\Älter\Bilder\Ai Generated\1 (109).png";"E:\OpenCloud\Persönlich (2)\Fotos\AI Art\Ai Generated\1 (109).png";"2891419";"Würde gelöscht werden"
"2026-09-28 22:56:51";"DryRun";"F:\Daten\Älter\Bilder\Ai Generated\1 (111).png";"E:\OpenCloud\Persönlich (2)\Fotos\AI Art\Ai Generated\1 (111).png";"3059773";"Würde gelöscht werden"
"2026-09-28 22:56:51";"DryRun";"F:\Daten\Älter\Bilder\Ai Generated\1 (112).png";"E:\OpenCloud\Persönlich (2)\Fotos\AI Art\Ai Generated\1 (112).png";"3614780";"Würde gelöscht werden"
"2026-09-28 22:56:52";"DryRun";"F:\Daten\Älter\Bilder\Ai Generated\1 (113).png";"E:\OpenCloud\Persönlich (2)\Fotos\AI Art\Ai Generated\1 (113).png";"3254198";"Würde gelöscht werden"
"2026-09-28 22:56:52";"DryRun";"F:\Daten\Älter\Bilder\Ai Generated\1 (115).png";"E:\OpenCloud\Persönlich (2)\Fotos\AI Art\Ai Generated\1 (115).png";"2737838";"Würde gelöscht werden"
"2026-09-28 22:56:52";"DryRun";"F:\Daten\Älter\Bilder\Ai Generated\1 (118).png";"E:\OpenCloud\Persönlich (2)\Fotos\AI Art\Ai Generated\1 (118).png";"2612610";"Würde gelöscht werden"
"2026-09-28 22:56:52";"DryRun";"F:\Daten\Älter\Bilder\Ai Generated\1 (119).png";"E:\OpenCloud\Persönlich (2)\Fotos\AI Art\Ai Generated\1 (119).png";"2759200";"Würde gelöscht werden"
"2026-09-28 22:56:52";"DryRun";"F:\Daten\Älter\Bilder\Ai Generated\1 (12).png";"E:\OpenCloud\Persönlich (2)\Fotos\AI Art\Ai Generated\1 (12).png";"2756761";"Würde gelöscht werden"
"2026-09-28 22:56:52";"DryRun";"F:\Daten\Älter\Bilder\Ai Generated\1 (121).png";"E:\OpenCloud\Persönlich (2)\Fotos\AI Art\Ai Generated\1 (121).png";"2628135";"Würde gelöscht werden"
"2026-09-28 22:56:52";"DryRun";"F:\Daten\Älter\Bilder\Ai Generated\1 (122).png";"E:\OpenCloud\Persönlich (2)\Fotos\AI Art\Ai Generated\1 (122).png";"2578801";"Würde gelöscht werden"
"2026-09-28 22:56:52";"DryRun";"F:\Daten\Älter\Bilder\Ai Generated\1 (123).png";"E:\OpenCloud\Persönlich (2)\Fotos\AI Art\Ai Generated\1 (123).png";"2922973";"Würde gelöscht werden"
"2026-09-28 22:56:52";"DryRun";"F:\Daten\Älter\Bilder\Ai Generated\1 (124).png";"E:\OpenCloud\Persönlich (2)\Fotos\AI Art\Ai Generated\1 (124).png";"3014482";"Würde gelöscht werden"
"2026-09-28 22:56:52";"DryRun";"F:\Daten\Älter\Bilder\Ai Generated\1 (125).png";"E:\OpenCloud\Persönlich (2)\Fotos\AI Art\Ai Generated\1 (125).png";"3117271";"Würde gelöscht werden"
"2026-09-28 22:56:52";"DryRun";"F:\Daten\Älter\Bilder\Ai Generated\1 (126).png";"E:\OpenCloud\Persönlich (2)\Fotos\AI Art\Ai Generated\1 (126).png";"3002144";"Würde gelöscht werden"
"2026-09-28 22:56:52";"DryRun";"F:\Daten\Älter\Bilder\Ai Generated\1 (127).png";"E:\OpenCloud\Persönlich (2)\Fotos\AI Art\Ai Generated\1 (127).png";"3017411";"Würde gelöscht werden"
"2026-09-28 22:56:52";"DryRun";"F:\Daten\Älter\Bilder\Ai Generated\1 (128).png";"E:\OpenCloud\Persönlich (2)\Fotos\AI Art\Ai Generated\1 (128).png";"2993150";"Würde gelöscht werden"
"2026-09-28 22:56:52";"DryRun";"F:\Daten\Älter\Bilder\Ai Generated\1 (129).png";"E:\OpenCloud\Persönlich (2)\Fotos\AI Art\Ai Generated\1 (129).png";"3041105";"Würde gelöscht werden"
"2026-09-28 22:56:52";"DryRun";"F:\Daten\Älter\Bilder\Ai Generated\1 (130).png";"E:\OpenCloud\Persönlich (2)\Fotos\AI Art\Ai Generated\1 (130).png";"2905056";"Würde gelöscht werden"
"2026-09-28 22:56:52";"DryRun";"F:\Daten\Älter\Bilder\Ai Generated\1 (131).png";"E:\OpenCloud\Persönlich (2)\Fotos\AI Art\Ai Generated\1 (131).png";"2872384";"Würde gelöscht werden"
"2026-09-28 22:56:52";"DryRun";"F:\Daten\Älter\Bilder\Ai Generated\1 (132).png";"E:\OpenCloud\Persönlich (2)\Fotos\AI Art\Ai Generated\1 (132).png";"2958329";"Würde gelöscht werden"
"2026-09-28 22:56:52";"DryRun";"F:\Daten\Älter\Bilder\Ai Generated\1 (133).png";"E:\OpenCloud\Persönlich (2)\Fotos\AI Art\Ai Generated\1 (133).png";"3164879";"Würde gelöscht werden"
"2026-09-28 22:56:52";"DryRun";"F:\Daten\Älter\Bilder\Ai Generated\1 (134).png";"E:\OpenCloud\Persönlich (2)\Fotos\AI Art\Ai Generated\1 (134).png";"3320962";"Würde gelöscht werden"
"2026-09-28 22:56:52";"DryRun";"F:\Daten\Älter\Bilder\Ai Generated\1 (135).png";"E:\OpenCloud\Persönlich (2)\Fotos\AI Art\Ai Generated\1 (135).png";"3177224";"Würde gelöscht werden"
"2026-09-28 22:56:52";"DryRun";"F:\Daten\Älter\Bilder\Ai Generated\1 (136).png";"E:\OpenCloud\Persönlich (2)\Fotos\AI Art\Ai Generated\1 (136).png";"3066745";"Würde gelöscht werden"
"2026-09-28 22:56:52";"DryRun";"F:\Daten\Älter\Bilder\Ai Generated\1 (137).png";"E:\OpenCloud\Persönlich (2)\Fotos\AI Art\Ai Generated\1 (137).png";"3162800";"Würde gelöscht werden"
"2026-09-28 22:56:52";"DryRun";"F:\Daten\Älter\Bilder\Ai Generated\1 (138).png";"E:\OpenCloud\Persönlich (2)\Fotos\AI Art\Ai Generated\1 (138).png";"3387970";"Würde gelöscht werden"
"2026-09-28 22:56:52";"DryRun";"F:\Daten\Älter\Bilder\Ai Generated\1 (139).png";"E:\OpenCloud\Persönlich (2)\Fotos\AI Art\Ai Generated\1 (139).png";"3145554";"Würde gelöscht werden"
"2026-09-28 22:56:52";"DryRun";"F:\Daten\Älter\Bilder\Ai Generated\1 (14).png";"E:\OpenCloud\Persönlich (2)\Fotos\AI Art\Ai Generated\1 (14).png";"3367162";"Würde gelöscht werden"
"2026-09-28 22:56:52";"DryRun";"F:\Daten\Älter\Bilder\Ai Generated\1 (140).png";"E:\OpenCloud\Persönlich (2)\Fotos\AI Art\Ai Generated\1 (140).png";"2735475";"Würde gelöscht werden"
"2026-09-28 22:56:52";"DryRun";"F:\Daten\Älter\Bilder\Ai Generated\1 (145).png";"E:\OpenCloud\Persönlich (2)\Fotos\AI Art\Ai Generated\1 (145).png";"2643659";"Würde gelöscht werden"
"2026-09-28 22:56:52";"DryRun";"F:\Daten\Älter\Bilder\Ai Generated\1 (146).png";"E:\OpenCloud\Persönlich (2)\Fotos\AI Art\Ai Generated\1 (146).png";"2777089";"Würde gelöscht werden"
"2026-09-28 22:56:52";"DryRun";"F:\Daten\Älter\Bilder\Ai Generated\1 (147).png";"E:\OpenCloud\Persönlich (2)\Fotos\AI Art\Ai Generated\1 (147).png";"2516837";"Würde gelöscht werden"
"2026-09-28 22:56:52";"DryRun";"F:\Daten\Älter\Bilder\Ai Generated\1 (148).png";"E:\OpenCloud\Persönlich (2)\Fotos\AI Art\Ai Generated\1 (148).png";"2659866";"Würde gelöscht werden"
"2026-09-28 22:56:52";"DryRun";"F:\Daten\Älter\Bilder\Ai Generated\1 (149).png";"E:\OpenCloud\Persönlich (2)\Fotos\AI Art\Ai Generated\1 (149).png";"3880222";"Würde gelöscht werden"
"2026-09-28 22:56:52";"DryRun";"F:\Daten\Älter\Bilder\Ai Generated\1 (150).png";"E:\OpenCloud\Persönlich (2)\Fotos\AI Art\Ai Generated\1 (150).png";"3809978";"Würde gelöscht werden"
"2026-09-28 22:56:52";"DryRun";"F:\Daten\Älter\Bilder\Ai Generated\1 (151).png";"E:\OpenCloud\Persönlich (2)\Fotos\AI Art\Ai Generated\1 (151).png";"4129522";"Würde gelöscht werden"
"2026-09-28 22:56:52";"DryRun";"F:\Daten\Älter\Bilder\Ai Generated\1 (154).png";"E:\OpenCloud\Persönlich (2)\Fotos\AI Art\Ai Generated\1 (154).png";"2378352";"Würde gelöscht werden"
"2026-09-28 22:56:52";"DryRun";"F:\Daten\Älter\Bilder\Ai Generated\1 (156).png";"E:\OpenCloud\Persönlich (2)\Fotos\AI Art\Ai Generated\1 (156).png";"2436727";"Würde gelöscht werden"
"2026-09-28 22:56:52";"DryRun";"F:\Daten\Älter\Bilder\Ai Generated\1 (157).png";"E:\OpenCloud\Persönlich (2)\Fotos\AI Art\Ai Generated\1 (157).png";"2588429";"Würde gelöscht werden"
"2026-09-28 22:56:52";"DryRun";"F:\Daten\Älter\Bilder\Ai Generated\1 (158).png";"E:\OpenCloud\Persönlich (2)\Fotos\AI Art\Ai Generated\1 (158).png";"2940562";"Würde gelöscht werden"
"2026-09-28 22:56:52";"DryRun";"F:\Daten\Älter\Bilder\Ai Generated\1 (159).png";"E:\OpenCloud\Persönlich (2)\Fotos\AI Art\Ai Generated\1 (159).png";"2978306";"Würde gelöscht werden"
"2026-09-28 22:56:52";"DryRun";"F:\Daten\Älter\Bilder\Ai Generated\1 (162).png";"E:\OpenCloud\Persönlich (2)\Fotos\AI Art\Ai Generated\1 (149).png";"3880222";"Würde gelöscht werden"
"2026-09-28 22:56:52";"DryRun";"F:\Daten\Älter\Bilder\Ai Generated\1 (163).png";"E:\OpenCloud\Persönlich (2)\Fotos\AI Art\Ai Generated\1 (163).png";"2957340";"Würde gelöscht werden"
"2026-09-28 22:56:52";"DryRun";"F:\Daten\Älter\Bilder\Ai Generated\1 (164).png";"E:\OpenCloud\Persönlich (2)\Fotos\AI Art\Ai Generated\1 (164).png";"3077439";"Würde gelöscht werden"
"2026-09-28 22:56:52";"DryRun";"F:\Daten\Älter\Bilder\Ai Generated\1 (165).png";"E:\OpenCloud\Persönlich (2)\Fotos\AI Art\Ai Generated\1 (165).png";"2919693";"Würde gelöscht werden"
"2026-09-28 22:56:52";"DryRun";"F:\Daten\Älter\Bilder\Ai Generated\1 (166).png";"E:\OpenCloud\Persönlich (2)\Fotos\AI Art\Ai Generated\1 (166).png";"2919251";"Würde gelöscht werden"
"2026-09-28 22:56:52";"DryRun";"F:\Daten\Älter\Bilder\Ai Generated\1 (17).png";"E:\OpenCloud\Persönlich (2)\Fotos\AI Art\Ai Generated\1 (17).png";"2775170";"Würde gelöscht werden"
"2026-09-28 22:56:52";"DryRun";"F:\Daten\Älter\Bilder\Ai Generated\1 (185).png";"E:\OpenCloud\Persönlich (2)\Fotos\AI Art\Ai Generated\1 (122).png";"2578801";"Würde gelöscht werden"
"2026-09-28 22:56:52";"DryRun";"F:\Daten\Älter\Bilder\Ai Generated\1 (186).png";"E:\OpenCloud\Persönlich (2)\Fotos\AI Art\Ai Generated\1 (121).png";"2628135";"Würde gelöscht werden"
"2026-09-28 22:56:52";"DryRun";"F:\Daten\Älter\Bilder\Ai Generated\1 (187).png";"E:\OpenCloud\Persönlich (2)\Fotos\AI Art\Ai Generated\1 (121).png";"2628135";"Würde gelöscht werden"
"2026-09-28 22:56:52";"DryRun";"F:\Daten\Älter\Bilder\Ai Generated\1 (19).png";"E:\OpenCloud\Persönlich (2)\Fotos\AI Art\Ai Generated\1 (19).png";"2344805";"Würde gelöscht werden"
"2026-09-28 22:56:52";"DryRun";"F:\Daten\Älter\Bilder\Ai Generated\1 (190).png";"E:\OpenCloud\Persönlich (2)\Fotos\AI Art\Ai Generated\1 (190).png";"2713770";"Würde gelöscht werden"
"2026-09-28 22:56:52";"DryRun";"F:\Daten\Älter\Bilder\Ai Generated\1 (191).png";"E:\OpenCloud\Persönlich (2)\Fotos\AI Art\Ai Generated\1 (191).png";"2571666";"Würde gelöscht werden"
"2026-09-28 22:56:52";"DryRun";"F:\Daten\Älter\Bilder\Ai Generated\1 (193).png";"E:\OpenCloud\Persönlich (2)\Fotos\AI Art\Ai Generated\1 (193).png";"1188094";"Würde gelöscht werden"
"2026-09-28 22:56:52";"DryRun";"F:\Daten\Älter\Bilder\Ai Generated\1 (195).png";"E:\OpenCloud\Persönlich (2)\Fotos\AI Art\Ai Generated\1 (112).png";"3614780";"Würde gelöscht werden"
"2026-09-28 22:56:52";"DryRun";"F:\Daten\Älter\Bilder\Ai Generated\1 (197).png";"E:\OpenCloud\Persönlich (2)\Fotos\AI Art\Ai Generated\1 (197).png";"2996291";"Würde gelöscht werden"
"2026-09-28 22:56:52";"DryRun";"F:\Daten\Älter\Bilder\Ai Generated\1 (199).png";"E:\OpenCloud\Persönlich (2)\Fotos\AI Art\Ai Generated\1 (199).png";"2876013";"Würde gelöscht werden"
"2026-09-28 22:56:52";"DryRun";"F:\Daten\Älter\Bilder\Ai Generated\1 (20).png";"E:\OpenCloud\Persönlich (2)\Fotos\AI Art\Ai Generated\1 (20).png";"3679033";"Würde gelöscht werden"
"2026-09-28 22:56:52";"DryRun";"F:\Daten\Älter\Bilder\Ai Generated\1 (204).png";"E:\OpenCloud\Persönlich (2)\Fotos\AI Art\Ai Generated\1 (204).png";"2758122";"Würde gelöscht werden"
"2026-09-28 22:56:52";"DryRun";"F:\Daten\Älter\Bilder\Ai Generated\1 (205).png";"E:\OpenCloud\Persönlich (2)\Fotos\AI Art\Ai Generated\1 (205).png";"3249069";"Würde gelöscht werden"
"2026-09-28 22:56:52";"DryRun";"F:\Daten\Älter\Bilder\Ai Generated\1 (206).png";"E:\OpenCloud\Persönlich (2)\Fotos\AI Art\Ai Generated\1 (101).png";"3038891";"Würde gelöscht werden"
"2026-09-28 22:56:52";"DryRun";"F:\Daten\Älter\Bilder\Ai Generated\1 (208).png";"E:\OpenCloud\Persönlich (2)\Fotos\AI Art\Ai Generated\1 (208).png";"2845664";"Würde gelöscht werden"
"2026-09-28 22:56:52";"DryRun";"F:\Daten\Älter\Bilder\Ai Generated\1 (209).png";"E:\OpenCloud\Persönlich (2)\Fotos\AI Art\Ai Generated\1 (209).png";"2860398";"Würde gelöscht werden"
"2026-09-28 22:56:52";"DryRun";"F:\Daten\Älter\Bilder\Ai Generated\1 (21).png";"E:\OpenCloud\Persönlich (2)\Fotos\AI Art\Ai Generated\1 (21).png";"3104597";"Würde gelöscht werden"
"2026-09-28 22:56:52";"DryRun";"F:\Daten\Älter\Bilder\Ai Generated\1 (211).png";"E:\OpenCloud\Persönlich (2)\Fotos\AI Art\Ai Generated\1 (211).png";"2961884";"Würde gelöscht werden"
"2026-09-28 22:56:52";"DryRun";"F:\Daten\Älter\Bilder\Ai Generated\1 (212).png";"E:\OpenCloud\Persönlich (2)\Fotos\AI Art\Ai Generated\1 (212).png";"2786133";"Würde gelöscht werden"
"2026-09-28 22:56:52";"DryRun";"F:\Daten\Älter\Bilder\Ai Generated\1 (213).png";"E:\OpenCloud\Persönlich (2)\Fotos\AI Art\Ai Generated\1 (213).png";"2963830";"Würde gelöscht werden"
"2026-09-28 22:56:52";"DryRun";"F:\Daten\Älter\Bilder\Ai Generated\1 (214).png";"E:\OpenCloud\Persönlich (2)\Fotos\AI Art\Ai Generated\1 (214).png";"2870153";"Würde gelöscht werden"
"2026-09-28 22:56:52";"DryRun";"F:\Daten\Älter\Bilder\Ai Generated\1 (215).png";"E:\OpenCloud\Persönlich (2)\Fotos\AI Art\Ai Generated\1 (215).png";"2898509";"Würde gelöscht werden"
"2026-09-28 22:56:52";"DryRun";"F:\Daten\Älter\Bilder\Ai Generated\1 (217).png";"E:\OpenCloud\Persönlich (2)\Fotos\AI Art\Ai Generated\1 (217).png";"2894643";"Würde gelöscht werden"
"2026-09-28 22:56:52";"DryRun";"F:\Daten\Älter\Bilder\Ai Generated\1 (22).png";"E:\OpenCloud\Persönlich (2)\Fotos\AI Art\Ai Generated\1 (22).png";"3253713";"Würde gelöscht werden"
"2026-09-28 22:56:52";"DryRun";"F:\Daten\Älter\Bilder\Ai Generated\1 (221).png";"E:\OpenCloud\Persönlich (2)\Fotos\AI Art\Ai Generated\1 (221).png";"2905590";"Würde gelöscht werden"
"2026-09-28 22:56:52";"DryRun";"F:\Daten\Älter\Bilder\Ai Generated\1 (224).png";"E:\OpenCloud\Persönlich (2)\Fotos\AI Art\Ai Generated\1 (224).png";"3076934";"Würde gelöscht werden"
"2026-09-28 22:56:52";"DryRun";"F:\Daten\Älter\Bilder\Ai Generated\1 (226).png";"E:\OpenCloud\Persönlich (2)\Fotos\AI Art\Ai Generated\1 (226).png";"2800585";"Würde gelöscht werden"
"2026-09-28 22:56:52";"DryRun";"F:\Daten\Älter\Bilder\Ai Generated\1 (228).png";"E:\OpenCloud\Persönlich (2)\Fotos\AI Art\Ai Generated\1 (228).png";"2924044";"Würde gelöscht werden"
"2026-09-28 22:56:52";"DryRun";"F:\Daten\Älter\Bilder\Ai Generated\1 (23).png";"E:\OpenCloud\Persönlich (2)\Fotos\AI Art\Ai Generated\1 (23).png";"2519556";"Würde gelöscht werden"
"2026-09-28 22:56:52";"DryRun";"F:\Daten\Älter\Bilder\Ai Generated\1 (231).png";"E:\OpenCloud\Persönlich (2)\Fotos\AI Art\Ai Generated\1 (231).png";"2725344";"Würde gelöscht werden"
"2026-09-28 22:56:52";"DryRun";"F:\Daten\Älter\Bilder\Ai Generated\1 (232).png";"E:\OpenCloud\Persönlich (2)\Fotos\AI Art\Ai Generated\1 (232).png";"2933736";"Würde gelöscht werden"
"2026-09-28 22:56:52";"DryRun";"F:\Daten\Älter\Bilder\Ai Generated\1 (234).png";"E:\OpenCloud\Persönlich (2)\Fotos\AI Art\Ai Generated\1 (234).png";"3103057";"Würde gelöscht werden"
"2026-09-28 22:56:52";"DryRun";"F:\Daten\Älter\Bilder\Ai Generated\1 (237).png";"E:\OpenCloud\Persönlich (2)\Fotos\AI Art\Ai Generated\1 (237).png";"2700462";"Würde gelöscht werden"
"2026-09-28 22:56:52";"DryRun";"F:\Daten\Älter\Bilder\Ai Generated\1 (239).png";"E:\OpenCloud\Persönlich (2)\Fotos\AI Art\Ai Generated\1 (239).png";"2999342";"Würde gelöscht werden"
"2026-09-28 22:56:52";"DryRun";"F:\Daten\Älter\Bilder\Ai Generated\1 (24).png";"E:\OpenCloud\Persönlich (2)\Fotos\AI Art\Ai Generated\1 (24).png";"3112711";"Würde gelöscht werden"
"2026-09-28 22:56:52";"DryRun";"F:\Daten\Älter\Bilder\Ai Generated\1 (241).png";"E:\OpenCloud\Persönlich (2)\Fotos\AI Art\Ai Generated\1 (241).png";"3016514";"Würde gelöscht werden"
"2026-09-28 22:56:52";"DryRun";"F:\Daten\Älter\Bilder\Ai Generated\1 (243).png";"E:\OpenCloud\Persönlich (2)\Fotos\AI Art\Ai Generated\1 (243).png";"2511198";"Würde gelöscht werden"
"2026-09-28 22:56:52";"DryRun";"F:\Daten\Älter\Bilder\Ai Generated\1 (244).png";"E:\OpenCloud\Persönlich (2)\Fotos\AI Art\Ai Generated\1 (244).png";"2942540";"Würde gelöscht werden"
"2026-09-28 22:56:52";"DryRun";"F:\Daten\Älter\Bilder\Ai Generated\1 (245).png";"E:\OpenCloud\Persönlich (2)\Fotos\AI Art\Ai Generated\1 (245).png";"2663869";"Würde gelöscht werden"
"2026-09-28 22:56:52";"DryRun";"F:\Daten\Älter\Bilder\Ai Generated\1 (246).png";"E:\OpenCloud\Persönlich (2)\Fotos\AI Art\Ai Generated\1 (246).png";"2907384";"Würde gelöscht werden"
"2026-09-28 22:56:52";"DryRun";"F:\Daten\Älter\Bilder\Ai Generated\1 (25).png";"E:\OpenCloud\Persönlich (2)\Fotos\AI Art\Ai Generated\1 (25).png";"3081678";"Würde gelöscht werden"
"2026-09-28 22:56:52";"DryRun";"F:\Daten\Älter\Bilder\Ai Generated\1 (250).png";"E:\OpenCloud\Persönlich (2)\Fotos\AI Art\Ai Generated\1 (250).png";"3076973";"Würde gelöscht werden"
"2026-09-28 22:56:52";"DryRun";"F:\Daten\Älter\Bilder\Ai Generated\1 (252).png";"E:\OpenCloud\Persönlich (2)\Fotos\AI Art\Ai Generated\1 (252).png";"3426062";"Würde gelöscht werden"
"2026-09-28 22:56:52";"DryRun";"F:\Daten\Älter\Bilder\Ai Generated\1 (255).png";"E:\OpenCloud\Persönlich (2)\Fotos\AI Art\Ai Generated\1 (255).png";"2919828";"Würde gelöscht werden"
"2026-09-28 22:56:52";"DryRun";"F:\Daten\Älter\Bilder\Ai Generated\1 (256).png";"E:\OpenCloud\Persönlich (2)\Fotos\AI Art\Ai Generated\1 (256).png";"2883321";"Würde gelöscht werden"
"2026-09-28 22:56:52";"DryRun";"F:\Daten\Älter\Bilder\Ai Generated\1 (259).png";"E:\OpenCloud\Persönlich (2)\Fotos\AI Art\Ai Generated\1 (259).png";"2733359";"Würde gelöscht werden"
"2026-09-28 22:56:52";"DryRun";"F:\Daten\Älter\Bilder\Ai Generated\1 (26).png";"E:\OpenCloud\Persönlich (2)\Fotos\AI Art\Ai Generated\1 (26).png";"3907244";"Würde gelöscht werden"
"2026-09-28 22:56:52";"DryRun";"F:\Daten\Älter\Bilder\Ai Generated\1 (260).png";"E:\OpenCloud\Persönlich (2)\Fotos\AI Art\Ai Generated\1 (260).png";"2595640";"Würde gelöscht werden"
"2026-09-28 22:56:52";"DryRun";"F:\Daten\Älter\Bilder\Ai Generated\1 (261).png";"E:\OpenCloud\Persönlich (2)\Fotos\AI Art\Ai Generated\1 (261).png";"2060613";"Würde gelöscht werden"
"2026-09-28 22:56:52";"DryRun";"F:\Daten\Älter\Bilder\Ai Generated\1 (263).png";"E:\OpenCloud\Persönlich (2)\Fotos\AI Art\Ai Generated\1 (263).png";"2638730";"Würde gelöscht werden"
"2026-09-28 22:56:52";"DryRun";"F:\Daten\Älter\Bilder\Ai Generated\1 (265).png";"E:\OpenCloud\Persönlich (2)\Fotos\AI Art\Ai Generated\1 (265).png";"2896814";"Würde gelöscht werden"
"2026-09-28 22:56:52";"DryRun";"F:\Daten\Älter\Bilder\Ai Generated\1 (266).png";"E:\OpenCloud\Persönlich (2)\Fotos\AI Art\Ai Generated\1 (266).png";"2947012";"Würde gelöscht werden"
"2026-09-28 22:56:52";"DryRun";"F:\Daten\Älter\Bilder\Ai Generated\1 (267).png";"E:\OpenCloud\Persönlich (2)\Fotos\AI Art\Ai Generated\1 (267).png";"3137000";"Würde gelöscht werden"
"2026-09-28 22:56:52";"DryRun";"F:\Daten\Älter\Bilder\Ai Generated\1 (268).png";"E:\OpenCloud\Persönlich (2)\Fotos\AI Art\Ai Generated\1 (268).png";"3129671";"Würde gelöscht werden"
"2026-09-28 22:56:52";"DryRun";"F:\Daten\Älter\Bilder\Ai Generated\1 (27).png";"E:\OpenCloud\Persönlich (2)\Fotos\AI Art\Ai Generated\1 (27).png";"6191457";"Würde gelöscht werden"
"2026-09-28 22:56:52";"DryRun";"F:\Daten\Älter\Bilder\Ai Generated\1 (271).png";"E:\OpenCloud\Persönlich (2)\Fotos\AI Art\Ai Generated\1 (271).png";"2935257";"Würde gelöscht werden"
"2026-09-28 22:56:52";"DryRun";"F:\Daten\Älter\Bilder\Ai Generated\1 (272).png";"E:\OpenCloud\Persönlich (2)\Fotos\AI Art\Ai Generated\1 (272).png";"3099725";"Würde gelöscht werden"
"2026-09-28 22:56:52";"DryRun";"F:\Daten\Älter\Bilder\Ai Generated\1 (273).png";"E:\OpenCloud\Persönlich (2)\Fotos\AI Art\Ai Generated\1 (273).png";"3485732";"Würde gelöscht werden"
"2026-09-28 22:56:52";"DryRun";"F:\Daten\Älter\Bilder\Ai Generated\1 (274).png";"E:\OpenCloud\Persönlich (2)\Fotos\AI Art\Ai Generated\1 (274).png";"2725512";"Würde gelöscht werden"
"2026-09-28 22:56:52";"DryRun";"F:\Daten\Älter\Bilder\Ai Generated\1 (275).png";"E:\OpenCloud\Persönlich (2)\Fotos\AI Art\Ai Generated\1 (275).png";"2890581";"Würde gelöscht werden"
"2026-09-28 22:56:52";"DryRun";"F:\Daten\Älter\Bilder\Ai Generated\1 (276).png";"E:\OpenCloud\Persönlich (2)\Fotos\AI Art\Ai Generated\1 (276).png";"2708550";"Würde gelöscht werden"
"2026-09-28 22:56:52";"DryRun";"F:\Daten\Älter\Bilder\Ai Generated\1 (277).png";"E:\OpenCloud\Persönlich (2)\Fotos\AI Art\Ai Generated\1 (277).png";"2793643";"Würde gelöscht werden"
"2026-09-28 22:56:52";"DryRun";"F:\Daten\Älter\Bilder\Ai Generated\1 (279).png";"E:\OpenCloud\Persönlich (2)\Fotos\AI Art\Ai Generated\1 (279).png";"2787259";"Würde gelöscht werden"
"2026-09-28 22:56:52";"DryRun";"F:\Daten\Älter\Bilder\Ai Generated\1 (280).png";"E:\OpenCloud\Persönlich (2)\Fotos\AI Art\Ai Generated\1 (280).png";"2709306";"Würde gelöscht werden"
"2026-09-28 22:56:52";"DryRun";"F:\Daten\Älter\Bilder\Ai Generated\1 (281).png";"E:\OpenCloud\Persönlich (2)\Fotos\AI Art\Ai Generated\1 (281).png";"2727995";"Würde gelöscht werden"
"2026-09-28 22:56:52";"DryRun";"F:\Daten\Älter\Bilder\Ai Generated\1 (282).png";"E:\OpenCloud\Persönlich (2)\Fotos\AI Art\Ai Generated\1 (282).png";"3017783";"Würde gelöscht werden"
"2026-09-28 22:56:52";"DryRun";"F:\Daten\Älter\Bilder\Ai Generated\1 (283).png";"E:\OpenCloud\Persönlich (2)\Fotos\AI Art\Ai Generated\1 (283).png";"3314601";"Würde gelöscht werden"
"2026-09-28 22:56:52";"DryRun";"F:\Daten\Älter\Bilder\Ai Generated\1 (284).png";"E:\OpenCloud\Persönlich (2)\Fotos\AI Art\Ai Generated\1 (284).png";"2910182";"Würde gelöscht werden"
"2026-09-28 22:56:52";"DryRun";"F:\Daten\Älter\Bilder\Ai Generated\1 (285).png";"E:\OpenCloud\Persönlich (2)\Fotos\AI Art\Ai Generated\1 (285).png";"3969831";"Würde gelöscht werden"
"2026-09-28 22:56:52";"DryRun";"F:\Daten\Älter\Bilder\Ai Generated\1 (286).png";"E:\OpenCloud\Persönlich (2)\Fotos\AI Art\Ai Generated\1 (286).png";"4443661";"Würde gelöscht werden"
"2026-09-28 22:56:52";"DryRun";"F:\Daten\Älter\Bilder\Ai Generated\1 (287).png";"E:\OpenCloud\Persönlich (2)\Fotos\AI Art\Ai Generated\1 (287).png";"8636769";"Würde gelöscht werden"
"2026-09-28 22:56:52";"DryRun";"F:\Daten\Älter\Bilder\Ai Generated\1 (288).png";"E:\OpenCloud\Persönlich (2)\Fotos\AI Art\Ai Generated\1 (288).png";"1279412";"Würde gelöscht werden"
"2026-09-28 22:56:52";"DryRun";"F:\Daten\Älter\Bilder\Ai Generated\1 (289).png";"E:\OpenCloud\Persönlich (2)\Fotos\AI Art\Ai Generated\1 (289).png";"1405269";"Würde gelöscht werden"
"2026-09-28 22:56:52";"DryRun";"F:\Daten\Älter\Bilder\Ai Generated\1 (29).png";"E:\OpenCloud\Persönlich (2)\Fotos\AI Art\Ai Generated\1 (29).png";"2891892";"Würde gelöscht werden"
"2026-09-28 22:56:52";"DryRun";"F:\Daten\Älter\Bilder\Ai Generated\1 (290).png";"E:\OpenCloud\Persönlich (2)\Fotos\AI Art\Ai Generated\1 (290).png";"3194858";"Würde gelöscht werden"
"2026-09-28 22:56:52";"DryRun";"F:\Daten\Älter\Bilder\Ai Generated\1 (291).png";"E:\OpenCloud\Persönlich (2)\Fotos\AI Art\Ai Generated\1 (291).png";"2877668";"Würde gelöscht werden"
"2026-09-28 22:56:52";"DryRun";"F:\Daten\Älter\Bilder\Ai Generated\1 (293).png";"E:\OpenCloud\Persönlich (2)\Fotos\AI Art\Ai Generated\1 (293).png";"2703854";"Würde gelöscht werden"
"2026-09-28 22:56:52";"DryRun";"F:\Daten\Älter\Bilder\Ai Generated\1 (295).png";"E:\OpenCloud\Persönlich (2)\Fotos\AI Art\Ai Generated\1 (295).png";"1484375";"Würde gelöscht werden"
"2026-09-28 22:56:52";"DryRun";"F:\Daten\Älter\Bilder\Ai Generated\1 (296).png";"E:\OpenCloud\Persönlich (2)\Fotos\AI Art\Ai Generated\1 (296).png";"1636231";"Würde gelöscht werden"
"2026-09-28 22:56:52";"DryRun";"F:\Daten\Älter\Bilder\Ai Generated\1 (297).png";"E:\OpenCloud\Persönlich (2)\Fotos\AI Art\Ai Generated\1 (297).png";"3169965";"Würde gelöscht werden"
"2026-09-28 22:56:52";"DryRun";"F:\Daten\Älter\Bilder\Ai Generated\1 (298).png";"E:\OpenCloud\Persönlich (2)\Fotos\AI Art\Ai Generated\1 (298).png";"115036";"Würde gelöscht werden"
"2026-09-28 22:56:52";"DryRun";"F:\Daten\Älter\Bilder\Ai Generated\1 (299).png";"E:\OpenCloud\Persönlich (2)\Fotos\AI Art\Ai Generated\1 (299).png";"2768664";"Würde gelöscht werden"
"2026-09-28 22:56:52";"DryRun";"F:\Daten\Älter\Bilder\Ai Generated\1 (3).png";"E:\OpenCloud\Persönlich (2)\Fotos\AI Art\Ai Generated\1 (3).png";"2664833";"Würde gelöscht werden"
"2026-09-28 22:56:52";"DryRun";"F:\Daten\Älter\Bilder\Ai Generated\1 (30).png";"E:\OpenCloud\Persönlich (2)\Fotos\AI Art\Ai Generated\1 (30).png";"3111673";"Würde gelöscht werden"
"2026-09-28 22:56:52";"DryRun";"F:\Daten\Älter\Bilder\Ai Generated\1 (300).png";"E:\OpenCloud\Persönlich (2)\Fotos\AI Art\Ai Generated\1 (300).png";"2986732";"Würde gelöscht werden"
"2026-09-28 22:56:52";"DryRun";"F:\Daten\Älter\Bilder\Ai Generated\1 (302).png";"E:\OpenCloud\Persönlich (2)\Fotos\AI Art\Ai Generated\1 (302).png";"2937437";"Würde gelöscht werden"
"2026-09-28 22:56:52";"DryRun";"F:\Daten\Älter\Bilder\Ai Generated\1 (304).png";"E:\OpenCloud\Persönlich (2)\Fotos\AI Art\Ai Generated\1 (304).png";"2881231";"Würde gelöscht werden"
"2026-09-28 22:56:52";"DryRun";"F:\Daten\Älter\Bilder\Ai Generated\1 (305).png";"E:\OpenCloud\Persönlich (2)\Fotos\AI Art\Ai Generated\1 (305).png";"2951770";"Würde gelöscht werden"
"2026-09-28 22:56:52";"DryRun";"F:\Daten\Älter\Bilder\Ai Generated\1 (306).png";"E:\OpenCloud\Persönlich (2)\Fotos\AI Art\Ai Generated\1 (306).png";"1439036";"Würde gelöscht werden"
"2026-09-28 22:56:52";"DryRun";"F:\Daten\Älter\Bilder\Ai Generated\1 (307).png";"E:\OpenCloud\Persönlich (2)\Fotos\AI Art\Ai Generated\1 (307).png";"2999020";"Würde gelöscht werden"
"2026-09-28 22:56:52";"DryRun";"F:\Daten\Älter\Bilder\Ai Generated\1 (308).png";"E:\OpenCloud\Persönlich (2)\Fotos\AI Art\Ai Generated\1 (308).png";"3300006";"Würde gelöscht werden"
"2026-09-28 22:56:52";"DryRun";"F:\Daten\Älter\Bilder\Ai Generated\1 (309).png";"E:\OpenCloud\Persönlich (2)\Fotos\AI Art\Ai Generated\1 (309).png";"2989894";"Würde gelöscht werden"
"2026-09-28 22:56:53";"DryRun";"F:\Daten\Älter\Bilder\Ai Generated\1 (310).png";"E:\OpenCloud\Persönlich (2)\Fotos\AI Art\Ai Generated\1 (310).png";"2785706";"Würde gelöscht werden"
"2026-09-28 22:56:53";"DryRun";"F:\Daten\Älter\Bilder\Ai Generated\1 (311).png";"E:\OpenCloud\Persönlich (2)\Fotos\AI Art\Ai Generated\1 (311).png";"2616126";"Würde gelöscht werden"
"2026-09-28 22:56:53";"DryRun";"F:\Daten\Älter\Bilder\Ai Generated\1 (312).png";"E:\OpenCloud\Persönlich (2)\Fotos\AI Art\Ai Generated\1 (312).png";"2789408";"Würde gelöscht werden"
"2026-09-28 22:56:53";"DryRun";"F:\Daten\Älter\Bilder\Ai Generated\1 (313).png";"E:\OpenCloud\Persönlich (2)\Fotos\AI Art\Ai Generated\1 (313).png";"3231250";"Würde gelöscht werden"
"2026-09-28 22:56:53";"DryRun";"F:\Daten\Älter\Bilder\Ai Generated\1 (314).png";"E:\OpenCloud\Persönlich (2)\Fotos\AI Art\Ai Generated\1 (314).png";"2884608";"Würde gelöscht werden"
"2026-09-28 22:56:53";"DryRun";"F:\Daten\Älter\Bilder\Ai Generated\1 (315).png";"E:\OpenCloud\Persönlich (2)\Fotos\AI Art\Ai Generated\1 (315).png";"1719510";"Würde gelöscht werden"
"2026-09-28 22:56:53";"DryRun";"F:\Daten\Älter\Bilder\Ai Generated\1 (316).png";"E:\OpenCloud\Persönlich (2)\Fotos\AI Art\Ai Generated\1 (316).png";"2507682";"Würde gelöscht werden"
"2026-09-28 22:56:53";"DryRun";"F:\Daten\Älter\Bilder\Ai Generated\1 (317).png";"E:\OpenCloud\Persönlich (2)\Fotos\AI Art\Ai Generated\1 (317).png";"2641307";"Würde gelöscht werden"
"2026-09-28 22:56:53";"DryRun";"F:\Daten\Älter\Bilder\Ai Generated\1 (318).png";"E:\OpenCloud\Persönlich (2)\Fotos\AI Art\Ai Generated\1 (318).png";"2724340";"Würde gelöscht werden"
"2026-09-28 22:56:53";"DryRun";"F:\Daten\Älter\Bilder\Ai Generated\1 (321).png";"E:\OpenCloud\Persönlich (2)\Fotos\AI Art\Ai Generated\1 (321).png";"2531994";"Würde gelöscht werden"
"2026-09-28 22:56:53";"DryRun";"F:\Daten\Älter\Bilder\Ai Generated\1 (324).png";"E:\OpenCloud\Persönlich (2)\Fotos\AI Art\Ai Generated\1 (324).png";"2777084";"Würde gelöscht werden"
"2026-09-28 22:56:53";"DryRun";"F:\Daten\Älter\Bilder\Ai Generated\1 (328).png";"E:\OpenCloud\Persönlich (2)\Fotos\AI Art\Ai Generated\1 (328).png";"1188698";"Würde gelöscht werden"
"2026-09-28 22:56:53";"DryRun";"F:\Daten\Älter\Bilder\Ai Generated\1 (332).png";"E:\OpenCloud\Persönlich (2)\Fotos\AI Art\Ai Generated\1 (332).png";"2587206";"Würde gelöscht werden"
"2026-09-28 22:56:53";"DryRun";"F:\Daten\Älter\Bilder\Ai Generated\1 (335).png";"E:\OpenCloud\Persönlich (2)\Fotos\AI Art\Ai Generated\1 (335).png";"3088707";"Würde gelöscht werden"
"2026-09-28 22:56:53";"DryRun";"F:\Daten\Älter\Bilder\Ai Generated\1 (336).png";"E:\OpenCloud\Persönlich (2)\Fotos\AI Art\Ai Generated\1 (336).png";"2928710";"Würde gelöscht werden"
"2026-09-28 22:56:53";"DryRun";"F:\Daten\Älter\Bilder\Ai Generated\1 (338).png";"E:\OpenCloud\Persönlich (2)\Fotos\AI Art\Ai Generated\1 (338).png";"3104969";"Würde gelöscht werden"
"2026-09-28 22:56:53";"DryRun";"F:\Daten\Älter\Bilder\Ai Generated\1 (34).png";"E:\OpenCloud\Persönlich (2)\Fotos\AI Art\Ai Generated\1 (243).png";"2511198";"Würde gelöscht werden"
"2026-09-28 22:56:53";"DryRun";"F:\Daten\Älter\Bilder\Ai Generated\1 (341).png";"E:\OpenCloud\Persönlich (2)\Fotos\AI Art\Ai Generated\1 (341).png";"1082140";"Würde gelöscht werden"
"2026-09-28 22:56:53";"DryRun";"F:\Daten\Älter\Bilder\Ai Generated\1 (346).png";"E:\OpenCloud\Persönlich (2)\Fotos\AI Art\Ai Generated\1 (346).png";"2608367";"Würde gelöscht werden"
"2026-09-28 22:56:53";"DryRun";"F:\Daten\Älter\Bilder\Ai Generated\1 (349).png";"E:\OpenCloud\Persönlich (2)\Fotos\AI Art\Ai Generated\1 (349).png";"2626994";"Würde gelöscht werden"
"2026-09-28 22:56:53";"DryRun";"F:\Daten\Älter\Bilder\Ai Generated\1 (35).png";"E:\OpenCloud\Persönlich (2)\Fotos\AI Art\Ai Generated\1 (35).png";"2966793";"Würde gelöscht werden"
"2026-09-28 22:56:53";"DryRun";"F:\Daten\Älter\Bilder\Ai Generated\1 (350).png";"E:\OpenCloud\Persönlich (2)\Fotos\AI Art\Ai Generated\1 (350).png";"2840076";"Würde gelöscht werden"
"2026-09-28 22:56:53";"DryRun";"F:\Daten\Älter\Bilder\Ai Generated\1 (351).png";"E:\OpenCloud\Persönlich (2)\Fotos\AI Art\Ai Generated\1 (351).png";"3099469";"Würde gelöscht werden"
"2026-09-28 22:56:53";"DryRun";"F:\Daten\Älter\Bilder\Ai Generated\1 (352).png";"E:\OpenCloud\Persönlich (2)\Fotos\AI Art\Ai Generated\1 (352).png";"2896893";"Würde gelöscht werden"
"2026-09-28 22:56:53";"DryRun";"F:\Daten\Älter\Bilder\Ai Generated\1 (353).png";"E:\OpenCloud\Persönlich (2)\Fotos\AI Art\Ai Generated\1 (353).png";"2804656";"Würde gelöscht werden"
"2026-09-28 22:56:53";"DryRun";"F:\Daten\Älter\Bilder\Ai Generated\1 (354).png";"E:\OpenCloud\Persönlich (2)\Fotos\AI Art\Ai Generated\1 (354).png";"1357814";"Würde gelöscht werden"
"2026-09-28 22:56:53";"DryRun";"F:\Daten\Älter\Bilder\Ai Generated\1 (355).png";"E:\OpenCloud\Persönlich (2)\Fotos\AI Art\Ai Generated\1 (355).png";"2707251";"Würde gelöscht werden"
"2026-09-28 22:56:53";"DryRun";"F:\Daten\Älter\Bilder\Ai Generated\1 (356).png";"E:\OpenCloud\Persönlich (2)\Fotos\AI Art\Ai Generated\1 (356).png";"2739585";"Würde gelöscht werden"
"2026-09-28 22:56:53";"DryRun";"F:\Daten\Älter\Bilder\Ai Generated\1 (362).png";"E:\OpenCloud\Persönlich (2)\Fotos\AI Art\Ai Generated\1 (362).png";"2984434";"Würde gelöscht werden"
"2026-09-28 22:56:53";"DryRun";"F:\Daten\Älter\Bilder\Ai Generated\1 (363).png";"E:\OpenCloud\Persönlich (2)\Fotos\AI Art\Ai Generated\1 (363).png";"2802677";"Würde gelöscht werden"
"2026-09-28 22:56:53";"DryRun";"F:\Daten\Älter\Bilder\Ai Generated\1 (364).png";"E:\OpenCloud\Persönlich (2)\Fotos\AI Art\Ai Generated\1 (364).png";"2895635";"Würde gelöscht werden"
"2026-09-28 22:56:53";"DryRun";"F:\Daten\Älter\Bilder\Ai Generated\1 (365).png";"E:\OpenCloud\Persönlich (2)\Fotos\AI Art\Ai Generated\1 (365).png";"2946290";"Würde gelöscht werden"
"2026-09-28 22:56:53";"DryRun";"F:\Daten\Älter\Bilder\Ai Generated\1 (366).png";"E:\OpenCloud\Persönlich (2)\Fotos\AI Art\Ai Generated\1 (366).png";"2215106";"Würde gelöscht werden"
"2026-09-28 22:56:53";"DryRun";"F:\Daten\Älter\Bilder\Ai Generated\1 (367).png";"E:\OpenCloud\Persönlich (2)\Fotos\AI Art\Ai Generated\1 (367).png";"2623974";"Würde gelöscht werden"
"2026-09-28 22:56:53";"DryRun";"F:\Daten\Älter\Bilder\Ai Generated\1 (368).png";"E:\OpenCloud\Persönlich (2)\Fotos\AI Art\Ai Generated\1 (368).png";"2801462";"Würde gelöscht werden"
"2026-09-28 22:56:53";"DryRun";"F:\Daten\Älter\Bilder\Ai Generated\1 (369).png";"E:\OpenCloud\Persönlich (2)\Fotos\AI Art\Ai Generated\1 (369).png";"2769410";"Würde gelöscht werden"
"2026-09-28 22:56:53";"DryRun";"F:\Daten\Älter\Bilder\Ai Generated\1 (370).png";"E:\OpenCloud\Persönlich (2)\Fotos\AI Art\Ai Generated\1 (370).png";"2726173";"Würde gelöscht werden"
"2026-09-28 22:56:53";"DryRun";"F:\Daten\Älter\Bilder\Ai Generated\1 (371).png";"E:\OpenCloud\Persönlich (2)\Fotos\AI Art\Ai Generated\1 (371).png";"3096732";"Würde gelöscht werden"
"2026-09-28 22:56:53";"DryRun";"F:\Daten\Älter\Bilder\Ai Generated\1 (372).png";"E:\OpenCloud\Persönlich (2)\Fotos\AI Art\Ai Generated\1 (372).png";"3262896";"Würde gelöscht werden"
"2026-09-28 22:56:53";"DryRun";"F:\Daten\Älter\Bilder\Ai Generated\1 (373).png";"E:\OpenCloud\Persönlich (2)\Fotos\AI Art\Ai Generated\1 (373).png";"2760003";"Würde gelöscht werden"
"2026-09-28 22:56:53";"DryRun";"F:\Daten\Älter\Bilder\Ai Generated\1 (374).png";"E:\OpenCloud\Persönlich (2)\Fotos\AI Art\Ai Generated\1 (374).png";"2728679";"Würde gelöscht werden"
"2026-09-28 22:56:53";"DryRun";"F:\Daten\Älter\Bilder\Ai Generated\1 (376).png";"E:\OpenCloud\Persönlich (2)\Fotos\AI Art\Ai Generated\1 (376).png";"2826375";"Würde gelöscht werden"
"2026-09-28 22:56:53";"DryRun";"F:\Daten\Älter\Bilder\Ai Generated\1 (377).png";"E:\OpenCloud\Persönlich (2)\Fotos\AI Art\Ai Generated\1 (377).png";"3137498";"Würde gelöscht werden"
"2026-09-28 22:56:53";"DryRun";"F:\Daten\Älter\Bilder\Ai Generated\1 (378).png";"E:\OpenCloud\Persönlich (2)\Fotos\AI Art\Ai Generated\1 (378).png";"3040443";"Würde gelöscht werden"
"2026-09-28 22:56:53";"DryRun";"F:\Daten\Älter\Bilder\Ai Generated\1 (379).png";"E:\OpenCloud\Persönlich (2)\Fotos\AI Art\Ai Generated\1 (379).png";"2944813";"Würde gelöscht werden"
"2026-09-28 22:56:53";"DryRun";"F:\Daten\Älter\Bilder\Ai Generated\1 (380).png";"E:\OpenCloud\Persönlich (2)\Fotos\AI Art\Ai Generated\1 (380).png";"3021040";"Würde gelöscht werden"
"2026-09-28 22:56:53";"DryRun";"F:\Daten\Älter\Bilder\Ai Generated\1 (381).png";"E:\OpenCloud\Persönlich (2)\Fotos\AI Art\Ai Generated\1 (381).png";"3001904";"Würde gelöscht werden"
"2026-09-28 22:56:53";"DryRun";"F:\Daten\Älter\Bilder\Ai Generated\1 (382).png";"E:\OpenCloud\Persönlich (2)\Fotos\AI Art\Ai Generated\1 (382).png";"3659718";"Würde gelöscht werden"
"2026-09-28 22:56:53";"DryRun";"F:\Daten\Älter\Bilder\Ai Generated\1 (383).png";"E:\OpenCloud\Persönlich (2)\Fotos\AI Art\Ai Generated\1 (383).png";"2820655";"Würde gelöscht werden"
"2026-09-28 22:56:53";"DryRun";"F:\Daten\Älter\Bilder\Ai Generated\1 (384).png";"E:\OpenCloud\Persönlich (2)\Fotos\AI Art\Ai Generated\1 (384).png";"3858187";"Würde gelöscht werden"
"2026-09-28 22:56:53";"DryRun";"F:\Daten\Älter\Bilder\Ai Generated\1 (385).png";"E:\OpenCloud\Persönlich (2)\Fotos\AI Art\Ai Generated\1 (385).png";"3465687";"Würde gelöscht werden"
"2026-09-28 22:56:53";"DryRun";"F:\Daten\Älter\Bilder\Ai Generated\1 (386).png";"E:\OpenCloud\Persönlich (2)\Fotos\AI Art\Ai Generated\1 (386).png";"3680107";"Würde gelöscht werden"
"2026-09-28 22:56:53";"DryRun";"F:\Daten\Älter\Bilder\Ai Generated\1 (387).png";"E:\OpenCloud\Persönlich (2)\Fotos\AI Art\Ai Generated\1 (387).png";"3140056";"Würde gelöscht werden"
"2026-09-28 22:56:53";"DryRun";"F:\Daten\Älter\Bilder\Ai Generated\1 (388).png";"E:\OpenCloud\Persönlich (2)\Fotos\AI Art\Ai Generated\1 (388).png";"3080915";"Würde gelöscht werden"
"2026-09-28 22:56:53";"DryRun";"F:\Daten\Älter\Bilder\Ai Generated\1 (389).png";"E:\OpenCloud\Persönlich (2)\Fotos\AI Art\Ai Generated\1 (389).png";"3116169";"Würde gelöscht werden"
"2026-09-28 22:56:53";"DryRun";"F:\Daten\Älter\Bilder\Ai Generated\1 (39).png";"E:\OpenCloud\Persönlich (2)\Fotos\AI Art\Ai Generated\1 (39).png";"3037856";"Würde gelöscht werden"
"2026-09-28 22:56:53";"DryRun";"F:\Daten\Älter\Bilder\Ai Generated\1 (390).png";"E:\OpenCloud\Persönlich (2)\Fotos\AI Art\Ai Generated\1 (390).png";"3236116";"Würde gelöscht werden"
"2026-09-28 22:56:53";"DryRun";"F:\Daten\Älter\Bilder\Ai Generated\1 (392).png";"E:\OpenCloud\Persönlich (2)\Fotos\AI Art\Ai Generated\1 (392).png";"3191905";"Würde gelöscht werden"
"2026-09-28 22:56:53";"DryRun";"F:\Daten\Älter\Bilder\Ai Generated\1 (393).png";"E:\OpenCloud\Persönlich (2)\Fotos\AI Art\Ai Generated\1 (393).png";"2948113";"Würde gelöscht werden"
"2026-09-28 22:56:53";"DryRun";"F:\Daten\Älter\Bilder\Ai Generated\1 (394).png";"E:\OpenCloud\Persönlich (2)\Fotos\AI Art\Ai Generated\1 (394).png";"2203848";"Würde gelöscht werden"
"2026-09-28 22:56:53";"DryRun";"F:\Daten\Älter\Bilder\Ai Generated\1 (395).png";"E:\OpenCloud\Persönlich (2)\Fotos\AI Art\Ai Generated\1 (395).png";"2336751";"Würde gelöscht werden"
"2026-09-28 22:56:53";"DryRun";"F:\Daten\Älter\Bilder\Ai Generated\1 (396).png";"E:\OpenCloud\Persönlich (2)\Fotos\AI Art\Ai Generated\1 (396).png";"2947493";"Würde gelöscht werden"
"2026-09-28 22:56:53";"DryRun";"F:\Daten\Älter\Bilder\Ai Generated\1 (397).png";"E:\OpenCloud\Persönlich (2)\Fotos\AI Art\Ai Generated\1 (397).png";"2902050";"Würde gelöscht werden"
"2026-09-28 22:56:53";"DryRun";"F:\Daten\Älter\Bilder\Ai Generated\1 (398).png";"E:\OpenCloud\Persönlich (2)\Fotos\AI Art\Ai Generated\1 (398).png";"3079941";"Würde gelöscht werden"
"2026-09-28 22:56:53";"DryRun";"F:\Daten\Älter\Bilder\Ai Generated\1 (399).png";"E:\OpenCloud\Persönlich (2)\Fotos\AI Art\Ai Generated\1 (399).png";"2687655";"Würde gelöscht werden"
"2026-09-28 22:56:53";"DryRun";"F:\Daten\Älter\Bilder\Ai Generated\1 (4).png";"E:\OpenCloud\Persönlich (2)\Fotos\AI Art\Ai Generated\1 (4).png";"2597142";"Würde gelöscht werden"
"2026-09-28 22:56:53";"DryRun";"F:\Daten\Älter\Bilder\Ai Generated\1 (40).png";"E:\OpenCloud\Persönlich (2)\Fotos\AI Art\Ai Generated\1 (268).png";"3129671";"Würde gelöscht werden"
"2026-09-28 22:56:53";"DryRun";"F:\Daten\Älter\Bilder\Ai Generated\1 (400).png";"E:\OpenCloud\Persönlich (2)\Fotos\AI Art\Ai Generated\1 (400).png";"3166704";"Würde gelöscht werden"
"2026-09-28 22:56:53";"DryRun";"F:\Daten\Älter\Bilder\Ai Generated\1 (401).png";"E:\OpenCloud\Persönlich (2)\Fotos\AI Art\Ai Generated\1 (401).png";"3905841";"Würde gelöscht werden"
"2026-09-28 22:56:53";"DryRun";"F:\Daten\Älter\Bilder\Ai Generated\1 (402).png";"E:\OpenCloud\Persönlich (2)\Fotos\AI Art\Ai Generated\1 (402).png";"2870590";"Würde gelöscht werden"
"2026-09-28 22:56:53";"DryRun";"F:\Daten\Älter\Bilder\Ai Generated\1 (403).png";"E:\OpenCloud\Persönlich (2)\Fotos\AI Art\Ai Generated\1 (403).png";"2574195";"Würde gelöscht werden"
"2026-09-28 22:56:53";"DryRun";"F:\Daten\Älter\Bilder\Ai Generated\1 (404).png";"E:\OpenCloud\Persönlich (2)\Fotos\AI Art\Ai Generated\1 (404).png";"2727837";"Würde gelöscht werden"
"2026-09-28 22:56:53";"DryRun";"F:\Daten\Älter\Bilder\Ai Generated\1 (405).png";"E:\OpenCloud\Persönlich (2)\Fotos\AI Art\Ai Generated\1 (405).png";"2774038";"Würde gelöscht werden"
"2026-09-28 22:56:53";"DryRun";"F:\Daten\Älter\Bilder\Ai Generated\1 (406).png";"E:\OpenCloud\Persönlich (2)\Fotos\AI Art\Ai Generated\1 (406).png";"2789859";"Würde gelöscht werden"
"2026-09-28 22:56:53";"DryRun";"F:\Daten\Älter\Bilder\Ai Generated\1 (407).png";"E:\OpenCloud\Persönlich (2)\Fotos\AI Art\Ai Generated\1 (407).png";"2779887";"Würde gelöscht werden"
"2026-09-28 22:56:53";"DryRun";"F:\Daten\Älter\Bilder\Ai Generated\1 (408).png";"E:\OpenCloud\Persönlich (2)\Fotos\AI Art\Ai Generated\1 (408).png";"2590838";"Würde gelöscht werden"
"2026-09-28 22:56:53";"DryRun";"F:\Daten\Älter\Bilder\Ai Generated\1 (409).png";"E:\OpenCloud\Persönlich (2)\Fotos\AI Art\Ai Generated\1 (409).png";"9076280";"Würde gelöscht werden"
"2026-09-28 22:56:53";"DryRun";"F:\Daten\Älter\Bilder\Ai Generated\1 (410).png";"E:\OpenCloud\Persönlich (2)\Fotos\AI Art\Ai Generated\1 (410).png";"2864892";"Würde gelöscht werden"
"2026-09-28 22:56:53";"DryRun";"F:\Daten\Älter\Bilder\Ai Generated\1 (411).png";"E:\OpenCloud\Persönlich (2)\Fotos\AI Art\Ai Generated\1 (411).png";"2949577";"Würde gelöscht werden"
"2026-09-28 22:56:53";"DryRun";"F:\Daten\Älter\Bilder\Ai Generated\1 (42).png";"E:\OpenCloud\Persönlich (2)\Fotos\AI Art\Ai Generated\1 (266).png";"2947012";"Würde gelöscht werden"
"2026-09-28 22:56:53";"DryRun";"F:\Daten\Älter\Bilder\Ai Generated\1 (424).png";"E:\OpenCloud\Persönlich (2)\Fotos\AI Art\Ai Generated\1 (386).png";"3680107";"Würde gelöscht werden"
"2026-09-28 22:56:53";"DryRun";"F:\Daten\Älter\Bilder\Ai Generated\1 (429).png";"E:\OpenCloud\Persönlich (2)\Fotos\AI Art\Ai Generated\1 (429).png";"3637434";"Würde gelöscht werden"
"2026-09-28 22:56:53";"DryRun";"F:\Daten\Älter\Bilder\Ai Generated\1 (430).png";"E:\OpenCloud\Persönlich (2)\Fotos\AI Art\Ai Generated\1 (430).png";"3403138";"Würde gelöscht werden"
"2026-09-28 22:56:53";"DryRun";"F:\Daten\Älter\Bilder\Ai Generated\1 (432).png";"E:\OpenCloud\Persönlich (2)\Fotos\AI Art\Ai Generated\1 (432).png";"2925268";"Würde gelöscht werden"
"2026-09-28 22:56:53";"DryRun";"F:\Daten\Älter\Bilder\Ai Generated\1 (433).png";"E:\OpenCloud\Persönlich (2)\Fotos\AI Art\Ai Generated\1 (433).png";"3089502";"Würde gelöscht werden"
"2026-09-28 22:56:53";"DryRun";"F:\Daten\Älter\Bilder\Ai Generated\1 (434).png";"E:\OpenCloud\Persönlich (2)\Fotos\AI Art\Ai Generated\1 (434).png";"2777214";"Würde gelöscht werden"
"2026-09-28 22:56:53";"DryRun";"F:\Daten\Älter\Bilder\Ai Generated\1 (435).png";"E:\OpenCloud\Persönlich (2)\Fotos\AI Art\Ai Generated\1 (435).png";"2851786";"Würde gelöscht werden"
"2026-09-28 22:56:53";"DryRun";"F:\Daten\Älter\Bilder\Ai Generated\1 (436).png";"E:\OpenCloud\Persönlich (2)\Fotos\AI Art\Ai Generated\1 (436).png";"3146455";"Würde gelöscht werden"
"2026-09-28 22:56:53";"DryRun";"F:\Daten\Älter\Bilder\Ai Generated\1 (437).png";"E:\OpenCloud\Persönlich (2)\Fotos\AI Art\Ai Generated\1 (437).png";"2581955";"Würde gelöscht werden"
"2026-09-28 22:56:53";"DryRun";"F:\Daten\Älter\Bilder\Ai Generated\1 (438).png";"E:\OpenCloud\Persönlich (2)\Fotos\AI Art\Ai Generated\1 (438).png";"2147345";"Würde gelöscht werden"
"2026-09-28 22:56:53";"DryRun";"F:\Daten\Älter\Bilder\Ai Generated\1 (44).png";"E:\OpenCloud\Persönlich (2)\Fotos\AI Art\Ai Generated\1 (44).png";"2524976";"Würde gelöscht werden"
"2026-09-28 22:56:53";"DryRun";"F:\Daten\Älter\Bilder\Ai Generated\1 (440).png";"E:\OpenCloud\Persönlich (2)\Fotos\AI Art\Ai Generated\1 (440).png";"2855835";"Würde gelöscht werden"
"2026-09-28 22:56:53";"DryRun";"F:\Daten\Älter\Bilder\Ai Generated\1 (441).png";"E:\OpenCloud\Persönlich (2)\Fotos\AI Art\Ai Generated\1 (441).png";"2826605";"Würde gelöscht werden"
"2026-09-28 22:56:53";"DryRun";"F:\Daten\Älter\Bilder\Ai Generated\1 (449).png";"E:\OpenCloud\Persönlich (2)\Fotos\AI Art\Ai Generated\1 (449).png";"2727410";"Würde gelöscht werden"
"2026-09-28 22:56:53";"DryRun";"F:\Daten\Älter\Bilder\Ai Generated\1 (450).png";"E:\OpenCloud\Persönlich (2)\Fotos\AI Art\Ai Generated\1 (450).png";"1299133";"Würde gelöscht werden"
"2026-09-28 22:56:53";"DryRun";"F:\Daten\Älter\Bilder\Ai Generated\1 (451).png";"E:\OpenCloud\Persönlich (2)\Fotos\AI Art\Ai Generated\1 (451).png";"3032915";"Würde gelöscht werden"
"2026-09-28 22:56:53";"DryRun";"F:\Daten\Älter\Bilder\Ai Generated\1 (452).png";"E:\OpenCloud\Persönlich (2)\Fotos\AI Art\Ai Generated\1 (452).png";"2996871";"Würde gelöscht werden"
"2026-09-28 22:56:53";"DryRun";"F:\Daten\Älter\Bilder\Ai Generated\1 (453).png";"E:\OpenCloud\Persönlich (2)\Fotos\AI Art\Ai Generated\1 (453).png";"2937087";"Würde gelöscht werden"
"2026-09-28 22:56:53";"DryRun";"F:\Daten\Älter\Bilder\Ai Generated\1 (454).png";"E:\OpenCloud\Persönlich (2)\Fotos\AI Art\Ai Generated\1 (362).png";"2984434";"Würde gelöscht werden"
"2026-09-28 22:56:53";"DryRun";"F:\Daten\Älter\Bilder\Ai Generated\1 (455).png";"E:\OpenCloud\Persönlich (2)\Fotos\AI Art\Ai Generated\1 (455).png";"2461571";"Würde gelöscht werden"
"2026-09-28 22:56:53";"DryRun";"F:\Daten\Älter\Bilder\Ai Generated\1 (456).png";"E:\OpenCloud\Persönlich (2)\Fotos\AI Art\Ai Generated\1 (456).png";"2893359";"Würde gelöscht werden"
"2026-09-28 22:56:53";"DryRun";"F:\Daten\Älter\Bilder\Ai Generated\1 (457).png";"E:\OpenCloud\Persönlich (2)\Fotos\AI Art\Ai Generated\1 (457).png";"2781236";"Würde gelöscht werden"
"2026-09-28 22:56:53";"DryRun";"F:\Daten\Älter\Bilder\Ai Generated\1 (458).png";"E:\OpenCloud\Persönlich (2)\Fotos\AI Art\Ai Generated\1 (458).png";"3033213";"Würde gelöscht werden"
"2026-09-28 22:56:53";"DryRun";"F:\Daten\Älter\Bilder\Ai Generated\1 (459).png";"E:\OpenCloud\Persönlich (2)\Fotos\AI Art\Ai Generated\1 (459).png";"3203272";"Würde gelöscht werden"
"2026-09-28 22:56:53";"DryRun";"F:\Daten\Älter\Bilder\Ai Generated\1 (460).png";"E:\OpenCloud\Persönlich (2)\Fotos\AI Art\Ai Generated\1 (460).png";"3889511";"Würde gelöscht werden"
"2026-09-28 22:56:53";"DryRun";"F:\Daten\Älter\Bilder\Ai Generated\1 (461).png";"E:\OpenCloud\Persönlich (2)\Fotos\AI Art\Ai Generated\1 (461).png";"3125717";"Würde gelöscht werden"
"2026-09-28 22:56:53";"DryRun";"F:\Daten\Älter\Bilder\Ai Generated\1 (463).png";"E:\OpenCloud\Persönlich (2)\Fotos\AI Art\Ai Generated\1 (382).png";"3659718";"Würde gelöscht werden"
"2026-09-28 22:56:53";"DryRun";"F:\Daten\Älter\Bilder\Ai Generated\1 (464).png";"E:\OpenCloud\Persönlich (2)\Fotos\AI Art\Ai Generated\1 (408).png";"2590838";"Würde gelöscht werden"
"2026-09-28 22:56:53";"DryRun";"F:\Daten\Älter\Bilder\Ai Generated\1 (469).png";"E:\OpenCloud\Persönlich (2)\Fotos\AI Art\Ai Generated\1 (469).png";"2592902";"Würde gelöscht werden"
"2026-09-28 22:56:53";"DryRun";"F:\Daten\Älter\Bilder\Ai Generated\1 (47).png";"E:\OpenCloud\Persönlich (2)\Fotos\AI Art\Ai Generated\1 (261).png";"2060613";"Würde gelöscht werden"
"2026-09-28 22:56:53";"DryRun";"F:\Daten\Älter\Bilder\Ai Generated\1 (475).png";"E:\OpenCloud\Persönlich (2)\Fotos\AI Art\Ai Generated\1 (298).png";"115036";"Würde gelöscht werden"
"2026-09-28 22:56:53";"DryRun";"F:\Daten\Älter\Bilder\Ai Generated\1 (478).png";"E:\OpenCloud\Persönlich (2)\Fotos\AI Art\Ai Generated\1 (478).png";"2912828";"Würde gelöscht werden"
"2026-09-28 22:56:53";"DryRun";"F:\Daten\Älter\Bilder\Ai Generated\1 (480).png";"E:\OpenCloud\Persönlich (2)\Fotos\AI Art\Ai Generated\1 (480).png";"2633854";"Würde gelöscht werden"
"2026-09-28 22:56:53";"DryRun";"F:\Daten\Älter\Bilder\Ai Generated\1 (482).png";"E:\OpenCloud\Persönlich (2)\Fotos\AI Art\Ai Generated\1 (305).png";"2951770";"Würde gelöscht werden"
"2026-09-28 22:56:53";"DryRun";"F:\Daten\Älter\Bilder\Ai Generated\1 (483).png";"E:\OpenCloud\Persönlich (2)\Fotos\AI Art\Ai Generated\1 (483).png";"2847163";"Würde gelöscht werden"
"2026-09-28 22:56:53";"DryRun";"F:\Daten\Älter\Bilder\Ai Generated\1 (485).png";"E:\OpenCloud\Persönlich (2)\Fotos\AI Art\Ai Generated\1 (321).png";"2531994";"Würde gelöscht werden"
"2026-09-28 22:56:53";"DryRun";"F:\Daten\Älter\Bilder\Ai Generated\1 (487).png";"E:\OpenCloud\Persönlich (2)\Fotos\AI Art\Ai Generated\1 (487).png";"1305441";"Würde gelöscht werden"
"2026-09-28 22:56:53";"DryRun";"F:\Daten\Älter\Bilder\Ai Generated\1 (49).png";"E:\OpenCloud\Persönlich (2)\Fotos\AI Art\Ai Generated\1 (259).png";"2733359";"Würde gelöscht werden"
"2026-09-28 22:56:53";"DryRun";"F:\Daten\Älter\Bilder\Ai Generated\1 (490).png";"E:\OpenCloud\Persönlich (2)\Fotos\AI Art\Ai Generated\1 (490).png";"2470669";"Würde gelöscht werden"
"2026-09-28 22:56:53";"DryRun";"F:\Daten\Älter\Bilder\Ai Generated\1 (491).png";"E:\OpenCloud\Persönlich (2)\Fotos\AI Art\Ai Generated\1 (491).png";"2890342";"Würde gelöscht werden"
"2026-09-28 22:56:53";"DryRun";"F:\Daten\Älter\Bilder\Ai Generated\1 (493).png";"E:\OpenCloud\Persönlich (2)\Fotos\AI Art\Ai Generated\1 (493).png";"1130849";"Würde gelöscht werden"
"2026-09-28 22:56:53";"DryRun";"F:\Daten\Älter\Bilder\Ai Generated\1 (497).png";"E:\OpenCloud\Persönlich (2)\Fotos\AI Art\Ai Generated\1 (497).png";"2403076";"Würde gelöscht werden"
"2026-09-28 22:56:53";"DryRun";"F:\Daten\Älter\Bilder\Ai Generated\1 (498).png";"E:\OpenCloud\Persönlich (2)\Fotos\AI Art\Ai Generated\1 (498).png";"3005119";"Würde gelöscht werden"
"2026-09-28 22:56:53";"DryRun";"F:\Daten\Älter\Bilder\Ai Generated\1 (503).png";"E:\OpenCloud\Persönlich (2)\Fotos\AI Art\Ai Generated\1 (503).png";"2523746";"Würde gelöscht werden"
"2026-09-28 22:56:53";"DryRun";"F:\Daten\Älter\Bilder\Ai Generated\1 (508).png";"E:\OpenCloud\Persönlich (2)\Fotos\AI Art\Ai Generated\1 (508).png";"1432996";"Würde gelöscht werden"
"2026-09-28 22:56:53";"DryRun";"F:\Daten\Älter\Bilder\Ai Generated\1 (511).png";"E:\OpenCloud\Persönlich (2)\Fotos\AI Art\Ai Generated\1 (511).png";"3098335";"Würde gelöscht werden"
"2026-09-28 22:56:53";"DryRun";"F:\Daten\Älter\Bilder\Ai Generated\1 (512).png";"E:\OpenCloud\Persönlich (2)\Fotos\AI Art\Ai Generated\1 (512).png";"2921353";"Würde gelöscht werden"
"2026-09-28 22:56:53";"DryRun";"F:\Daten\Älter\Bilder\Ai Generated\1 (514).png";"E:\OpenCloud\Persönlich (2)\Fotos\AI Art\Ai Generated\1 (514).png";"3677160";"Würde gelöscht werden"
"2026-09-28 22:56:53";"DryRun";"F:\Daten\Älter\Bilder\Ai Generated\1 (515).png";"E:\OpenCloud\Persönlich (2)\Fotos\AI Art\Ai Generated\1 (515).png";"3038007";"Würde gelöscht werden"
"2026-09-28 22:56:53";"DryRun";"F:\Daten\Älter\Bilder\Ai Generated\1 (516).png";"E:\OpenCloud\Persönlich (2)\Fotos\AI Art\Ai Generated\1 (516).png";"2915685";"Würde gelöscht werden"
"2026-09-28 22:56:53";"DryRun";"F:\Daten\Älter\Bilder\Ai Generated\1 (519).png";"E:\OpenCloud\Persönlich (2)\Fotos\AI Art\Ai Generated\1 (519).png";"1689611";"Würde gelöscht werden"
"2026-09-28 22:56:53";"DryRun";"F:\Daten\Älter\Bilder\Ai Generated\1 (521).png";"E:\OpenCloud\Persönlich (2)\Fotos\AI Art\Ai Generated\1 (521).png";"2776490";"Würde gelöscht werden"
"2026-09-28 22:56:53";"DryRun";"F:\Daten\Älter\Bilder\Ai Generated\1 (522).png";"E:\OpenCloud\Persönlich (2)\Fotos\AI Art\Ai Generated\1 (522).png";"3015459";"Würde gelöscht werden"
"2026-09-28 22:56:53";"DryRun";"F:\Daten\Älter\Bilder\Ai Generated\1 (523).png";"E:\OpenCloud\Persönlich (2)\Fotos\AI Art\Ai Generated\1 (523).png";"1197637";"Würde gelöscht werden"
"2026-09-28 22:56:53";"DryRun";"F:\Daten\Älter\Bilder\Ai Generated\1 (524).png";"E:\OpenCloud\Persönlich (2)\Fotos\AI Art\Ai Generated\1 (524).png";"1329837";"Würde gelöscht werden"
"2026-09-28 22:56:53";"DryRun";"F:\Daten\Älter\Bilder\Ai Generated\1 (525).png";"E:\OpenCloud\Persönlich (2)\Fotos\AI Art\Ai Generated\1 (525).png";"1084803";"Würde gelöscht werden"
"2026-09-28 22:56:54";"DryRun";"F:\Daten\Älter\Bilder\Ai Generated\1 (526).png";"E:\OpenCloud\Persönlich (2)\Fotos\AI Art\Ai Generated\1 (526).png";"1310856";"Würde gelöscht werden"
"2026-09-28 22:56:54";"DryRun";"F:\Daten\Älter\Bilder\Ai Generated\1 (527).png";"E:\OpenCloud\Persönlich (2)\Fotos\AI Art\Ai Generated\1 (527).png";"1306782";"Würde gelöscht werden"
"2026-09-28 22:56:54";"DryRun";"F:\Daten\Älter\Bilder\Ai Generated\1 (528).png";"E:\OpenCloud\Persönlich (2)\Fotos\AI Art\Ai Generated\1 (528).png";"1239174";"Würde gelöscht werden"
"2026-09-28 22:56:54";"DryRun";"F:\Daten\Älter\Bilder\Ai Generated\1 (530).png";"E:\OpenCloud\Persönlich (2)\Fotos\AI Art\Ai Generated\1 (530).png";"1384734";"Würde gelöscht werden"
"2026-09-28 22:56:54";"DryRun";"F:\Daten\Älter\Bilder\Ai Generated\1 (531).png";"E:\OpenCloud\Persönlich (2)\Fotos\AI Art\Ai Generated\1 (531).png";"2698114";"Würde gelöscht werden"
"2026-09-28 22:56:54";"DryRun";"F:\Daten\Älter\Bilder\Ai Generated\1 (533).png";"E:\OpenCloud\Persönlich (2)\Fotos\AI Art\Ai Generated\1 (533).png";"1107327";"Würde gelöscht werden"
"2026-09-28 22:56:54";"DryRun";"F:\Daten\Älter\Bilder\Ai Generated\1 (535).png";"E:\OpenCloud\Persönlich (2)\Fotos\AI Art\Ai Generated\1 (535).png";"955744";"Würde gelöscht werden"
"2026-09-28 22:56:54";"DryRun";"F:\Daten\Älter\Bilder\Ai Generated\1 (536).png";"E:\OpenCloud\Persönlich (2)\Fotos\AI Art\Ai Generated\1 (536).png";"2841643";"Würde gelöscht werden"
"2026-09-28 22:56:54";"DryRun";"F:\Daten\Älter\Bilder\Ai Generated\1 (537).png";"E:\OpenCloud\Persönlich (2)\Fotos\AI Art\Ai Generated\1 (537).png";"2897430";"Würde gelöscht werden"
"2026-09-28 22:56:54";"DryRun";"F:\Daten\Älter\Bilder\Ai Generated\1 (539).png";"E:\OpenCloud\Persönlich (2)\Fotos\AI Art\Ai Generated\1 (539).png";"2905816";"Würde gelöscht werden"
"2026-09-28 22:56:54";"DryRun";"F:\Daten\Älter\Bilder\Ai Generated\1 (54).png";"E:\OpenCloud\Persönlich (2)\Fotos\AI Art\Ai Generated\1 (54).png";"3085968";"Würde gelöscht werden"
"2026-09-28 22:56:54";"DryRun";"F:\Daten\Älter\Bilder\Ai Generated\1 (540).png";"E:\OpenCloud\Persönlich (2)\Fotos\AI Art\Ai Generated\1 (540).png";"1926391";"Würde gelöscht werden"
"2026-09-28 22:56:54";"DryRun";"F:\Daten\Älter\Bilder\Ai Generated\1 (541).png";"E:\OpenCloud\Persönlich (2)\Fotos\AI Art\Ai Generated\1 (541).png";"1373811";"Würde gelöscht werden"
"2026-09-28 22:56:54";"DryRun";"F:\Daten\Älter\Bilder\Ai Generated\1 (542).png";"E:\OpenCloud\Persönlich (2)\Fotos\AI Art\Ai Generated\1 (542).png";"1398252";"Würde gelöscht werden"
"2026-09-28 22:56:54";"DryRun";"F:\Daten\Älter\Bilder\Ai Generated\1 (544).png";"E:\OpenCloud\Persönlich (2)\Fotos\AI Art\Ai Generated\1 (544).png";"2114277";"Würde gelöscht werden"
"2026-09-28 22:56:54";"DryRun";"F:\Daten\Älter\Bilder\Ai Generated\1 (545).png";"E:\OpenCloud\Persönlich (2)\Fotos\AI Art\Ai Generated\1 (545).png";"3047378";"Würde gelöscht werden"
"2026-09-28 22:56:54";"DryRun";"F:\Daten\Älter\Bilder\Ai Generated\1 (546).png";"E:\OpenCloud\Persönlich (2)\Fotos\AI Art\Ai Generated\1 (546).png";"2934439";"Würde gelöscht werden"
"2026-09-28 22:56:54";"DryRun";"F:\Daten\Älter\Bilder\Ai Generated\1 (547).png";"E:\OpenCloud\Persönlich (2)\Fotos\AI Art\Ai Generated\1 (547).png";"2909587";"Würde gelöscht werden"
"2026-09-28 22:56:54";"DryRun";"F:\Daten\Älter\Bilder\Ai Generated\1 (548).png";"E:\OpenCloud\Persönlich (2)\Fotos\AI Art\Ai Generated\1 (548).png";"2935506";"Würde gelöscht werden"
"2026-09-28 22:56:54";"DryRun";"F:\Daten\Älter\Bilder\Ai Generated\1 (549).png";"E:\OpenCloud\Persönlich (2)\Fotos\AI Art\Ai Generated\1 (549).png";"2715621";"Würde gelöscht werden"
"2026-09-28 22:56:54";"DryRun";"F:\Daten\Älter\Bilder\Ai Generated\1 (55).png";"E:\OpenCloud\Persönlich (2)\Fotos\AI Art\Ai Generated\1 (55).png";"3292361";"Würde gelöscht werden"
"2026-09-28 22:56:54";"DryRun";"F:\Daten\Älter\Bilder\Ai Generated\1 (550).png";"E:\OpenCloud\Persönlich (2)\Fotos\AI Art\Ai Generated\1 (550).png";"2725963";"Würde gelöscht werden"
"2026-09-28 22:56:54";"DryRun";"F:\Daten\Älter\Bilder\Ai Generated\1 (551).png";"E:\OpenCloud\Persönlich (2)\Fotos\AI Art\Ai Generated\1 (551).png";"2817674";"Würde gelöscht werden"
"2026-09-28 22:56:54";"DryRun";"F:\Daten\Älter\Bilder\Ai Generated\1 (552).png";"E:\OpenCloud\Persönlich (2)\Fotos\AI Art\Ai Generated\1 (552).png";"2777830";"Würde gelöscht werden"
"2026-09-28 22:56:54";"DryRun";"F:\Daten\Älter\Bilder\Ai Generated\1 (553).png";"E:\OpenCloud\Persönlich (2)\Fotos\AI Art\Ai Generated\1 (553).png";"2784616";"Würde gelöscht werden"
"2026-09-28 22:56:54";"DryRun";"F:\Daten\Älter\Bilder\Ai Generated\1 (554).png";"E:\OpenCloud\Persönlich (2)\Fotos\AI Art\Ai Generated\1 (554).png";"2622338";"Würde gelöscht werden"
"2026-09-28 22:56:54";"DryRun";"F:\Daten\Älter\Bilder\Ai Generated\1 (555).png";"E:\OpenCloud\Persönlich (2)\Fotos\AI Art\Ai Generated\1 (555).png";"2854912";"Würde gelöscht werden"
"2026-09-28 22:56:54";"DryRun";"F:\Daten\Älter\Bilder\Ai Generated\1 (556).png";"E:\OpenCloud\Persönlich (2)\Fotos\AI Art\Ai Generated\1 (556).png";"3068235";"Würde gelöscht werden"
"2026-09-28 22:56:54";"DryRun";"F:\Daten\Älter\Bilder\Ai Generated\1 (557).png";"E:\OpenCloud\Persönlich (2)\Fotos\AI Art\Ai Generated\1 (557).png";"2998326";"Würde gelöscht werden"
"2026-09-28 22:56:54";"DryRun";"F:\Daten\Älter\Bilder\Ai Generated\1 (558).png";"E:\OpenCloud\Persönlich (2)\Fotos\AI Art\Ai Generated\1 (558).png";"2948179";"Würde gelöscht werden"
"2026-09-28 22:56:54";"DryRun";"F:\Daten\Älter\Bilder\Ai Generated\1 (559).png";"E:\OpenCloud\Persönlich (2)\Fotos\AI Art\Ai Generated\1 (559).png";"2890919";"Würde gelöscht werden"
"2026-09-28 22:56:54";"DryRun";"F:\Daten\Älter\Bilder\Ai Generated\1 (560).png";"E:\OpenCloud\Persönlich (2)\Fotos\AI Art\Ai Generated\1 (560).png";"3222349";"Würde gelöscht werden"
"2026-09-28 22:56:54";"DryRun";"F:\Daten\Älter\Bilder\Ai Generated\1 (562).png";"E:\OpenCloud\Persönlich (2)\Fotos\AI Art\Ai Generated\1 (562).png";"1783060";"Würde gelöscht werden"
"2026-09-28 22:56:54";"DryRun";"F:\Daten\Älter\Bilder\Ai Generated\1 (563).png";"E:\OpenCloud\Persönlich (2)\Fotos\AI Art\Ai Generated\1 (563).png";"1972604";"Würde gelöscht werden"
"2026-09-28 22:56:54";"DryRun";"F:\Daten\Älter\Bilder\Ai Generated\1 (564).png";"E:\OpenCloud\Persönlich (2)\Fotos\AI Art\Ai Generated\1 (564).png";"1651040";"Würde gelöscht werden"
"2026-09-28 22:56:54";"DryRun";"F:\Daten\Älter\Bilder\Ai Generated\1 (565).png";"E:\OpenCloud\Persönlich (2)\Fotos\AI Art\Ai Generated\1 (565).png";"1866272";"Würde gelöscht werden"
"2026-09-28 22:56:54";"DryRun";"F:\Daten\Älter\Bilder\Ai Generated\1 (566).png";"E:\OpenCloud\Persönlich (2)\Fotos\AI Art\Ai Generated\1 (566).png";"1196763";"Würde gelöscht werden"
"2026-09-28 22:56:54";"DryRun";"F:\Daten\Älter\Bilder\Ai Generated\1 (567).png";"E:\OpenCloud\Persönlich (2)\Fotos\AI Art\Ai Generated\1 (567).png";"1086283";"Würde gelöscht werden"
"2026-09-28 22:56:54";"DryRun";"F:\Daten\Älter\Bilder\Ai Generated\1 (568).png";"E:\OpenCloud\Persönlich (2)\Fotos\AI Art\Ai Generated\1 (568).png";"1235099";"Würde gelöscht werden"
"2026-09-28 22:56:54";"DryRun";"F:\Daten\Älter\Bilder\Ai Generated\1 (569).png";"E:\OpenCloud\Persönlich (2)\Fotos\AI Art\Ai Generated\1 (569).png";"1831392";"Würde gelöscht werden"
"2026-09-28 22:56:54";"DryRun";"F:\Daten\Älter\Bilder\Ai Generated\1 (570).png";"E:\OpenCloud\Persönlich (2)\Fotos\AI Art\Ai Generated\1 (570).png";"1346351";"Würde gelöscht werden"
"2026-09-28 22:56:54";"DryRun";"F:\Daten\Älter\Bilder\Ai Generated\1 (571).png";"E:\OpenCloud\Persönlich (2)\Fotos\AI Art\Ai Generated\1 (570).png";"1346351";"Würde gelöscht werden"
"2026-09-28 22:56:54";"DryRun";"F:\Daten\Älter\Bilder\Ai Generated\1 (572).png";"E:\OpenCloud\Persönlich (2)\Fotos\AI Art\Ai Generated\1 (572).png";"1309721";"Würde gelöscht werden"
"2026-09-28 22:56:54";"DryRun";"F:\Daten\Älter\Bilder\Ai Generated\1 (573).png";"E:\OpenCloud\Persönlich (2)\Fotos\AI Art\Ai Generated\1 (573).png";"1229048";"Würde gelöscht werden"
"2026-09-28 22:56:54";"DryRun";"F:\Daten\Älter\Bilder\Ai Generated\1 (574).png";"E:\OpenCloud\Persönlich (2)\Fotos\AI Art\Ai Generated\1 (574).png";"1048214";"Würde gelöscht werden"
"2026-09-28 22:56:54";"DryRun";"F:\Daten\Älter\Bilder\Ai Generated\1 (575).png";"E:\OpenCloud\Persönlich (2)\Fotos\AI Art\Ai Generated\1 (575).png";"1919916";"Würde gelöscht werden"
"2026-09-28 22:56:54";"DryRun";"F:\Daten\Älter\Bilder\Ai Generated\1 (576).png";"E:\OpenCloud\Persönlich (2)\Fotos\AI Art\Ai Generated\1 (575).png";"1919916";"Würde gelöscht werden"
"2026-09-28 22:56:54";"DryRun";"F:\Daten\Älter\Bilder\Ai Generated\1 (577).png";"E:\OpenCloud\Persönlich (2)\Fotos\AI Art\Ai Generated\1 (577).png";"1302505";"Würde gelöscht werden"
"2026-09-28 22:56:54";"DryRun";"F:\Daten\Älter\Bilder\Ai Generated\1 (578).png";"E:\OpenCloud\Persönlich (2)\Fotos\AI Art\Ai Generated\1 (578).png";"8971908";"Würde gelöscht werden"
"2026-09-28 22:56:54";"DryRun";"F:\Daten\Älter\Bilder\Ai Generated\1 (579).png";"E:\OpenCloud\Persönlich (2)\Fotos\AI Art\Ai Generated\1 (579).png";"4240392";"Würde gelöscht werden"
"2026-09-28 22:56:54";"DryRun";"F:\Daten\Älter\Bilder\Ai Generated\1 (580).png";"E:\OpenCloud\Persönlich (2)\Fotos\AI Art\Ai Generated\1 (580).png";"1182006";"Würde gelöscht werden"
"2026-09-28 22:56:54";"DryRun";"F:\Daten\Älter\Bilder\Ai Generated\1 (581).png";"E:\OpenCloud\Persönlich (2)\Fotos\AI Art\Ai Generated\1 (581).png";"6149254";"Würde gelöscht werden"
"2026-09-28 22:56:54";"DryRun";"F:\Daten\Älter\Bilder\Ai Generated\1 (582).png";"E:\OpenCloud\Persönlich (2)\Fotos\AI Art\Ai Generated\1 (582).png";"2257278";"Würde gelöscht werden"
"2026-09-28 22:56:54";"DryRun";"F:\Daten\Älter\Bilder\Ai Generated\1 (583).png";"E:\OpenCloud\Persönlich (2)\Fotos\AI Art\Ai Generated\1 (583).png";"2819297";"Würde gelöscht werden"
"2026-09-28 22:56:54";"DryRun";"F:\Daten\Älter\Bilder\Ai Generated\1 (584).png";"E:\OpenCloud\Persönlich (2)\Fotos\AI Art\Ai Generated\1 (584).png";"2932447";"Würde gelöscht werden"
"2026-09-28 22:56:54";"DryRun";"F:\Daten\Älter\Bilder\Ai Generated\1 (585).png";"E:\OpenCloud\Persönlich (2)\Fotos\AI Art\Ai Generated\1 (585).png";"3580838";"Würde gelöscht werden"
"2026-09-28 22:56:54";"DryRun";"F:\Daten\Älter\Bilder\Ai Generated\1 (586).png";"E:\OpenCloud\Persönlich (2)\Fotos\AI Art\Ai Generated\1 (586).png";"1213561";"Würde gelöscht werden"
"2026-09-28 22:56:54";"DryRun";"F:\Daten\Älter\Bilder\Ai Generated\1 (587).png";"E:\OpenCloud\Persönlich (2)\Fotos\AI Art\Ai Generated\1 (587).png";"3288275";"Würde gelöscht werden"
"2026-09-28 22:56:54";"DryRun";"F:\Daten\Älter\Bilder\Ai Generated\1 (588).png";"E:\OpenCloud\Persönlich (2)\Fotos\AI Art\Ai Generated\1 (588).png";"421580";"Würde gelöscht werden"
"2026-09-28 22:56:54";"DryRun";"F:\Daten\Älter\Bilder\Ai Generated\1 (589).png";"E:\OpenCloud\Persönlich (2)\Fotos\AI Art\Ai Generated\1 (589).png";"2541670";"Würde gelöscht werden"
"2026-09-28 22:56:54";"DryRun";"F:\Daten\Älter\Bilder\Ai Generated\1 (59).png";"E:\OpenCloud\Persönlich (2)\Fotos\AI Art\Ai Generated\1 (59).png";"3024202";"Würde gelöscht werden"
"2026-09-28 22:56:54";"DryRun";"F:\Daten\Älter\Bilder\Ai Generated\1 (590).png";"E:\OpenCloud\Persönlich (2)\Fotos\AI Art\Ai Generated\1 (590).png";"1478457";"Würde gelöscht werden"
"2026-09-28 22:56:54";"DryRun";"F:\Daten\Älter\Bilder\Ai Generated\1 (591).png";"E:\OpenCloud\Persönlich (2)\Fotos\AI Art\Ai Generated\1 (591).png";"3305407";"Würde gelöscht werden"
"2026-09-28 22:56:54";"DryRun";"F:\Daten\Älter\Bilder\Ai Generated\1 (592).png";"E:\OpenCloud\Persönlich (2)\Fotos\AI Art\Ai Generated\1 (592).png";"10275036";"Würde gelöscht werden"
"2026-09-28 22:56:54";"DryRun";"F:\Daten\Älter\Bilder\Ai Generated\1 (593).png";"E:\OpenCloud\Persönlich (2)\Fotos\AI Art\Ai Generated\1 (593).png";"764271";"Würde gelöscht werden"
"2026-09-28 22:56:54";"DryRun";"F:\Daten\Älter\Bilder\Ai Generated\1 (596).png";"E:\OpenCloud\Persönlich (2)\Fotos\AI Art\Ai Generated\1 (596).png";"9243688";"Würde gelöscht werden"
"2026-09-28 22:56:54";"DryRun";"F:\Daten\Älter\Bilder\Ai Generated\1 (597).png";"E:\OpenCloud\Persönlich (2)\Fotos\AI Art\Ai Generated\1 (597).png";"9503808";"Würde gelöscht werden"
"2026-09-28 22:56:54";"DryRun";"F:\Daten\Älter\Bilder\Ai Generated\1 (598).png";"E:\OpenCloud\Persönlich (2)\Fotos\AI Art\Ai Generated\1 (598).png";"9477472";"Würde gelöscht werden"
"2026-09-28 22:56:54";"DryRun";"F:\Daten\Älter\Bilder\Ai Generated\1 (599).png";"E:\OpenCloud\Persönlich (2)\Fotos\AI Art\Ai Generated\1 (599).png";"2946979";"Würde gelöscht werden"
"2026-09-28 22:56:54";"DryRun";"F:\Daten\Älter\Bilder\Ai Generated\1 (600).png";"E:\OpenCloud\Persönlich (2)\Fotos\AI Art\Ai Generated\1 (600).png";"10307281";"Würde gelöscht werden"
"2026-09-28 22:56:54";"DryRun";"F:\Daten\Älter\Bilder\Ai Generated\1 (601).png";"E:\OpenCloud\Persönlich (2)\Fotos\AI Art\Ai Generated\1 (601).png";"5377539";"Würde gelöscht werden"
"2026-09-28 22:56:54";"DryRun";"F:\Daten\Älter\Bilder\Ai Generated\1 (602).png";"E:\OpenCloud\Persönlich (2)\Fotos\AI Art\Ai Generated\1 (602).png";"6058454";"Würde gelöscht werden"
"2026-09-28 22:56:54";"DryRun";"F:\Daten\Älter\Bilder\Ai Generated\1 (603).png";"E:\OpenCloud\Persönlich (2)\Fotos\AI Art\Ai Generated\1 (603).png";"2209385";"Würde gelöscht werden"
"2026-09-28 22:56:54";"DryRun";"F:\Daten\Älter\Bilder\Ai Generated\1 (604).png";"E:\OpenCloud\Persönlich (2)\Fotos\AI Art\Ai Generated\1 (604).png";"9133642";"Würde gelöscht werden"
"2026-09-28 22:56:54";"DryRun";"F:\Daten\Älter\Bilder\Ai Generated\1 (605).png";"E:\OpenCloud\Persönlich (2)\Fotos\AI Art\Ai Generated\1 (605).png";"8700578";"Würde gelöscht werden"
"2026-09-28 22:56:54";"DryRun";"F:\Daten\Älter\Bilder\Ai Generated\1 (606).png";"E:\OpenCloud\Persönlich (2)\Fotos\AI Art\Ai Generated\1 (606).png";"6449972";"Würde gelöscht werden"
"2026-09-28 22:56:54";"DryRun";"F:\Daten\Älter\Bilder\Ai Generated\1 (607).png";"E:\OpenCloud\Persönlich (2)\Fotos\AI Art\Ai Generated\1 (607).png";"1308024";"Würde gelöscht werden"
"2026-09-28 22:56:54";"DryRun";"F:\Daten\Älter\Bilder\Ai Generated\1 (608).png";"E:\OpenCloud\Persönlich (2)\Fotos\AI Art\Ai Generated\1 (608).png";"2118713";"Würde gelöscht werden"
"2026-09-28 22:56:54";"DryRun";"F:\Daten\Älter\Bilder\Ai Generated\1 (609).png";"E:\OpenCloud\Persönlich (2)\Fotos\AI Art\Ai Generated\1 (609).png";"2147185";"Würde gelöscht werden"
"2026-09-28 22:56:54";"DryRun";"F:\Daten\Älter\Bilder\Ai Generated\1 (61).png";"E:\OpenCloud\Persönlich (2)\Fotos\AI Art\Ai Generated\1 (30).png";"3111673";"Würde gelöscht werden"
"2026-09-28 22:56:54";"DryRun";"F:\Daten\Älter\Bilder\Ai Generated\1 (610).png";"E:\OpenCloud\Persönlich (2)\Fotos\AI Art\Ai Generated\1 (610).png";"2215600";"Würde gelöscht werden"
"2026-09-28 22:56:54";"DryRun";"F:\Daten\Älter\Bilder\Ai Generated\1 (611).png";"E:\OpenCloud\Persönlich (2)\Fotos\AI Art\Ai Generated\1 (611).png";"1416928";"Würde gelöscht werden"
"2026-09-28 22:56:54";"DryRun";"F:\Daten\Älter\Bilder\Ai Generated\1 (612).png";"E:\OpenCloud\Persönlich (2)\Fotos\AI Art\Ai Generated\1 (612).png";"10789078";"Würde gelöscht werden"
"2026-09-28 22:56:54";"DryRun";"F:\Daten\Älter\Bilder\Ai Generated\1 (613).png";"E:\OpenCloud\Persönlich (2)\Fotos\AI Art\Ai Generated\1 (613).png";"5121310";"Würde gelöscht werden"
"2026-09-28 22:56:54";"DryRun";"F:\Daten\Älter\Bilder\Ai Generated\1 (614).png";"E:\OpenCloud\Persönlich (2)\Fotos\AI Art\Ai Generated\1 (614).png";"5528894";"Würde gelöscht werden"
"2026-09-28 22:56:54";"DryRun";"F:\Daten\Älter\Bilder\Ai Generated\1 (615).png";"E:\OpenCloud\Persönlich (2)\Fotos\AI Art\Ai Generated\1 (615).png";"9717052";"Würde gelöscht werden"
"2026-09-28 22:56:54";"DryRun";"F:\Daten\Älter\Bilder\Ai Generated\1 (616).png";"E:\OpenCloud\Persönlich (2)\Fotos\AI Art\Ai Generated\1 (616).png";"12067337";"Würde gelöscht werden"
"2026-09-28 22:56:54";"DryRun";"F:\Daten\Älter\Bilder\Ai Generated\1 (617).png";"E:\OpenCloud\Persönlich (2)\Fotos\AI Art\Ai Generated\1 (617).png";"1170798";"Würde gelöscht werden"
"2026-09-28 22:56:54";"DryRun";"F:\Daten\Älter\Bilder\Ai Generated\1 (618).png";"E:\OpenCloud\Persönlich (2)\Fotos\AI Art\Ai Generated\1 (618).png";"4003487";"Würde gelöscht werden"
"2026-09-28 22:56:54";"DryRun";"F:\Daten\Älter\Bilder\Ai Generated\1 (619).png";"E:\OpenCloud\Persönlich (2)\Fotos\AI Art\Ai Generated\1 (619).png";"3371157";"Würde gelöscht werden"
"2026-09-28 22:56:54";"DryRun";"F:\Daten\Älter\Bilder\Ai Generated\1 (620).png";"E:\OpenCloud\Persönlich (2)\Fotos\AI Art\Ai Generated\1 (620).png";"3553337";"Würde gelöscht werden"
"2026-09-28 22:56:54";"DryRun";"F:\Daten\Älter\Bilder\Ai Generated\1 (621).png";"E:\OpenCloud\Persönlich (2)\Fotos\AI Art\Ai Generated\1 (621).png";"7897617";"Würde gelöscht werden"
"2026-09-28 22:56:54";"DryRun";"F:\Daten\Älter\Bilder\Ai Generated\1 (622).png";"E:\OpenCloud\Persönlich (2)\Fotos\AI Art\Ai Generated\1 (622).png";"2126987";"Würde gelöscht werden"
"2026-09-28 22:56:54";"DryRun";"F:\Daten\Älter\Bilder\Ai Generated\1 (623).png";"E:\OpenCloud\Persönlich (2)\Fotos\AI Art\Ai Generated\1 (623).png";"5326474";"Würde gelöscht werden"
"2026-09-28 22:56:54";"DryRun";"F:\Daten\Älter\Bilder\Ai Generated\1 (624).png";"E:\OpenCloud\Persönlich (2)\Fotos\AI Art\Ai Generated\1 (624).png";"5054717";"Würde gelöscht werden"
"2026-09-28 22:56:54";"DryRun";"F:\Daten\Älter\Bilder\Ai Generated\1 (625).png";"E:\OpenCloud\Persönlich (2)\Fotos\AI Art\Ai Generated\1 (625).png";"1386759";"Würde gelöscht werden"
"2026-09-28 22:56:54";"DryRun";"F:\Daten\Älter\Bilder\Ai Generated\1 (626).png";"E:\OpenCloud\Persönlich (2)\Fotos\AI Art\Ai Generated\1 (626).png";"4855324";"Würde gelöscht werden"
"2026-09-28 22:56:54";"DryRun";"F:\Daten\Älter\Bilder\Ai Generated\1 (627).png";"E:\OpenCloud\Persönlich (2)\Fotos\AI Art\Ai Generated\1 (627).png";"1328430";"Würde gelöscht werden"
"2026-09-28 22:56:54";"DryRun";"F:\Daten\Älter\Bilder\Ai Generated\1 (628).png";"E:\OpenCloud\Persönlich (2)\Fotos\AI Art\Ai Generated\1 (628).png";"4461122";"Würde gelöscht werden"
"2026-09-28 22:56:55";"DryRun";"F:\Daten\Älter\Bilder\Ai Generated\1 (629).png";"E:\OpenCloud\Persönlich (2)\Fotos\AI Art\Ai Generated\1 (629).png";"4664453";"Würde gelöscht werden"
"2026-09-28 22:56:55";"DryRun";"F:\Daten\Älter\Bilder\Ai Generated\1 (630).png";"E:\OpenCloud\Persönlich (2)\Fotos\AI Art\Ai Generated\1 (630).png";"4497418";"Würde gelöscht werden"
"2026-09-28 22:56:55";"DryRun";"F:\Daten\Älter\Bilder\Ai Generated\1 (631).png";"E:\OpenCloud\Persönlich (2)\Fotos\AI Art\Ai Generated\1 (631).png";"4046699";"Würde gelöscht werden"
"2026-09-28 22:56:55";"DryRun";"F:\Daten\Älter\Bilder\Ai Generated\1 (632).png";"E:\OpenCloud\Persönlich (2)\Fotos\AI Art\Ai Generated\1 (632).png";"4416332";"Würde gelöscht werden"
"2026-09-28 22:56:55";"DryRun";"F:\Daten\Älter\Bilder\Ai Generated\1 (633).png";"E:\OpenCloud\Persönlich (2)\Fotos\AI Art\Ai Generated\1 (633).png";"1186091";"Würde gelöscht werden"
"2026-09-28 22:56:55";"DryRun";"F:\Daten\Älter\Bilder\Ai Generated\1 (635).png";"E:\OpenCloud\Persönlich (2)\Fotos\AI Art\Ai Generated\1 (635).png";"1145417";"Würde gelöscht werden"
"2026-09-28 22:56:55";"DryRun";"F:\Daten\Älter\Bilder\Ai Generated\1 (636).png";"E:\OpenCloud\Persönlich (2)\Fotos\AI Art\Ai Generated\1 (636).png";"1153073";"Würde gelöscht werden"
"2026-09-28 22:56:55";"DryRun";"F:\Daten\Älter\Bilder\Ai Generated\1 (637).png";"E:\OpenCloud\Persönlich (2)\Fotos\AI Art\Ai Generated\1 (637).png";"4158773";"Würde gelöscht werden"
"2026-09-28 22:56:55";"DryRun";"F:\Daten\Älter\Bilder\Ai Generated\1 (638).png";"E:\OpenCloud\Persönlich (2)\Fotos\AI Art\Ai Generated\1 (638).png";"3879072";"Würde gelöscht werden"
"2026-09-28 22:56:55";"DryRun";"F:\Daten\Älter\Bilder\Ai Generated\1 (639).png";"E:\OpenCloud\Persönlich (2)\Fotos\AI Art\Ai Generated\1 (639).png";"4234282";"Würde gelöscht werden"
"2026-09-28 22:56:55";"DryRun";"F:\Daten\Älter\Bilder\Ai Generated\1 (640).png";"E:\OpenCloud\Persönlich (2)\Fotos\AI Art\Ai Generated\1 (640).png";"3681519";"Würde gelöscht werden"
"2026-09-28 22:56:55";"DryRun";"F:\Daten\Älter\Bilder\Ai Generated\1 (641).png";"E:\OpenCloud\Persönlich (2)\Fotos\AI Art\Ai Generated\1 (641).png";"3789752";"Würde gelöscht werden"
"2026-09-28 22:56:55";"DryRun";"F:\Daten\Älter\Bilder\Ai Generated\1 (642).png";"E:\OpenCloud\Persönlich (2)\Fotos\AI Art\Ai Generated\1 (641).png";"3789752";"Würde gelöscht werden"
"2026-09-28 22:56:55";"DryRun";"F:\Daten\Älter\Bilder\Ai Generated\1 (643).png";"E:\OpenCloud\Persönlich (2)\Fotos\AI Art\Ai Generated\1 (643).png";"3997339";"Würde gelöscht werden"
"2026-09-28 22:56:55";"DryRun";"F:\Daten\Älter\Bilder\Ai Generated\1 (644).png";"E:\OpenCloud\Persönlich (2)\Fotos\AI Art\Ai Generated\1 (644).png";"74491543";"Würde gelöscht werden"
"2026-09-28 22:56:55";"DryRun";"F:\Daten\Älter\Bilder\Ai Generated\1 (645).png";"E:\OpenCloud\Persönlich (2)\Fotos\AI Art\Ai Generated\1 (645).png";"4465891";"Würde gelöscht werden"
"2026-09-28 22:56:55";"DryRun";"F:\Daten\Älter\Bilder\Ai Generated\1 (646).png";"E:\OpenCloud\Persönlich (2)\Fotos\AI Art\Ai Generated\1 (646).png";"4780740";"Würde gelöscht werden"
"2026-09-28 22:56:55";"DryRun";"F:\Daten\Älter\Bilder\Ai Generated\1 (647).png";"E:\OpenCloud\Persönlich (2)\Fotos\AI Art\Ai Generated\1 (647).png";"16679019";"Würde gelöscht werden"
"2026-09-28 22:56:55";"DryRun";"F:\Daten\Älter\Bilder\Ai Generated\1 (648).png";"E:\OpenCloud\Persönlich (2)\Fotos\AI Art\Ai Generated\1 (648).png";"4634946";"Würde gelöscht werden"
"2026-09-28 22:56:55";"DryRun";"F:\Daten\Älter\Bilder\Ai Generated\1 (649).png";"E:\OpenCloud\Persönlich (2)\Fotos\AI Art\Ai Generated\1 (649).png";"520157";"Würde gelöscht werden"
"2026-09-28 22:56:55";"DryRun";"F:\Daten\Älter\Bilder\Ai Generated\1 (65).png";"E:\OpenCloud\Persönlich (2)\Fotos\AI Art\Ai Generated\1 (243).png";"2511198";"Würde gelöscht werden"
"2026-09-28 22:56:55";"DryRun";"F:\Daten\Älter\Bilder\Ai Generated\1 (650).png";"E:\OpenCloud\Persönlich (2)\Fotos\AI Art\Ai Generated\1 (650).png";"476094";"Würde gelöscht werden"
"2026-09-28 22:56:55";"DryRun";"F:\Daten\Älter\Bilder\Ai Generated\1 (651).png";"E:\OpenCloud\Persönlich (2)\Fotos\AI Art\Ai Generated\1 (651).png";"551557";"Würde gelöscht werden"
"2026-09-28 22:56:55";"DryRun";"F:\Daten\Älter\Bilder\Ai Generated\1 (652).png";"E:\OpenCloud\Persönlich (2)\Fotos\AI Art\Ai Generated\1 (652).png";"411932";"Würde gelöscht werden"
"2026-09-28 22:56:55";"DryRun";"F:\Daten\Älter\Bilder\Ai Generated\1 (653).png";"E:\OpenCloud\Persönlich (2)\Fotos\AI Art\Ai Generated\1 (653).png";"510916";"Würde gelöscht werden"
"2026-09-28 22:56:55";"DryRun";"F:\Daten\Älter\Bilder\Ai Generated\1 (654).png";"E:\OpenCloud\Persönlich (2)\Fotos\AI Art\Ai Generated\1 (654).png";"6596530";"Würde gelöscht werden"
"2026-09-28 22:56:55";"DryRun";"F:\Daten\Älter\Bilder\Ai Generated\1 (655).png";"E:\OpenCloud\Persönlich (2)\Fotos\AI Art\Ai Generated\1 (655).png";"1880615";"Würde gelöscht werden"
"2026-09-28 22:56:55";"DryRun";"F:\Daten\Älter\Bilder\Ai Generated\1 (656).png";"E:\OpenCloud\Persönlich (2)\Fotos\AI Art\Ai Generated\1 (656).png";"8723289";"Würde gelöscht werden"
"2026-09-28 22:56:55";"DryRun";"F:\Daten\Älter\Bilder\Ai Generated\1 (657).png";"E:\OpenCloud\Persönlich (2)\Fotos\AI Art\Ai Generated\1 (657).png";"20907719";"Würde gelöscht werden"
"2026-09-28 22:56:55";"DryRun";"F:\Daten\Älter\Bilder\Ai Generated\1 (658).png";"E:\OpenCloud\Persönlich (2)\Fotos\AI Art\Ai Generated\1 (658).png";"24829078";"Würde gelöscht werden"
"2026-09-28 22:56:55";"DryRun";"F:\Daten\Älter\Bilder\Ai Generated\1 (659).png";"E:\OpenCloud\Persönlich (2)\Fotos\AI Art\Ai Generated\1 (659).png";"5217480";"Würde gelöscht werden"
"2026-09-28 22:56:55";"DryRun";"F:\Daten\Älter\Bilder\Ai Generated\1 (660).png";"E:\OpenCloud\Persönlich (2)\Fotos\AI Art\Ai Generated\1 (660).png";"6898700";"Würde gelöscht werden"
"2026-09-28 22:56:55";"DryRun";"F:\Daten\Älter\Bilder\Ai Generated\1 (662).png";"E:\OpenCloud\Persönlich (2)\Fotos\AI Art\Ai Generated\1 (662).png";"4834272";"Würde gelöscht werden"
"2026-09-28 22:56:55";"DryRun";"F:\Daten\Älter\Bilder\Ai Generated\1 (664).png";"E:\OpenCloud\Persönlich (2)\Fotos\AI Art\Ai Generated\1 (664).png";"5673940";"Würde gelöscht werden"
"2026-09-28 22:56:55";"DryRun";"F:\Daten\Älter\Bilder\Ai Generated\1 (665).png";"E:\OpenCloud\Persönlich (2)\Fotos\AI Art\Ai Generated\1 (665).png";"1551964";"Würde gelöscht werden"
"2026-09-28 22:56:55";"DryRun";"F:\Daten\Älter\Bilder\Ai Generated\1 (666).png";"E:\OpenCloud\Persönlich (2)\Fotos\AI Art\Ai Generated\1 (666).png";"24881664";"Würde gelöscht werden"
"2026-09-28 22:56:55";"DryRun";"F:\Daten\Älter\Bilder\Ai Generated\1 (667).png";"E:\OpenCloud\Persönlich (2)\Fotos\AI Art\Ai Generated\1 (667).png";"6101144";"Würde gelöscht werden"
"2026-09-28 22:56:55";"DryRun";"F:\Daten\Älter\Bilder\Ai Generated\1 (668).png";"E:\OpenCloud\Persönlich (2)\Fotos\AI Art\Ai Generated\1 (668).png";"2119220";"Würde gelöscht werden"
"2026-09-28 22:56:55";"DryRun";"F:\Daten\Älter\Bilder\Ai Generated\1 (67).png";"E:\OpenCloud\Persönlich (2)\Fotos\AI Art\Ai Generated\1 (241).png";"3016514";"Würde gelöscht werden"
"2026-09-28 22:56:55";"DryRun";"F:\Daten\Älter\Bilder\Ai Generated\1 (672).png";"E:\OpenCloud\Persönlich (2)\Fotos\AI Art\Ai Generated\1 (672).png";"7144308";"Würde gelöscht werden"
"2026-09-28 22:56:55";"DryRun";"F:\Daten\Älter\Bilder\Ai Generated\1 (673).png";"E:\OpenCloud\Persönlich (2)\Fotos\AI Art\Ai Generated\1 (673).png";"19850890";"Würde gelöscht werden"
"2026-09-28 22:56:55";"DryRun";"F:\Daten\Älter\Bilder\Ai Generated\1 (674).png";"E:\OpenCloud\Persönlich (2)\Fotos\AI Art\Ai Generated\1 (674).png";"9073736";"Würde gelöscht werden"
"2026-09-28 22:56:55";"DryRun";"F:\Daten\Älter\Bilder\Ai Generated\1 (675).png";"E:\OpenCloud\Persönlich (2)\Fotos\AI Art\Ai Generated\1 (675).png";"2470247";"Würde gelöscht werden"
"2026-09-28 22:56:55";"DryRun";"F:\Daten\Älter\Bilder\Ai Generated\1 (676).png";"E:\OpenCloud\Persönlich (2)\Fotos\AI Art\Ai Generated\1 (676).png";"2479010";"Würde gelöscht werden"
"2026-09-28 22:56:55";"DryRun";"F:\Daten\Älter\Bilder\Ai Generated\1 (677).png";"E:\OpenCloud\Persönlich (2)\Fotos\AI Art\Ai Generated\1 (677).png";"9755816";"Würde gelöscht werden"
"2026-09-28 22:56:55";"DryRun";"F:\Daten\Älter\Bilder\Ai Generated\1 (678).png";"E:\OpenCloud\Persönlich (2)\Fotos\AI Art\Ai Generated\1 (678).png";"8752627";"Würde gelöscht werden"
"2026-09-28 22:56:55";"DryRun";"F:\Daten\Älter\Bilder\Ai Generated\1 (679).png";"E:\OpenCloud\Persönlich (2)\Fotos\AI Art\Ai Generated\1 (679).png";"9863752";"Würde gelöscht werden"
"2026-09-28 22:56:55";"DryRun";"F:\Daten\Älter\Bilder\Ai Generated\1 (68).png";"E:\OpenCloud\Persönlich (2)\Fotos\AI Art\Ai Generated\1 (68).png";"2920280";"Würde gelöscht werden"
"2026-09-28 22:56:55";"DryRun";"F:\Daten\Älter\Bilder\Ai Generated\1 (680).png";"E:\OpenCloud\Persönlich (2)\Fotos\AI Art\Ai Generated\1 (680).png";"2688490";"Würde gelöscht werden"
"2026-09-28 22:56:55";"DryRun";"F:\Daten\Älter\Bilder\Ai Generated\1 (681).png";"E:\OpenCloud\Persönlich (2)\Fotos\AI Art\Ai Generated\1 (681).png";"9239570";"Würde gelöscht werden"
"2026-09-28 22:56:55";"DryRun";"F:\Daten\Älter\Bilder\Ai Generated\1 (682).png";"E:\OpenCloud\Persönlich (2)\Fotos\AI Art\Ai Generated\1 (682).png";"9196048";"Würde gelöscht werden"
"2026-09-28 22:56:55";"DryRun";"F:\Daten\Älter\Bilder\Ai Generated\1 (683).png";"E:\OpenCloud\Persönlich (2)\Fotos\AI Art\Ai Generated\1 (287).png";"8636769";"Würde gelöscht werden"
"2026-09-28 22:56:55";"DryRun";"F:\Daten\Älter\Bilder\Ai Generated\1 (684).png";"E:\OpenCloud\Persönlich (2)\Fotos\AI Art\Ai Generated\1 (684).png";"8080707";"Würde gelöscht werden"
"2026-09-28 22:56:55";"DryRun";"F:\Daten\Älter\Bilder\Ai Generated\1 (685).png";"E:\OpenCloud\Persönlich (2)\Fotos\AI Art\Ai Generated\1 (685).png";"19978971";"Würde gelöscht werden"
"2026-09-28 22:56:55";"DryRun";"F:\Daten\Älter\Bilder\Ai Generated\1 (687).png";"E:\OpenCloud\Persönlich (2)\Fotos\AI Art\Ai Generated\1 (687).png";"4840648";"Würde gelöscht werden"
"2026-09-28 22:56:55";"DryRun";"F:\Daten\Älter\Bilder\Ai Generated\1 (688).png";"E:\OpenCloud\Persönlich (2)\Fotos\AI Art\Ai Generated\1 (688).png";"4780780";"Würde gelöscht werden"
"2026-09-28 22:56:55";"DryRun";"F:\Daten\Älter\Bilder\Ai Generated\1 (689).png";"E:\OpenCloud\Persönlich (2)\Fotos\AI Art\Ai Generated\1 (689).png";"16402835";"Würde gelöscht werden"
"2026-09-28 22:56:55";"DryRun";"F:\Daten\Älter\Bilder\Ai Generated\1 (690).png";"E:\OpenCloud\Persönlich (2)\Fotos\AI Art\Ai Generated\1 (690).png";"4695082";"Würde gelöscht werden"
"2026-09-28 22:56:55";"DryRun";"F:\Daten\Älter\Bilder\Ai Generated\1 (691).png";"E:\OpenCloud\Persönlich (2)\Fotos\AI Art\Ai Generated\1 (691).png";"4958853";"Würde gelöscht werden"
"2026-09-28 22:56:55";"DryRun";"F:\Daten\Älter\Bilder\Ai Generated\1 (692).png";"E:\OpenCloud\Persönlich (2)\Fotos\AI Art\Ai Generated\1 (692).png";"5043691";"Würde gelöscht werden"
"2026-09-28 22:56:55";"DryRun";"F:\Daten\Älter\Bilder\Ai Generated\1 (694).png";"E:\OpenCloud\Persönlich (2)\Fotos\AI Art\Ai Generated\1 (694).png";"4341996";"Würde gelöscht werden"
"2026-09-28 22:56:55";"DryRun";"F:\Daten\Älter\Bilder\Ai Generated\1 (695).png";"E:\OpenCloud\Persönlich (2)\Fotos\AI Art\Ai Generated\1 (695).png";"5143264";"Würde gelöscht werden"
"2026-09-28 22:56:55";"DryRun";"F:\Daten\Älter\Bilder\Ai Generated\1 (696).png";"E:\OpenCloud\Persönlich (2)\Fotos\AI Art\Ai Generated\1 (696).png";"4796074";"Würde gelöscht werden"
"2026-09-28 22:56:55";"DryRun";"F:\Daten\Älter\Bilder\Ai Generated\1 (697).png";"E:\OpenCloud\Persönlich (2)\Fotos\AI Art\Ai Generated\1 (697).png";"4919367";"Würde gelöscht werden"
"2026-09-28 22:56:55";"DryRun";"F:\Daten\Älter\Bilder\Ai Generated\1 (698).png";"E:\OpenCloud\Persönlich (2)\Fotos\AI Art\Ai Generated\1 (698).png";"5279576";"Würde gelöscht werden"
"2026-09-28 22:56:55";"DryRun";"F:\Daten\Älter\Bilder\Ai Generated\1 (699).png";"E:\OpenCloud\Persönlich (2)\Fotos\AI Art\Ai Generated\1 (699).png";"4729623";"Würde gelöscht werden"
"2026-09-28 22:56:55";"DryRun";"F:\Daten\Älter\Bilder\Ai Generated\1 (70).png";"E:\OpenCloud\Persönlich (2)\Fotos\AI Art\Ai Generated\1 (70).png";"3110108";"Würde gelöscht werden"
"2026-09-28 22:56:55";"DryRun";"F:\Daten\Älter\Bilder\Ai Generated\1 (700).png";"E:\OpenCloud\Persönlich (2)\Fotos\AI Art\Ai Generated\1 (700).png";"4413695";"Würde gelöscht werden"
"2026-09-28 22:56:55";"DryRun";"F:\Daten\Älter\Bilder\Ai Generated\1 (701).png";"E:\OpenCloud\Persönlich (2)\Fotos\AI Art\Ai Generated\1 (701).png";"4569413";"Würde gelöscht werden"
"2026-09-28 22:56:55";"DryRun";"F:\Daten\Älter\Bilder\Ai Generated\1 (702).png";"E:\OpenCloud\Persönlich (2)\Fotos\AI Art\Ai Generated\1 (702).png";"16373733";"Würde gelöscht werden"
"2026-09-28 22:56:55";"DryRun";"F:\Daten\Älter\Bilder\Ai Generated\1 (703).png";"E:\OpenCloud\Persönlich (2)\Fotos\AI Art\Ai Generated\1 (703).png";"5388590";"Würde gelöscht werden"
"2026-09-28 22:56:55";"DryRun";"F:\Daten\Älter\Bilder\Ai Generated\1 (704).png";"E:\OpenCloud\Persönlich (2)\Fotos\AI Art\Ai Generated\1 (704).png";"5840914";"Würde gelöscht werden"
"2026-09-28 22:56:55";"DryRun";"F:\Daten\Älter\Bilder\Ai Generated\1 (705).png";"E:\OpenCloud\Persönlich (2)\Fotos\AI Art\Ai Generated\1 (705).png";"17282836";"Würde gelöscht werden"
"2026-09-28 22:56:55";"DryRun";"F:\Daten\Älter\Bilder\Ai Generated\1 (706).png";"E:\OpenCloud\Persönlich (2)\Fotos\AI Art\Ai Generated\1 (706).png";"5186057";"Würde gelöscht werden"
"2026-09-28 22:56:55";"DryRun";"F:\Daten\Älter\Bilder\Ai Generated\1 (707).png";"E:\OpenCloud\Persönlich (2)\Fotos\AI Art\Ai Generated\1 (707).png";"5803571";"Würde gelöscht werden"
"2026-09-28 22:56:55";"DryRun";"F:\Daten\Älter\Bilder\Ai Generated\1 (708).png";"E:\OpenCloud\Persönlich (2)\Fotos\AI Art\Ai Generated\1 (707).png";"5803571";"Würde gelöscht werden"
"2026-09-28 22:56:55";"DryRun";"F:\Daten\Älter\Bilder\Ai Generated\1 (709).png";"E:\OpenCloud\Persönlich (2)\Fotos\AI Art\Ai Generated\1 (709).png";"1570400";"Würde gelöscht werden"
"2026-09-28 22:56:55";"DryRun";"F:\Daten\Älter\Bilder\Ai Generated\1 (710).png";"E:\OpenCloud\Persönlich (2)\Fotos\AI Art\Ai Generated\1 (710).png";"4528088";"Würde gelöscht werden"
"2026-09-28 22:56:55";"DryRun";"F:\Daten\Älter\Bilder\Ai Generated\1 (711).png";"E:\OpenCloud\Persönlich (2)\Fotos\AI Art\Ai Generated\1 (711).png";"725478";"Würde gelöscht werden"
"2026-09-28 22:56:55";"DryRun";"F:\Daten\Älter\Bilder\Ai Generated\1 (712).png";"E:\OpenCloud\Persönlich (2)\Fotos\AI Art\Ai Generated\1 (712).png";"9490156";"Würde gelöscht werden"
"2026-09-28 22:56:55";"DryRun";"F:\Daten\Älter\Bilder\Ai Generated\1 (713).png";"E:\OpenCloud\Persönlich (2)\Fotos\AI Art\Ai Generated\1 (713).png";"10042375";"Würde gelöscht werden"
"2026-09-28 22:56:55";"DryRun";"F:\Daten\Älter\Bilder\Ai Generated\1 (714).png";"E:\OpenCloud\Persönlich (2)\Fotos\AI Art\Ai Generated\1 (714).png";"4083017";"Würde gelöscht werden"
"2026-09-28 22:56:55";"DryRun";"F:\Daten\Älter\Bilder\Ai Generated\1 (715).png";"E:\OpenCloud\Persönlich (2)\Fotos\AI Art\Ai Generated\1 (715).png";"1337723";"Würde gelöscht werden"
"2026-09-28 22:56:55";"DryRun";"F:\Daten\Älter\Bilder\Ai Generated\1 (716).png";"E:\OpenCloud\Persönlich (2)\Fotos\AI Art\Ai Generated\1 (716).png";"18792678";"Würde gelöscht werden"
"2026-09-28 22:56:55";"DryRun";"F:\Daten\Älter\Bilder\Ai Generated\1 (785).png";"E:\OpenCloud\Persönlich (2)\Fotos\AI Art\Ai Generated\1 (409).png";"9076280";"Würde gelöscht werden"
"2026-09-28 22:56:55";"DryRun";"F:\Daten\Älter\Bilder\Ai Generated\1 (828).png";"E:\OpenCloud\Persönlich (2)\Fotos\AI Art\Ai Generated\1 (158).png";"2940562";"Würde gelöscht werden"
"2026-09-28 22:56:55";"DryRun";"F:\Daten\Älter\Bilder\Ai Generated\1 (829).png";"E:\OpenCloud\Persönlich (2)\Fotos\AI Art\Ai Generated\1 (159).png";"2978306";"Würde gelöscht werden"
"2026-09-28 22:56:55";"DryRun";"F:\Daten\Älter\Bilder\Ai Generated\1 (86).png";"E:\OpenCloud\Persönlich (2)\Fotos\AI Art\Ai Generated\1 (221).png";"2905590";"Würde gelöscht werden"
"2026-09-28 22:56:55";"DryRun";"F:\Daten\Älter\Bilder\Ai Generated\1 (90).png";"E:\OpenCloud\Persönlich (2)\Fotos\AI Art\Ai Generated\1 (217).png";"2894643";"Würde gelöscht werden"
"2026-09-28 22:56:55";"DryRun";"F:\Daten\Älter\Bilder\Ai Generated\1 (92).png";"E:\OpenCloud\Persönlich (2)\Fotos\AI Art\Ai Generated\1 (215).png";"2898509";"Würde gelöscht werden"
"2026-09-28 22:56:55";"DryRun";"F:\Daten\Älter\Bilder\Ai Generated\1 (94).png";"E:\OpenCloud\Persönlich (2)\Fotos\AI Art\Ai Generated\1 (213).png";"2963830";"Würde gelöscht werden"
"2026-09-28 22:56:55";"DryRun";"F:\Daten\Älter\Bilder\Ai Generated\1 (95).png";"E:\OpenCloud\Persönlich (2)\Fotos\AI Art\Ai Generated\1 (212).png";"2786133";"Würde gelöscht werden"
"2026-09-28 22:56:55";"DryRun";"F:\Daten\Älter\Bilder\Bilder aus der Jugend\10000981_632563623479668_1134692011099801643_o.jpg";"E:\OpenCloud\Persönlich (2)\Fotos\Verschiedenes\Bilder aus der Jugend\10000981_632563623479668_1134692011099801643_o.jpg";"341735";"Würde gelöscht werden"
"2026-09-28 22:56:55";"DryRun";"F:\Daten\Älter\Bilder\Bilder aus der Jugend\10001116_677835668929705_7495812514708800330_o.jpg";"E:\OpenCloud\Persönlich (2)\Fotos\Verschiedenes\Bilder aus der Jugend\10001116_677835668929705_7495812514708800330_o.jpg";"183315";"Würde gelöscht werden"
"2026-09-28 22:56:55";"DryRun";"F:\Daten\Älter\Bilder\Bilder aus der Jugend\10006060_677835892263016_3391626852097374125_o.jpg";"E:\OpenCloud\Persönlich (2)\Fotos\Verschiedenes\Bilder aus der Jugend\10006060_677835892263016_3391626852097374125_o.jpg";"216864";"Würde gelöscht werden"
"2026-09-28 22:56:55";"DryRun";"F:\Daten\Älter\Bilder\Bilder aus der Jugend\1012084_658634207516518_588309968_n.jpg";"E:\OpenCloud\Persönlich (2)\Fotos\Verschiedenes\Bilder aus der Jugend\1012084_658634207516518_588309968_n.jpg";"63717";"Würde gelöscht werden"
"2026-09-28 22:56:55";"DryRun";"F:\Daten\Älter\Bilder\Bilder aus der Jugend\10258787_632563646812999_4148987163219511222_o.jpg";"E:\OpenCloud\Persönlich (2)\Fotos\Verschiedenes\Bilder aus der Jugend\10258787_632563646812999_4148987163219511222_o.jpg";"343593";"Würde gelöscht werden"
"2026-09-28 22:56:55";"DryRun";"F:\Daten\Älter\Bilder\Bilder aus der Jugend\10265408_677835842263021_3611531964821604056_o.jpg";"E:\OpenCloud\Persönlich (2)\Fotos\Verschiedenes\Bilder aus der Jugend\10265408_677835842263021_3611531964821604056_o.jpg";"166534";"Würde gelöscht werden"
"2026-09-28 22:56:55";"DryRun";"F:\Daten\Älter\Bilder\Bilder aus der Jugend\1150950_658628537517085_233901400_n.jpg";"E:\OpenCloud\Persönlich (2)\Fotos\Verschiedenes\Bilder aus der Jugend\1150950_658628537517085_233901400_n.jpg";"47715";"Würde gelöscht werden"
"2026-09-28 22:56:55";"DryRun";"F:\Daten\Älter\Bilder\Bilder aus der Jugend\12778_658630924183513_1301123925_n.jpg";"E:\OpenCloud\Persönlich (2)\Fotos\Verschiedenes\Bilder aus der Jugend\12778_658630924183513_1301123925_n.jpg";"54800";"Würde gelöscht werden"
"2026-09-28 22:56:55";"DryRun";"F:\Daten\Älter\Bilder\Bilder aus der Jugend\1451378_658612937518645_1182309320_n.jpg";"E:\OpenCloud\Persönlich (2)\Fotos\Verschiedenes\Bilder aus der Jugend\1451378_658612937518645_1182309320_n.jpg";"40246";"Würde gelöscht werden"
"2026-09-28 22:56:55";"DryRun";"F:\Daten\Älter\Bilder\Bilder aus der Jugend\1497440_658625127517426_222872265_n.jpg";"E:\OpenCloud\Persönlich (2)\Fotos\Verschiedenes\Bilder aus der Jugend\1497440_658625127517426_222872265_n.jpg";"70845";"Würde gelöscht werden"
"2026-09-28 22:56:55";"DryRun";"F:\Daten\Älter\Bilder\Bilder aus der Jugend\1506039_658589840854288_1133783198_n.jpg";"E:\OpenCloud\Persönlich (2)\Fotos\Verschiedenes\Bilder aus der Jugend\1506039_658589840854288_1133783198_n.jpg";"47975";"Würde gelöscht werden"
"2026-09-28 22:56:55";"DryRun";"F:\Daten\Älter\Bilder\Bilder aus der Jugend\1506708_658611934185412_2103371450_n.jpg";"E:\OpenCloud\Persönlich (2)\Fotos\Verschiedenes\Bilder aus der Jugend\1506708_658611934185412_2103371450_n.jpg";"57029";"Würde gelöscht werden"
"2026-09-28 22:56:55";"DryRun";"F:\Daten\Älter\Bilder\Bilder aus der Jugend\1506830_658611127518826_507381638_n.jpg";"E:\OpenCloud\Persönlich (2)\Fotos\Verschiedenes\Bilder aus der Jugend\1506830_658611127518826_507381638_n.jpg";"54190";"Würde gelöscht werden"
"2026-09-28 22:56:55";"DryRun";"F:\Daten\Älter\Bilder\Bilder aus der Jugend\1511025_658589887520950_30235553_n.jpg";"E:\OpenCloud\Persönlich (2)\Fotos\Verschiedenes\Bilder aus der Jugend\1511025_658589887520950_30235553_n.jpg";"44906";"Würde gelöscht werden"
"2026-09-28 22:56:55";"DryRun";"F:\Daten\Älter\Bilder\Bilder aus der Jugend\1556258_677834808929791_3690235546010530447_o.jpg";"E:\OpenCloud\Persönlich (2)\Fotos\Verschiedenes\Bilder aus der Jugend\1556258_677834808929791_3690235546010530447_o.jpg";"165906";"Würde gelöscht werden"
"2026-09-28 22:56:55";"DryRun";"F:\Daten\Älter\Bilder\Bilder aus der Jugend\1604521_658612834185322_2087947431_n.jpg";"E:\OpenCloud\Persönlich (2)\Fotos\Verschiedenes\Bilder aus der Jugend\1604521_658612834185322_2087947431_n.jpg";"61857";"Würde gelöscht werden"
"2026-09-28 22:56:55";"DryRun";"F:\Daten\Älter\Bilder\Bilder aus der Jugend\1618595_658612770851995_873084399_n.jpg";"E:\OpenCloud\Persönlich (2)\Fotos\Verschiedenes\Bilder aus der Jugend\1618595_658612770851995_873084399_n.jpg";"61003";"Würde gelöscht werden"
"2026-09-28 22:56:55";"DryRun";"F:\Daten\Älter\Bilder\Bilder aus der Jugend\1618661_658612470852025_2119758296_n.jpg";"E:\OpenCloud\Persönlich (2)\Fotos\Verschiedenes\Bilder aus der Jugend\1618661_658612470852025_2119758296_n.jpg";"61416";"Würde gelöscht werden"
"2026-09-28 22:56:55";"DryRun";"F:\Daten\Älter\Bilder\Bilder aus der Jugend\1620441_658603014186304_1809330585_n.jpg";"E:\OpenCloud\Persönlich (2)\Fotos\Verschiedenes\Bilder aus der Jugend\1620441_658603014186304_1809330585_n.jpg";"57517";"Würde gelöscht werden"
"2026-09-28 22:56:55";"DryRun";"F:\Daten\Älter\Bilder\Bilder aus der Jugend\1621726_658606860852586_361464390_n.jpg";"E:\OpenCloud\Persönlich (2)\Fotos\Verschiedenes\Bilder aus der Jugend\1621726_658606860852586_361464390_n.jpg";"48724";"Würde gelöscht werden"
"2026-09-28 22:56:55";"DryRun";"F:\Daten\Älter\Bilder\Bilder aus der Jugend\1621780_658590010854271_200752230_n.jpg";"E:\OpenCloud\Persönlich (2)\Fotos\Verschiedenes\Bilder aus der Jugend\1621780_658590010854271_200752230_n.jpg";"39329";"Würde gelöscht werden"
"2026-09-28 22:56:55";"DryRun";"F:\Daten\Älter\Bilder\Bilder aus der Jugend\1622267_658634304183175_2031976814_n.jpg";"E:\OpenCloud\Persönlich (2)\Fotos\Verschiedenes\Bilder aus der Jugend\1622267_658634304183175_2031976814_n.jpg";"84329";"Würde gelöscht werden"
"2026-09-28 22:56:55";"DryRun";"F:\Daten\Älter\Bilder\Bilder aus der Jugend\1623654_658634070849865_480303249_n.jpg";"E:\OpenCloud\Persönlich (2)\Fotos\Verschiedenes\Bilder aus der Jugend\1623654_658634070849865_480303249_n.jpg";"99159";"Würde gelöscht werden"
"2026-09-28 22:56:55";"DryRun";"F:\Daten\Älter\Bilder\Bilder aus der Jugend\1625522_658621474184458_43988299_n.jpg";"E:\OpenCloud\Persönlich (2)\Fotos\Verschiedenes\Bilder aus der Jugend\1625522_658621474184458_43988299_n.jpg";"72213";"Würde gelöscht werden"
"2026-09-28 22:56:55";"DryRun";"F:\Daten\Älter\Bilder\Bilder aus der Jugend\1653639_658620940851178_633581731_n.jpg";"E:\OpenCloud\Persönlich (2)\Fotos\Verschiedenes\Bilder aus der Jugend\1653639_658620940851178_633581731_n.jpg";"77777";"Würde gelöscht werden"
"2026-09-28 22:56:55";"DryRun";"F:\Daten\Älter\Bilder\Bilder aus der Jugend\1653990_658648960848376_1182631276_n.jpg";"E:\OpenCloud\Persönlich (2)\Fotos\Verschiedenes\Bilder aus der Jugend\1653990_658648960848376_1182631276_n.jpg";"66716";"Würde gelöscht werden"
"2026-09-28 22:56:55";"DryRun";"F:\Daten\Älter\Bilder\Bilder aus der Jugend\1656117_658608527519086_1906041378_n.jpg";"E:\OpenCloud\Persönlich (2)\Fotos\Verschiedenes\Bilder aus der Jugend\1656117_658608527519086_1906041378_n.jpg";"49266";"Würde gelöscht werden"
"2026-09-28 22:56:55";"DryRun";"F:\Daten\Älter\Bilder\Bilder aus der Jugend\1656137_658619780851294_893394459_n.jpg";"E:\OpenCloud\Persönlich (2)\Fotos\Verschiedenes\Bilder aus der Jugend\1656137_658619780851294_893394459_n.jpg";"108897";"Würde gelöscht werden"
"2026-09-28 22:56:55";"DryRun";"F:\Daten\Älter\Bilder\Bilder aus der Jugend\1656170_658625480850724_558905118_n.jpg";"E:\OpenCloud\Persönlich (2)\Fotos\Verschiedenes\Bilder aus der Jugend\1656170_658625480850724_558905118_n.jpg";"49490";"Würde gelöscht werden"
"2026-09-28 22:56:55";"DryRun";"F:\Daten\Älter\Bilder\Bilder aus der Jugend\1656417_658623150850957_1218149393_n.jpg";"E:\OpenCloud\Persönlich (2)\Fotos\Verschiedenes\Bilder aus der Jugend\1656417_658623150850957_1218149393_n.jpg";"57704";"Würde gelöscht werden"
"2026-09-28 22:56:55";"DryRun";"F:\Daten\Älter\Bilder\Bilder aus der Jugend\1660610_658622060851066_166908321_n.jpg";"E:\OpenCloud\Persönlich (2)\Fotos\Verschiedenes\Bilder aus der Jugend\1660610_658622060851066_166908321_n.jpg";"91044";"Würde gelöscht werden"
"2026-09-28 22:56:55";"DryRun";"F:\Daten\Älter\Bilder\Bilder aus der Jugend\16671_658616854184920_627450919_n.jpg";"E:\OpenCloud\Persönlich (2)\Fotos\Verschiedenes\Bilder aus der Jugend\16671_658616854184920_627450919_n.jpg";"70640";"Würde gelöscht werden"
"2026-09-28 22:56:55";"DryRun";"F:\Daten\Älter\Bilder\Bilder aus der Jugend\1688059_658642624182343_1252181174_n.jpg";"E:\OpenCloud\Persönlich (2)\Fotos\Verschiedenes\Bilder aus der Jugend\1688059_658642624182343_1252181174_n.jpg";"56304";"Würde gelöscht werden"
"2026-09-28 22:56:55";"DryRun";"F:\Daten\Älter\Bilder\Bilder aus der Jugend\1688561_658636434182962_351250680_n.jpg";"E:\OpenCloud\Persönlich (2)\Fotos\Verschiedenes\Bilder aus der Jugend\1688561_658636434182962_351250680_n.jpg";"61652";"Würde gelöscht werden"
"2026-09-28 22:56:55";"DryRun";"F:\Daten\Älter\Bilder\Bilder aus der Jugend\1688873_658590570854215_427727579_n.jpg";"E:\OpenCloud\Persönlich (2)\Fotos\Verschiedenes\Bilder aus der Jugend\1688873_658590570854215_427727579_n.jpg";"58968";"Würde gelöscht werden"
"2026-09-28 22:56:55";"DryRun";"F:\Daten\Älter\Bilder\Bilder aus der Jugend\1743451_658643704182235_608554112_n.jpg";"E:\OpenCloud\Persönlich (2)\Fotos\Verschiedenes\Bilder aus der Jugend\1743451_658643704182235_608554112_n.jpg";"56372";"Würde gelöscht werden"
"2026-09-28 22:56:55";"DryRun";"F:\Daten\Älter\Bilder\Bilder aus der Jugend\1743699_658649890848283_1398393372_n.jpg";"E:\OpenCloud\Persönlich (2)\Fotos\Verschiedenes\Bilder aus der Jugend\1743699_658649890848283_1398393372_n.jpg";"27267";"Würde gelöscht werden"
"2026-09-28 22:56:56";"DryRun";"F:\Daten\Älter\Bilder\Bilder aus der Jugend\1743706_658644544182151_1760595680_n.jpg";"E:\OpenCloud\Persönlich (2)\Fotos\Verschiedenes\Bilder aus der Jugend\1743706_658644544182151_1760595680_n.jpg";"82286";"Würde gelöscht werden"
"2026-09-28 22:56:56";"DryRun";"F:\Daten\Älter\Bilder\Bilder aus der Jugend\1779243_658638587516080_621951299_n.jpg";"E:\OpenCloud\Persönlich (2)\Fotos\Verschiedenes\Bilder aus der Jugend\1779243_658638587516080_621951299_n.jpg";"107467";"Würde gelöscht werden"
"2026-09-28 22:56:56";"DryRun";"F:\Daten\Älter\Bilder\Bilder aus der Jugend\1779248_658621274184478_697765235_n.jpg";"E:\OpenCloud\Persönlich (2)\Fotos\Verschiedenes\Bilder aus der Jugend\1779248_658621274184478_697765235_n.jpg";"78422";"Würde gelöscht werden"
"2026-09-28 22:56:56";"DryRun";"F:\Daten\Älter\Bilder\Bilder aus der Jugend\1779776_658608897519049_1035021830_n.jpg";"E:\OpenCloud\Persönlich (2)\Fotos\Verschiedenes\Bilder aus der Jugend\1779776_658608897519049_1035021830_n.jpg";"85025";"Würde gelöscht werden"
"2026-09-28 22:56:56";"DryRun";"F:\Daten\Älter\Bilder\Bilder aus der Jugend\1779931_658594004187205_475857581_n.jpg";"E:\OpenCloud\Persönlich (2)\Fotos\Verschiedenes\Bilder aus der Jugend\1779931_658594004187205_475857581_n.jpg";"42076";"Würde gelöscht werden"
"2026-09-28 22:56:56";"DryRun";"F:\Daten\Älter\Bilder\Bilder aus der Jugend\1780710_658637790849493_1045879055_n.jpg";"E:\OpenCloud\Persönlich (2)\Fotos\Verschiedenes\Bilder aus der Jugend\1780710_658637790849493_1045879055_n.jpg";"45790";"Würde gelöscht werden"
"2026-09-28 22:56:56";"DryRun";"F:\Daten\Älter\Bilder\Bilder aus der Jugend\1781983_658628440850428_44395005_n.jpg";"E:\OpenCloud\Persönlich (2)\Fotos\Verschiedenes\Bilder aus der Jugend\1781983_658628440850428_44395005_n.jpg";"69981";"Würde gelöscht werden"
"2026-09-28 22:56:56";"DryRun";"F:\Daten\Älter\Bilder\Bilder aus der Jugend\1794585_658640140849258_935986305_n.jpg";"E:\OpenCloud\Persönlich (2)\Fotos\Verschiedenes\Bilder aus der Jugend\1794585_658640140849258_935986305_n.jpg";"51626";"Würde gelöscht werden"
"2026-09-28 22:56:56";"DryRun";"F:\Daten\Älter\Bilder\Bilder aus der Jugend\1798104_658647164181889_1104432311_n.jpg";"E:\OpenCloud\Persönlich (2)\Fotos\Verschiedenes\Bilder aus der Jugend\1798104_658647164181889_1104432311_n.jpg";"49818";"Würde gelöscht werden"
"2026-09-28 22:56:56";"DryRun";"F:\Daten\Älter\Bilder\Bilder aus der Jugend\1798301_658591847520754_202714267_n.jpg";"E:\OpenCloud\Persönlich (2)\Fotos\Verschiedenes\Bilder aus der Jugend\1798301_658591847520754_202714267_n.jpg";"51072";"Würde gelöscht werden"
"2026-09-28 22:56:56";"DryRun";"F:\Daten\Älter\Bilder\Bilder aus der Jugend\1798827_658649477514991_960879552_n.jpg";"E:\OpenCloud\Persönlich (2)\Fotos\Verschiedenes\Bilder aus der Jugend\1798827_658649477514991_960879552_n.jpg";"43456";"Würde gelöscht werden"
"2026-09-28 22:56:56";"DryRun";"F:\Daten\Älter\Bilder\Bilder aus der Jugend\1800201_609586859118495_381358369_n.jpg";"E:\OpenCloud\Persönlich (2)\Fotos\Verschiedenes\Bilder aus der Jugend\1800201_609586859118495_381358369_n.jpg";"47731";"Würde gelöscht werden"
"2026-09-28 22:56:56";"DryRun";"F:\Daten\Älter\Bilder\Bilder aus der Jugend\1800406_658589977520941_548987085_n.jpg";"E:\OpenCloud\Persönlich (2)\Fotos\Verschiedenes\Bilder aus der Jugend\1800406_658589977520941_548987085_n.jpg";"35602";"Würde gelöscht werden"
"2026-09-28 22:56:56";"DryRun";"F:\Daten\Älter\Bilder\Bilder aus der Jugend\1836676_632562350146462_5113722709070369872_o.jpg";"E:\OpenCloud\Persönlich (2)\Fotos\Verschiedenes\Bilder aus der Jugend\1836676_632562350146462_5113722709070369872_o.jpg";"305708";"Würde gelöscht werden"
"2026-09-28 22:56:56";"DryRun";"F:\Daten\Älter\Bilder\Bilder aus der Jugend\1888574_658648997515039_869008916_n.jpg";"E:\OpenCloud\Persönlich (2)\Fotos\Verschiedenes\Bilder aus der Jugend\1888574_658648997515039_869008916_n.jpg";"78586";"Würde gelöscht werden"
"2026-09-28 22:56:56";"DryRun";"F:\Daten\Älter\Bilder\Bilder aus der Jugend\1896981_658612710852001_1854293699_n.jpg";"E:\OpenCloud\Persönlich (2)\Fotos\Verschiedenes\Bilder aus der Jugend\1896981_658612710852001_1854293699_n.jpg";"37464";"Würde gelöscht werden"
"2026-09-28 22:56:56";"DryRun";"F:\Daten\Älter\Bilder\Bilder aus der Jugend\1897669_658647444181861_219255235_n.jpg";"E:\OpenCloud\Persönlich (2)\Fotos\Verschiedenes\Bilder aus der Jugend\1897669_658647444181861_219255235_n.jpg";"42097";"Würde gelöscht werden"
"2026-09-28 22:56:56";"DryRun";"F:\Daten\Älter\Bilder\Bilder aus der Jugend\1897741_658633984183207_1720493476_n.jpg";"E:\OpenCloud\Persönlich (2)\Fotos\Verschiedenes\Bilder aus der Jugend\1897741_658633984183207_1720493476_n.jpg";"97797";"Würde gelöscht werden"
"2026-09-28 22:56:56";"DryRun";"F:\Daten\Älter\Bilder\Bilder aus der Jugend\1899971_658622667517672_1542510957_n.jpg";"E:\OpenCloud\Persönlich (2)\Fotos\Verschiedenes\Bilder aus der Jugend\1899971_658622667517672_1542510957_n.jpg";"109976";"Würde gelöscht werden"
"2026-09-28 22:56:56";"DryRun";"F:\Daten\Älter\Bilder\Bilder aus der Jugend\1900150_658616764184929_1484588406_n.jpg";"E:\OpenCloud\Persönlich (2)\Fotos\Verschiedenes\Bilder aus der Jugend\1900150_658616764184929_1484588406_n.jpg";"83994";"Würde gelöscht werden"
"2026-09-28 22:56:56";"DryRun";"F:\Daten\Älter\Bilder\Bilder aus der Jugend\1902809_658606454185960_1791165164_n.jpg";"E:\OpenCloud\Persönlich (2)\Fotos\Verschiedenes\Bilder aus der Jugend\1902809_658606454185960_1791165164_n.jpg";"37577";"Würde gelöscht werden"
"2026-09-28 22:56:56";"DryRun";"F:\Daten\Älter\Bilder\Bilder aus der Jugend\1908256_658621750851097_1774258942_n.jpg";"E:\OpenCloud\Persönlich (2)\Fotos\Verschiedenes\Bilder aus der Jugend\1908256_658621750851097_1774258942_n.jpg";"75450";"Würde gelöscht werden"
"2026-09-28 22:56:56";"DryRun";"F:\Daten\Älter\Bilder\Bilder aus der Jugend\1911817_658609670852305_2138584380_n.jpg";"E:\OpenCloud\Persönlich (2)\Fotos\Verschiedenes\Bilder aus der Jugend\1911817_658609670852305_2138584380_n.jpg";"49023";"Würde gelöscht werden"
"2026-09-28 22:56:56";"DryRun";"F:\Daten\Älter\Bilder\Bilder aus der Jugend\1920189_658603050852967_137534932_n.jpg";"E:\OpenCloud\Persönlich (2)\Fotos\Verschiedenes\Bilder aus der Jugend\1920189_658603050852967_137534932_n.jpg";"35928";"Würde gelöscht werden"
"2026-09-28 22:56:56";"DryRun";"F:\Daten\Älter\Bilder\Bilder aus der Jugend\1920619_658619677517971_975423895_n.jpg";"E:\OpenCloud\Persönlich (2)\Fotos\Verschiedenes\Bilder aus der Jugend\1920619_658619677517971_975423895_n.jpg";"61460";"Würde gelöscht werden"
"2026-09-28 22:56:56";"DryRun";"F:\Daten\Älter\Bilder\Bilder aus der Jugend\1922163_677835738929698_2440310942809711505_n.jpg";"E:\OpenCloud\Persönlich (2)\Fotos\Verschiedenes\Bilder aus der Jugend\1922163_677835738929698_2440310942809711505_n.jpg";"59782";"Würde gelöscht werden"
"2026-09-28 22:56:56";"DryRun";"F:\Daten\Älter\Bilder\Bilder aus der Jugend\1922365_658633574183248_601119615_n.jpg";"E:\OpenCloud\Persönlich (2)\Fotos\Verschiedenes\Bilder aus der Jugend\1922365_658633574183248_601119615_n.jpg";"52321";"Würde gelöscht werden"
"2026-09-28 22:56:56";"DryRun";"F:\Daten\Älter\Bilder\Bilder aus der Jugend\1924594_658619730851299_2058418982_n.jpg";"E:\OpenCloud\Persönlich (2)\Fotos\Verschiedenes\Bilder aus der Jugend\1924594_658619730851299_2058418982_n.jpg";"56087";"Würde gelöscht werden"
"2026-09-28 22:56:56";"DryRun";"F:\Daten\Älter\Bilder\Bilder aus der Jugend\1924743_658611554185450_1942920212_n.jpg";"E:\OpenCloud\Persönlich (2)\Fotos\Verschiedenes\Bilder aus der Jugend\1924743_658611554185450_1942920212_n.jpg";"56658";"Würde gelöscht werden"
"2026-09-28 22:56:56";"DryRun";"F:\Daten\Älter\Bilder\Bilder aus der Jugend\1932215_658602954186310_2121565841_n.jpg";"E:\OpenCloud\Persönlich (2)\Fotos\Verschiedenes\Bilder aus der Jugend\1932215_658602954186310_2121565841_n.jpg";"38726";"Würde gelöscht werden"
"2026-09-28 22:56:56";"DryRun";"F:\Daten\Älter\Bilder\Bilder aus der Jugend\1932258_658647927515146_856122518_n.jpg";"E:\OpenCloud\Persönlich (2)\Fotos\Verschiedenes\Bilder aus der Jugend\1932258_658647927515146_856122518_n.jpg";"34781";"Würde gelöscht werden"
"2026-09-28 22:56:56";"DryRun";"F:\Daten\Älter\Bilder\Bilder aus der Jugend\1932277_658616127518326_282213953_n.jpg";"E:\OpenCloud\Persönlich (2)\Fotos\Verschiedenes\Bilder aus der Jugend\1932277_658616127518326_282213953_n.jpg";"54698";"Würde gelöscht werden"
"2026-09-28 22:56:56";"DryRun";"F:\Daten\Älter\Bilder\Bilder aus der Jugend\1932434_658616030851669_1548626681_n.jpg";"E:\OpenCloud\Persönlich (2)\Fotos\Verschiedenes\Bilder aus der Jugend\1932434_658616030851669_1548626681_n.jpg";"52547";"Würde gelöscht werden"
"2026-09-28 22:56:56";"DryRun";"F:\Daten\Älter\Bilder\Bilder aus der Jugend\1932435_658608227519116_1523663525_n.jpg";"E:\OpenCloud\Persönlich (2)\Fotos\Verschiedenes\Bilder aus der Jugend\1932435_658608227519116_1523663525_n.jpg";"36835";"Würde gelöscht werden"
"2026-09-28 22:56:56";"DryRun";"F:\Daten\Älter\Bilder\Bilder aus der Jugend\1939541_658642157515723_1123995626_n.jpg";"E:\OpenCloud\Persönlich (2)\Fotos\Verschiedenes\Bilder aus der Jugend\1939541_658642157515723_1123995626_n.jpg";"57243";"Würde gelöscht werden"
"2026-09-28 22:56:56";"DryRun";"F:\Daten\Älter\Bilder\Bilder aus der Jugend\1939941_658607880852484_30033610_n.jpg";"E:\OpenCloud\Persönlich (2)\Fotos\Verschiedenes\Bilder aus der Jugend\1939941_658607880852484_30033610_n.jpg";"48871";"Würde gelöscht werden"
"2026-09-28 22:56:56";"DryRun";"F:\Daten\Älter\Bilder\Bilder aus der Jugend\1947327_658592380854034_1632015124_n.jpg";"E:\OpenCloud\Persönlich (2)\Fotos\Verschiedenes\Bilder aus der Jugend\1947327_658592380854034_1632015124_n.jpg";"57053";"Würde gelöscht werden"
"2026-09-28 22:56:56";"DryRun";"F:\Daten\Älter\Bilder\Bilder aus der Jugend\1962736_658617360851536_1556071520_n.jpg";"E:\OpenCloud\Persönlich (2)\Fotos\Verschiedenes\Bilder aus der Jugend\1962736_658617360851536_1556071520_n.jpg";"48590";"Würde gelöscht werden"
"2026-09-28 22:56:56";"DryRun";"F:\Daten\Älter\Bilder\Bilder aus der Jugend\1966884_658636137516325_1449971260_n.jpg";"E:\OpenCloud\Persönlich (2)\Fotos\Verschiedenes\Bilder aus der Jugend\1966884_658636137516325_1449971260_n.jpg";"54919";"Würde gelöscht werden"
"2026-09-28 22:56:56";"DryRun";"F:\Daten\Älter\Bilder\Bilder aus der Jugend\1969224_658639307516008_366486305_n.jpg";"E:\OpenCloud\Persönlich (2)\Fotos\Verschiedenes\Bilder aus der Jugend\1969224_658639307516008_366486305_n.jpg";"62238";"Würde gelöscht werden"
"2026-09-28 22:56:56";"DryRun";"F:\Daten\Älter\Bilder\Bilder aus der Jugend\1970676_658621340851138_136477044_n.jpg";"E:\OpenCloud\Persönlich (2)\Fotos\Verschiedenes\Bilder aus der Jugend\1970676_658621340851138_136477044_n.jpg";"78720";"Würde gelöscht werden"
"2026-09-28 22:56:56";"DryRun";"F:\Daten\Älter\Bilder\Bilder aus der Jugend\1972551_658635577516381_952224831_n.jpg";"E:\OpenCloud\Persönlich (2)\Fotos\Verschiedenes\Bilder aus der Jugend\1972551_658635577516381_952224831_n.jpg";"75611";"Würde gelöscht werden"
"2026-09-28 22:56:56";"DryRun";"F:\Daten\Älter\Bilder\Bilder aus der Jugend\1974984_658622574184348_175270752_n.jpg";"E:\OpenCloud\Persönlich (2)\Fotos\Verschiedenes\Bilder aus der Jugend\1974984_658622574184348_175270752_n.jpg";"85332";"Würde gelöscht werden"
"2026-09-28 22:56:56";"DryRun";"F:\Daten\Älter\Bilder\Bilder aus der Jugend\1975037_658600557519883_1221733518_n.jpg";"E:\OpenCloud\Persönlich (2)\Fotos\Verschiedenes\Bilder aus der Jugend\1975037_658600557519883_1221733518_n.jpg";"49519";"Würde gelöscht werden"
"2026-09-28 22:56:56";"DryRun";"F:\Daten\Älter\Bilder\Bilder aus der Jugend\1975093_658590074187598_1202121102_n.jpg";"E:\OpenCloud\Persönlich (2)\Fotos\Verschiedenes\Bilder aus der Jugend\1975093_658590074187598_1202121102_n.jpg";"36726";"Würde gelöscht werden"
"2026-09-28 22:56:56";"DryRun";"F:\Daten\Älter\Bilder\Bilder aus der Jugend\1977196_658636064182999_401013409_n.jpg";"E:\OpenCloud\Persönlich (2)\Fotos\Verschiedenes\Bilder aus der Jugend\1977196_658636064182999_401013409_n.jpg";"90358";"Würde gelöscht werden"
"2026-09-28 22:56:56";"DryRun";"F:\Daten\Älter\Bilder\Bilder aus der Jugend\1977392_658609794185626_184513295_n.jpg";"E:\OpenCloud\Persönlich (2)\Fotos\Verschiedenes\Bilder aus der Jugend\1977392_658609794185626_184513295_n.jpg";"48476";"Würde gelöscht werden"
"2026-09-28 22:56:56";"DryRun";"F:\Daten\Älter\Bilder\Bilder aus der Jugend\1978815_658587550854517_110319213_n.jpg";"E:\OpenCloud\Persönlich (2)\Fotos\Verschiedenes\Bilder aus der Jugend\1978815_658587550854517_110319213_n.jpg";"45290";"Würde gelöscht werden"
"2026-09-28 22:56:56";"DryRun";"F:\Daten\Älter\Bilder\Bilder aus der Jugend\1979625_658647577515181_358348501_n.jpg";"E:\OpenCloud\Persönlich (2)\Fotos\Verschiedenes\Bilder aus der Jugend\1979625_658647577515181_358348501_n.jpg";"43334";"Würde gelöscht werden"
"2026-09-28 22:56:56";"DryRun";"F:\Daten\Älter\Bilder\Bilder aus der Jugend\2000 Voices Sing - Cheap Thrills - Sia  [Acapella].mp3";"E:\OpenCloud\Persönlich (2)\Fotos\Verschiedenes\Bilder aus der Jugend\2000 Voices Sing - Cheap Thrills - Sia  [Acapella].mp3";"5420242";"Würde gelöscht werden"
"2026-09-28 22:56:56";"DryRun";"F:\Daten\Älter\Bilder\Bilder aus der Jugend\2013-08-10 20.06.16.mp4";"E:\OpenCloud\Persönlich (2)\Fotos\Verschiedenes\Bilder aus der Jugend\2013-08-10 20.06.16.mp4";"1628878";"Würde gelöscht werden"
"2026-09-28 22:56:56";"DryRun";"F:\Daten\Älter\Bilder\Bilder aus der Jugend\2013-08-10 21.03.19.jpg";"E:\OpenCloud\Persönlich (2)\Fotos\Verschiedenes\Bilder aus der Jugend\2013-08-10 21.03.19.jpg";"722431";"Würde gelöscht werden"
"2026-09-28 22:56:56";"DryRun";"F:\Daten\Älter\Bilder\Bilder aus der Jugend\2013-08-10 21.03.33.jpg";"E:\OpenCloud\Persönlich (2)\Fotos\Verschiedenes\Bilder aus der Jugend\2013-08-10 21.03.33.jpg";"816068";"Würde gelöscht werden"
"2026-09-28 22:56:56";"DryRun";"F:\Daten\Älter\Bilder\Bilder aus der Jugend\2013-08-10 21.43.57.jpg";"E:\OpenCloud\Persönlich (2)\Fotos\Verschiedenes\Bilder aus der Jugend\2013-08-10 21.43.57.jpg";"521630";"Würde gelöscht werden"
"2026-09-28 22:56:56";"DryRun";"F:\Daten\Älter\Bilder\Bilder aus der Jugend\2013-08-10 21.44.06.jpg";"E:\OpenCloud\Persönlich (2)\Fotos\Verschiedenes\Bilder aus der Jugend\2013-08-10 21.44.06.jpg";"505829";"Würde gelöscht werden"
"2026-09-28 22:56:56";"DryRun";"F:\Daten\Älter\Bilder\Bilder aus der Jugend\2013-08-10 21.44.12.jpg";"E:\OpenCloud\Persönlich (2)\Fotos\Verschiedenes\Bilder aus der Jugend\2013-08-10 21.44.12.jpg";"481606";"Würde gelöscht werden"
"2026-09-28 22:56:56";"DryRun";"F:\Daten\Älter\Bilder\Bilder aus der Jugend\2013-08-10 22.18.32.jpg";"E:\OpenCloud\Persönlich (2)\Fotos\Verschiedenes\Bilder aus der Jugend\2013-08-10 22.18.32.jpg";"362990";"Würde gelöscht werden"
"2026-09-28 22:56:56";"DryRun";"F:\Daten\Älter\Bilder\Bilder aus der Jugend\2013-08-10 22.18.41.jpg";"E:\OpenCloud\Persönlich (2)\Fotos\Verschiedenes\Bilder aus der Jugend\2013-08-10 22.18.41.jpg";"532128";"Würde gelöscht werden"
"2026-09-28 22:56:56";"DryRun";"F:\Daten\Älter\Bilder\Bilder aus der Jugend\2013-08-14 22.21.48.jpg";"E:\OpenCloud\Persönlich (2)\Fotos\Verschiedenes\Bilder aus der Jugend\2013-08-14 22.21.48.jpg";"605630";"Würde gelöscht werden"
"2026-09-28 22:56:56";"DryRun";"F:\Daten\Älter\Bilder\Bilder aus der Jugend\2013-08-14 22.55.47.jpg";"E:\OpenCloud\Persönlich (2)\Fotos\Verschiedenes\Bilder aus der Jugend\2013-08-14 22.55.47.jpg";"477132";"Würde gelöscht werden"
"2026-09-28 22:56:56";"DryRun";"F:\Daten\Älter\Bilder\Bilder aus der Jugend\2013-08-15 01.03.19.jpg";"E:\OpenCloud\Persönlich (2)\Fotos\Verschiedenes\Bilder aus der Jugend\2013-08-15 01.03.19.jpg";"567354";"Würde gelöscht werden"
"2026-09-28 22:56:56";"DryRun";"F:\Daten\Älter\Bilder\Bilder aus der Jugend\2013-08-15 01.19.20.jpg";"E:\OpenCloud\Persönlich (2)\Fotos\Verschiedenes\Bilder aus der Jugend\2013-08-15 01.19.20.jpg";"543784";"Würde gelöscht werden"
"2026-09-28 22:56:56";"DryRun";"F:\Daten\Älter\Bilder\Bilder aus der Jugend\2013-08-15 01.19.33.jpg";"E:\OpenCloud\Persönlich (2)\Fotos\Verschiedenes\Bilder aus der Jugend\2013-08-15 01.19.33.jpg";"521852";"Würde gelöscht werden"
"2026-09-28 22:56:56";"DryRun";"F:\Daten\Älter\Bilder\Bilder aus der Jugend\2013-08-15 02.36.11.jpg";"E:\OpenCloud\Persönlich (2)\Fotos\Verschiedenes\Bilder aus der Jugend\2013-08-15 02.36.11.jpg";"540498";"Würde gelöscht werden"
"2026-09-28 22:56:56";"DryRun";"F:\Daten\Älter\Bilder\Bilder aus der Jugend\2013-08-23 12.53.34.jpg";"E:\OpenCloud\Persönlich (2)\Fotos\Verschiedenes\Bilder aus der Jugend\2013-08-23 12.53.34.jpg";"1170237";"Würde gelöscht werden"
"2026-09-28 22:56:56";"DryRun";"F:\Daten\Älter\Bilder\Bilder aus der Jugend\2013-08-23 18.06.16.jpg";"E:\OpenCloud\Persönlich (2)\Fotos\Verschiedenes\Bilder aus der Jugend\2013-08-23 18.06.16.jpg";"863194";"Würde gelöscht werden"
"2026-09-28 22:56:56";"DryRun";"F:\Daten\Älter\Bilder\Bilder aus der Jugend\2013-08-23 18.20.12.jpg";"E:\OpenCloud\Persönlich (2)\Fotos\Verschiedenes\Bilder aus der Jugend\2013-08-23 18.20.12.jpg";"719735";"Würde gelöscht werden"
"2026-09-28 22:56:56";"DryRun";"F:\Daten\Älter\Bilder\Bilder aus der Jugend\2013-08-23 19.41.59.jpg";"E:\OpenCloud\Persönlich (2)\Fotos\Verschiedenes\Bilder aus der Jugend\2013-08-23 19.41.59.jpg";"590306";"Würde gelöscht werden"
"2026-09-28 22:56:56";"DryRun";"F:\Daten\Älter\Bilder\Bilder aus der Jugend\2013-08-23 20.25.47.jpg";"E:\OpenCloud\Persönlich (2)\Fotos\Verschiedenes\Bilder aus der Jugend\2013-08-23 20.25.47.jpg";"504887";"Würde gelöscht werden"
"2026-09-28 22:56:56";"DryRun";"F:\Daten\Älter\Bilder\Bilder aus der Jugend\2013-08-23 20.27.52.jpg";"E:\OpenCloud\Persönlich (2)\Fotos\Verschiedenes\Bilder aus der Jugend\2013-08-23 20.27.52.jpg";"430408";"Würde gelöscht werden"
"2026-09-28 22:56:56";"DryRun";"F:\Daten\Älter\Bilder\Bilder aus der Jugend\2013-08-23 20.32.46.jpg";"E:\OpenCloud\Persönlich (2)\Fotos\Verschiedenes\Bilder aus der Jugend\2013-08-23 20.32.46.jpg";"539993";"Würde gelöscht werden"
"2026-09-28 22:56:56";"DryRun";"F:\Daten\Älter\Bilder\Bilder aus der Jugend\2013-08-23 20.39.46.jpg";"E:\OpenCloud\Persönlich (2)\Fotos\Verschiedenes\Bilder aus der Jugend\2013-08-23 20.39.46.jpg";"525392";"Würde gelöscht werden"
"2026-09-28 22:56:56";"DryRun";"F:\Daten\Älter\Bilder\Bilder aus der Jugend\2013-08-23 20.50.24.jpg";"E:\OpenCloud\Persönlich (2)\Fotos\Verschiedenes\Bilder aus der Jugend\2013-08-23 20.50.24.jpg";"951558";"Würde gelöscht werden"
"2026-09-28 22:56:56";"DryRun";"F:\Daten\Älter\Bilder\Bilder aus der Jugend\2013-08-23 20.50.35.jpg";"E:\OpenCloud\Persönlich (2)\Fotos\Verschiedenes\Bilder aus der Jugend\2013-08-23 20.50.35.jpg";"566693";"Würde gelöscht werden"
"2026-09-28 22:56:56";"DryRun";"F:\Daten\Älter\Bilder\Bilder aus der Jugend\2013-08-23 21.36.37.jpg";"E:\OpenCloud\Persönlich (2)\Fotos\Verschiedenes\Bilder aus der Jugend\2013-08-23 21.36.37.jpg";"611982";"Würde gelöscht werden"
"2026-09-28 22:56:56";"DryRun";"F:\Daten\Älter\Bilder\Bilder aus der Jugend\2013-08-23 21.37.21.jpg";"E:\OpenCloud\Persönlich (2)\Fotos\Verschiedenes\Bilder aus der Jugend\2013-08-23 21.37.21.jpg";"610914";"Würde gelöscht werden"
"2026-09-28 22:56:56";"DryRun";"F:\Daten\Älter\Bilder\Bilder aus der Jugend\2013-08-23 21.38.49.jpg";"E:\OpenCloud\Persönlich (2)\Fotos\Verschiedenes\Bilder aus der Jugend\2013-08-23 21.38.49.jpg";"650939";"Würde gelöscht werden"
"2026-09-28 22:56:56";"DryRun";"F:\Daten\Älter\Bilder\Bilder aus der Jugend\2013-08-23 21.39.16.jpg";"E:\OpenCloud\Persönlich (2)\Fotos\Verschiedenes\Bilder aus der Jugend\2013-08-23 21.39.16.jpg";"712355";"Würde gelöscht werden"
"2026-09-28 22:56:56";"DryRun";"F:\Daten\Älter\Bilder\Bilder aus der Jugend\2013-08-23 21.42.54.jpg";"E:\OpenCloud\Persönlich (2)\Fotos\Verschiedenes\Bilder aus der Jugend\2013-08-23 21.42.54.jpg";"505959";"Würde gelöscht werden"
"2026-09-28 22:56:56";"DryRun";"F:\Daten\Älter\Bilder\Bilder aus der Jugend\2013-08-23 22.25.57.jpg";"E:\OpenCloud\Persönlich (2)\Fotos\Verschiedenes\Bilder aus der Jugend\2013-08-23 22.25.57.jpg";"557413";"Würde gelöscht werden"
"2026-09-28 22:56:56";"DryRun";"F:\Daten\Älter\Bilder\Bilder aus der Jugend\2013-08-23 22.32.40.jpg";"E:\OpenCloud\Persönlich (2)\Fotos\Verschiedenes\Bilder aus der Jugend\2013-08-23 22.32.40.jpg";"551102";"Würde gelöscht werden"
"2026-09-28 22:56:56";"DryRun";"F:\Daten\Älter\Bilder\Bilder aus der Jugend\2013-08-23 22.35.34.jpg";"E:\OpenCloud\Persönlich (2)\Fotos\Verschiedenes\Bilder aus der Jugend\2013-08-23 22.35.34.jpg";"580682";"Würde gelöscht werden"
"2026-09-28 22:56:56";"DryRun";"F:\Daten\Älter\Bilder\Bilder aus der Jugend\2013-08-24 10.36.03.jpg";"E:\OpenCloud\Persönlich (2)\Fotos\Verschiedenes\Bilder aus der Jugend\2013-08-24 10.36.03.jpg";"848096";"Würde gelöscht werden"
"2026-09-28 22:56:56";"DryRun";"F:\Daten\Älter\Bilder\Bilder aus der Jugend\2013-08-24 16.22.02.mp4";"E:\OpenCloud\Persönlich (2)\Fotos\Verschiedenes\Bilder aus der Jugend\2013-08-24 16.22.02.mp4";"1127309";"Würde gelöscht werden"
"2026-09-28 22:56:56";"DryRun";"F:\Daten\Älter\Bilder\Bilder aus der Jugend\2013-08-24 19.24.39.jpg";"E:\OpenCloud\Persönlich (2)\Fotos\Verschiedenes\Bilder aus der Jugend\2013-08-24 19.24.39.jpg";"661979";"Würde gelöscht werden"
"2026-09-28 22:56:56";"DryRun";"F:\Daten\Älter\Bilder\Bilder aus der Jugend\2013-08-24 20.05.50.jpg";"E:\OpenCloud\Persönlich (2)\Fotos\Verschiedenes\Bilder aus der Jugend\2013-08-24 20.05.50.jpg";"302518";"Würde gelöscht werden"
"2026-09-28 22:56:56";"DryRun";"F:\Daten\Älter\Bilder\Bilder aus der Jugend\2013-08-24 20.06.03.jpg";"E:\OpenCloud\Persönlich (2)\Fotos\Verschiedenes\Bilder aus der Jugend\2013-08-24 20.06.03.jpg";"587187";"Würde gelöscht werden"
"2026-09-28 22:56:56";"DryRun";"F:\Daten\Älter\Bilder\Bilder aus der Jugend\2013-08-24 20.11.10.jpg";"E:\OpenCloud\Persönlich (2)\Fotos\Verschiedenes\Bilder aus der Jugend\2013-08-24 20.11.10.jpg";"372258";"Würde gelöscht werden"
"2026-09-28 22:56:56";"DryRun";"F:\Daten\Älter\Bilder\Bilder aus der Jugend\2013-08-24 21.00.14.jpg";"E:\OpenCloud\Persönlich (2)\Fotos\Verschiedenes\Bilder aus der Jugend\2013-08-24 21.00.14.jpg";"490024";"Würde gelöscht werden"
"2026-09-28 22:56:56";"DryRun";"F:\Daten\Älter\Bilder\Bilder aus der Jugend\2014-03-27 09.17.37.jpg";"E:\OpenCloud\Persönlich (2)\Fotos\Verschiedenes\Bilder aus der Jugend\2014-03-27 09.17.37.jpg";"941887";"Würde gelöscht werden"
"2026-09-28 22:56:56";"DryRun";"F:\Daten\Älter\Bilder\Bilder aus der Jugend\2014-03-28 18.52.54.jpg";"E:\OpenCloud\Persönlich (2)\Fotos\Verschiedenes\Bilder aus der Jugend\2014-03-28 18.52.54.jpg";"962788";"Würde gelöscht werden"
"2026-09-28 22:56:56";"DryRun";"F:\Daten\Älter\Bilder\Bilder aus der Jugend\2014-03-30 14.43.59.jpg";"E:\OpenCloud\Persönlich (2)\Fotos\Verschiedenes\Bilder aus der Jugend\2014-03-30 14.43.59.jpg";"493283";"Würde gelöscht werden"
"2026-09-28 22:56:56";"DryRun";"F:\Daten\Älter\Bilder\Bilder aus der Jugend\2014-03-30 14.44.13.jpg";"E:\OpenCloud\Persönlich (2)\Fotos\Verschiedenes\Bilder aus der Jugend\2014-03-30 14.44.13.jpg";"833221";"Würde gelöscht werden"
"2026-09-28 22:56:56";"DryRun";"F:\Daten\Älter\Bilder\Bilder aus der Jugend\2014-03-30 14.45.07.jpg";"E:\OpenCloud\Persönlich (2)\Fotos\Verschiedenes\Bilder aus der Jugend\2014-03-30 14.45.07.jpg";"509688";"Würde gelöscht werden"
"2026-09-28 22:56:56";"DryRun";"F:\Daten\Älter\Bilder\Bilder aus der Jugend\2014-03-30 14.45.54.jpg";"E:\OpenCloud\Persönlich (2)\Fotos\Verschiedenes\Bilder aus der Jugend\2014-03-30 14.45.54.jpg";"447127";"Würde gelöscht werden"
"2026-09-28 22:56:56";"DryRun";"F:\Daten\Älter\Bilder\Bilder aus der Jugend\2014-03-30 14.46.13.jpg";"E:\OpenCloud\Persönlich (2)\Fotos\Verschiedenes\Bilder aus der Jugend\2014-03-30 14.46.13.jpg";"656244";"Würde gelöscht werden"
"2026-09-28 22:56:56";"DryRun";"F:\Daten\Älter\Bilder\Bilder aus der Jugend\2014-04-03 09.08.37.jpg";"E:\OpenCloud\Persönlich (2)\Fotos\Verschiedenes\Bilder aus der Jugend\2014-04-03 09.08.37.jpg";"943776";"Würde gelöscht werden"
"2026-09-28 22:56:56";"DryRun";"F:\Daten\Älter\Bilder\Bilder aus der Jugend\2014-04-05 08.25.57.jpeg";"E:\OpenCloud\Persönlich (2)\Fotos\Verschiedenes\Bilder aus der Jugend\2014-04-05 08.25.57.jpeg";"64631";"Würde gelöscht werden"
"2026-09-28 22:56:56";"DryRun";"F:\Daten\Älter\Bilder\Bilder aus der Jugend\2014-04-05 20.17.12.jpg";"E:\OpenCloud\Persönlich (2)\Fotos\Verschiedenes\Bilder aus der Jugend\2014-04-05 20.17.12.jpg";"419349";"Würde gelöscht werden"
"2026-09-28 22:56:56";"DryRun";"F:\Daten\Älter\Bilder\Bilder aus der Jugend\2014-04-09 17.53.35.jpg";"E:\OpenCloud\Persönlich (2)\Fotos\Verschiedenes\Bilder aus der Jugend\2014-04-09 17.53.35.jpg";"890402";"Würde gelöscht werden"
"2026-09-28 22:56:56";"DryRun";"F:\Daten\Älter\Bilder\Bilder aus der Jugend\2014-04-10 17.50.40.jpg";"E:\OpenCloud\Persönlich (2)\Fotos\Verschiedenes\Bilder aus der Jugend\2014-04-10 17.50.40.jpg";"1079732";"Würde gelöscht werden"
"2026-09-28 22:56:56";"DryRun";"F:\Daten\Älter\Bilder\Bilder aus der Jugend\2014-04-10 18.37.13.jpg";"E:\OpenCloud\Persönlich (2)\Fotos\Verschiedenes\Bilder aus der Jugend\2014-04-10 18.37.13.jpg";"527650";"Würde gelöscht werden"
"2026-09-28 22:56:56";"DryRun";"F:\Daten\Älter\Bilder\Bilder aus der Jugend\2014-04-11 12.35.52.jpg";"E:\OpenCloud\Persönlich (2)\Fotos\Verschiedenes\Bilder aus der Jugend\2014-04-11 12.35.52.jpg";"1420943";"Würde gelöscht werden"
"2026-09-28 22:56:56";"DryRun";"F:\Daten\Älter\Bilder\Bilder aus der Jugend\2014-04-11 17.17.25.jpg";"E:\OpenCloud\Persönlich (2)\Fotos\Verschiedenes\Bilder aus der Jugend\2014-04-11 17.17.25.jpg";"847679";"Würde gelöscht werden"
"2026-09-28 22:56:56";"DryRun";"F:\Daten\Älter\Bilder\Bilder aus der Jugend\2014-04-11 17.17.27.jpg";"E:\OpenCloud\Persönlich (2)\Fotos\Verschiedenes\Bilder aus der Jugend\2014-04-11 17.17.27.jpg";"846311";"Würde gelöscht werden"
"2026-09-28 22:56:56";"DryRun";"F:\Daten\Älter\Bilder\Bilder aus der Jugend\2014-04-11 17.17.32.jpg";"E:\OpenCloud\Persönlich (2)\Fotos\Verschiedenes\Bilder aus der Jugend\2014-04-11 17.17.32.jpg";"833941";"Würde gelöscht werden"
"2026-09-28 22:56:56";"DryRun";"F:\Daten\Älter\Bilder\Bilder aus der Jugend\2014-04-11 21.02.08.jpg";"E:\OpenCloud\Persönlich (2)\Fotos\Verschiedenes\Bilder aus der Jugend\2014-04-11 21.02.08.jpg";"794492";"Würde gelöscht werden"
"2026-09-28 22:56:56";"DryRun";"F:\Daten\Älter\Bilder\Bilder aus der Jugend\2014-04-13 15.47.33.jpg";"E:\OpenCloud\Persönlich (2)\Fotos\Verschiedenes\Bilder aus der Jugend\2014-04-13 15.47.33.jpg";"554914";"Würde gelöscht werden"
"2026-09-28 22:56:56";"DryRun";"F:\Daten\Älter\Bilder\Bilder aus der Jugend\2014-04-13 15.48.13.jpg";"E:\OpenCloud\Persönlich (2)\Fotos\Verschiedenes\Bilder aus der Jugend\2014-04-13 15.48.13.jpg";"530282";"Würde gelöscht werden"
"2026-09-28 22:56:56";"DryRun";"F:\Daten\Älter\Bilder\Bilder aus der Jugend\2014-04-14 17.41.28.jpg";"E:\OpenCloud\Persönlich (2)\Fotos\Verschiedenes\Bilder aus der Jugend\2014-04-14 17.41.28.jpg";"244560";"Würde gelöscht werden"
"2026-09-28 22:56:56";"DryRun";"F:\Daten\Älter\Bilder\Bilder aus der Jugend\2014-04-14 17.41.35.jpg";"E:\OpenCloud\Persönlich (2)\Fotos\Verschiedenes\Bilder aus der Jugend\1836676_632562350146462_5113722709070369872_o.jpg";"305708";"Würde gelöscht werden"
"2026-09-28 22:56:56";"DryRun";"F:\Daten\Älter\Bilder\Bilder aus der Jugend\2014-04-14 17.41.51.jpg";"E:\OpenCloud\Persönlich (2)\Fotos\Verschiedenes\Bilder aus der Jugend\2014-04-14 17.41.51.jpg";"216947";"Würde gelöscht werden"
"2026-09-28 22:56:56";"DryRun";"F:\Daten\Älter\Bilder\Bilder aus der Jugend\2014-04-14 17.42.09.jpg";"E:\OpenCloud\Persönlich (2)\Fotos\Verschiedenes\Bilder aus der Jugend\10000981_632563623479668_1134692011099801643_o.jpg";"341735";"Würde gelöscht werden"
"2026-09-28 22:56:56";"DryRun";"F:\Daten\Älter\Bilder\Bilder aus der Jugend\2014-04-14 17.42.13.jpg";"E:\OpenCloud\Persönlich (2)\Fotos\Verschiedenes\Bilder aus der Jugend\10258787_632563646812999_4148987163219511222_o.jpg";"343593";"Würde gelöscht werden"
"2026-09-28 22:56:56";"DryRun";"F:\Daten\Älter\Bilder\Bilder aus der Jugend\2014-04-14 17.42.31.jpg";"E:\OpenCloud\Persönlich (2)\Fotos\Verschiedenes\Bilder aus der Jugend\2014-04-14 17.42.31.jpg";"349377";"Würde gelöscht werden"
"2026-09-28 22:56:56";"DryRun";"F:\Daten\Älter\Bilder\Bilder aus der Jugend\2014-04-14 17.42.58.jpg";"E:\OpenCloud\Persönlich (2)\Fotos\Verschiedenes\Bilder aus der Jugend\10006060_677835892263016_3391626852097374125_o.jpg";"216864";"Würde gelöscht werden"
"2026-09-28 22:56:56";"DryRun";"F:\Daten\Älter\Bilder\Bilder aus der Jugend\2014-04-14 17.43.06.jpg";"E:\OpenCloud\Persönlich (2)\Fotos\Verschiedenes\Bilder aus der Jugend\10265408_677835842263021_3611531964821604056_o.jpg";"166534";"Würde gelöscht werden"
"2026-09-28 22:56:56";"DryRun";"F:\Daten\Älter\Bilder\Bilder aus der Jugend\2014-04-14 17.43.16.jpg";"E:\OpenCloud\Persönlich (2)\Fotos\Verschiedenes\Bilder aus der Jugend\1922163_677835738929698_2440310942809711505_n.jpg";"59782";"Würde gelöscht werden"
"2026-09-28 22:56:56";"DryRun";"F:\Daten\Älter\Bilder\Bilder aus der Jugend\2014-04-14 17.43.20.jpg";"E:\OpenCloud\Persönlich (2)\Fotos\Verschiedenes\Bilder aus der Jugend\10001116_677835668929705_7495812514708800330_o.jpg";"183315";"Würde gelöscht werden"
"2026-09-28 22:56:56";"DryRun";"F:\Daten\Älter\Bilder\Bilder aus der Jugend\2014-04-14 17.43.26.jpg";"E:\OpenCloud\Persönlich (2)\Fotos\Verschiedenes\Bilder aus der Jugend\1556258_677834808929791_3690235546010530447_o.jpg";"165906";"Würde gelöscht werden"
"2026-09-28 22:56:56";"DryRun";"F:\Daten\Älter\Bilder\Bilder aus der Jugend\2014-04-15 07.51.46.jpeg";"E:\OpenCloud\Persönlich (2)\Fotos\Verschiedenes\Bilder aus der Jugend\2014-04-15 07.51.46.jpeg";"66222";"Würde gelöscht werden"
"2026-09-28 22:56:56";"DryRun";"F:\Daten\Älter\Bilder\Bilder aus der Jugend\2014-04-18 21.29.49.jpg";"E:\OpenCloud\Persönlich (2)\Fotos\Verschiedenes\Bilder aus der Jugend\2014-04-18 21.29.49.jpg";"918593";"Würde gelöscht werden"
"2026-09-28 22:56:56";"DryRun";"F:\Daten\Älter\Bilder\Bilder aus der Jugend\2014-04-23 11.48.35.jpg";"E:\OpenCloud\Persönlich (2)\Fotos\Verschiedenes\Bilder aus der Jugend\2014-04-23 11.48.35.jpg";"891331";"Würde gelöscht werden"
"2026-09-28 22:56:56";"DryRun";"F:\Daten\Älter\Bilder\Bilder aus der Jugend\2014-04-23 16.09.03.jpg";"E:\OpenCloud\Persönlich (2)\Fotos\Verschiedenes\Bilder aus der Jugend\2014-04-23 16.09.03.jpg";"925598";"Würde gelöscht werden"
"2026-09-28 22:56:56";"DryRun";"F:\Daten\Älter\Bilder\Bilder aus der Jugend\2014-04-24 17.55.37.jpg";"E:\OpenCloud\Persönlich (2)\Fotos\Verschiedenes\Bilder aus der Jugend\2014-04-24 17.55.37.jpg";"853194";"Würde gelöscht werden"
"2026-09-28 22:56:56";"DryRun";"F:\Daten\Älter\Bilder\Bilder aus der Jugend\2014-04-25 15.13.11.jpg";"E:\OpenCloud\Persönlich (2)\Fotos\Verschiedenes\Bilder aus der Jugend\2014-04-25 15.13.11.jpg";"768327";"Würde gelöscht werden"
"2026-09-28 22:56:56";"DryRun";"F:\Daten\Älter\Bilder\Bilder aus der Jugend\2014-04-25 16.33.02.jpg";"E:\OpenCloud\Persönlich (2)\Fotos\Verschiedenes\Bilder aus der Jugend\2014-04-25 16.33.02.jpg";"1578153";"Würde gelöscht werden"
"2026-09-28 22:56:56";"DryRun";"F:\Daten\Älter\Bilder\Bilder aus der Jugend\2014-04-25 16.33.06.jpg";"E:\OpenCloud\Persönlich (2)\Fotos\Verschiedenes\Bilder aus der Jugend\2014-04-25 16.33.06.jpg";"1601562";"Würde gelöscht werden"
"2026-09-28 22:56:56";"DryRun";"F:\Daten\Älter\Bilder\Bilder aus der Jugend\2014-04-25 20.13.43.jpg";"E:\OpenCloud\Persönlich (2)\Fotos\Verschiedenes\Bilder aus der Jugend\2014-04-25 20.13.43.jpg";"995838";"Würde gelöscht werden"
"2026-09-28 22:56:57";"DryRun";"F:\Daten\Älter\Bilder\Bilder aus der Jugend\2014-04-26 00.26.40.jpg";"E:\OpenCloud\Persönlich (2)\Fotos\Verschiedenes\Bilder aus der Jugend\2014-04-26 00.26.40.jpg";"1095919";"Würde gelöscht werden"
"2026-09-28 22:56:57";"DryRun";"F:\Daten\Älter\Bilder\Bilder aus der Jugend\2014-04-26 12.10.26.jpg";"E:\OpenCloud\Persönlich (2)\Fotos\Verschiedenes\Bilder aus der Jugend\2014-04-26 12.10.26.jpg";"837467";"Würde gelöscht werden"
"2026-09-28 22:56:57";"DryRun";"F:\Daten\Älter\Bilder\Bilder aus der Jugend\2014-04-26 16.00.23.jpg";"E:\OpenCloud\Persönlich (2)\Fotos\Verschiedenes\Bilder aus der Jugend\2014-04-26 16.00.23.jpg";"1166803";"Würde gelöscht werden"
"2026-09-28 22:56:57";"DryRun";"F:\Daten\Älter\Bilder\Bilder aus der Jugend\2014-04-26 16.03.50.jpg";"E:\OpenCloud\Persönlich (2)\Fotos\Verschiedenes\Bilder aus der Jugend\2014-04-26 16.03.50.jpg";"911948";"Würde gelöscht werden"
"2026-09-28 22:56:57";"DryRun";"F:\Daten\Älter\Bilder\Bilder aus der Jugend\2014-04-27 16.53.56.jpg";"E:\OpenCloud\Persönlich (2)\Fotos\Verschiedenes\Bilder aus der Jugend\2014-04-27 16.53.56.jpg";"612807";"Würde gelöscht werden"
"2026-09-28 22:56:57";"DryRun";"F:\Daten\Älter\Bilder\Bilder aus der Jugend\2014-04-27 18.41.42.jpeg";"E:\OpenCloud\Persönlich (2)\Fotos\Verschiedenes\Bilder aus der Jugend\2014-04-27 18.41.42.jpeg";"9540";"Würde gelöscht werden"
"2026-09-28 22:56:57";"DryRun";"F:\Daten\Älter\Bilder\Bilder aus der Jugend\2014-05-02 11.41.02.png";"E:\OpenCloud\Persönlich (2)\Fotos\Verschiedenes\Bilder aus der Jugend\2014-05-02 11.41.02.png";"1674876";"Würde gelöscht werden"
"2026-09-28 22:56:57";"DryRun";"F:\Daten\Älter\Bilder\Bilder aus der Jugend\2014-05-15 12.33.34.jpeg";"E:\OpenCloud\Persönlich (2)\Fotos\Verschiedenes\Bilder aus der Jugend\2014-05-15 12.33.34.jpeg";"74809";"Würde gelöscht werden"
"2026-09-28 22:56:57";"DryRun";"F:\Daten\Älter\Bilder\Bilder aus der Jugend\2014-05-15 18.08.45.jpg";"E:\OpenCloud\Persönlich (2)\Fotos\Verschiedenes\Bilder aus der Jugend\2014-05-15 18.08.45.jpg";"831562";"Würde gelöscht werden"
"2026-09-28 22:56:57";"DryRun";"F:\Daten\Älter\Bilder\Bilder aus der Jugend\2014-05-15 18.09.17.jpg";"E:\OpenCloud\Persönlich (2)\Fotos\Verschiedenes\Bilder aus der Jugend\2014-05-15 18.09.17.jpg";"892561";"Würde gelöscht werden"
"2026-09-28 22:56:57";"DryRun";"F:\Daten\Älter\Bilder\Bilder aus der Jugend\2014-05-17 18.56.24.jpeg";"E:\OpenCloud\Persönlich (2)\Fotos\Verschiedenes\Bilder aus der Jugend\2014-05-17 18.56.24.jpeg";"69435";"Würde gelöscht werden"
"2026-09-28 22:56:57";"DryRun";"F:\Daten\Älter\Bilder\Bilder aus der Jugend\2014-05-17 23.29.03.jpg";"E:\OpenCloud\Persönlich (2)\Fotos\Verschiedenes\Bilder aus der Jugend\2014-05-17 23.29.03.jpg";"590328";"Würde gelöscht werden"
"2026-09-28 22:56:57";"DryRun";"F:\Daten\Älter\Bilder\Bilder aus der Jugend\2014-05-18 00.13.18.jpg";"E:\OpenCloud\Persönlich (2)\Fotos\Verschiedenes\Bilder aus der Jugend\2014-05-18 00.13.18.jpg";"180029";"Würde gelöscht werden"
"2026-09-28 22:56:57";"DryRun";"F:\Daten\Älter\Bilder\Bilder aus der Jugend\2014-05-18 00.13.20.jpg";"E:\OpenCloud\Persönlich (2)\Fotos\Verschiedenes\Bilder aus der Jugend\2014-05-18 00.13.20.jpg";"230426";"Würde gelöscht werden"
"2026-09-28 22:56:57";"DryRun";"F:\Daten\Älter\Bilder\Bilder aus der Jugend\2014-05-18 00.13.36.jpg";"E:\OpenCloud\Persönlich (2)\Fotos\Verschiedenes\Bilder aus der Jugend\2014-05-18 00.13.36.jpg";"388971";"Würde gelöscht werden"
"2026-09-28 22:56:57";"DryRun";"F:\Daten\Älter\Bilder\Bilder aus der Jugend\2014-05-18 00.13.57.jpg";"E:\OpenCloud\Persönlich (2)\Fotos\Verschiedenes\Bilder aus der Jugend\2014-05-18 00.13.57.jpg";"260164";"Würde gelöscht werden"
"2026-09-28 22:56:57";"DryRun";"F:\Daten\Älter\Bilder\Bilder aus der Jugend\2014-05-18 00.13.59.jpg";"E:\OpenCloud\Persönlich (2)\Fotos\Verschiedenes\Bilder aus der Jugend\2014-05-18 00.13.59.jpg";"243747";"Würde gelöscht werden"
"2026-09-28 22:56:57";"DryRun";"F:\Daten\Älter\Bilder\Bilder aus der Jugend\2014-05-21 13.49.07.jpg";"E:\OpenCloud\Persönlich (2)\Fotos\Verschiedenes\Bilder aus der Jugend\2014-05-21 13.49.07.jpg";"1185320";"Würde gelöscht werden"
"2026-09-28 22:56:57";"DryRun";"F:\Daten\Älter\Bilder\Bilder aus der Jugend\2014-05-27 18.53.28.jpeg";"E:\OpenCloud\Persönlich (2)\Fotos\Verschiedenes\Bilder aus der Jugend\2014-05-27 18.53.28.jpeg";"92525";"Würde gelöscht werden"
"2026-09-28 22:56:57";"DryRun";"F:\Daten\Älter\Bilder\Bilder aus der Jugend\2014-05-27 20.46.48.jpg";"E:\OpenCloud\Persönlich (2)\Fotos\Verschiedenes\Bilder aus der Jugend\2014-05-27 20.46.48.jpg";"840945";"Würde gelöscht werden"
"2026-09-28 22:56:57";"DryRun";"F:\Daten\Älter\Bilder\Bilder aus der Jugend\2014-05-28 17.01.10.jpg";"E:\OpenCloud\Persönlich (2)\Fotos\Verschiedenes\Bilder aus der Jugend\2014-05-28 17.01.10.jpg";"590015";"Würde gelöscht werden"
"2026-09-28 22:56:57";"DryRun";"F:\Daten\Älter\Bilder\Bilder aus der Jugend\2014-05-30 05.06.33.jpeg";"E:\OpenCloud\Persönlich (2)\Fotos\Verschiedenes\Bilder aus der Jugend\2014-05-30 05.06.33.jpeg";"56211";"Würde gelöscht werden"
"2026-09-28 22:56:57";"DryRun";"F:\Daten\Älter\Bilder\Bilder aus der Jugend\2014-05-31 20.12.11.png";"E:\OpenCloud\Persönlich (2)\Fotos\Verschiedenes\Bilder aus der Jugend\2014-05-31 20.12.11.png";"548949";"Würde gelöscht werden"
"2026-09-28 22:56:57";"DryRun";"F:\Daten\Älter\Bilder\Bilder aus der Jugend\2014-06-01 21.36.41.jpg";"E:\OpenCloud\Persönlich (2)\Fotos\Verschiedenes\Bilder aus der Jugend\2014-06-01 21.36.41.jpg";"846619";"Würde gelöscht werden"
"2026-09-28 22:56:57";"DryRun";"F:\Daten\Älter\Bilder\Bilder aus der Jugend\2014-06-03 20.11.06.jpg";"E:\OpenCloud\Persönlich (2)\Fotos\Verschiedenes\Bilder aus der Jugend\2014-06-03 20.11.06.jpg";"1057188";"Würde gelöscht werden"
"2026-09-28 22:56:57";"DryRun";"F:\Daten\Älter\Bilder\Bilder aus der Jugend\2014-06-03 20.11.14.jpg";"E:\OpenCloud\Persönlich (2)\Fotos\Verschiedenes\Bilder aus der Jugend\2014-06-03 20.11.14.jpg";"818241";"Würde gelöscht werden"
"2026-09-28 22:56:57";"DryRun";"F:\Daten\Älter\Bilder\Bilder aus der Jugend\2014-06-03 20.11.20.jpg";"E:\OpenCloud\Persönlich (2)\Fotos\Verschiedenes\Bilder aus der Jugend\2014-06-03 20.11.20.jpg";"1047908";"Würde gelöscht werden"
"2026-09-28 22:56:57";"DryRun";"F:\Daten\Älter\Bilder\Bilder aus der Jugend\2014-06-03 21.53.48.jpg";"E:\OpenCloud\Persönlich (2)\Fotos\Verschiedenes\Bilder aus der Jugend\2014-06-03 21.53.48.jpg";"998211";"Würde gelöscht werden"
"2026-09-28 22:56:57";"DryRun";"F:\Daten\Älter\Bilder\Bilder aus der Jugend\2014-06-04 14.00.58.jpg";"E:\OpenCloud\Persönlich (2)\Fotos\Verschiedenes\Bilder aus der Jugend\2014-06-04 14.00.58.jpg";"1078393";"Würde gelöscht werden"
"2026-09-28 22:56:57";"DryRun";"F:\Daten\Älter\Bilder\Bilder aus der Jugend\2014-06-06 12.54.35.jpg";"E:\OpenCloud\Persönlich (2)\Fotos\Verschiedenes\Bilder aus der Jugend\2014-06-06 12.54.35.jpg";"768911";"Würde gelöscht werden"
"2026-09-28 22:56:57";"DryRun";"F:\Daten\Älter\Bilder\Bilder aus der Jugend\2014-06-06 17.51.13-1.jpg";"E:\OpenCloud\Persönlich (2)\Fotos\Verschiedenes\Bilder aus der Jugend\2014-06-06 17.51.13-1.jpg";"968452";"Würde gelöscht werden"
"2026-09-28 22:56:57";"DryRun";"F:\Daten\Älter\Bilder\Bilder aus der Jugend\2014-06-06 17.51.13-2.jpg";"E:\OpenCloud\Persönlich (2)\Fotos\Verschiedenes\Bilder aus der Jugend\2014-06-06 17.51.13-2.jpg";"979617";"Würde gelöscht werden"
"2026-09-28 22:56:57";"DryRun";"F:\Daten\Älter\Bilder\Bilder aus der Jugend\2014-06-06 19.54.44.jpg";"E:\OpenCloud\Persönlich (2)\Fotos\Verschiedenes\Bilder aus der Jugend\2014-06-06 19.54.44.jpg";"1139477";"Würde gelöscht werden"
"2026-09-28 22:56:57";"DryRun";"F:\Daten\Älter\Bilder\Bilder aus der Jugend\2014-06-06 20.09.47.jpg";"E:\OpenCloud\Persönlich (2)\Fotos\Verschiedenes\Bilder aus der Jugend\2014-06-06 20.09.47.jpg";"1215222";"Würde gelöscht werden"
"2026-09-28 22:56:57";"DryRun";"F:\Daten\Älter\Bilder\Bilder aus der Jugend\2014-06-06 21.13.13.jpg";"E:\OpenCloud\Persönlich (2)\Fotos\Verschiedenes\Bilder aus der Jugend\2014-06-06 21.13.13.jpg";"1289784";"Würde gelöscht werden"
"2026-09-28 22:56:57";"DryRun";"F:\Daten\Älter\Bilder\Bilder aus der Jugend\2014-06-06 21.59.19.jpg";"E:\OpenCloud\Persönlich (2)\Fotos\Verschiedenes\Bilder aus der Jugend\2014-06-06 21.59.19.jpg";"761419";"Würde gelöscht werden"
"2026-09-28 22:56:57";"DryRun";"F:\Daten\Älter\Bilder\Bilder aus der Jugend\2014-06-06 21.59.28.jpg";"E:\OpenCloud\Persönlich (2)\Fotos\Verschiedenes\Bilder aus der Jugend\2014-06-06 21.59.28.jpg";"804842";"Würde gelöscht werden"
"2026-09-28 22:56:57";"DryRun";"F:\Daten\Älter\Bilder\Bilder aus der Jugend\2014-06-06 23.11.22.jpg";"E:\OpenCloud\Persönlich (2)\Fotos\Verschiedenes\Bilder aus der Jugend\2014-06-06 23.11.22.jpg";"577775";"Würde gelöscht werden"
"2026-09-28 22:56:57";"DryRun";"F:\Daten\Älter\Bilder\Bilder aus der Jugend\2014-06-08 11.52.31.jpg";"E:\OpenCloud\Persönlich (2)\Fotos\Verschiedenes\Bilder aus der Jugend\2014-06-08 11.52.31.jpg";"988787";"Würde gelöscht werden"
"2026-09-28 22:56:57";"DryRun";"F:\Daten\Älter\Bilder\Bilder aus der Jugend\2014-06-08 22.27.44.jpg";"E:\OpenCloud\Persönlich (2)\Fotos\Verschiedenes\Bilder aus der Jugend\2014-06-08 22.27.44.jpg";"289810";"Würde gelöscht werden"
"2026-09-28 22:56:57";"DryRun";"F:\Daten\Älter\Bilder\Bilder aus der Jugend\2014-06-10 12.51.39.jpg";"E:\OpenCloud\Persönlich (2)\Fotos\Verschiedenes\Bilder aus der Jugend\2014-06-10 12.51.39.jpg";"1813515";"Würde gelöscht werden"
"2026-09-28 22:56:57";"DryRun";"F:\Daten\Älter\Bilder\Bilder aus der Jugend\2014-06-10 16.52.48.jpg";"E:\OpenCloud\Persönlich (2)\Fotos\Verschiedenes\Bilder aus der Jugend\2014-06-10 16.52.48.jpg";"1646589";"Würde gelöscht werden"
"2026-09-28 22:56:57";"DryRun";"F:\Daten\Älter\Bilder\Bilder aus der Jugend\2014-06-10 16.52.50.jpg";"E:\OpenCloud\Persönlich (2)\Fotos\Verschiedenes\Bilder aus der Jugend\2014-06-10 16.52.50.jpg";"1729286";"Würde gelöscht werden"
"2026-09-28 22:56:57";"DryRun";"F:\Daten\Älter\Bilder\Bilder aus der Jugend\2014-06-10 16.56.19-1.jpg";"E:\OpenCloud\Persönlich (2)\Fotos\Verschiedenes\Bilder aus der Jugend\2014-06-10 16.56.19-1.jpg";"721987";"Würde gelöscht werden"
"2026-09-28 22:56:57";"DryRun";"F:\Daten\Älter\Bilder\Bilder aus der Jugend\2014-06-10 16.56.19.jpg";"E:\OpenCloud\Persönlich (2)\Fotos\Verschiedenes\Bilder aus der Jugend\2014-06-10 16.56.19.jpg";"717642";"Würde gelöscht werden"
"2026-09-28 22:56:57";"DryRun";"F:\Daten\Älter\Bilder\Bilder aus der Jugend\2014-06-15 18.44.41.jpeg";"E:\OpenCloud\Persönlich (2)\Fotos\Verschiedenes\Bilder aus der Jugend\2014-06-15 18.44.41.jpeg";"67992";"Würde gelöscht werden"
"2026-09-28 22:56:57";"DryRun";"F:\Daten\Älter\Bilder\Bilder aus der Jugend\2014-06-16 13.13.46.jpg";"E:\OpenCloud\Persönlich (2)\Fotos\Verschiedenes\Bilder aus der Jugend\2014-06-16 13.13.46.jpg";"748609";"Würde gelöscht werden"
"2026-09-28 22:56:57";"DryRun";"F:\Daten\Älter\Bilder\Bilder aus der Jugend\2014-06-17 09.02.47.jpg";"E:\OpenCloud\Persönlich (2)\Fotos\Verschiedenes\Bilder aus der Jugend\2014-06-17 09.02.47.jpg";"863564";"Würde gelöscht werden"
"2026-09-28 22:56:57";"DryRun";"F:\Daten\Älter\Bilder\Bilder aus der Jugend\2014-06-17 09.41.10.jpg";"E:\OpenCloud\Persönlich (2)\Fotos\Verschiedenes\Bilder aus der Jugend\2014-06-17 09.41.10.jpg";"806684";"Würde gelöscht werden"
"2026-09-28 22:56:57";"DryRun";"F:\Daten\Älter\Bilder\Bilder aus der Jugend\2014-06-17 16.59.10.jpg";"E:\OpenCloud\Persönlich (2)\Fotos\Verschiedenes\Bilder aus der Jugend\2014-06-17 16.59.10.jpg";"805774";"Würde gelöscht werden"
"2026-09-28 22:56:57";"DryRun";"F:\Daten\Älter\Bilder\Bilder aus der Jugend\2014-06-17 16.59.20.jpg";"E:\OpenCloud\Persönlich (2)\Fotos\Verschiedenes\Bilder aus der Jugend\2014-06-17 16.59.20.jpg";"828862";"Würde gelöscht werden"
"2026-09-28 22:56:57";"DryRun";"F:\Daten\Älter\Bilder\Bilder aus der Jugend\2014-06-21 22.54.17.jpg";"E:\OpenCloud\Persönlich (2)\Fotos\Verschiedenes\Bilder aus der Jugend\2014-06-21 22.54.17.jpg";"906359";"Würde gelöscht werden"
"2026-09-28 22:56:57";"DryRun";"F:\Daten\Älter\Bilder\Bilder aus der Jugend\2014-06-21 22.54.27.jpg";"E:\OpenCloud\Persönlich (2)\Fotos\Verschiedenes\Bilder aus der Jugend\2014-06-21 22.54.27.jpg";"815578";"Würde gelöscht werden"
"2026-09-28 22:56:57";"DryRun";"F:\Daten\Älter\Bilder\Bilder aus der Jugend\2014-06-21 22.54.30.jpg";"E:\OpenCloud\Persönlich (2)\Fotos\Verschiedenes\Bilder aus der Jugend\2014-06-21 22.54.30.jpg";"921989";"Würde gelöscht werden"
"2026-09-28 22:56:57";"DryRun";"F:\Daten\Älter\Bilder\Bilder aus der Jugend\2014-06-21 22.54.55.jpg";"E:\OpenCloud\Persönlich (2)\Fotos\Verschiedenes\Bilder aus der Jugend\2014-06-21 22.54.55.jpg";"1153708";"Würde gelöscht werden"
"2026-09-28 22:56:57";"DryRun";"F:\Daten\Älter\Bilder\Bilder aus der Jugend\2014-06-25 11.39.10.jpg";"E:\OpenCloud\Persönlich (2)\Fotos\Verschiedenes\Bilder aus der Jugend\2014-06-25 11.39.10.jpg";"980864";"Würde gelöscht werden"
"2026-09-28 22:56:57";"DryRun";"F:\Daten\Älter\Bilder\Bilder aus der Jugend\2014-06-26 17.49.30.jpg";"E:\OpenCloud\Persönlich (2)\Fotos\Verschiedenes\Bilder aus der Jugend\2014-06-26 17.49.30.jpg";"1036158";"Würde gelöscht werden"
"2026-09-28 22:56:57";"DryRun";"F:\Daten\Älter\Bilder\Bilder aus der Jugend\2014-06-26 22.19.44.jpg";"E:\OpenCloud\Persönlich (2)\Fotos\Verschiedenes\Bilder aus der Jugend\2014-06-26 22.19.44.jpg";"866795";"Würde gelöscht werden"
"2026-09-28 22:56:57";"DryRun";"F:\Daten\Älter\Bilder\Bilder aus der Jugend\2014-06-27 09.30.46.jpg";"E:\OpenCloud\Persönlich (2)\Fotos\Verschiedenes\Bilder aus der Jugend\2014-06-27 09.30.46.jpg";"742311";"Würde gelöscht werden"
"2026-09-28 22:56:57";"DryRun";"F:\Daten\Älter\Bilder\Bilder aus der Jugend\2014-06-28 13.57.20.jpg";"E:\OpenCloud\Persönlich (2)\Fotos\Verschiedenes\Bilder aus der Jugend\2014-06-28 13.57.20.jpg";"960444";"Würde gelöscht werden"
"2026-09-28 22:56:57";"DryRun";"F:\Daten\Älter\Bilder\Bilder aus der Jugend\2014-06-30 16.10.18.png";"E:\OpenCloud\Persönlich (2)\Fotos\Verschiedenes\Bilder aus der Jugend\2014-06-30 16.10.18.png";"1220653";"Würde gelöscht werden"
"2026-09-28 22:56:57";"DryRun";"F:\Daten\Älter\Bilder\Bilder aus der Jugend\2014-07-01 06.33.27.jpg";"E:\OpenCloud\Persönlich (2)\Fotos\Verschiedenes\Bilder aus der Jugend\2014-07-01 06.33.27.jpg";"1011543";"Würde gelöscht werden"
"2026-09-28 22:56:57";"DryRun";"F:\Daten\Älter\Bilder\Bilder aus der Jugend\2014-07-10 21.54.56.jpg";"E:\OpenCloud\Persönlich (2)\Fotos\Verschiedenes\Bilder aus der Jugend\2014-07-10 21.54.56.jpg";"898486";"Würde gelöscht werden"
"2026-09-28 22:56:57";"DryRun";"F:\Daten\Älter\Bilder\Bilder aus der Jugend\2014-07-11 12.46.20.jpg";"E:\OpenCloud\Persönlich (2)\Fotos\Verschiedenes\Bilder aus der Jugend\2014-07-11 12.46.20.jpg";"669328";"Würde gelöscht werden"
"2026-09-28 22:56:57";"DryRun";"F:\Daten\Älter\Bilder\Bilder aus der Jugend\2014-07-11 12.46.28.jpg";"E:\OpenCloud\Persönlich (2)\Fotos\Verschiedenes\Bilder aus der Jugend\2014-07-11 12.46.28.jpg";"662274";"Würde gelöscht werden"
"2026-09-28 22:56:57";"DryRun";"F:\Daten\Älter\Bilder\Bilder aus der Jugend\2014-07-11 12.46.33.jpg";"E:\OpenCloud\Persönlich (2)\Fotos\Verschiedenes\Bilder aus der Jugend\2014-07-11 12.46.33.jpg";"668929";"Würde gelöscht werden"
"2026-09-28 22:56:57";"DryRun";"F:\Daten\Älter\Bilder\Bilder aus der Jugend\2014-07-11 14.20.11.png";"E:\OpenCloud\Persönlich (2)\Fotos\Verschiedenes\Bilder aus der Jugend\2014-07-11 14.20.11.png";"997021";"Würde gelöscht werden"
"2026-09-28 22:56:57";"DryRun";"F:\Daten\Älter\Bilder\Bilder aus der Jugend\2014-07-11 23.08.35.jpg";"E:\OpenCloud\Persönlich (2)\Fotos\Verschiedenes\Bilder aus der Jugend\2014-07-11 23.08.35.jpg";"623893";"Würde gelöscht werden"
"2026-09-28 22:56:57";"DryRun";"F:\Daten\Älter\Bilder\Bilder aus der Jugend\2014-07-11 23.08.53.jpg";"E:\OpenCloud\Persönlich (2)\Fotos\Verschiedenes\Bilder aus der Jugend\2014-07-11 23.08.53.jpg";"746483";"Würde gelöscht werden"
"2026-09-28 22:56:57";"DryRun";"F:\Daten\Älter\Bilder\Bilder aus der Jugend\2014-07-12 03.05.07.jpg";"E:\OpenCloud\Persönlich (2)\Fotos\Verschiedenes\Bilder aus der Jugend\2014-07-12 03.05.07.jpg";"1047558";"Würde gelöscht werden"
"2026-09-28 22:56:57";"DryRun";"F:\Daten\Älter\Bilder\Bilder aus der Jugend\2014-07-12 04.12.04.jpg";"E:\OpenCloud\Persönlich (2)\Fotos\Verschiedenes\Bilder aus der Jugend\2014-07-12 04.12.04.jpg";"610044";"Würde gelöscht werden"
"2026-09-28 22:56:57";"DryRun";"F:\Daten\Älter\Bilder\Bilder aus der Jugend\2014-07-13 22.48.00.jpeg";"E:\OpenCloud\Persönlich (2)\Fotos\Verschiedenes\Bilder aus der Jugend\2014-07-13 22.48.00.jpeg";"96914";"Würde gelöscht werden"
"2026-09-28 22:56:57";"DryRun";"F:\Daten\Älter\Bilder\Bilder aus der Jugend\2014-07-14 00.30.40.jpg";"E:\OpenCloud\Persönlich (2)\Fotos\Verschiedenes\Bilder aus der Jugend\2014-07-14 00.30.40.jpg";"931990";"Würde gelöscht werden"
"2026-09-28 22:56:57";"DryRun";"F:\Daten\Älter\Bilder\Bilder aus der Jugend\2014-07-14 00.39.24.jpg";"E:\OpenCloud\Persönlich (2)\Fotos\Verschiedenes\Bilder aus der Jugend\2014-07-14 00.39.24.jpg";"1002770";"Würde gelöscht werden"
"2026-09-28 22:56:57";"DryRun";"F:\Daten\Älter\Bilder\Bilder aus der Jugend\2014-07-14 09.20.57.png";"E:\OpenCloud\Persönlich (2)\Fotos\Verschiedenes\Bilder aus der Jugend\2014-07-14 09.20.57.png";"734615";"Würde gelöscht werden"
"2026-09-28 22:56:57";"DryRun";"F:\Daten\Älter\Bilder\Bilder aus der Jugend\2014-07-14 11.51.44.jpg";"E:\OpenCloud\Persönlich (2)\Fotos\Verschiedenes\Bilder aus der Jugend\2014-07-14 11.51.44.jpg";"470188";"Würde gelöscht werden"
"2026-09-28 22:56:57";"DryRun";"F:\Daten\Älter\Bilder\Bilder aus der Jugend\2014-07-14 17.13.40.jpg";"E:\OpenCloud\Persönlich (2)\Fotos\Verschiedenes\Bilder aus der Jugend\2014-07-14 17.13.40.jpg";"625894";"Würde gelöscht werden"
"2026-09-28 22:56:57";"DryRun";"F:\Daten\Älter\Bilder\Bilder aus der Jugend\2014-07-15 14.28.29.jpg";"E:\OpenCloud\Persönlich (2)\Fotos\Verschiedenes\Bilder aus der Jugend\2014-07-15 14.28.29.jpg";"819837";"Würde gelöscht werden"
"2026-09-28 22:56:57";"DryRun";"F:\Daten\Älter\Bilder\Bilder aus der Jugend\2014-07-17 22.53.31.jpg";"E:\OpenCloud\Persönlich (2)\Fotos\Verschiedenes\Bilder aus der Jugend\2014-07-17 22.53.31.jpg";"473218";"Würde gelöscht werden"
"2026-09-28 22:56:57";"DryRun";"F:\Daten\Älter\Bilder\Bilder aus der Jugend\2014-07-18 16.02.54.jpg";"E:\OpenCloud\Persönlich (2)\Fotos\Verschiedenes\Bilder aus der Jugend\2014-07-18 16.02.54.jpg";"1023599";"Würde gelöscht werden"
"2026-09-28 22:56:57";"DryRun";"F:\Daten\Älter\Bilder\Bilder aus der Jugend\2014-07-18 16.03.40.jpg";"E:\OpenCloud\Persönlich (2)\Fotos\Verschiedenes\Bilder aus der Jugend\2014-07-18 16.03.40.jpg";"1178521";"Würde gelöscht werden"
"2026-09-28 22:56:57";"DryRun";"F:\Daten\Älter\Bilder\Bilder aus der Jugend\2014-07-18 16.04.34.jpg";"E:\OpenCloud\Persönlich (2)\Fotos\Verschiedenes\Bilder aus der Jugend\2014-07-18 16.04.34.jpg";"1778961";"Würde gelöscht werden"
"2026-09-28 22:56:57";"DryRun";"F:\Daten\Älter\Bilder\Bilder aus der Jugend\2014-07-18 16.04.49.jpg";"E:\OpenCloud\Persönlich (2)\Fotos\Verschiedenes\Bilder aus der Jugend\2014-07-18 16.04.49.jpg";"1952119";"Würde gelöscht werden"
"2026-09-28 22:56:57";"DryRun";"F:\Daten\Älter\Bilder\Bilder aus der Jugend\2014-07-19 01.43.13.jpg";"E:\OpenCloud\Persönlich (2)\Fotos\Verschiedenes\Bilder aus der Jugend\2014-07-19 01.43.13.jpg";"632450";"Würde gelöscht werden"
"2026-09-28 22:56:57";"DryRun";"F:\Daten\Älter\Bilder\Bilder aus der Jugend\2014-07-20 20.42.29.jpg";"E:\OpenCloud\Persönlich (2)\Fotos\Verschiedenes\Bilder aus der Jugend\2014-07-20 20.42.29.jpg";"1230039";"Würde gelöscht werden"
"2026-09-28 22:56:57";"DryRun";"F:\Daten\Älter\Bilder\Bilder aus der Jugend\2014-07-21 13.31.41.jpg";"E:\OpenCloud\Persönlich (2)\Fotos\Verschiedenes\Bilder aus der Jugend\2014-07-21 13.31.41.jpg";"885457";"Würde gelöscht werden"
"2026-09-28 22:56:57";"DryRun";"F:\Daten\Älter\Bilder\Bilder aus der Jugend\2014-07-21 17.28.56.jpg";"E:\OpenCloud\Persönlich (2)\Fotos\Verschiedenes\Bilder aus der Jugend\2014-07-21 17.28.56.jpg";"941397";"Würde gelöscht werden"
"2026-09-28 22:56:57";"DryRun";"F:\Daten\Älter\Bilder\Bilder aus der Jugend\2014-07-21 21.55.47.jpg";"E:\OpenCloud\Persönlich (2)\Fotos\Verschiedenes\Bilder aus der Jugend\2014-07-21 21.55.47.jpg";"1090821";"Würde gelöscht werden"
"2026-09-28 22:56:57";"DryRun";"F:\Daten\Älter\Bilder\Bilder aus der Jugend\2014-07-22 09.05.31.png";"E:\OpenCloud\Persönlich (2)\Fotos\Verschiedenes\Bilder aus der Jugend\2014-07-22 09.05.31.png";"286360";"Würde gelöscht werden"
"2026-09-28 22:56:57";"DryRun";"F:\Daten\Älter\Bilder\Bilder aus der Jugend\2014-07-23 16.11.31.jpg";"E:\OpenCloud\Persönlich (2)\Fotos\Verschiedenes\Bilder aus der Jugend\2014-07-23 16.11.31.jpg";"277907";"Würde gelöscht werden"
"2026-09-28 22:56:57";"DryRun";"F:\Daten\Älter\Bilder\Bilder aus der Jugend\2014-07-23 23.17.46.jpg";"E:\OpenCloud\Persönlich (2)\Fotos\Verschiedenes\Bilder aus der Jugend\2014-07-23 23.17.46.jpg";"939236";"Würde gelöscht werden"
"2026-09-28 22:56:57";"DryRun";"F:\Daten\Älter\Bilder\Bilder aus der Jugend\2014-07-24 11.46.40.jpg";"E:\OpenCloud\Persönlich (2)\Fotos\Verschiedenes\Bilder aus der Jugend\2014-07-24 11.46.40.jpg";"601558";"Würde gelöscht werden"
"2026-09-28 22:56:57";"DryRun";"F:\Daten\Älter\Bilder\Bilder aus der Jugend\2014-07-24 11.47.02.jpg";"E:\OpenCloud\Persönlich (2)\Fotos\Verschiedenes\Bilder aus der Jugend\2014-07-24 11.47.02.jpg";"638943";"Würde gelöscht werden"
"2026-09-28 22:56:57";"DryRun";"F:\Daten\Älter\Bilder\Bilder aus der Jugend\2014-07-24 15.43.48.png";"E:\OpenCloud\Persönlich (2)\Fotos\Verschiedenes\Bilder aus der Jugend\2014-07-24 15.43.48.png";"1530225";"Würde gelöscht werden"
"2026-09-28 22:56:57";"DryRun";"F:\Daten\Älter\Bilder\Bilder aus der Jugend\2014-07-24 22.08.04.jpg";"E:\OpenCloud\Persönlich (2)\Fotos\Verschiedenes\Bilder aus der Jugend\2014-07-24 22.08.04.jpg";"840247";"Würde gelöscht werden"
"2026-09-28 22:56:57";"DryRun";"F:\Daten\Älter\Bilder\Bilder aus der Jugend\2014-07-25 12.55.33.jpg";"E:\OpenCloud\Persönlich (2)\Fotos\Verschiedenes\Bilder aus der Jugend\2014-07-25 12.55.33.jpg";"858570";"Würde gelöscht werden"
"2026-09-28 22:56:57";"DryRun";"F:\Daten\Älter\Bilder\Bilder aus der Jugend\2014-07-26 12.14.15.jpg";"E:\OpenCloud\Persönlich (2)\Fotos\Verschiedenes\Bilder aus der Jugend\2014-07-26 12.14.15.jpg";"939342";"Würde gelöscht werden"
"2026-09-28 22:56:57";"DryRun";"F:\Daten\Älter\Bilder\Bilder aus der Jugend\2014-07-26 16.13.12.jpg";"E:\OpenCloud\Persönlich (2)\Fotos\Verschiedenes\Bilder aus der Jugend\2014-07-26 16.13.12.jpg";"620004";"Würde gelöscht werden"
"2026-09-28 22:56:57";"DryRun";"F:\Daten\Älter\Bilder\Bilder aus der Jugend\2014-07-27 20.34.52.jpg";"E:\OpenCloud\Persönlich (2)\Fotos\Verschiedenes\Bilder aus der Jugend\2014-07-27 20.34.52.jpg";"937134";"Würde gelöscht werden"
"2026-09-28 22:56:57";"DryRun";"F:\Daten\Älter\Bilder\Bilder aus der Jugend\2014-07-28 15.06.43.jpg";"E:\OpenCloud\Persönlich (2)\Fotos\Verschiedenes\Bilder aus der Jugend\2014-07-28 15.06.43.jpg";"1063192";"Würde gelöscht werden"
"2026-09-28 22:56:57";"DryRun";"F:\Daten\Älter\Bilder\Bilder aus der Jugend\2014-07-28 15.43.33.jpg";"E:\OpenCloud\Persönlich (2)\Fotos\Verschiedenes\Bilder aus der Jugend\2014-07-28 15.43.33.jpg";"1197861";"Würde gelöscht werden"
"2026-09-28 22:56:57";"DryRun";"F:\Daten\Älter\Bilder\Bilder aus der Jugend\2014-07-28 17.56.14.jpg";"E:\OpenCloud\Persönlich (2)\Fotos\Verschiedenes\Bilder aus der Jugend\2014-07-28 17.56.14.jpg";"981717";"Würde gelöscht werden"
"2026-09-28 22:56:57";"DryRun";"F:\Daten\Älter\Bilder\Bilder aus der Jugend\2014-07-28 20.09.46.jpg";"E:\OpenCloud\Persönlich (2)\Fotos\Verschiedenes\Bilder aus der Jugend\2014-07-28 20.09.46.jpg";"588441";"Würde gelöscht werden"
"2026-09-28 22:56:57";"DryRun";"F:\Daten\Älter\Bilder\Bilder aus der Jugend\2014-07-28 21.54.21.jpg";"E:\OpenCloud\Persönlich (2)\Fotos\Verschiedenes\Bilder aus der Jugend\2014-07-28 21.54.21.jpg";"968206";"Würde gelöscht werden"
"2026-09-28 22:56:57";"DryRun";"F:\Daten\Älter\Bilder\Bilder aus der Jugend\2014-07-28 21.54.27.jpg";"E:\OpenCloud\Persönlich (2)\Fotos\Verschiedenes\Bilder aus der Jugend\2014-07-28 21.54.27.jpg";"848785";"Würde gelöscht werden"
"2026-09-28 22:56:57";"DryRun";"F:\Daten\Älter\Bilder\Bilder aus der Jugend\2014-07-28 21.54.45.jpg";"E:\OpenCloud\Persönlich (2)\Fotos\Verschiedenes\Bilder aus der Jugend\2014-07-28 21.54.45.jpg";"901473";"Würde gelöscht werden"
"2026-09-28 22:56:57";"DryRun";"F:\Daten\Älter\Bilder\Bilder aus der Jugend\2014-07-28 21.54.51.jpg";"E:\OpenCloud\Persönlich (2)\Fotos\Verschiedenes\Bilder aus der Jugend\2014-07-28 21.54.51.jpg";"952642";"Würde gelöscht werden"
"2026-09-28 22:56:57";"DryRun";"F:\Daten\Älter\Bilder\Bilder aus der Jugend\2014-07-29 10.25.05.jpg";"E:\OpenCloud\Persönlich (2)\Fotos\Verschiedenes\Bilder aus der Jugend\2014-07-29 10.25.05.jpg";"902906";"Würde gelöscht werden"
"2026-09-28 22:56:57";"DryRun";"F:\Daten\Älter\Bilder\Bilder aus der Jugend\2014-07-31 15.02.21.jpg";"E:\OpenCloud\Persönlich (2)\Fotos\Verschiedenes\Bilder aus der Jugend\2014-07-31 15.02.21.jpg";"1067061";"Würde gelöscht werden"
"2026-09-28 22:56:57";"DryRun";"F:\Daten\Älter\Bilder\Bilder aus der Jugend\2014-08-01 12.47.05.jpeg";"E:\OpenCloud\Persönlich (2)\Fotos\Verschiedenes\Bilder aus der Jugend\2014-08-01 12.47.05.jpeg";"84204";"Würde gelöscht werden"
"2026-09-28 22:56:57";"DryRun";"F:\Daten\Älter\Bilder\Bilder aus der Jugend\2014-08-01 20.39.36-2.jpg";"E:\OpenCloud\Persönlich (2)\Fotos\Verschiedenes\Bilder aus der Jugend\2014-08-01 20.39.36-2.jpg";"730895";"Würde gelöscht werden"
"2026-09-28 22:56:57";"DryRun";"F:\Daten\Älter\Bilder\Bilder aus der Jugend\2014-08-01 20.49.55.jpg";"E:\OpenCloud\Persönlich (2)\Fotos\Verschiedenes\Bilder aus der Jugend\2014-08-01 20.49.55.jpg";"1229349";"Würde gelöscht werden"
"2026-09-28 22:56:57";"DryRun";"F:\Daten\Älter\Bilder\Bilder aus der Jugend\2014-08-01 20.50.02.jpg";"E:\OpenCloud\Persönlich (2)\Fotos\Verschiedenes\Bilder aus der Jugend\2014-08-01 20.50.02.jpg";"1158356";"Würde gelöscht werden"
"2026-09-28 22:56:57";"DryRun";"F:\Daten\Älter\Bilder\Bilder aus der Jugend\2014-08-01 22.27.01.jpg";"E:\OpenCloud\Persönlich (2)\Fotos\Verschiedenes\Bilder aus der Jugend\2014-08-01 22.27.01.jpg";"456331";"Würde gelöscht werden"
"2026-09-28 22:56:57";"DryRun";"F:\Daten\Älter\Bilder\Bilder aus der Jugend\2014-08-02 00.14.17.jpg";"E:\OpenCloud\Persönlich (2)\Fotos\Verschiedenes\Bilder aus der Jugend\2014-08-02 00.14.17.jpg";"1019916";"Würde gelöscht werden"
"2026-09-28 22:56:57";"DryRun";"F:\Daten\Älter\Bilder\Bilder aus der Jugend\2014-08-02 22.54.08-1.jpg";"E:\OpenCloud\Persönlich (2)\Fotos\Verschiedenes\Bilder aus der Jugend\2014-08-02 22.54.08-1.jpg";"1015231";"Würde gelöscht werden"
"2026-09-28 22:56:57";"DryRun";"F:\Daten\Älter\Bilder\Bilder aus der Jugend\2014-08-02 22.54.08-2.jpg";"E:\OpenCloud\Persönlich (2)\Fotos\Verschiedenes\Bilder aus der Jugend\2014-08-02 22.54.08-2.jpg";"1087666";"Würde gelöscht werden"
"2026-09-28 22:56:57";"DryRun";"F:\Daten\Älter\Bilder\Bilder aus der Jugend\2014-08-04 14.22.13.jpg";"E:\OpenCloud\Persönlich (2)\Fotos\Verschiedenes\Bilder aus der Jugend\2014-08-04 14.22.13.jpg";"900064";"Würde gelöscht werden"
"2026-09-28 22:56:57";"DryRun";"F:\Daten\Älter\Bilder\Bilder aus der Jugend\2014-08-04 14.40.08.jpg";"E:\OpenCloud\Persönlich (2)\Fotos\Verschiedenes\Bilder aus der Jugend\2014-08-04 14.40.08.jpg";"1012666";"Würde gelöscht werden"
"2026-09-28 22:56:57";"DryRun";"F:\Daten\Älter\Bilder\Bilder aus der Jugend\2014-08-04 21.35.36.jpg";"E:\OpenCloud\Persönlich (2)\Fotos\Verschiedenes\Bilder aus der Jugend\2014-08-04 21.35.36.jpg";"1106980";"Würde gelöscht werden"
"2026-09-28 22:56:57";"DryRun";"F:\Daten\Älter\Bilder\Bilder aus der Jugend\2014-08-05 15.44.44.png";"E:\OpenCloud\Persönlich (2)\Fotos\Verschiedenes\Bilder aus der Jugend\2014-08-05 15.44.44.png";"892750";"Würde gelöscht werden"
"2026-09-28 22:56:57";"DryRun";"F:\Daten\Älter\Bilder\Bilder aus der Jugend\2014-08-05 15.44.50.png";"E:\OpenCloud\Persönlich (2)\Fotos\Verschiedenes\Bilder aus der Jugend\2014-08-05 15.44.50.png";"991765";"Würde gelöscht werden"
"2026-09-28 22:56:57";"DryRun";"F:\Daten\Älter\Bilder\Bilder aus der Jugend\2014-08-06 19.43.34.jpeg";"E:\OpenCloud\Persönlich (2)\Fotos\Verschiedenes\Bilder aus der Jugend\2014-08-06 19.43.34.jpeg";"57931";"Würde gelöscht werden"
"2026-09-28 22:56:57";"DryRun";"F:\Daten\Älter\Bilder\Bilder aus der Jugend\2014-08-08 14.43.24.jpg";"E:\OpenCloud\Persönlich (2)\Fotos\Verschiedenes\Bilder aus der Jugend\2014-08-08 14.43.24.jpg";"698648";"Würde gelöscht werden"
"2026-09-28 22:56:57";"DryRun";"F:\Daten\Älter\Bilder\Bilder aus der Jugend\2014-08-08 14.43.27.jpg";"E:\OpenCloud\Persönlich (2)\Fotos\Verschiedenes\Bilder aus der Jugend\2014-08-08 14.43.27.jpg";"637638";"Würde gelöscht werden"
"2026-09-28 22:56:57";"DryRun";"F:\Daten\Älter\Bilder\Bilder aus der Jugend\2014-08-08 14.43.33.jpg";"E:\OpenCloud\Persönlich (2)\Fotos\Verschiedenes\Bilder aus der Jugend\2014-08-08 14.43.33.jpg";"759381";"Würde gelöscht werden"
"2026-09-28 22:56:57";"DryRun";"F:\Daten\Älter\Bilder\Bilder aus der Jugend\2014-08-08 14.43.38.jpg";"E:\OpenCloud\Persönlich (2)\Fotos\Verschiedenes\Bilder aus der Jugend\2014-08-08 14.43.38.jpg";"815986";"Würde gelöscht werden"
"2026-09-28 22:56:57";"DryRun";"F:\Daten\Älter\Bilder\Bilder aus der Jugend\2014-08-08 14.43.42.jpg";"E:\OpenCloud\Persönlich (2)\Fotos\Verschiedenes\Bilder aus der Jugend\2014-08-08 14.43.42.jpg";"782444";"Würde gelöscht werden"
"2026-09-28 22:56:57";"DryRun";"F:\Daten\Älter\Bilder\Bilder aus der Jugend\2014-08-08 14.43.43.jpg";"E:\OpenCloud\Persönlich (2)\Fotos\Verschiedenes\Bilder aus der Jugend\2014-08-08 14.43.43.jpg";"696736";"Würde gelöscht werden"
"2026-09-28 22:56:57";"DryRun";"F:\Daten\Älter\Bilder\Bilder aus der Jugend\2014-08-08 14.43.44.jpg";"E:\OpenCloud\Persönlich (2)\Fotos\Verschiedenes\Bilder aus der Jugend\2014-08-08 14.43.44.jpg";"769609";"Würde gelöscht werden"
"2026-09-28 22:56:57";"DryRun";"F:\Daten\Älter\Bilder\Bilder aus der Jugend\2014-08-08 14.43.46.jpg";"E:\OpenCloud\Persönlich (2)\Fotos\Verschiedenes\Bilder aus der Jugend\2014-08-08 14.43.46.jpg";"731345";"Würde gelöscht werden"
"2026-09-28 22:56:57";"DryRun";"F:\Daten\Älter\Bilder\Bilder aus der Jugend\2014-08-09 00.10.10.jpg";"E:\OpenCloud\Persönlich (2)\Fotos\Verschiedenes\Bilder aus der Jugend\2014-08-09 00.10.10.jpg";"807549";"Würde gelöscht werden"
"2026-09-28 22:56:57";"DryRun";"F:\Daten\Älter\Bilder\Bilder aus der Jugend\2014-08-09 17.50.12.jpg";"E:\OpenCloud\Persönlich (2)\Fotos\Verschiedenes\Bilder aus der Jugend\2014-08-09 17.50.12.jpg";"1184840";"Würde gelöscht werden"
"2026-09-28 22:56:57";"DryRun";"F:\Daten\Älter\Bilder\Bilder aus der Jugend\2014-08-10 02.24.58.jpg";"E:\OpenCloud\Persönlich (2)\Fotos\Verschiedenes\Bilder aus der Jugend\2014-08-10 02.24.58.jpg";"300705";"Würde gelöscht werden"
"2026-09-28 22:56:58";"DryRun";"F:\Daten\Älter\Bilder\Bilder aus der Jugend\2014-08-10 02.25.13-1.jpg";"E:\OpenCloud\Persönlich (2)\Fotos\Verschiedenes\Bilder aus der Jugend\2014-08-10 02.25.13-1.jpg";"345489";"Würde gelöscht werden"
"2026-09-28 22:56:58";"DryRun";"F:\Daten\Älter\Bilder\Bilder aus der Jugend\2014-08-10 02.25.13.jpg";"E:\OpenCloud\Persönlich (2)\Fotos\Verschiedenes\Bilder aus der Jugend\2014-08-10 02.25.13.jpg";"425867";"Würde gelöscht werden"
"2026-09-28 22:56:58";"DryRun";"F:\Daten\Älter\Bilder\Bilder aus der Jugend\2014-08-10 02.25.22.jpg";"E:\OpenCloud\Persönlich (2)\Fotos\Verschiedenes\Bilder aus der Jugend\2014-08-10 02.25.22.jpg";"401280";"Würde gelöscht werden"
"2026-09-28 22:56:58";"DryRun";"F:\Daten\Älter\Bilder\Bilder aus der Jugend\2014-08-10 02.25.31.jpg";"E:\OpenCloud\Persönlich (2)\Fotos\Verschiedenes\Bilder aus der Jugend\2014-08-10 02.25.31.jpg";"403656";"Würde gelöscht werden"
"2026-09-28 22:56:58";"DryRun";"F:\Daten\Älter\Bilder\Bilder aus der Jugend\2014-08-10 02.25.43-1.jpg";"E:\OpenCloud\Persönlich (2)\Fotos\Verschiedenes\Bilder aus der Jugend\2014-08-10 02.25.43-1.jpg";"929713";"Würde gelöscht werden"
"2026-09-28 22:56:58";"DryRun";"F:\Daten\Älter\Bilder\Bilder aus der Jugend\2014-08-10 02.25.43.jpg";"E:\OpenCloud\Persönlich (2)\Fotos\Verschiedenes\Bilder aus der Jugend\2014-08-10 02.25.43.jpg";"490029";"Würde gelöscht werden"
"2026-09-28 22:56:58";"DryRun";"F:\Daten\Älter\Bilder\Bilder aus der Jugend\2014-08-10 02.26.44.jpg";"E:\OpenCloud\Persönlich (2)\Fotos\Verschiedenes\Bilder aus der Jugend\2014-08-10 02.26.44.jpg";"472747";"Würde gelöscht werden"
"2026-09-28 22:56:58";"DryRun";"F:\Daten\Älter\Bilder\Bilder aus der Jugend\2014-08-10 02.27.54.jpg";"E:\OpenCloud\Persönlich (2)\Fotos\Verschiedenes\Bilder aus der Jugend\2014-08-10 02.27.54.jpg";"1054535";"Würde gelöscht werden"
"2026-09-28 22:56:58";"DryRun";"F:\Daten\Älter\Bilder\Bilder aus der Jugend\2014-08-10 02.28.08.jpg";"E:\OpenCloud\Persönlich (2)\Fotos\Verschiedenes\Bilder aus der Jugend\2014-08-10 02.28.08.jpg";"793342";"Würde gelöscht werden"
"2026-09-28 22:56:58";"DryRun";"F:\Daten\Älter\Bilder\Bilder aus der Jugend\2014-08-10 02.29.17.jpg";"E:\OpenCloud\Persönlich (2)\Fotos\Verschiedenes\Bilder aus der Jugend\2014-08-10 02.29.17.jpg";"618714";"Würde gelöscht werden"
"2026-09-28 22:56:58";"DryRun";"F:\Daten\Älter\Bilder\Bilder aus der Jugend\2014-08-10 02.29.53.jpg";"E:\OpenCloud\Persönlich (2)\Fotos\Verschiedenes\Bilder aus der Jugend\2014-08-10 02.29.53.jpg";"706086";"Würde gelöscht werden"
"2026-09-28 22:56:58";"DryRun";"F:\Daten\Älter\Bilder\Bilder aus der Jugend\2014-08-10 02.39.15.jpg";"E:\OpenCloud\Persönlich (2)\Fotos\Verschiedenes\Bilder aus der Jugend\2014-08-10 02.39.15.jpg";"625383";"Würde gelöscht werden"
"2026-09-28 22:56:58";"DryRun";"F:\Daten\Älter\Bilder\Bilder aus der Jugend\2014-08-10 08.30.07.jpeg";"E:\OpenCloud\Persönlich (2)\Fotos\Verschiedenes\Bilder aus der Jugend\2014-08-10 08.30.07.jpeg";"37409";"Würde gelöscht werden"
"2026-09-28 22:56:58";"DryRun";"F:\Daten\Älter\Bilder\Bilder aus der Jugend\2014-08-10 08.35.25.png";"E:\OpenCloud\Persönlich (2)\Fotos\Verschiedenes\Bilder aus der Jugend\2014-08-10 08.35.25.png";"362118";"Würde gelöscht werden"
"2026-09-28 22:56:58";"DryRun";"F:\Daten\Älter\Bilder\Bilder aus der Jugend\2014-08-11 11.21.14.jpeg";"E:\OpenCloud\Persönlich (2)\Fotos\Verschiedenes\Bilder aus der Jugend\2014-08-11 11.21.14.jpeg";"25903";"Würde gelöscht werden"
"2026-09-28 22:56:58";"DryRun";"F:\Daten\Älter\Bilder\Bilder aus der Jugend\2014-08-12 21.36.06.jpg";"E:\OpenCloud\Persönlich (2)\Fotos\Verschiedenes\Bilder aus der Jugend\2014-08-12 21.36.06.jpg";"1087077";"Würde gelöscht werden"
"2026-09-28 22:56:58";"DryRun";"F:\Daten\Älter\Bilder\Bilder aus der Jugend\2014-08-12 23.10.53.jpg";"E:\OpenCloud\Persönlich (2)\Fotos\Verschiedenes\Bilder aus der Jugend\2014-08-12 23.10.53.jpg";"920502";"Würde gelöscht werden"
"2026-09-28 22:56:58";"DryRun";"F:\Daten\Älter\Bilder\Bilder aus der Jugend\2014-08-14 20.49.09.jpeg";"E:\OpenCloud\Persönlich (2)\Fotos\Verschiedenes\Bilder aus der Jugend\2014-08-14 20.49.09.jpeg";"26460";"Würde gelöscht werden"
"2026-09-28 22:56:58";"DryRun";"F:\Daten\Älter\Bilder\Bilder aus der Jugend\2014-08-14 20.49.40.jpeg";"E:\OpenCloud\Persönlich (2)\Fotos\Verschiedenes\Bilder aus der Jugend\2014-08-14 20.49.40.jpeg";"45816";"Würde gelöscht werden"
"2026-09-28 22:56:58";"DryRun";"F:\Daten\Älter\Bilder\Bilder aus der Jugend\2014-08-14 20.51.44.jpeg";"E:\OpenCloud\Persönlich (2)\Fotos\Verschiedenes\Bilder aus der Jugend\2014-08-14 20.51.44.jpeg";"53987";"Würde gelöscht werden"
"2026-09-28 22:56:58";"DryRun";"F:\Daten\Älter\Bilder\Bilder aus der Jugend\2014-08-15 15.21.46.jpg";"E:\OpenCloud\Persönlich (2)\Fotos\Verschiedenes\Bilder aus der Jugend\2014-08-15 15.21.46.jpg";"809197";"Würde gelöscht werden"
"2026-09-28 22:56:58";"DryRun";"F:\Daten\Älter\Bilder\Bilder aus der Jugend\2014-08-15 19.22.44.jpeg";"E:\OpenCloud\Persönlich (2)\Fotos\Verschiedenes\Bilder aus der Jugend\2014-08-15 19.22.44.jpeg";"327185";"Würde gelöscht werden"
"2026-09-28 22:56:58";"DryRun";"F:\Daten\Älter\Bilder\Bilder aus der Jugend\2014-08-15 20.52.57.jpeg";"E:\OpenCloud\Persönlich (2)\Fotos\Verschiedenes\Bilder aus der Jugend\2014-08-15 20.52.57.jpeg";"144827";"Würde gelöscht werden"
"2026-09-28 22:56:58";"DryRun";"F:\Daten\Älter\Bilder\Bilder aus der Jugend\2014-08-15 21.50.23.jpeg";"E:\OpenCloud\Persönlich (2)\Fotos\Verschiedenes\Bilder aus der Jugend\2014-08-15 21.50.23.jpeg";"80202";"Würde gelöscht werden"
"2026-09-28 22:56:58";"DryRun";"F:\Daten\Älter\Bilder\Bilder aus der Jugend\2014-08-16 13.01.33.png";"E:\OpenCloud\Persönlich (2)\Fotos\Verschiedenes\Bilder aus der Jugend\2014-08-16 13.01.33.png";"303199";"Würde gelöscht werden"
"2026-09-28 22:56:58";"DryRun";"F:\Daten\Älter\Bilder\Bilder aus der Jugend\2014-08-16 15.06.27.png";"E:\OpenCloud\Persönlich (2)\Fotos\Verschiedenes\Bilder aus der Jugend\2014-08-16 15.06.27.png";"247959";"Würde gelöscht werden"
"2026-09-28 22:56:58";"DryRun";"F:\Daten\Älter\Bilder\Bilder aus der Jugend\2014-08-16 22.39.51.jpg";"E:\OpenCloud\Persönlich (2)\Fotos\Verschiedenes\Bilder aus der Jugend\2014-08-16 22.39.51.jpg";"964783";"Würde gelöscht werden"
"2026-09-28 22:56:58";"DryRun";"F:\Daten\Älter\Bilder\Bilder aus der Jugend\2014-08-16 23.31.54.png";"E:\OpenCloud\Persönlich (2)\Fotos\Verschiedenes\Bilder aus der Jugend\2014-08-16 23.31.54.png";"376484";"Würde gelöscht werden"
"2026-09-28 22:56:58";"DryRun";"F:\Daten\Älter\Bilder\Bilder aus der Jugend\2014-08-16 23.45.21-1.jpg";"E:\OpenCloud\Persönlich (2)\Fotos\Verschiedenes\Bilder aus der Jugend\2014-08-16 23.45.21-1.jpg";"973327";"Würde gelöscht werden"
"2026-09-28 22:56:58";"DryRun";"F:\Daten\Älter\Bilder\Bilder aus der Jugend\2014-08-16 23.45.21-2.jpg";"E:\OpenCloud\Persönlich (2)\Fotos\Verschiedenes\Bilder aus der Jugend\2014-08-16 23.45.21-2.jpg";"972651";"Würde gelöscht werden"
"2026-09-28 22:56:58";"DryRun";"F:\Daten\Älter\Bilder\Bilder aus der Jugend\2014-08-16 23.48.20.jpg";"E:\OpenCloud\Persönlich (2)\Fotos\Verschiedenes\Bilder aus der Jugend\2014-08-16 23.48.20.jpg";"1053828";"Würde gelöscht werden"
"2026-09-28 22:56:58";"DryRun";"F:\Daten\Älter\Bilder\Bilder aus der Jugend\2014-08-16 23.48.25.jpg";"E:\OpenCloud\Persönlich (2)\Fotos\Verschiedenes\Bilder aus der Jugend\2014-08-16 23.48.25.jpg";"979037";"Würde gelöscht werden"
"2026-09-28 22:56:58";"DryRun";"F:\Daten\Älter\Bilder\Bilder aus der Jugend\2014-08-16 23.48.32.jpg";"E:\OpenCloud\Persönlich (2)\Fotos\Verschiedenes\Bilder aus der Jugend\2014-08-16 23.48.32.jpg";"995421";"Würde gelöscht werden"
"2026-09-28 22:56:58";"DryRun";"F:\Daten\Älter\Bilder\Bilder aus der Jugend\2014-08-16 23.55.55.jpg";"E:\OpenCloud\Persönlich (2)\Fotos\Verschiedenes\Bilder aus der Jugend\2014-08-16 23.55.55.jpg";"336889";"Würde gelöscht werden"
"2026-09-28 22:56:58";"DryRun";"F:\Daten\Älter\Bilder\Bilder aus der Jugend\2014-08-16 23.56.05.jpg";"E:\OpenCloud\Persönlich (2)\Fotos\Verschiedenes\Bilder aus der Jugend\2014-08-16 23.56.05.jpg";"399543";"Würde gelöscht werden"
"2026-09-28 22:56:58";"DryRun";"F:\Daten\Älter\Bilder\Bilder aus der Jugend\2014-08-17 00.08.02.jpg";"E:\OpenCloud\Persönlich (2)\Fotos\Verschiedenes\Bilder aus der Jugend\2014-08-17 00.08.02.jpg";"1076891";"Würde gelöscht werden"
"2026-09-28 22:56:58";"DryRun";"F:\Daten\Älter\Bilder\Bilder aus der Jugend\2014-08-17 00.08.22.jpg";"E:\OpenCloud\Persönlich (2)\Fotos\Verschiedenes\Bilder aus der Jugend\2014-08-17 00.08.22.jpg";"960678";"Würde gelöscht werden"
"2026-09-28 22:56:58";"DryRun";"F:\Daten\Älter\Bilder\Bilder aus der Jugend\2014-08-17 00.08.35.jpg";"E:\OpenCloud\Persönlich (2)\Fotos\Verschiedenes\Bilder aus der Jugend\2014-08-17 00.08.35.jpg";"902046";"Würde gelöscht werden"
"2026-09-28 22:56:58";"DryRun";"F:\Daten\Älter\Bilder\Bilder aus der Jugend\2014-08-17 00.08.43.jpg";"E:\OpenCloud\Persönlich (2)\Fotos\Verschiedenes\Bilder aus der Jugend\2014-08-17 00.08.43.jpg";"695160";"Würde gelöscht werden"
"2026-09-28 22:56:58";"DryRun";"F:\Daten\Älter\Bilder\Bilder aus der Jugend\2014-08-17 00.08.51.jpg";"E:\OpenCloud\Persönlich (2)\Fotos\Verschiedenes\Bilder aus der Jugend\2014-08-17 00.08.51.jpg";"1019285";"Würde gelöscht werden"
"2026-09-28 22:56:58";"DryRun";"F:\Daten\Älter\Bilder\Bilder aus der Jugend\2014-08-17 00.08.58.jpg";"E:\OpenCloud\Persönlich (2)\Fotos\Verschiedenes\Bilder aus der Jugend\2014-08-17 00.08.58.jpg";"796580";"Würde gelöscht werden"
"2026-09-28 22:56:58";"DryRun";"F:\Daten\Älter\Bilder\Bilder aus der Jugend\2014-08-17 00.09.01.jpg";"E:\OpenCloud\Persönlich (2)\Fotos\Verschiedenes\Bilder aus der Jugend\2014-08-17 00.09.01.jpg";"1150504";"Würde gelöscht werden"
"2026-09-28 22:56:58";"DryRun";"F:\Daten\Älter\Bilder\Bilder aus der Jugend\2014-08-17 00.23.58.jpg";"E:\OpenCloud\Persönlich (2)\Fotos\Verschiedenes\Bilder aus der Jugend\2014-08-17 00.23.58.jpg";"833050";"Würde gelöscht werden"
"2026-09-28 22:56:58";"DryRun";"F:\Daten\Älter\Bilder\Bilder aus der Jugend\2014-08-17 00.24.00.jpg";"E:\OpenCloud\Persönlich (2)\Fotos\Verschiedenes\Bilder aus der Jugend\2014-08-17 00.24.00.jpg";"796690";"Würde gelöscht werden"
"2026-09-28 22:56:58";"DryRun";"F:\Daten\Älter\Bilder\Bilder aus der Jugend\2014-08-17 00.24.04.jpg";"E:\OpenCloud\Persönlich (2)\Fotos\Verschiedenes\Bilder aus der Jugend\2014-08-17 00.24.04.jpg";"846806";"Würde gelöscht werden"
"2026-09-28 22:56:58";"DryRun";"F:\Daten\Älter\Bilder\Bilder aus der Jugend\2014-08-17 00.52.00.jpg";"E:\OpenCloud\Persönlich (2)\Fotos\Verschiedenes\Bilder aus der Jugend\2014-08-17 00.52.00.jpg";"906007";"Würde gelöscht werden"
"2026-09-28 22:56:58";"DryRun";"F:\Daten\Älter\Bilder\Bilder aus der Jugend\2014-08-17 01.07.00.jpg";"E:\OpenCloud\Persönlich (2)\Fotos\Verschiedenes\Bilder aus der Jugend\2014-08-17 01.07.00.jpg";"893187";"Würde gelöscht werden"
"2026-09-28 22:56:58";"DryRun";"F:\Daten\Älter\Bilder\Bilder aus der Jugend\2014-08-17 02.01.34.jpg";"E:\OpenCloud\Persönlich (2)\Fotos\Verschiedenes\Bilder aus der Jugend\2014-08-17 02.01.34.jpg";"1008873";"Würde gelöscht werden"
"2026-09-28 22:56:58";"DryRun";"F:\Daten\Älter\Bilder\Bilder aus der Jugend\2014-08-17 03.03.46.jpg";"E:\OpenCloud\Persönlich (2)\Fotos\Verschiedenes\Bilder aus der Jugend\2014-08-17 03.03.46.jpg";"1110294";"Würde gelöscht werden"
"2026-09-28 22:56:58";"DryRun";"F:\Daten\Älter\Bilder\Bilder aus der Jugend\2014-08-17 03.08.53.jpg";"E:\OpenCloud\Persönlich (2)\Fotos\Verschiedenes\Bilder aus der Jugend\2014-08-17 03.08.53.jpg";"919932";"Würde gelöscht werden"
"2026-09-28 22:56:58";"DryRun";"F:\Daten\Älter\Bilder\Bilder aus der Jugend\2014-08-17 03.08.54.jpg";"E:\OpenCloud\Persönlich (2)\Fotos\Verschiedenes\Bilder aus der Jugend\2014-08-17 03.08.54.jpg";"931289";"Würde gelöscht werden"
"2026-09-28 22:56:58";"DryRun";"F:\Daten\Älter\Bilder\Bilder aus der Jugend\2014-08-17 03.16.39.jpg";"E:\OpenCloud\Persönlich (2)\Fotos\Verschiedenes\Bilder aus der Jugend\2014-08-17 03.16.39.jpg";"430369";"Würde gelöscht werden"
"2026-09-28 22:56:58";"DryRun";"F:\Daten\Älter\Bilder\Bilder aus der Jugend\2014-08-17 03.16.47.jpg";"E:\OpenCloud\Persönlich (2)\Fotos\Verschiedenes\Bilder aus der Jugend\2014-08-17 03.16.47.jpg";"504120";"Würde gelöscht werden"
"2026-09-28 22:56:58";"DryRun";"F:\Daten\Älter\Bilder\Bilder aus der Jugend\2014-08-17 03.21.11.jpg";"E:\OpenCloud\Persönlich (2)\Fotos\Verschiedenes\Bilder aus der Jugend\2014-08-17 03.21.11.jpg";"1019629";"Würde gelöscht werden"
"2026-09-28 22:56:58";"DryRun";"F:\Daten\Älter\Bilder\Bilder aus der Jugend\2014-08-17 03.21.14.jpg";"E:\OpenCloud\Persönlich (2)\Fotos\Verschiedenes\Bilder aus der Jugend\2014-08-17 03.21.14.jpg";"1052916";"Würde gelöscht werden"
"2026-09-28 22:56:58";"DryRun";"F:\Daten\Älter\Bilder\Bilder aus der Jugend\2014-08-17 03.28.59.jpg";"E:\OpenCloud\Persönlich (2)\Fotos\Verschiedenes\Bilder aus der Jugend\2014-08-17 03.28.59.jpg";"467543";"Würde gelöscht werden"
"2026-09-28 22:56:58";"DryRun";"F:\Daten\Älter\Bilder\Bilder aus der Jugend\2014-08-17 03.30.01.jpg";"E:\OpenCloud\Persönlich (2)\Fotos\Verschiedenes\Bilder aus der Jugend\2014-08-17 03.30.01.jpg";"902879";"Würde gelöscht werden"
"2026-09-28 22:56:58";"DryRun";"F:\Daten\Älter\Bilder\Bilder aus der Jugend\2014-08-17 03.30.04.jpg";"E:\OpenCloud\Persönlich (2)\Fotos\Verschiedenes\Bilder aus der Jugend\2014-08-17 03.30.04.jpg";"907350";"Würde gelöscht werden"
"2026-09-28 22:56:58";"DryRun";"F:\Daten\Älter\Bilder\Bilder aus der Jugend\2014-08-17 03.30.05.jpg";"E:\OpenCloud\Persönlich (2)\Fotos\Verschiedenes\Bilder aus der Jugend\2014-08-17 03.30.05.jpg";"917429";"Würde gelöscht werden"
"2026-09-28 22:56:58";"DryRun";"F:\Daten\Älter\Bilder\Bilder aus der Jugend\2014-08-17 03.36.49.jpg";"E:\OpenCloud\Persönlich (2)\Fotos\Verschiedenes\Bilder aus der Jugend\2014-08-17 03.36.49.jpg";"664960";"Würde gelöscht werden"
"2026-09-28 22:56:58";"DryRun";"F:\Daten\Älter\Bilder\Bilder aus der Jugend\2014-08-17 03.37.37.jpg";"E:\OpenCloud\Persönlich (2)\Fotos\Verschiedenes\Bilder aus der Jugend\2014-08-17 03.37.37.jpg";"955983";"Würde gelöscht werden"
"2026-09-28 22:56:58";"DryRun";"F:\Daten\Älter\Bilder\Bilder aus der Jugend\2014-08-17 13.40.29.jpg";"E:\OpenCloud\Persönlich (2)\Fotos\Verschiedenes\Bilder aus der Jugend\2014-08-17 13.40.29.jpg";"1608379";"Würde gelöscht werden"
"2026-09-28 22:56:58";"DryRun";"F:\Daten\Älter\Bilder\Bilder aus der Jugend\2014-08-17 19.47.46.png";"E:\OpenCloud\Persönlich (2)\Fotos\Verschiedenes\Bilder aus der Jugend\2014-08-17 19.47.46.png";"693675";"Würde gelöscht werden"
"2026-09-28 22:56:58";"DryRun";"F:\Daten\Älter\Bilder\Bilder aus der Jugend\2014-08-23 11.01.20.jpg";"E:\OpenCloud\Persönlich (2)\Fotos\Verschiedenes\Bilder aus der Jugend\2014-08-23 11.01.20.jpg";"964699";"Würde gelöscht werden"
"2026-09-28 22:56:58";"DryRun";"F:\Daten\Älter\Bilder\Bilder aus der Jugend\2014-08-23 11.01.24.jpg";"E:\OpenCloud\Persönlich (2)\Fotos\Verschiedenes\Bilder aus der Jugend\2014-08-23 11.01.24.jpg";"894750";"Würde gelöscht werden"
"2026-09-28 22:56:58";"DryRun";"F:\Daten\Älter\Bilder\Bilder aus der Jugend\2014-08-23 22.32.10.jpg";"E:\OpenCloud\Persönlich (2)\Fotos\Verschiedenes\Bilder aus der Jugend\2014-08-23 22.32.10.jpg";"931889";"Würde gelöscht werden"
"2026-09-28 22:56:58";"DryRun";"F:\Daten\Älter\Bilder\Bilder aus der Jugend\2014-08-25 21.28.34.png";"E:\OpenCloud\Persönlich (2)\Fotos\Verschiedenes\Bilder aus der Jugend\2014-08-25 21.28.34.png";"1410911";"Würde gelöscht werden"
"2026-09-28 22:56:58";"DryRun";"F:\Daten\Älter\Bilder\Bilder aus der Jugend\2014-08-26 09.10.38.jpg";"E:\OpenCloud\Persönlich (2)\Fotos\Verschiedenes\Bilder aus der Jugend\2014-08-26 09.10.38.jpg";"904462";"Würde gelöscht werden"
"2026-09-28 22:56:58";"DryRun";"F:\Daten\Älter\Bilder\Bilder aus der Jugend\2014-08-27 16.09.07.jpg";"E:\OpenCloud\Persönlich (2)\Fotos\Verschiedenes\Bilder aus der Jugend\2014-08-27 16.09.07.jpg";"719439";"Würde gelöscht werden"
"2026-09-28 22:56:58";"DryRun";"F:\Daten\Älter\Bilder\Bilder aus der Jugend\2014-08-27 16.11.18.jpg";"E:\OpenCloud\Persönlich (2)\Fotos\Verschiedenes\Bilder aus der Jugend\2014-08-27 16.11.18.jpg";"456645";"Würde gelöscht werden"
"2026-09-28 22:56:58";"DryRun";"F:\Daten\Älter\Bilder\Bilder aus der Jugend\2014-08-29 15.19.17.jpg";"E:\OpenCloud\Persönlich (2)\Fotos\Verschiedenes\Bilder aus der Jugend\2014-08-29 15.19.17.jpg";"1294136";"Würde gelöscht werden"
"2026-09-28 22:56:58";"DryRun";"F:\Daten\Älter\Bilder\Bilder aus der Jugend\2014-08-29 16.48.35.jpg";"E:\OpenCloud\Persönlich (2)\Fotos\Verschiedenes\Bilder aus der Jugend\2014-08-29 16.48.35.jpg";"1188474";"Würde gelöscht werden"
"2026-09-28 22:56:58";"DryRun";"F:\Daten\Älter\Bilder\Bilder aus der Jugend\2014-08-29 17.22.35.jpg";"E:\OpenCloud\Persönlich (2)\Fotos\Verschiedenes\Bilder aus der Jugend\2014-08-29 17.22.35.jpg";"1400832";"Würde gelöscht werden"
"2026-09-28 22:56:58";"DryRun";"F:\Daten\Älter\Bilder\Bilder aus der Jugend\2014-08-31 00.55.52.jpg";"E:\OpenCloud\Persönlich (2)\Fotos\Verschiedenes\Bilder aus der Jugend\2014-08-31 00.55.52.jpg";"846839";"Würde gelöscht werden"
"2026-09-28 22:56:58";"DryRun";"F:\Daten\Älter\Bilder\Bilder aus der Jugend\2014-08-31 00.55.53.jpg";"E:\OpenCloud\Persönlich (2)\Fotos\Verschiedenes\Bilder aus der Jugend\2014-08-31 00.55.53.jpg";"628926";"Würde gelöscht werden"
"2026-09-28 22:56:58";"DryRun";"F:\Daten\Älter\Bilder\Bilder aus der Jugend\2014-09-01 13.53.18.jpg";"E:\OpenCloud\Persönlich (2)\Fotos\Verschiedenes\Bilder aus der Jugend\2014-09-01 13.53.18.jpg";"1305261";"Würde gelöscht werden"
"2026-09-28 22:56:58";"DryRun";"F:\Daten\Älter\Bilder\Bilder aus der Jugend\2014-09-01 13.53.28.jpg";"E:\OpenCloud\Persönlich (2)\Fotos\Verschiedenes\Bilder aus der Jugend\2014-09-01 13.53.28.jpg";"1115087";"Würde gelöscht werden"
"2026-09-28 22:56:58";"DryRun";"F:\Daten\Älter\Bilder\Bilder aus der Jugend\2014-09-01 14.18.31.jpg";"E:\OpenCloud\Persönlich (2)\Fotos\Verschiedenes\Bilder aus der Jugend\2014-09-01 14.18.31.jpg";"1277260";"Würde gelöscht werden"
"2026-09-28 22:56:58";"DryRun";"F:\Daten\Älter\Bilder\Bilder aus der Jugend\2014-09-01 14.52.55.jpg";"E:\OpenCloud\Persönlich (2)\Fotos\Verschiedenes\Bilder aus der Jugend\2014-09-01 14.52.55.jpg";"1081885";"Würde gelöscht werden"
"2026-09-28 22:56:58";"DryRun";"F:\Daten\Älter\Bilder\Bilder aus der Jugend\2014-09-01 14.53.45.jpg";"E:\OpenCloud\Persönlich (2)\Fotos\Verschiedenes\Bilder aus der Jugend\2014-09-01 14.53.45.jpg";"785442";"Würde gelöscht werden"
"2026-09-28 22:56:58";"DryRun";"F:\Daten\Älter\Bilder\Bilder aus der Jugend\2014-09-01 15.32.34.jpg";"E:\OpenCloud\Persönlich (2)\Fotos\Verschiedenes\Bilder aus der Jugend\2014-09-01 15.32.34.jpg";"935499";"Würde gelöscht werden"
"2026-09-28 22:56:58";"DryRun";"F:\Daten\Älter\Bilder\Bilder aus der Jugend\2014-09-02 16.15.21.jpg";"E:\OpenCloud\Persönlich (2)\Fotos\Verschiedenes\Bilder aus der Jugend\2014-09-02 16.15.21.jpg";"1255013";"Würde gelöscht werden"
"2026-09-28 22:56:58";"DryRun";"F:\Daten\Älter\Bilder\Bilder aus der Jugend\2014-09-03 20.04.34-1.jpg";"E:\OpenCloud\Persönlich (2)\Fotos\Verschiedenes\Bilder aus der Jugend\2014-09-03 20.04.34-1.jpg";"364599";"Würde gelöscht werden"
"2026-09-28 22:56:58";"DryRun";"F:\Daten\Älter\Bilder\Bilder aus der Jugend\2014-09-03 20.04.34.jpg";"E:\OpenCloud\Persönlich (2)\Fotos\Verschiedenes\Bilder aus der Jugend\2014-09-03 20.04.34.jpg";"868382";"Würde gelöscht werden"
"2026-09-28 22:56:58";"DryRun";"F:\Daten\Älter\Bilder\Bilder aus der Jugend\2014-09-04 11.53.59.png";"E:\OpenCloud\Persönlich (2)\Fotos\Verschiedenes\Bilder aus der Jugend\2014-09-04 11.53.59.png";"2176774";"Würde gelöscht werden"
"2026-09-28 22:56:58";"DryRun";"F:\Daten\Älter\Bilder\Bilder aus der Jugend\2014-09-05 12.23.03.png";"E:\OpenCloud\Persönlich (2)\Fotos\Verschiedenes\Bilder aus der Jugend\2014-09-05 12.23.03.png";"504081";"Würde gelöscht werden"
"2026-09-28 22:56:58";"DryRun";"F:\Daten\Älter\Bilder\Bilder aus der Jugend\2014-09-06 21.58.53.jpg";"E:\OpenCloud\Persönlich (2)\Fotos\Verschiedenes\Bilder aus der Jugend\2014-09-06 21.58.53.jpg";"1148306";"Würde gelöscht werden"
"2026-09-28 22:56:58";"DryRun";"F:\Daten\Älter\Bilder\Bilder aus der Jugend\2014-09-06 22.04.44.jpg";"E:\OpenCloud\Persönlich (2)\Fotos\Verschiedenes\Bilder aus der Jugend\2014-09-06 22.04.44.jpg";"643956";"Würde gelöscht werden"
"2026-09-28 22:56:58";"DryRun";"F:\Daten\Älter\Bilder\Bilder aus der Jugend\2014-09-06 22.04.49.jpg";"E:\OpenCloud\Persönlich (2)\Fotos\Verschiedenes\Bilder aus der Jugend\2014-09-06 22.04.49.jpg";"523656";"Würde gelöscht werden"
"2026-09-28 22:56:58";"DryRun";"F:\Daten\Älter\Bilder\Bilder aus der Jugend\2014-09-07 20.14.38.jpg";"E:\OpenCloud\Persönlich (2)\Fotos\Verschiedenes\Bilder aus der Jugend\2014-09-07 20.14.38.jpg";"1249074";"Würde gelöscht werden"
"2026-09-28 22:56:58";"DryRun";"F:\Daten\Älter\Bilder\Bilder aus der Jugend\2014-09-08 21.46.37.jpg";"E:\OpenCloud\Persönlich (2)\Fotos\Verschiedenes\Bilder aus der Jugend\2014-09-08 21.46.37.jpg";"877729";"Würde gelöscht werden"
"2026-09-28 22:56:58";"DryRun";"F:\Daten\Älter\Bilder\Bilder aus der Jugend\2014-09-13 16.40.37.jpg";"E:\OpenCloud\Persönlich (2)\Fotos\Verschiedenes\Bilder aus der Jugend\2014-09-13 16.40.37.jpg";"929324";"Würde gelöscht werden"
"2026-09-28 22:56:58";"DryRun";"F:\Daten\Älter\Bilder\Bilder aus der Jugend\2014-09-14 02.42.21.jpg";"E:\OpenCloud\Persönlich (2)\Fotos\Verschiedenes\Bilder aus der Jugend\2014-09-14 02.42.21.jpg";"970645";"Würde gelöscht werden"
"2026-09-28 22:56:58";"DryRun";"F:\Daten\Älter\Bilder\Bilder aus der Jugend\2014-09-14 02.42.27.jpg";"E:\OpenCloud\Persönlich (2)\Fotos\Verschiedenes\Bilder aus der Jugend\2014-09-14 02.42.27.jpg";"1097249";"Würde gelöscht werden"
"2026-09-28 22:56:58";"DryRun";"F:\Daten\Älter\Bilder\Bilder aus der Jugend\2014-09-14 02.42.38.jpg";"E:\OpenCloud\Persönlich (2)\Fotos\Verschiedenes\Bilder aus der Jugend\2014-09-14 02.42.38.jpg";"928127";"Würde gelöscht werden"
"2026-09-28 22:56:58";"DryRun";"F:\Daten\Älter\Bilder\Bilder aus der Jugend\2014-09-14 02.42.43.jpg";"E:\OpenCloud\Persönlich (2)\Fotos\Verschiedenes\Bilder aus der Jugend\2014-09-14 02.42.43.jpg";"864933";"Würde gelöscht werden"
"2026-09-28 22:56:58";"DryRun";"F:\Daten\Älter\Bilder\Bilder aus der Jugend\2014-09-14 02.45.40.jpg";"E:\OpenCloud\Persönlich (2)\Fotos\Verschiedenes\Bilder aus der Jugend\2014-09-14 02.45.40.jpg";"1018768";"Würde gelöscht werden"
"2026-09-28 22:56:58";"DryRun";"F:\Daten\Älter\Bilder\Bilder aus der Jugend\2014-09-15 20.53.52.jpg";"E:\OpenCloud\Persönlich (2)\Fotos\Verschiedenes\Bilder aus der Jugend\2014-09-15 20.53.52.jpg";"941047";"Würde gelöscht werden"
"2026-09-28 22:56:58";"DryRun";"F:\Daten\Älter\Bilder\Bilder aus der Jugend\2014-09-16 13.46.36.jpg";"E:\OpenCloud\Persönlich (2)\Fotos\Verschiedenes\Bilder aus der Jugend\2014-09-16 13.46.36.jpg";"920305";"Würde gelöscht werden"
"2026-09-28 22:56:58";"DryRun";"F:\Daten\Älter\Bilder\Bilder aus der Jugend\2014-09-16 19.54.09.jpg";"E:\OpenCloud\Persönlich (2)\Fotos\Verschiedenes\Bilder aus der Jugend\2014-09-16 19.54.09.jpg";"929630";"Würde gelöscht werden"
"2026-09-28 22:56:58";"DryRun";"F:\Daten\Älter\Bilder\Bilder aus der Jugend\2014-09-17 10.29.19.jpg";"E:\OpenCloud\Persönlich (2)\Fotos\Verschiedenes\Bilder aus der Jugend\2014-09-17 10.29.19.jpg";"1155162";"Würde gelöscht werden"
"2026-09-28 22:56:58";"DryRun";"F:\Daten\Älter\Bilder\Bilder aus der Jugend\2014-09-19 13.43.12.jpg";"E:\OpenCloud\Persönlich (2)\Fotos\Verschiedenes\Bilder aus der Jugend\2014-09-19 13.43.12.jpg";"1127620";"Würde gelöscht werden"
"2026-09-28 22:56:58";"DryRun";"F:\Daten\Älter\Bilder\Bilder aus der Jugend\2014-09-19 17.04.28.jpeg";"E:\OpenCloud\Persönlich (2)\Fotos\Verschiedenes\Bilder aus der Jugend\2014-09-19 17.04.28.jpeg";"100684";"Würde gelöscht werden"
"2026-09-28 22:56:58";"DryRun";"F:\Daten\Älter\Bilder\Bilder aus der Jugend\2014-09-19 17.04.34.jpeg";"E:\OpenCloud\Persönlich (2)\Fotos\Verschiedenes\Bilder aus der Jugend\2014-09-19 17.04.34.jpeg";"236761";"Würde gelöscht werden"
"2026-09-28 22:56:58";"DryRun";"F:\Daten\Älter\Bilder\Bilder aus der Jugend\2014-09-19 17.04.42.jpeg";"E:\OpenCloud\Persönlich (2)\Fotos\Verschiedenes\Bilder aus der Jugend\2014-09-19 17.04.42.jpeg";"149828";"Würde gelöscht werden"
"2026-09-28 22:56:58";"DryRun";"F:\Daten\Älter\Bilder\Bilder aus der Jugend\2014-09-19 17.06.50.jpeg";"E:\OpenCloud\Persönlich (2)\Fotos\Verschiedenes\Bilder aus der Jugend\2014-09-19 17.06.50.jpeg";"235097";"Würde gelöscht werden"
"2026-09-28 22:56:58";"DryRun";"F:\Daten\Älter\Bilder\Bilder aus der Jugend\2014-09-19 17.07.05.jpeg";"E:\OpenCloud\Persönlich (2)\Fotos\Verschiedenes\Bilder aus der Jugend\2014-09-19 17.07.05.jpeg";"123977";"Würde gelöscht werden"
"2026-09-28 22:56:58";"DryRun";"F:\Daten\Älter\Bilder\Bilder aus der Jugend\2014-09-19 23.02.44.jpg";"E:\OpenCloud\Persönlich (2)\Fotos\Verschiedenes\Bilder aus der Jugend\2014-09-19 23.02.44.jpg";"806622";"Würde gelöscht werden"
"2026-09-28 22:56:58";"DryRun";"F:\Daten\Älter\Bilder\Bilder aus der Jugend\2014-09-19 23.03.11.jpg";"E:\OpenCloud\Persönlich (2)\Fotos\Verschiedenes\Bilder aus der Jugend\2014-09-19 23.03.11.jpg";"621898";"Würde gelöscht werden"
"2026-09-28 22:56:58";"DryRun";"F:\Daten\Älter\Bilder\Bilder aus der Jugend\2014-09-20 18.10.54.jpg";"E:\OpenCloud\Persönlich (2)\Fotos\Verschiedenes\Bilder aus der Jugend\2014-09-20 18.10.54.jpg";"491779";"Würde gelöscht werden"
"2026-09-28 22:56:58";"DryRun";"F:\Daten\Älter\Bilder\Bilder aus der Jugend\2014-09-22 13.13.33.jpeg";"E:\OpenCloud\Persönlich (2)\Fotos\Verschiedenes\Bilder aus der Jugend\2014-09-22 13.13.33.jpeg";"27071";"Würde gelöscht werden"
"2026-09-28 22:56:58";"DryRun";"F:\Daten\Älter\Bilder\Bilder aus der Jugend\2014-09-24 20.35.52.jpg";"E:\OpenCloud\Persönlich (2)\Fotos\Verschiedenes\Bilder aus der Jugend\2014-09-24 20.35.52.jpg";"1056645";"Würde gelöscht werden"
"2026-09-28 22:56:58";"DryRun";"F:\Daten\Älter\Bilder\Bilder aus der Jugend\2014-09-26 12.28.35.jpg";"E:\OpenCloud\Persönlich (2)\Fotos\Verschiedenes\Bilder aus der Jugend\2014-09-26 12.28.35.jpg";"875729";"Würde gelöscht werden"
"2026-09-28 22:56:58";"DryRun";"F:\Daten\Älter\Bilder\Bilder aus der Jugend\2014-09-28 17.08.38.jpg";"E:\OpenCloud\Persönlich (2)\Fotos\Verschiedenes\Bilder aus der Jugend\2014-09-28 17.08.38.jpg";"614176";"Würde gelöscht werden"
"2026-09-28 22:56:58";"DryRun";"F:\Daten\Älter\Bilder\Bilder aus der Jugend\2014-09-29 05.22.02.jpeg";"E:\OpenCloud\Persönlich (2)\Fotos\Verschiedenes\Bilder aus der Jugend\2014-09-29 05.22.02.jpeg";"65681";"Würde gelöscht werden"
"2026-09-28 22:56:58";"DryRun";"F:\Daten\Älter\Bilder\Bilder aus der Jugend\2014-09-30 19.36.27.jpeg";"E:\OpenCloud\Persönlich (2)\Fotos\Verschiedenes\Bilder aus der Jugend\2014-09-30 19.36.27.jpeg";"36053";"Würde gelöscht werden"
"2026-09-28 22:56:58";"DryRun";"F:\Daten\Älter\Bilder\Bilder aus der Jugend\2014-10-02 22.12.14.jpeg";"E:\OpenCloud\Persönlich (2)\Fotos\Verschiedenes\Bilder aus der Jugend\2014-10-02 22.12.14.jpeg";"46122";"Würde gelöscht werden"
"2026-09-28 22:56:58";"DryRun";"F:\Daten\Älter\Bilder\Bilder aus der Jugend\2014-10-03 21.55.33.jpg";"E:\OpenCloud\Persönlich (2)\Fotos\Verschiedenes\Bilder aus der Jugend\2014-10-03 21.55.33.jpg";"1017495";"Würde gelöscht werden"
"2026-09-28 22:56:58";"DryRun";"F:\Daten\Älter\Bilder\Bilder aus der Jugend\2014-10-05 17.31.42.jpg";"E:\OpenCloud\Persönlich (2)\Fotos\Verschiedenes\Bilder aus der Jugend\2014-10-05 17.31.42.jpg";"627641";"Würde gelöscht werden"
"2026-09-28 22:56:58";"DryRun";"F:\Daten\Älter\Bilder\Bilder aus der Jugend\2014-10-05 19.49.05.jpg";"E:\OpenCloud\Persönlich (2)\Fotos\Verschiedenes\Bilder aus der Jugend\2014-10-05 19.49.05.jpg";"965103";"Würde gelöscht werden"
"2026-09-28 22:56:58";"DryRun";"F:\Daten\Älter\Bilder\Bilder aus der Jugend\2014-10-05 19.49.17.jpg";"E:\OpenCloud\Persönlich (2)\Fotos\Verschiedenes\Bilder aus der Jugend\2014-10-05 19.49.17.jpg";"913253";"Würde gelöscht werden"
"2026-09-28 22:56:58";"DryRun";"F:\Daten\Älter\Bilder\Bilder aus der Jugend\2014-10-05 20.02.36.jpg";"E:\OpenCloud\Persönlich (2)\Fotos\Verschiedenes\Bilder aus der Jugend\2014-10-05 20.02.36.jpg";"478017";"Würde gelöscht werden"
"2026-09-28 22:56:58";"DryRun";"F:\Daten\Älter\Bilder\Bilder aus der Jugend\2014-10-05 20.02.55.jpg";"E:\OpenCloud\Persönlich (2)\Fotos\Verschiedenes\Bilder aus der Jugend\2014-10-05 20.02.55.jpg";"504219";"Würde gelöscht werden"
"2026-09-28 22:56:58";"DryRun";"F:\Daten\Älter\Bilder\Bilder aus der Jugend\2014-10-07 12.31.20.jpg";"E:\OpenCloud\Persönlich (2)\Fotos\Verschiedenes\Bilder aus der Jugend\2014-10-07 12.31.20.jpg";"878475";"Würde gelöscht werden"
"2026-09-28 22:56:58";"DryRun";"F:\Daten\Älter\Bilder\Bilder aus der Jugend\2014-10-07 15.11.19.jpg";"E:\OpenCloud\Persönlich (2)\Fotos\Verschiedenes\Bilder aus der Jugend\2014-10-07 15.11.19.jpg";"716858";"Würde gelöscht werden"
"2026-09-28 22:56:58";"DryRun";"F:\Daten\Älter\Bilder\Bilder aus der Jugend\2014-10-08 08.32.30.jpg";"E:\OpenCloud\Persönlich (2)\Fotos\Verschiedenes\Bilder aus der Jugend\2014-10-08 08.32.30.jpg";"801831";"Würde gelöscht werden"
"2026-09-28 22:56:58";"DryRun";"F:\Daten\Älter\Bilder\Bilder aus der Jugend\2014-10-08 08.32.43.jpg";"E:\OpenCloud\Persönlich (2)\Fotos\Verschiedenes\Bilder aus der Jugend\2014-10-08 08.32.43.jpg";"725844";"Würde gelöscht werden"
"2026-09-28 22:56:58";"DryRun";"F:\Daten\Älter\Bilder\Bilder aus der Jugend\2014-10-08 08.35.17.jpg";"E:\OpenCloud\Persönlich (2)\Fotos\Verschiedenes\Bilder aus der Jugend\2014-10-08 08.35.17.jpg";"581235";"Würde gelöscht werden"
"2026-09-28 22:56:58";"DryRun";"F:\Daten\Älter\Bilder\Bilder aus der Jugend\2014-10-08 08.36.04.jpg";"E:\OpenCloud\Persönlich (2)\Fotos\Verschiedenes\Bilder aus der Jugend\2014-10-08 08.36.04.jpg";"799630";"Würde gelöscht werden"
"2026-09-28 22:56:58";"DryRun";"F:\Daten\Älter\Bilder\Bilder aus der Jugend\2014-10-13 14.09.55.png";"E:\OpenCloud\Persönlich (2)\Fotos\Verschiedenes\Bilder aus der Jugend\2014-10-13 14.09.55.png";"1430196";"Würde gelöscht werden"
"2026-09-28 22:56:58";"DryRun";"F:\Daten\Älter\Bilder\Bilder aus der Jugend\2014-10-16 12.13.36.jpeg";"E:\OpenCloud\Persönlich (2)\Fotos\Verschiedenes\Bilder aus der Jugend\2014-10-16 12.13.36.jpeg";"205961";"Würde gelöscht werden"
"2026-09-28 22:56:59";"DryRun";"F:\Daten\Älter\Bilder\Bilder aus der Jugend\2014-10-16 13.04.55.jpg";"E:\OpenCloud\Persönlich (2)\Fotos\Verschiedenes\Bilder aus der Jugend\2014-10-16 13.04.55.jpg";"1300515";"Würde gelöscht werden"
"2026-09-28 22:56:59";"DryRun";"F:\Daten\Älter\Bilder\Bilder aus der Jugend\2014-10-17 11.57.22.jpg";"E:\OpenCloud\Persönlich (2)\Fotos\Verschiedenes\Bilder aus der Jugend\2014-10-17 11.57.22.jpg";"1062801";"Würde gelöscht werden"
"2026-09-28 22:56:59";"DryRun";"F:\Daten\Älter\Bilder\Bilder aus der Jugend\2014-10-17 18.59.19.jpg";"E:\OpenCloud\Persönlich (2)\Fotos\Verschiedenes\Bilder aus der Jugend\2014-10-17 18.59.19.jpg";"859108";"Würde gelöscht werden"
"2026-09-28 22:56:59";"DryRun";"F:\Daten\Älter\Bilder\Bilder aus der Jugend\2014-10-17 18.59.24.jpg";"E:\OpenCloud\Persönlich (2)\Fotos\Verschiedenes\Bilder aus der Jugend\2014-10-17 18.59.24.jpg";"864308";"Würde gelöscht werden"
"2026-09-28 22:56:59";"DryRun";"F:\Daten\Älter\Bilder\Bilder aus der Jugend\2014-10-20 14.32.08.jpg";"E:\OpenCloud\Persönlich (2)\Fotos\Verschiedenes\Bilder aus der Jugend\2014-10-20 14.32.08.jpg";"1450185";"Würde gelöscht werden"
"2026-09-28 22:56:59";"DryRun";"F:\Daten\Älter\Bilder\Bilder aus der Jugend\2014-10-20 14.32.14.jpg";"E:\OpenCloud\Persönlich (2)\Fotos\Verschiedenes\Bilder aus der Jugend\2014-10-20 14.32.14.jpg";"1589059";"Würde gelöscht werden"
"2026-09-28 22:56:59";"DryRun";"F:\Daten\Älter\Bilder\Bilder aus der Jugend\2014-10-21 15.08.44.jpg";"E:\OpenCloud\Persönlich (2)\Fotos\Verschiedenes\Bilder aus der Jugend\2014-10-21 15.08.44.jpg";"819191";"Würde gelöscht werden"
"2026-09-28 22:56:59";"DryRun";"F:\Daten\Älter\Bilder\Bilder aus der Jugend\2014-10-21 15.09.52.jpg";"E:\OpenCloud\Persönlich (2)\Fotos\Verschiedenes\Bilder aus der Jugend\2014-10-21 15.09.52.jpg";"863088";"Würde gelöscht werden"
"2026-09-28 22:56:59";"DryRun";"F:\Daten\Älter\Bilder\Bilder aus der Jugend\2014-10-21 16.19.03.jpg";"E:\OpenCloud\Persönlich (2)\Fotos\Verschiedenes\Bilder aus der Jugend\2014-10-21 16.19.03.jpg";"1634189";"Würde gelöscht werden"
"2026-09-28 22:56:59";"DryRun";"F:\Daten\Älter\Bilder\Bilder aus der Jugend\2014-10-21 19.08.42.jpg";"E:\OpenCloud\Persönlich (2)\Fotos\Verschiedenes\Bilder aus der Jugend\2014-10-21 19.08.42.jpg";"440344";"Würde gelöscht werden"
"2026-09-28 22:56:59";"DryRun";"F:\Daten\Älter\Bilder\Bilder aus der Jugend\2014-10-22 18.57.37.png";"E:\OpenCloud\Persönlich (2)\Fotos\Verschiedenes\Bilder aus der Jugend\2014-10-22 18.57.37.png";"1223081";"Würde gelöscht werden"
"2026-09-28 22:56:59";"DryRun";"F:\Daten\Älter\Bilder\Bilder aus der Jugend\2014-11-24 13.29.14.jpg";"E:\OpenCloud\Persönlich (2)\Fotos\Verschiedenes\Bilder aus der Jugend\2014-11-24 13.29.14.jpg";"888470";"Würde gelöscht werden"
"2026-09-28 22:56:59";"DryRun";"F:\Daten\Älter\Bilder\Bilder aus der Jugend\2014-11-25 17.33.14.jpg";"E:\OpenCloud\Persönlich (2)\Fotos\Verschiedenes\Bilder aus der Jugend\2014-11-25 17.33.14.jpg";"1056556";"Würde gelöscht werden"
"2026-09-28 22:56:59";"DryRun";"F:\Daten\Älter\Bilder\Bilder aus der Jugend\2014-11-25 17.33.30.jpg";"E:\OpenCloud\Persönlich (2)\Fotos\Verschiedenes\Bilder aus der Jugend\2014-11-25 17.33.30.jpg";"1169330";"Würde gelöscht werden"
"2026-09-28 22:56:59";"DryRun";"F:\Daten\Älter\Bilder\Bilder aus der Jugend\2014-11-25 17.57.06.jpg";"E:\OpenCloud\Persönlich (2)\Fotos\Verschiedenes\Bilder aus der Jugend\2014-11-25 17.57.06.jpg";"1276056";"Würde gelöscht werden"
"2026-09-28 22:56:59";"DryRun";"F:\Daten\Älter\Bilder\Bilder aus der Jugend\2014-11-25 17.59.10.jpg";"E:\OpenCloud\Persönlich (2)\Fotos\Verschiedenes\Bilder aus der Jugend\2014-11-25 17.59.10.jpg";"864068";"Würde gelöscht werden"
"2026-09-28 22:56:59";"DryRun";"F:\Daten\Älter\Bilder\Bilder aus der Jugend\2014-11-25 18.10.03.jpg";"E:\OpenCloud\Persönlich (2)\Fotos\Verschiedenes\Bilder aus der Jugend\2014-11-25 18.10.03.jpg";"1005349";"Würde gelöscht werden"
"2026-09-28 22:56:59";"DryRun";"F:\Daten\Älter\Bilder\Bilder aus der Jugend\2014-11-26 10.53.28.jpg";"E:\OpenCloud\Persönlich (2)\Fotos\Verschiedenes\Bilder aus der Jugend\2014-11-26 10.53.28.jpg";"1283999";"Würde gelöscht werden"
"2026-09-28 22:56:59";"DryRun";"F:\Daten\Älter\Bilder\Bilder aus der Jugend\2014-11-26 11.32.24.jpg";"E:\OpenCloud\Persönlich (2)\Fotos\Verschiedenes\Bilder aus der Jugend\2014-11-26 11.32.24.jpg";"760136";"Würde gelöscht werden"
"2026-09-28 22:56:59";"DryRun";"F:\Daten\Älter\Bilder\Bilder aus der Jugend\2014-11-26 11.32.30.jpg";"E:\OpenCloud\Persönlich (2)\Fotos\Verschiedenes\Bilder aus der Jugend\2014-11-26 11.32.30.jpg";"689843";"Würde gelöscht werden"
"2026-09-28 22:56:59";"DryRun";"F:\Daten\Älter\Bilder\Bilder aus der Jugend\2014-11-26 11.32.42.jpg";"E:\OpenCloud\Persönlich (2)\Fotos\Verschiedenes\Bilder aus der Jugend\2014-11-26 11.32.42.jpg";"786200";"Würde gelöscht werden"
"2026-09-28 22:56:59";"DryRun";"F:\Daten\Älter\Bilder\Bilder aus der Jugend\2014-11-26 11.41.59.jpg";"E:\OpenCloud\Persönlich (2)\Fotos\Verschiedenes\Bilder aus der Jugend\2014-11-26 11.41.59.jpg";"1232328";"Würde gelöscht werden"
"2026-09-28 22:56:59";"DryRun";"F:\Daten\Älter\Bilder\Bilder aus der Jugend\2014-11-26 12.23.17.jpg";"E:\OpenCloud\Persönlich (2)\Fotos\Verschiedenes\Bilder aus der Jugend\2014-11-26 12.23.17.jpg";"923573";"Würde gelöscht werden"
"2026-09-28 22:56:59";"DryRun";"F:\Daten\Älter\Bilder\Bilder aus der Jugend\2014-11-27 07.15.26.jpg";"E:\OpenCloud\Persönlich (2)\Fotos\Verschiedenes\Bilder aus der Jugend\2014-11-27 07.15.26.jpg";"917041";"Würde gelöscht werden"
"2026-09-28 22:56:59";"DryRun";"F:\Daten\Älter\Bilder\Bilder aus der Jugend\2014-12-03 17.53.42.jpg";"E:\OpenCloud\Persönlich (2)\Fotos\Verschiedenes\Bilder aus der Jugend\2014-12-03 17.53.42.jpg";"915828";"Würde gelöscht werden"
"2026-09-28 22:56:59";"DryRun";"F:\Daten\Älter\Bilder\Bilder aus der Jugend\2014-12-10 21.28.43.jpg";"E:\OpenCloud\Persönlich (2)\Fotos\Verschiedenes\Bilder aus der Jugend\2014-12-10 21.28.43.jpg";"595476";"Würde gelöscht werden"
"2026-09-28 22:56:59";"DryRun";"F:\Daten\Älter\Bilder\Bilder aus der Jugend\2014-12-10 21.29.40.jpg";"E:\OpenCloud\Persönlich (2)\Fotos\Verschiedenes\Bilder aus der Jugend\2014-12-10 21.29.40.jpg";"598241";"Würde gelöscht werden"
"2026-09-28 22:56:59";"DryRun";"F:\Daten\Älter\Bilder\Bilder aus der Jugend\2014-12-10 21.31.29.jpg";"E:\OpenCloud\Persönlich (2)\Fotos\Verschiedenes\Bilder aus der Jugend\2014-12-10 21.31.29.jpg";"594785";"Würde gelöscht werden"
"2026-09-28 22:56:59";"DryRun";"F:\Daten\Älter\Bilder\Bilder aus der Jugend\2014-12-10 21.34.55.jpg";"E:\OpenCloud\Persönlich (2)\Fotos\Verschiedenes\Bilder aus der Jugend\2014-12-10 21.34.55.jpg";"414547";"Würde gelöscht werden"
"2026-09-28 22:56:59";"DryRun";"F:\Daten\Älter\Bilder\Bilder aus der Jugend\2014-12-10 21.35.44.jpg";"E:\OpenCloud\Persönlich (2)\Fotos\Verschiedenes\Bilder aus der Jugend\2014-12-10 21.35.44.jpg";"575452";"Würde gelöscht werden"
"2026-09-28 22:56:59";"DryRun";"F:\Daten\Älter\Bilder\Bilder aus der Jugend\2014-12-10 21.36.15.jpg";"E:\OpenCloud\Persönlich (2)\Fotos\Verschiedenes\Bilder aus der Jugend\2014-12-10 21.36.15.jpg";"576425";"Würde gelöscht werden"
"2026-09-28 22:56:59";"DryRun";"F:\Daten\Älter\Bilder\Bilder aus der Jugend\2014-12-10 21.37.07.jpg";"E:\OpenCloud\Persönlich (2)\Fotos\Verschiedenes\Bilder aus der Jugend\2014-12-10 21.37.07.jpg";"577909";"Würde gelöscht werden"
"2026-09-28 22:56:59";"DryRun";"F:\Daten\Älter\Bilder\Bilder aus der Jugend\2014-12-10 21.37.22.jpg";"E:\OpenCloud\Persönlich (2)\Fotos\Verschiedenes\Bilder aus der Jugend\2014-12-10 21.37.22.jpg";"565935";"Würde gelöscht werden"
"2026-09-28 22:56:59";"DryRun";"F:\Daten\Älter\Bilder\Bilder aus der Jugend\2014-12-10 21.38.28.jpg";"E:\OpenCloud\Persönlich (2)\Fotos\Verschiedenes\Bilder aus der Jugend\2014-12-10 21.38.28.jpg";"570449";"Würde gelöscht werden"
"2026-09-28 22:56:59";"DryRun";"F:\Daten\Älter\Bilder\Bilder aus der Jugend\2014-12-10 21.39.08.jpg";"E:\OpenCloud\Persönlich (2)\Fotos\Verschiedenes\Bilder aus der Jugend\2014-12-10 21.39.08.jpg";"565721";"Würde gelöscht werden"
"2026-09-28 22:56:59";"DryRun";"F:\Daten\Älter\Bilder\Bilder aus der Jugend\2014-12-10 21.39.30.jpg";"E:\OpenCloud\Persönlich (2)\Fotos\Verschiedenes\Bilder aus der Jugend\2014-12-10 21.39.30.jpg";"572346";"Würde gelöscht werden"
"2026-09-28 22:56:59";"DryRun";"F:\Daten\Älter\Bilder\Bilder aus der Jugend\2014-12-11 12.28.50.jpg";"E:\OpenCloud\Persönlich (2)\Fotos\Verschiedenes\Bilder aus der Jugend\2014-12-11 12.28.50.jpg";"1063231";"Würde gelöscht werden"
"2026-09-28 22:56:59";"DryRun";"F:\Daten\Älter\Bilder\Bilder aus der Jugend\2014-12-11 16.42.48.jpg";"E:\OpenCloud\Persönlich (2)\Fotos\Verschiedenes\Bilder aus der Jugend\2014-12-11 16.42.48.jpg";"611434";"Würde gelöscht werden"
"2026-09-28 22:56:59";"DryRun";"F:\Daten\Älter\Bilder\Bilder aus der Jugend\2014-12-16 14.01.47.jpg";"E:\OpenCloud\Persönlich (2)\Fotos\Verschiedenes\Bilder aus der Jugend\2014-12-16 14.01.47.jpg";"1098158";"Würde gelöscht werden"
"2026-09-28 22:56:59";"DryRun";"F:\Daten\Älter\Bilder\Bilder aus der Jugend\2015-06-30 15.54.26.png";"E:\OpenCloud\Persönlich (2)\Fotos\Verschiedenes\Bilder aus der Jugend\2015-06-30 15.54.26.png";"2837";"Würde gelöscht werden"
"2026-09-28 22:56:59";"DryRun";"F:\Daten\Älter\Bilder\Bilder aus der Jugend\2015-07-02 07.32.44.jpg";"E:\OpenCloud\Persönlich (2)\Fotos\Verschiedenes\Bilder aus der Jugend\2015-07-02 07.32.44.jpg";"2160531";"Würde gelöscht werden"
"2026-09-28 22:56:59";"DryRun";"F:\Daten\Älter\Bilder\Bilder aus der Jugend\2015-07-02 15.59.30.jpg";"E:\OpenCloud\Persönlich (2)\Fotos\Verschiedenes\Bilder aus der Jugend\2015-07-02 15.59.30.jpg";"942886";"Würde gelöscht werden"
"2026-09-28 22:56:59";"DryRun";"F:\Daten\Älter\Bilder\Bilder aus der Jugend\2015-07-05 01.52.29.jpg";"E:\OpenCloud\Persönlich (2)\Fotos\Verschiedenes\Bilder aus der Jugend\2015-07-05 01.52.29.jpg";"1642919";"Würde gelöscht werden"
"2026-09-28 22:56:59";"DryRun";"F:\Daten\Älter\Bilder\Bilder aus der Jugend\2015-07-08 08.47.18.jpg";"E:\OpenCloud\Persönlich (2)\Fotos\Verschiedenes\Bilder aus der Jugend\2015-07-08 08.47.18.jpg";"2110511";"Würde gelöscht werden"
"2026-09-28 22:56:59";"DryRun";"F:\Daten\Älter\Bilder\Bilder aus der Jugend\2015-07-08 10.46.38.jpg";"E:\OpenCloud\Persönlich (2)\Fotos\Verschiedenes\Bilder aus der Jugend\2015-07-08 10.46.38.jpg";"1536045";"Würde gelöscht werden"
"2026-09-28 22:56:59";"DryRun";"F:\Daten\Älter\Bilder\Bilder aus der Jugend\2015-07-08 10.50.07.jpg";"E:\OpenCloud\Persönlich (2)\Fotos\Verschiedenes\Bilder aus der Jugend\2015-07-08 10.50.07.jpg";"2151907";"Würde gelöscht werden"
"2026-09-28 22:56:59";"DryRun";"F:\Daten\Älter\Bilder\Bilder aus der Jugend\2015-07-08 11.44.35.jpg";"E:\OpenCloud\Persönlich (2)\Fotos\Verschiedenes\Bilder aus der Jugend\2015-07-08 11.44.35.jpg";"741378";"Würde gelöscht werden"
"2026-09-28 22:56:59";"DryRun";"F:\Daten\Älter\Bilder\Bilder aus der Jugend\2015-07-08 14.03.46.jpg";"E:\OpenCloud\Persönlich (2)\Fotos\Verschiedenes\Bilder aus der Jugend\2015-07-08 14.03.46.jpg";"2037541";"Würde gelöscht werden"
"2026-09-28 22:56:59";"DryRun";"F:\Daten\Älter\Bilder\Bilder aus der Jugend\2015-07-08 14.03.50.jpg";"E:\OpenCloud\Persönlich (2)\Fotos\Verschiedenes\Bilder aus der Jugend\2015-07-08 14.03.50.jpg";"2104535";"Würde gelöscht werden"
"2026-09-28 22:56:59";"DryRun";"F:\Daten\Älter\Bilder\Bilder aus der Jugend\2015-07-10 06.06.09.png";"E:\OpenCloud\Persönlich (2)\Fotos\Verschiedenes\Bilder aus der Jugend\2015-07-10 06.06.09.png";"168268";"Würde gelöscht werden"
"2026-09-28 22:56:59";"DryRun";"F:\Daten\Älter\Bilder\Bilder aus der Jugend\2015-07-12 18.05.40.jpg";"E:\OpenCloud\Persönlich (2)\Fotos\Verschiedenes\Bilder aus der Jugend\2015-07-12 18.05.40.jpg";"1462055";"Würde gelöscht werden"
"2026-09-28 22:56:59";"DryRun";"F:\Daten\Älter\Bilder\Bilder aus der Jugend\2015-07-12 22.12.53.jpg";"E:\OpenCloud\Persönlich (2)\Fotos\Verschiedenes\Bilder aus der Jugend\2015-07-12 22.12.53.jpg";"2154449";"Würde gelöscht werden"
"2026-09-28 22:56:59";"DryRun";"F:\Daten\Älter\Bilder\Bilder aus der Jugend\2015-07-23 11.05.27.jpg";"E:\OpenCloud\Persönlich (2)\Fotos\Verschiedenes\Bilder aus der Jugend\2015-07-23 11.05.27.jpg";"1969430";"Würde gelöscht werden"
"2026-09-28 22:56:59";"DryRun";"F:\Daten\Älter\Bilder\Bilder aus der Jugend\2015-07-23 11.05.33.jpg";"E:\OpenCloud\Persönlich (2)\Fotos\Verschiedenes\Bilder aus der Jugend\2015-07-23 11.05.33.jpg";"1897452";"Würde gelöscht werden"
"2026-09-28 22:56:59";"DryRun";"F:\Daten\Älter\Bilder\Bilder aus der Jugend\2015-07-24 05.23.48.png";"E:\OpenCloud\Persönlich (2)\Fotos\Verschiedenes\Bilder aus der Jugend\2015-07-24 05.23.48.png";"1290162";"Würde gelöscht werden"
"2026-09-28 22:56:59";"DryRun";"F:\Daten\Älter\Bilder\Bilder aus der Jugend\2015-07-25 21.20.18.jpg";"E:\OpenCloud\Persönlich (2)\Fotos\Verschiedenes\Bilder aus der Jugend\2015-07-25 21.20.18.jpg";"2026744";"Würde gelöscht werden"
"2026-09-28 22:56:59";"DryRun";"F:\Daten\Älter\Bilder\Bilder aus der Jugend\2015-07-25 21.20.23.jpg";"E:\OpenCloud\Persönlich (2)\Fotos\Verschiedenes\Bilder aus der Jugend\2015-07-25 21.20.23.jpg";"1788119";"Würde gelöscht werden"
"2026-09-28 22:56:59";"DryRun";"F:\Daten\Älter\Bilder\Bilder aus der Jugend\2015-07-25 21.20.24.jpg";"E:\OpenCloud\Persönlich (2)\Fotos\Verschiedenes\Bilder aus der Jugend\2015-07-25 21.20.24.jpg";"1826496";"Würde gelöscht werden"
"2026-09-28 22:56:59";"DryRun";"F:\Daten\Älter\Bilder\Bilder aus der Jugend\2015-07-25 21.20.26.jpg";"E:\OpenCloud\Persönlich (2)\Fotos\Verschiedenes\Bilder aus der Jugend\2015-07-25 21.20.26.jpg";"1905039";"Würde gelöscht werden"
"2026-09-28 22:56:59";"DryRun";"F:\Daten\Älter\Bilder\Bilder aus der Jugend\2015-07-27 16.56.41.jpg";"E:\OpenCloud\Persönlich (2)\Fotos\Verschiedenes\Bilder aus der Jugend\2015-07-27 16.56.41.jpg";"1436672";"Würde gelöscht werden"
"2026-09-28 22:56:59";"DryRun";"F:\Daten\Älter\Bilder\Bilder aus der Jugend\2015-07-27 16.56.43.jpg";"E:\OpenCloud\Persönlich (2)\Fotos\Verschiedenes\Bilder aus der Jugend\2015-07-27 16.56.43.jpg";"1417133";"Würde gelöscht werden"
"2026-09-28 22:56:59";"DryRun";"F:\Daten\Älter\Bilder\Bilder aus der Jugend\2015-08-02 00.12.27.jpg";"E:\OpenCloud\Persönlich (2)\Fotos\Verschiedenes\Bilder aus der Jugend\2015-08-02 00.12.27.jpg";"1920799";"Würde gelöscht werden"
"2026-09-28 22:56:59";"DryRun";"F:\Daten\Älter\Bilder\Bilder aus der Jugend\2015-08-06 18.58.36.jpg";"E:\OpenCloud\Persönlich (2)\Fotos\Verschiedenes\Bilder aus der Jugend\2015-08-06 18.58.36.jpg";"1640986";"Würde gelöscht werden"
"2026-09-28 22:56:59";"DryRun";"F:\Daten\Älter\Bilder\Bilder aus der Jugend\2015-08-06 18.58.38.jpg";"E:\OpenCloud\Persönlich (2)\Fotos\Verschiedenes\Bilder aus der Jugend\2015-08-06 18.58.38.jpg";"1465976";"Würde gelöscht werden"
"2026-09-28 22:56:59";"DryRun";"F:\Daten\Älter\Bilder\Bilder aus der Jugend\2015-08-06 20.08.29.jpg";"E:\OpenCloud\Persönlich (2)\Fotos\Verschiedenes\Bilder aus der Jugend\2015-08-06 20.08.29.jpg";"1509810";"Würde gelöscht werden"
"2026-09-28 22:56:59";"DryRun";"F:\Daten\Älter\Bilder\Bilder aus der Jugend\2015-08-06 20.09.50.jpg";"E:\OpenCloud\Persönlich (2)\Fotos\Verschiedenes\Bilder aus der Jugend\2015-08-06 20.09.50.jpg";"1815988";"Würde gelöscht werden"
"2026-09-28 22:56:59";"DryRun";"F:\Daten\Älter\Bilder\Bilder aus der Jugend\2015-08-06 21.39.15.jpg";"E:\OpenCloud\Persönlich (2)\Fotos\Verschiedenes\Bilder aus der Jugend\2015-08-06 21.39.15.jpg";"676894";"Würde gelöscht werden"
"2026-09-28 22:56:59";"DryRun";"F:\Daten\Älter\Bilder\Bilder aus der Jugend\2015-08-06 23.33.22.jpg";"E:\OpenCloud\Persönlich (2)\Fotos\Verschiedenes\Bilder aus der Jugend\2015-08-06 23.33.22.jpg";"2151164";"Würde gelöscht werden"
"2026-09-28 22:56:59";"DryRun";"F:\Daten\Älter\Bilder\Bilder aus der Jugend\2015-08-06 23.33.43.jpg";"E:\OpenCloud\Persönlich (2)\Fotos\Verschiedenes\Bilder aus der Jugend\2015-08-06 23.33.43.jpg";"1642910";"Würde gelöscht werden"
"2026-09-28 22:56:59";"DryRun";"F:\Daten\Älter\Bilder\Bilder aus der Jugend\2015-08-06 23.33.59.jpg";"E:\OpenCloud\Persönlich (2)\Fotos\Verschiedenes\Bilder aus der Jugend\2015-08-06 23.33.59.jpg";"1660718";"Würde gelöscht werden"
"2026-09-28 22:56:59";"DryRun";"F:\Daten\Älter\Bilder\Bilder aus der Jugend\2015-08-06 23.34.21.jpg";"E:\OpenCloud\Persönlich (2)\Fotos\Verschiedenes\Bilder aus der Jugend\2015-08-06 23.34.21.jpg";"1228437";"Würde gelöscht werden"
"2026-09-28 22:56:59";"DryRun";"F:\Daten\Älter\Bilder\Bilder aus der Jugend\2015-08-06 23.34.38.jpg";"E:\OpenCloud\Persönlich (2)\Fotos\Verschiedenes\Bilder aus der Jugend\2015-08-06 23.34.38.jpg";"1955013";"Würde gelöscht werden"
"2026-09-28 22:56:59";"DryRun";"F:\Daten\Älter\Bilder\Bilder aus der Jugend\2015-08-06 23.34.53.jpg";"E:\OpenCloud\Persönlich (2)\Fotos\Verschiedenes\Bilder aus der Jugend\2015-08-06 23.34.53.jpg";"1489895";"Würde gelöscht werden"
"2026-09-28 22:56:59";"DryRun";"F:\Daten\Älter\Bilder\Bilder aus der Jugend\2015-08-08 19.18.16.jpg";"E:\OpenCloud\Persönlich (2)\Fotos\Verschiedenes\Bilder aus der Jugend\2015-08-08 19.18.16.jpg";"1558313";"Würde gelöscht werden"
"2026-09-28 22:56:59";"DryRun";"F:\Daten\Älter\Bilder\Bilder aus der Jugend\2015-08-08 19.18.18.jpg";"E:\OpenCloud\Persönlich (2)\Fotos\Verschiedenes\Bilder aus der Jugend\2015-08-08 19.18.18.jpg";"1913278";"Würde gelöscht werden"
"2026-09-28 22:56:59";"DryRun";"F:\Daten\Älter\Bilder\Bilder aus der Jugend\2015-08-10 21.10.51.jpg";"E:\OpenCloud\Persönlich (2)\Fotos\Verschiedenes\Bilder aus der Jugend\2015-08-10 21.10.51.jpg";"1243947";"Würde gelöscht werden"
"2026-09-28 22:56:59";"DryRun";"F:\Daten\Älter\Bilder\Bilder aus der Jugend\2015-08-11 23.05.44.jpg";"E:\OpenCloud\Persönlich (2)\Fotos\Verschiedenes\Bilder aus der Jugend\2015-08-11 23.05.44.jpg";"2079557";"Würde gelöscht werden"
"2026-09-28 22:56:59";"DryRun";"F:\Daten\Älter\Bilder\Bilder aus der Jugend\2015-08-14 23.13.32.jpg";"E:\OpenCloud\Persönlich (2)\Fotos\Verschiedenes\Bilder aus der Jugend\2015-08-14 23.13.32.jpg";"1921806";"Würde gelöscht werden"
"2026-09-28 22:56:59";"DryRun";"F:\Daten\Älter\Bilder\Bilder aus der Jugend\2015-08-15 10.33.24.jpg";"E:\OpenCloud\Persönlich (2)\Fotos\Verschiedenes\Bilder aus der Jugend\2015-08-15 10.33.24.jpg";"1869247";"Würde gelöscht werden"
"2026-09-28 22:56:59";"DryRun";"F:\Daten\Älter\Bilder\Bilder aus der Jugend\2015-08-20 17.10.57.jpg";"E:\OpenCloud\Persönlich (2)\Fotos\Verschiedenes\Bilder aus der Jugend\2015-08-20 17.10.57.jpg";"2090443";"Würde gelöscht werden"
"2026-09-28 22:56:59";"DryRun";"F:\Daten\Älter\Bilder\Bilder aus der Jugend\2015-08-23 00.20.07.jpg";"E:\OpenCloud\Persönlich (2)\Fotos\Verschiedenes\Bilder aus der Jugend\2015-08-23 00.20.07.jpg";"683716";"Würde gelöscht werden"
"2026-09-28 22:56:59";"DryRun";"F:\Daten\Älter\Bilder\Bilder aus der Jugend\2015-08-23 00.20.13.jpg";"E:\OpenCloud\Persönlich (2)\Fotos\Verschiedenes\Bilder aus der Jugend\2015-08-23 00.20.13.jpg";"1735740";"Würde gelöscht werden"
"2026-09-28 22:56:59";"DryRun";"F:\Daten\Älter\Bilder\Bilder aus der Jugend\2015-08-23 02.01.16.jpg";"E:\OpenCloud\Persönlich (2)\Fotos\Verschiedenes\Bilder aus der Jugend\2015-08-23 02.01.16.jpg";"2066966";"Würde gelöscht werden"
"2026-09-28 22:56:59";"DryRun";"F:\Daten\Älter\Bilder\Bilder aus der Jugend\2015-08-30 19.15.24.jpg";"E:\OpenCloud\Persönlich (2)\Fotos\Verschiedenes\Bilder aus der Jugend\2015-08-30 19.15.24.jpg";"1952425";"Würde gelöscht werden"
"2026-09-28 22:56:59";"DryRun";"F:\Daten\Älter\Bilder\Bilder aus der Jugend\2015-09-05 00.33.54.jpg";"E:\OpenCloud\Persönlich (2)\Fotos\Verschiedenes\Bilder aus der Jugend\2015-09-05 00.33.54.jpg";"1593412";"Würde gelöscht werden"
"2026-09-28 22:56:59";"DryRun";"F:\Daten\Älter\Bilder\Bilder aus der Jugend\2015-09-05 00.33.56.jpg";"E:\OpenCloud\Persönlich (2)\Fotos\Verschiedenes\Bilder aus der Jugend\2015-09-05 00.33.56.jpg";"1593561";"Würde gelöscht werden"
"2026-09-28 22:56:59";"DryRun";"F:\Daten\Älter\Bilder\Bilder aus der Jugend\2Pac x B.o.B. x Owl City - Smile For Airplanes And Fireflies (Nedu Mix).mp3";"E:\OpenCloud\Persönlich (2)\Fotos\Verschiedenes\Bilder aus der Jugend\2Pac x B.o.B. x Owl City - Smile For Airplanes And Fireflies (Nedu Mix).mp3";"8111168";"Würde gelöscht werden"
"2026-09-28 22:56:59";"DryRun";"F:\Daten\Älter\Bilder\Bilder aus der Jugend\400664_658611607518778_971723031_n.jpg";"E:\OpenCloud\Persönlich (2)\Fotos\Verschiedenes\Bilder aus der Jugend\400664_658611607518778_971723031_n.jpg";"71191";"Würde gelöscht werden"
"2026-09-28 22:56:59";"DryRun";"F:\Daten\Älter\Bilder\Bilder aus der Jugend\400664_658612530852019_1760759379_n.jpg";"E:\OpenCloud\Persönlich (2)\Fotos\Verschiedenes\Bilder aus der Jugend\400664_658612530852019_1760759379_n.jpg";"69169";"Würde gelöscht werden"
"2026-09-28 22:56:59";"DryRun";"F:\Daten\Älter\Bilder\Bilder aus der Jugend\50 Cent - In Da Club (Naxsy & Rolf Dyman Remix).mp3";"E:\OpenCloud\Persönlich (2)\Fotos\Verschiedenes\Bilder aus der Jugend\50 Cent - In Da Club (Naxsy & Rolf Dyman Remix).mp3";"4299171";"Würde gelöscht werden"
"2026-09-28 22:56:59";"DryRun";"F:\Daten\Älter\Bilder\Bilder aus der Jugend\534087_658640064182599_1043027452_n.jpg";"E:\OpenCloud\Persönlich (2)\Fotos\Verschiedenes\Bilder aus der Jugend\534087_658640064182599_1043027452_n.jpg";"49772";"Würde gelöscht werden"
"2026-09-28 22:56:59";"DryRun";"F:\Daten\Älter\Bilder\Bilder aus der Jugend\603667_658607550852517_892006388_n.jpg";"E:\OpenCloud\Persönlich (2)\Fotos\Verschiedenes\Bilder aus der Jugend\603667_658607550852517_892006388_n.jpg";"47088";"Würde gelöscht werden"
"2026-09-28 22:56:59";"DryRun";"F:\Daten\Älter\Bilder\Bilder aus der Jugend\906105.jpg";"E:\OpenCloud\Persönlich (2)\Fotos\Verschiedenes\Bilder aus der Jugend\906105.jpg";"293417";"Würde gelöscht werden"
"2026-09-28 22:56:59";"DryRun";"F:\Daten\Älter\Bilder\Bilder aus der Jugend\906114.jpg";"E:\OpenCloud\Persönlich (2)\Fotos\Verschiedenes\Bilder aus der Jugend\906114.jpg";"172310";"Würde gelöscht werden"
"2026-09-28 22:56:59";"DryRun";"F:\Daten\Älter\Bilder\Bilder aus der Jugend\906165.jpg";"E:\OpenCloud\Persönlich (2)\Fotos\Verschiedenes\Bilder aus der Jugend\906165.jpg";"116397";"Würde gelöscht werden"
"2026-09-28 22:56:59";"DryRun";"F:\Daten\Älter\Bilder\Bilder aus der Jugend\906166.jpg";"E:\OpenCloud\Persönlich (2)\Fotos\Verschiedenes\Bilder aus der Jugend\906166.jpg";"186276";"Würde gelöscht werden"
"2026-09-28 22:56:59";"DryRun";"F:\Daten\Älter\Bilder\Bilder aus der Jugend\998047_658642674182338_800098541_n.jpg";"E:\OpenCloud\Persönlich (2)\Fotos\Verschiedenes\Bilder aus der Jugend\998047_658642674182338_800098541_n.jpg";"56441";"Würde gelöscht werden"
"2026-09-28 22:56:59";"DryRun";"F:\Daten\Älter\Bilder\Bilder aus der Jugend\998158_658590144187591_849243787_n.jpg";"E:\OpenCloud\Persönlich (2)\Fotos\Verschiedenes\Bilder aus der Jugend\998158_658590144187591_849243787_n.jpg";"43217";"Würde gelöscht werden"
"2026-09-28 22:56:59";"DryRun";"F:\Daten\Älter\Bilder\Bilder aus der Jugend\DARK SOULS™ II_ Scholar of the First Sin_20150429185031.jpg";"E:\OpenCloud\Persönlich (2)\Fotos\Verschiedenes\Bilder aus der Jugend\DARK SOULS™ II_ Scholar of the First Sin_20150429185031.jpg";"708402";"Würde gelöscht werden"
"2026-09-28 22:56:59";"DryRun";"F:\Daten\Älter\Bilder\Bilder aus der Jugend\DARK SOULS™ II_ Scholar of the First Sin_20150516131913.jpg";"E:\OpenCloud\Persönlich (2)\Fotos\Verschiedenes\Bilder aus der Jugend\DARK SOULS™ II_ Scholar of the First Sin_20150516131913.jpg";"526386";"Würde gelöscht werden"
"2026-09-28 22:56:59";"DryRun";"F:\Daten\Älter\Bilder\Bilder aus der Jugend\DARK SOULS™ II_ Scholar of the First Sin_20150613124111.jpg";"E:\OpenCloud\Persönlich (2)\Fotos\Verschiedenes\Bilder aus der Jugend\DARK SOULS™ II_ Scholar of the First Sin_20150613124111.jpg";"534097";"Würde gelöscht werden"
"2026-09-28 22:56:59";"DryRun";"F:\Daten\Älter\Bilder\Bilder aus der Jugend\DARK SOULS™ II_ Scholar of the First Sin_20150613211510.jpg";"E:\OpenCloud\Persönlich (2)\Fotos\Verschiedenes\Bilder aus der Jugend\DARK SOULS™ II_ Scholar of the First Sin_20150613211510.jpg";"388579";"Würde gelöscht werden"
"2026-09-28 22:56:59";"DryRun";"F:\Daten\Älter\Bilder\Bilder aus der Jugend\DARK SOULS™ II_ Scholar of the First Sin_20150613211704.jpg";"E:\OpenCloud\Persönlich (2)\Fotos\Verschiedenes\Bilder aus der Jugend\DARK SOULS™ II_ Scholar of the First Sin_20150613211704.jpg";"447356";"Würde gelöscht werden"
"2026-09-28 22:56:59";"DryRun";"F:\Daten\Älter\Bilder\Bilder aus der Jugend\DARK SOULS™ II_ Scholar of the First Sin_20150619190750.jpg";"E:\OpenCloud\Persönlich (2)\Fotos\Verschiedenes\Bilder aus der Jugend\DARK SOULS™ II_ Scholar of the First Sin_20150619190750.jpg";"384942";"Würde gelöscht werden"
"2026-09-28 22:56:59";"DryRun";"F:\Daten\Älter\Bilder\Bilder aus der Jugend\DARK SOULS™ II_ Scholar of the First Sin_20150621104700.jpg";"E:\OpenCloud\Persönlich (2)\Fotos\Verschiedenes\Bilder aus der Jugend\DARK SOULS™ II_ Scholar of the First Sin_20150621104700.jpg";"399226";"Würde gelöscht werden"
"2026-09-28 22:56:59";"DryRun";"F:\Daten\Älter\Bilder\Bilder aus der Jugend\DARK SOULS™ II_ Scholar of the First Sin_20150621123059.jpg";"E:\OpenCloud\Persönlich (2)\Fotos\Verschiedenes\Bilder aus der Jugend\DARK SOULS™ II_ Scholar of the First Sin_20150621123059.jpg";"307682";"Würde gelöscht werden"
"2026-09-28 22:56:59";"DryRun";"F:\Daten\Älter\Bilder\Bilder aus der Jugend\DARK SOULS™ II_ Scholar of the First Sin_20150810155610.jpg";"E:\OpenCloud\Persönlich (2)\Fotos\Verschiedenes\Bilder aus der Jugend\DARK SOULS™ II_ Scholar of the First Sin_20150810155610.jpg";"387403";"Würde gelöscht werden"
"2026-09-28 22:56:59";"DryRun";"F:\Daten\Älter\Bilder\Bilder aus der Jugend\DARK SOULS™ II_ Scholar of the First Sin_20151024165256.jpg";"E:\OpenCloud\Persönlich (2)\Fotos\Verschiedenes\Bilder aus der Jugend\DARK SOULS™ II_ Scholar of the First Sin_20151024165256.jpg";"398196";"Würde gelöscht werden"
"2026-09-28 22:56:59";"DryRun";"F:\Daten\Älter\Bilder\Bilder aus der Jugend\DARK SOULS™ II_ Scholar of the First Sin_20151027174728.jpg";"E:\OpenCloud\Persönlich (2)\Fotos\Verschiedenes\Bilder aus der Jugend\DARK SOULS™ II_ Scholar of the First Sin_20151027174728.jpg";"386303";"Würde gelöscht werden"
"2026-09-28 22:56:59";"DryRun";"F:\Daten\Älter\Bilder\Bilder aus der Jugend\DARK SOULS™ II_ Scholar of the First Sin_20151031162104.jpg";"E:\OpenCloud\Persönlich (2)\Fotos\Verschiedenes\Bilder aus der Jugend\DARK SOULS™ II_ Scholar of the First Sin_20151031162104.jpg";"388017";"Würde gelöscht werden"
"2026-09-28 22:56:59";"DryRun";"F:\Daten\Älter\Bilder\Bilder aus der Jugend\DARK SOULS™ II_ Scholar of the First Sin_20151105160011.jpg";"E:\OpenCloud\Persönlich (2)\Fotos\Verschiedenes\Bilder aus der Jugend\DARK SOULS™ II_ Scholar of the First Sin_20151105160011.jpg";"290443";"Würde gelöscht werden"
"2026-09-28 22:56:59";"DryRun";"F:\Daten\Älter\Bilder\Bilder aus der Jugend\DARK SOULS™ II_ Scholar of the First Sin_20151118102851.jpg";"E:\OpenCloud\Persönlich (2)\Fotos\Verschiedenes\Bilder aus der Jugend\DARK SOULS™ II_ Scholar of the First Sin_20151118102851.jpg";"637828";"Würde gelöscht werden"
"2026-09-28 22:56:59";"DryRun";"F:\Daten\Älter\Bilder\Bilder aus der Jugend\DARK SOULS™ II_ Scholar of the First Sin_20160104213804.jpg";"E:\OpenCloud\Persönlich (2)\Fotos\Verschiedenes\Bilder aus der Jugend\DARK SOULS™ II_ Scholar of the First Sin_20160104213804.jpg";"473653";"Würde gelöscht werden"
"2026-09-28 22:56:59";"DryRun";"F:\Daten\Älter\Bilder\Bilder aus der Jugend\DARK SOULS™ II_ Scholar of the First Sin_20160104214149.jpg";"E:\OpenCloud\Persönlich (2)\Fotos\Verschiedenes\Bilder aus der Jugend\DARK SOULS™ II_ Scholar of the First Sin_20160104214149.jpg";"382147";"Würde gelöscht werden"
"2026-09-28 22:56:59";"DryRun";"F:\Daten\Älter\Bilder\Bilder aus der Jugend\DARK SOULS™ II_ Scholar of the First Sin_20160104214553.jpg";"E:\OpenCloud\Persönlich (2)\Fotos\Verschiedenes\Bilder aus der Jugend\DARK SOULS™ II_ Scholar of the First Sin_20160104214553.jpg";"422476";"Würde gelöscht werden"
"2026-09-28 22:56:59";"DryRun";"F:\Daten\Älter\Bilder\Bilder aus der Jugend\DARK SOULS™ II_ Scholar of the First Sin_20160104214923.jpg";"E:\OpenCloud\Persönlich (2)\Fotos\Verschiedenes\Bilder aus der Jugend\DARK SOULS™ II_ Scholar of the First Sin_20160104214923.jpg";"242870";"Würde gelöscht werden"
"2026-09-28 22:56:59";"DryRun";"F:\Daten\Älter\Bilder\Bilder aus der Jugend\DARK SOULS™ II_ Scholar of the First Sin_20160104215553.jpg";"E:\OpenCloud\Persönlich (2)\Fotos\Verschiedenes\Bilder aus der Jugend\DARK SOULS™ II_ Scholar of the First Sin_20160104215553.jpg";"366173";"Würde gelöscht werden"
"2026-09-28 22:56:59";"DryRun";"F:\Daten\Älter\Bilder\Bilder aus der Jugend\DARK SOULS™ II_ Scholar of the First Sin_20160104223437.jpg";"E:\OpenCloud\Persönlich (2)\Fotos\Verschiedenes\Bilder aus der Jugend\DARK SOULS™ II_ Scholar of the First Sin_20160104223437.jpg";"343934";"Würde gelöscht werden"
"2026-09-28 22:56:59";"DryRun";"F:\Daten\Älter\Bilder\Eigene Aufnahmen\20240719_145047.jpg";"E:\OpenCloud\Persönlich (2)\Fotos\Fesitval\Tomorrowland\20240719_145047.jpg";"6125606";"Würde gelöscht werden"
"2026-09-28 22:56:59";"DryRun";"F:\Daten\Älter\Bilder\Eigene Aufnahmen\20240720_010233.jpg";"E:\OpenCloud\Persönlich (2)\Fotos\Fesitval\Tomorrowland\20240720_010233.jpg";"7966591";"Würde gelöscht werden"
"2026-09-28 22:56:59";"DryRun";"F:\Daten\Älter\Bilder\Eigene Aufnahmen\IMG_20220803_150910.jpg";"E:\OpenCloud\Persönlich (2)\Fotos\Wandern\Berchtdesgarden 22\IMG_20220803_150910.jpg";"7331226";"Würde gelöscht werden"
"2026-09-28 22:56:59";"DryRun";"F:\Daten\Älter\Bilder\Eigene Aufnahmen\IMG_20220803_150915_001.jpg";"E:\OpenCloud\Persönlich (2)\Fotos\Wandern\Berchtdesgarden 22\IMG_20220803_150915_001.jpg";"4440323";"Würde gelöscht werden"
"2026-09-28 22:56:59";"DryRun";"F:\Daten\Älter\Bilder\Eigene Aufnahmen\IMG_20220803_150915_004.jpg";"E:\OpenCloud\Persönlich (2)\Fotos\Wandern\Berchtdesgarden 22\IMG_20220803_150915_004.jpg";"4426654";"Würde gelöscht werden"
"2026-09-28 22:57:00";"DryRun";"F:\Daten\Älter\Bilder\Eigene Aufnahmen\IMG_20220803_150915_008.jpg";"E:\OpenCloud\Persönlich (2)\Fotos\Wandern\Berchtdesgarden 22\IMG_20220803_150915_008.jpg";"4212174";"Würde gelöscht werden"
"2026-09-28 22:57:00";"DryRun";"F:\Daten\Älter\Bilder\Eigene Aufnahmen\IMG_20220803_150915_009.jpg";"E:\OpenCloud\Persönlich (2)\Fotos\Wandern\Berchtdesgarden 22\IMG_20220803_150915_009.jpg";"4012826";"Würde gelöscht werden"
"2026-09-28 22:57:00";"DryRun";"F:\Daten\Älter\Bilder\Eigene Aufnahmen\IMG_20220803_150915_010.jpg";"E:\OpenCloud\Persönlich (2)\Fotos\Wandern\Berchtdesgarden 22\IMG_20220803_150915_010.jpg";"3888965";"Würde gelöscht werden"
"2026-09-28 22:57:00";"DryRun";"F:\Daten\Älter\Bilder\Eigene Aufnahmen\IMG_20220803_150915_012.jpg";"E:\OpenCloud\Persönlich (2)\Fotos\Wandern\Berchtdesgarden 22\IMG_20220803_150915_012.jpg";"3653985";"Würde gelöscht werden"
"2026-09-28 22:57:00";"DryRun";"F:\Daten\Älter\Bilder\Eigene Aufnahmen\IMG_20220803_150915_014.jpg";"E:\OpenCloud\Persönlich (2)\Fotos\Wandern\Berchtdesgarden 22\IMG_20220803_150915_014.jpg";"3587186";"Würde gelöscht werden"
"2026-09-28 22:57:00";"DryRun";"F:\Daten\Älter\Bilder\Eigene Aufnahmen\IMG_20220803_150915_015.jpg";"E:\OpenCloud\Persönlich (2)\Fotos\Wandern\Berchtdesgarden 22\IMG_20220803_150915_015.jpg";"3551846";"Würde gelöscht werden"
"2026-09-28 22:57:00";"DryRun";"F:\Daten\Älter\Bilder\Eigene Aufnahmen\IMG_20220803_150915_016.jpg";"E:\OpenCloud\Persönlich (2)\Fotos\Wandern\Berchtdesgarden 22\IMG_20220803_150915_016.jpg";"3514560";"Würde gelöscht werden"
"2026-09-28 22:57:00";"DryRun";"F:\Daten\Älter\Bilder\Eigene Aufnahmen\IMG_20220803_150915_017.jpg";"E:\OpenCloud\Persönlich (2)\Fotos\Wandern\Berchtdesgarden 22\IMG_20220803_150915_017.jpg";"3428494";"Würde gelöscht werden"
"2026-09-28 22:57:00";"DryRun";"F:\Daten\Älter\Bilder\Eigene Aufnahmen\IMG_20220803_150915_018.jpg";"E:\OpenCloud\Persönlich (2)\Fotos\Wandern\Berchtdesgarden 22\IMG_20220803_150915_018.jpg";"3428356";"Würde gelöscht werden"
"2026-09-28 22:57:00";"DryRun";"F:\Daten\Älter\Bilder\Eigene Aufnahmen\IMG_20220803_150915_019.jpg";"E:\OpenCloud\Persönlich (2)\Fotos\Wandern\Berchtdesgarden 22\IMG_20220803_150915_019.jpg";"3430408";"Würde gelöscht werden"
"2026-09-28 22:57:00";"DryRun";"F:\Daten\Älter\Bilder\Eigene Aufnahmen\IMG_20220803_150915_020.jpg";"E:\OpenCloud\Persönlich (2)\Fotos\Wandern\Berchtdesgarden 22\IMG_20220803_150915_020.jpg";"3403411";"Würde gelöscht werden"
"2026-09-28 22:57:00";"DryRun";"F:\Daten\Älter\Bilder\Eigene Aufnahmen\IMG_20220803_160315.jpg";"E:\OpenCloud\Persönlich (2)\Fotos\Wandern\Berchtdesgarden 22\IMG_20220803_160315.jpg";"7249668";"Würde gelöscht werden"
"2026-09-28 22:57:00";"DryRun";"F:\Daten\Älter\Bilder\Eigene Aufnahmen\IMG_20220803_162510.jpg";"E:\OpenCloud\Persönlich (2)\Fotos\Wandern\Berchtdesgarden 22\IMG_20220803_162510.jpg";"9726787";"Würde gelöscht werden"
"2026-09-28 22:57:00";"DryRun";"F:\Daten\Älter\Bilder\Eigene Aufnahmen\IMG_20220804_103659.jpg";"E:\OpenCloud\Persönlich (2)\Fotos\Wandern\Berchtdesgarden 22\IMG_20220804_103659.jpg";"7657492";"Würde gelöscht werden"
"2026-09-28 22:57:00";"DryRun";"F:\Daten\Älter\Bilder\Eigene Aufnahmen\IMG_20220804_120126.jpg";"E:\OpenCloud\Persönlich (2)\Fotos\Wandern\Berchtdesgarden 22\IMG_20220804_120126.jpg";"5740107";"Würde gelöscht werden"
"2026-09-28 22:57:00";"DryRun";"F:\Daten\Älter\Bilder\Eigene Aufnahmen\IMG_20220804_123518_001.jpg";"E:\OpenCloud\Persönlich (2)\Fotos\Wandern\Berchtdesgarden 22\IMG_20220804_123518_001.jpg";"3047435";"Würde gelöscht werden"
"2026-09-28 22:57:00";"DryRun";"F:\Daten\Älter\Bilder\Eigene Aufnahmen\IMG_20220804_123518_002.jpg";"E:\OpenCloud\Persönlich (2)\Fotos\Wandern\Berchtdesgarden 22\IMG_20220804_123518_002.jpg";"3051973";"Würde gelöscht werden"
"2026-09-28 22:57:00";"DryRun";"F:\Daten\Älter\Bilder\Eigene Aufnahmen\IMG_20220804_123518_004.jpg";"E:\OpenCloud\Persönlich (2)\Fotos\Wandern\Berchtdesgarden 22\IMG_20220804_123518_004.jpg";"3055493";"Würde gelöscht werden"
"2026-09-28 22:57:00";"DryRun";"F:\Daten\Älter\Bilder\Eigene Aufnahmen\IMG_20220804_123518_005.jpg";"E:\OpenCloud\Persönlich (2)\Fotos\Wandern\Berchtdesgarden 22\IMG_20220804_123518_005.jpg";"3066449";"Würde gelöscht werden"
"2026-09-28 22:57:00";"DryRun";"F:\Daten\Älter\Bilder\Eigene Aufnahmen\IMG_20220804_123518_011.jpg";"E:\OpenCloud\Persönlich (2)\Fotos\Wandern\Berchtdesgarden 22\IMG_20220804_123518_011.jpg";"3134715";"Würde gelöscht werden"
"2026-09-28 22:57:00";"DryRun";"F:\Daten\Älter\Bilder\Eigene Aufnahmen\IMG_20220804_123518_012.jpg";"E:\OpenCloud\Persönlich (2)\Fotos\Wandern\Berchtdesgarden 22\IMG_20220804_123518_012.jpg";"3141788";"Würde gelöscht werden"
"2026-09-28 22:57:00";"DryRun";"F:\Daten\Älter\Bilder\Eigene Aufnahmen\IMG_20220804_123518_015.jpg";"E:\OpenCloud\Persönlich (2)\Fotos\Wandern\Berchtdesgarden 22\IMG_20220804_123518_015.jpg";"3158843";"Würde gelöscht werden"
"2026-09-28 22:57:00";"DryRun";"F:\Daten\Älter\Bilder\Eigene Aufnahmen\IMG_20220804_123518_016.jpg";"E:\OpenCloud\Persönlich (2)\Fotos\Wandern\Berchtdesgarden 22\IMG_20220804_123518_016.jpg";"3164341";"Würde gelöscht werden"
"2026-09-28 22:57:00";"DryRun";"F:\Daten\Älter\Bilder\Eigene Aufnahmen\IMG_20220804_123518_017.jpg";"E:\OpenCloud\Persönlich (2)\Fotos\Wandern\Berchtdesgarden 22\IMG_20220804_123518_017.jpg";"3183921";"Würde gelöscht werden"
"2026-09-28 22:57:00";"DryRun";"F:\Daten\Älter\Bilder\Eigene Aufnahmen\IMG_20220804_123518_018.jpg";"E:\OpenCloud\Persönlich (2)\Fotos\Wandern\Berchtdesgarden 22\IMG_20220804_123518_018.jpg";"3184459";"Würde gelöscht werden"
"2026-09-28 22:57:00";"DryRun";"F:\Daten\Älter\Bilder\Eigene Aufnahmen\IMG_20220804_123518_019.jpg";"E:\OpenCloud\Persönlich (2)\Fotos\Wandern\Berchtdesgarden 22\IMG_20220804_123518_019.jpg";"3187065";"Würde gelöscht werden"
"2026-09-28 22:57:00";"DryRun";"F:\Daten\Älter\Bilder\Eigene Aufnahmen\IMG_20220804_123518_020.jpg";"E:\OpenCloud\Persönlich (2)\Fotos\Wandern\Berchtdesgarden 22\IMG_20220804_123518_020.jpg";"3219230";"Würde gelöscht werden"
"2026-09-28 22:57:00";"DryRun";"F:\Daten\Älter\Bilder\Eigene Aufnahmen\IMG_20220804_130822.jpg";"E:\OpenCloud\Persönlich (2)\Fotos\Wandern\Berchtdesgarden 22\IMG_20220804_130822.jpg";"2410721";"Würde gelöscht werden"
"2026-09-28 22:57:00";"DryRun";"F:\Daten\Älter\Bilder\Eigene Aufnahmen\IMG_20220804_130831.jpg";"E:\OpenCloud\Persönlich (2)\Fotos\Wandern\Berchtdesgarden 22\IMG_20220804_130831.jpg";"2198630";"Würde gelöscht werden"
"2026-09-28 22:57:00";"DryRun";"F:\Daten\Älter\Bilder\Eigene Aufnahmen\IMG_20220804_131046.jpg";"E:\OpenCloud\Persönlich (2)\Fotos\Wandern\Berchtdesgarden 22\IMG_20220804_131046.jpg";"6363980";"Würde gelöscht werden"
"2026-09-28 22:57:00";"DryRun";"F:\Daten\Älter\Bilder\Eigene Aufnahmen\IMG_20220804_132915_001.jpg";"E:\OpenCloud\Persönlich (2)\Fotos\Wandern\Berchtdesgarden 22\IMG_20220804_132915_001.jpg";"3711817";"Würde gelöscht werden"
"2026-09-28 22:57:00";"DryRun";"F:\Daten\Älter\Bilder\Eigene Aufnahmen\IMG_20220804_132915_002.jpg";"E:\OpenCloud\Persönlich (2)\Fotos\Wandern\Berchtdesgarden 22\IMG_20220804_132915_002.jpg";"3705162";"Würde gelöscht werden"
"2026-09-28 22:57:00";"DryRun";"F:\Daten\Älter\Bilder\Eigene Aufnahmen\IMG_20220804_132915_003.jpg";"E:\OpenCloud\Persönlich (2)\Fotos\Wandern\Berchtdesgarden 22\IMG_20220804_132915_003.jpg";"3707233";"Würde gelöscht werden"
"2026-09-28 22:57:00";"DryRun";"F:\Daten\Älter\Bilder\Eigene Aufnahmen\IMG_20220804_132915_004.jpg";"E:\OpenCloud\Persönlich (2)\Fotos\Wandern\Berchtdesgarden 22\IMG_20220804_132915_004.jpg";"3734504";"Würde gelöscht werden"
"2026-09-28 22:57:00";"DryRun";"F:\Daten\Älter\Bilder\Eigene Aufnahmen\IMG_20220804_132915_005.jpg";"E:\OpenCloud\Persönlich (2)\Fotos\Wandern\Berchtdesgarden 22\IMG_20220804_132915_005.jpg";"3734958";"Würde gelöscht werden"
"2026-09-28 22:57:00";"DryRun";"F:\Daten\Älter\Bilder\Eigene Aufnahmen\IMG_20220804_132915_006.jpg";"E:\OpenCloud\Persönlich (2)\Fotos\Wandern\Berchtdesgarden 22\IMG_20220804_132915_006.jpg";"3734743";"Würde gelöscht werden"
"2026-09-28 22:57:00";"DryRun";"F:\Daten\Älter\Bilder\Eigene Aufnahmen\IMG_20220804_132915_007.jpg";"E:\OpenCloud\Persönlich (2)\Fotos\Wandern\Berchtdesgarden 22\IMG_20220804_132915_007.jpg";"3737778";"Würde gelöscht werden"
"2026-09-28 22:57:00";"DryRun";"F:\Daten\Älter\Bilder\Eigene Aufnahmen\IMG_20220804_132915_008.jpg";"E:\OpenCloud\Persönlich (2)\Fotos\Wandern\Berchtdesgarden 22\IMG_20220804_132915_008.jpg";"3737653";"Würde gelöscht werden"
"2026-09-28 22:57:00";"DryRun";"F:\Daten\Älter\Bilder\Eigene Aufnahmen\IMG_20220804_132915_009.jpg";"E:\OpenCloud\Persönlich (2)\Fotos\Wandern\Berchtdesgarden 22\IMG_20220804_132915_009.jpg";"3736720";"Würde gelöscht werden"
"2026-09-28 22:57:00";"DryRun";"F:\Daten\Älter\Bilder\Eigene Aufnahmen\IMG_20220804_132915_010.jpg";"E:\OpenCloud\Persönlich (2)\Fotos\Wandern\Berchtdesgarden 22\IMG_20220804_132915_010.jpg";"3745858";"Würde gelöscht werden"
"2026-09-28 22:57:00";"DryRun";"F:\Daten\Älter\Bilder\Eigene Aufnahmen\IMG_20220804_132915_011.jpg";"E:\OpenCloud\Persönlich (2)\Fotos\Wandern\Berchtdesgarden 22\IMG_20220804_132915_011.jpg";"3728014";"Würde gelöscht werden"
"2026-09-28 22:57:00";"DryRun";"F:\Daten\Älter\Bilder\Eigene Aufnahmen\IMG_20220804_132915_012.jpg";"E:\OpenCloud\Persönlich (2)\Fotos\Wandern\Berchtdesgarden 22\IMG_20220804_132915_012.jpg";"3723753";"Würde gelöscht werden"
"2026-09-28 22:57:00";"DryRun";"F:\Daten\Älter\Bilder\Eigene Aufnahmen\IMG_20220804_132915_013.jpg";"E:\OpenCloud\Persönlich (2)\Fotos\Wandern\Berchtdesgarden 22\IMG_20220804_132915_013.jpg";"3719494";"Würde gelöscht werden"
"2026-09-28 22:57:00";"DryRun";"F:\Daten\Älter\Bilder\Eigene Aufnahmen\IMG_20220804_132915_014.jpg";"E:\OpenCloud\Persönlich (2)\Fotos\Wandern\Berchtdesgarden 22\IMG_20220804_132915_014.jpg";"3727370";"Würde gelöscht werden"
"2026-09-28 22:57:00";"DryRun";"F:\Daten\Älter\Bilder\Eigene Aufnahmen\IMG_20220804_132915_015.jpg";"E:\OpenCloud\Persönlich (2)\Fotos\Wandern\Berchtdesgarden 22\IMG_20220804_132915_015.jpg";"3723370";"Würde gelöscht werden"
"2026-09-28 22:57:00";"DryRun";"F:\Daten\Älter\Bilder\Eigene Aufnahmen\IMG_20220804_132915_016.jpg";"E:\OpenCloud\Persönlich (2)\Fotos\Wandern\Berchtdesgarden 22\IMG_20220804_132915_016.jpg";"3720642";"Würde gelöscht werden"
"2026-09-28 22:57:00";"DryRun";"F:\Daten\Älter\Bilder\Eigene Aufnahmen\IMG_20220804_132915_017.jpg";"E:\OpenCloud\Persönlich (2)\Fotos\Wandern\Berchtdesgarden 22\IMG_20220804_132915_017.jpg";"3718423";"Würde gelöscht werden"
"2026-09-28 22:57:00";"DryRun";"F:\Daten\Älter\Bilder\Eigene Aufnahmen\IMG_20220804_132915_018.jpg";"E:\OpenCloud\Persönlich (2)\Fotos\Wandern\Berchtdesgarden 22\IMG_20220804_132915_018.jpg";"3710305";"Würde gelöscht werden"
"2026-09-28 22:57:00";"DryRun";"F:\Daten\Älter\Bilder\Eigene Aufnahmen\IMG_20220804_132915_019.jpg";"E:\OpenCloud\Persönlich (2)\Fotos\Wandern\Berchtdesgarden 22\IMG_20220804_132915_019.jpg";"3705643";"Würde gelöscht werden"
"2026-09-28 22:57:00";"DryRun";"F:\Daten\Älter\Bilder\Eigene Aufnahmen\IMG_20220804_132915_020.jpg";"E:\OpenCloud\Persönlich (2)\Fotos\Wandern\Berchtdesgarden 22\IMG_20220804_132915_020.jpg";"3702763";"Würde gelöscht werden"
"2026-09-28 22:57:00";"DryRun";"F:\Daten\Älter\Bilder\Eigene Aufnahmen\IMG_20220804_132936.jpg";"E:\OpenCloud\Persönlich (2)\Fotos\Wandern\Berchtdesgarden 22\IMG_20220804_132936.jpg";"26056821";"Würde gelöscht werden"
"2026-09-28 22:57:00";"DryRun";"F:\Daten\Älter\Bilder\Eigene Aufnahmen\IMG_20220804_133423_001.jpg";"E:\OpenCloud\Persönlich (2)\Fotos\Wandern\Berchtdesgarden 22\IMG_20220804_133423_001.jpg";"4093835";"Würde gelöscht werden"
"2026-09-28 22:57:00";"DryRun";"F:\Daten\Älter\Bilder\Eigene Aufnahmen\IMG_20220804_133423_002.jpg";"E:\OpenCloud\Persönlich (2)\Fotos\Wandern\Berchtdesgarden 22\IMG_20220804_133423_002.jpg";"4083572";"Würde gelöscht werden"
"2026-09-28 22:57:00";"DryRun";"F:\Daten\Älter\Bilder\Eigene Aufnahmen\IMG_20220804_133423_003.jpg";"E:\OpenCloud\Persönlich (2)\Fotos\Wandern\Berchtdesgarden 22\IMG_20220804_133423_003.jpg";"4091931";"Würde gelöscht werden"
"2026-09-28 22:57:00";"DryRun";"F:\Daten\Älter\Bilder\Eigene Aufnahmen\IMG_20220804_133423_004.jpg";"E:\OpenCloud\Persönlich (2)\Fotos\Wandern\Berchtdesgarden 22\IMG_20220804_133423_004.jpg";"4084068";"Würde gelöscht werden"
"2026-09-28 22:57:00";"DryRun";"F:\Daten\Älter\Bilder\Eigene Aufnahmen\IMG_20220804_133423_005.jpg";"E:\OpenCloud\Persönlich (2)\Fotos\Wandern\Berchtdesgarden 22\IMG_20220804_133423_005.jpg";"4071577";"Würde gelöscht werden"
"2026-09-28 22:57:00";"DryRun";"F:\Daten\Älter\Bilder\Eigene Aufnahmen\IMG_20220804_133423_006.jpg";"E:\OpenCloud\Persönlich (2)\Fotos\Wandern\Berchtdesgarden 22\IMG_20220804_133423_006.jpg";"4063486";"Würde gelöscht werden"
"2026-09-28 22:57:00";"DryRun";"F:\Daten\Älter\Bilder\Eigene Aufnahmen\IMG_20220804_133423_007.jpg";"E:\OpenCloud\Persönlich (2)\Fotos\Wandern\Berchtdesgarden 22\IMG_20220804_133423_007.jpg";"4064013";"Würde gelöscht werden"
"2026-09-28 22:57:00";"DryRun";"F:\Daten\Älter\Bilder\Eigene Aufnahmen\IMG_20220804_133423_008.jpg";"E:\OpenCloud\Persönlich (2)\Fotos\Wandern\Berchtdesgarden 22\IMG_20220804_133423_008.jpg";"4071127";"Würde gelöscht werden"
"2026-09-28 22:57:00";"DryRun";"F:\Daten\Älter\Bilder\Eigene Aufnahmen\IMG_20220804_133423_009.jpg";"E:\OpenCloud\Persönlich (2)\Fotos\Wandern\Berchtdesgarden 22\IMG_20220804_133423_009.jpg";"4074124";"Würde gelöscht werden"
"2026-09-28 22:57:00";"DryRun";"F:\Daten\Älter\Bilder\Eigene Aufnahmen\IMG_20220804_133423_010.jpg";"E:\OpenCloud\Persönlich (2)\Fotos\Wandern\Berchtdesgarden 22\IMG_20220804_133423_010.jpg";"4090797";"Würde gelöscht werden"
"2026-09-28 22:57:00";"DryRun";"F:\Daten\Älter\Bilder\Eigene Aufnahmen\IMG_20220804_135500.jpg";"E:\OpenCloud\Persönlich (2)\Fotos\Wandern\Berchtdesgarden 22\IMG_20220804_135500.jpg";"9841365";"Würde gelöscht werden"
"2026-09-28 22:57:00";"DryRun";"F:\Daten\Älter\Bilder\Eigene Aufnahmen\IMG_20220804_135505.jpg";"E:\OpenCloud\Persönlich (2)\Fotos\Wandern\Berchtdesgarden 22\IMG_20220804_135505.jpg";"8957328";"Würde gelöscht werden"
"2026-09-28 22:57:00";"DryRun";"F:\Daten\Älter\Bilder\Eigene Aufnahmen\IMG_20220804_143009.jpg";"E:\OpenCloud\Persönlich (2)\Fotos\Wandern\Berchtdesgarden 22\IMG_20220804_143009.jpg";"8440910";"Würde gelöscht werden"
"2026-09-28 22:57:00";"DryRun";"F:\Daten\Älter\Bilder\Eigene Aufnahmen\IMG_20220804_143014.jpg";"E:\OpenCloud\Persönlich (2)\Fotos\Wandern\Berchtdesgarden 22\IMG_20220804_143014.jpg";"8444972";"Würde gelöscht werden"
"2026-09-28 22:57:00";"DryRun";"F:\Daten\Älter\Bilder\Eigene Aufnahmen\IMG_20220805_120344.jpg";"E:\OpenCloud\Persönlich (2)\Fotos\Wandern\Berchtdesgarden 22\IMG_20220805_120344.jpg";"5911465";"Würde gelöscht werden"
"2026-09-28 22:57:00";"DryRun";"F:\Daten\Älter\Bilder\Eigene Aufnahmen\IMG_20220805_133921.jpg";"E:\OpenCloud\Persönlich (2)\Fotos\Wandern\Berchtdesgarden 22\IMG_20220805_133921.jpg";"4826908";"Würde gelöscht werden"
"2026-09-28 22:57:00";"DryRun";"F:\Daten\Älter\Bilder\Eigene Aufnahmen\IMG_20220812_200842.jpg";"E:\OpenCloud\Persönlich (2)\Fotos\Verschiedenes\IMG_20220812_200842.jpg";"3245103";"Würde gelöscht werden"
"2026-09-28 22:57:00";"DryRun";"F:\Daten\Älter\Bilder\Eigene Aufnahmen\IMG_20220813_030706.jpg";"E:\OpenCloud\Persönlich (2)\Fotos\Verschiedenes\IMG_20220813_030706.jpg";"5442662";"Würde gelöscht werden"
"2026-09-28 22:57:00";"DryRun";"F:\Daten\Älter\Bilder\Eigene Aufnahmen\IMG_20220820_112135.jpg";"E:\OpenCloud\Persönlich (2)\Fotos\Verschiedenes\IMG_20220820_112135.jpg";"5170154";"Würde gelöscht werden"
"2026-09-28 22:57:00";"DryRun";"F:\Daten\Älter\Bilder\Eigene Aufnahmen\IMG_20230729_180126.jpg";"E:\OpenCloud\Persönlich (2)\Fotos\Verschiedenes\IMG_20230729_180126.jpg";"2081862";"Würde gelöscht werden"
"2026-09-28 22:57:00";"DryRun";"F:\Daten\Älter\Bilder\Eigene Aufnahmen\IMG_20230730_010453.jpg";"E:\OpenCloud\Persönlich (2)\Fotos\Verschiedenes\IMG_20230730_010453.jpg";"2656995";"Würde gelöscht werden"
"2026-09-28 22:57:00";"DryRun";"F:\Daten\Älter\Bilder\Eigene Aufnahmen\IMG_20230730_010502.jpg";"E:\OpenCloud\Persönlich (2)\Fotos\Verschiedenes\IMG_20230730_010502.jpg";"3649023";"Würde gelöscht werden"
"2026-09-28 22:57:00";"DryRun";"F:\Daten\Älter\Bilder\Eigene Aufnahmen\IMG_20230811_141329.jpg";"E:\OpenCloud\Persönlich (2)\Fotos\Verschiedenes\IMG_20230811_141329.jpg";"3842974";"Würde gelöscht werden"
"2026-09-28 22:57:00";"DryRun";"F:\Daten\Älter\Bilder\Eigene Aufnahmen\IMG_20230824_101409.jpg";"E:\OpenCloud\Persönlich (2)\Fotos\Wandern\Leermos 23\IMG_20230824_101409.jpg";"5037568";"Würde gelöscht werden"
"2026-09-28 22:57:00";"DryRun";"F:\Daten\Älter\Bilder\Eigene Aufnahmen\IMG_20230824_112123.jpg";"E:\OpenCloud\Persönlich (2)\Fotos\Wandern\Leermos 23\IMG_20230824_112123.jpg";"4444311";"Würde gelöscht werden"
"2026-09-28 22:57:00";"DryRun";"F:\Daten\Älter\Bilder\Eigene Aufnahmen\IMG_20230824_112148.jpg";"E:\OpenCloud\Persönlich (2)\Fotos\Wandern\Leermos 23\IMG_20230824_112148.jpg";"16139969";"Würde gelöscht werden"
"2026-09-28 22:57:00";"DryRun";"F:\Daten\Älter\Bilder\Eigene Aufnahmen\IMG_20230824_112429.jpg";"E:\OpenCloud\Persönlich (2)\Fotos\Wandern\Leermos 23\IMG_20230824_112429.jpg";"5125715";"Würde gelöscht werden"
"2026-09-28 22:57:00";"DryRun";"F:\Daten\Älter\Bilder\Eigene Aufnahmen\IMG_20230824_112432.jpg";"E:\OpenCloud\Persönlich (2)\Fotos\Wandern\Leermos 23\IMG_20230824_112432.jpg";"4513269";"Würde gelöscht werden"
"2026-09-28 22:57:00";"DryRun";"F:\Daten\Älter\Bilder\Eigene Aufnahmen\IMG_20230824_114039.jpg";"E:\OpenCloud\Persönlich (2)\Fotos\Wandern\Leermos 23\IMG_20230824_114039.jpg";"5168304";"Würde gelöscht werden"
"2026-09-28 22:57:00";"DryRun";"F:\Daten\Älter\Bilder\Eigene Aufnahmen\IMG_20230824_125408.jpg";"E:\OpenCloud\Persönlich (2)\Fotos\Wandern\Leermos 23\IMG_20230824_125408.jpg";"5667719";"Würde gelöscht werden"
"2026-09-28 22:57:00";"DryRun";"F:\Daten\Älter\Bilder\Eigene Aufnahmen\IMG_20230824_125420.jpg";"E:\OpenCloud\Persönlich (2)\Fotos\Wandern\Leermos 23\IMG_20230824_125420.jpg";"2855842";"Würde gelöscht werden"
"2026-09-28 22:57:00";"DryRun";"F:\Daten\Älter\Bilder\Eigene Aufnahmen\IMG_20230824_125427.jpg";"E:\OpenCloud\Persönlich (2)\Fotos\Wandern\Leermos 23\IMG_20230824_125427.jpg";"1989816";"Würde gelöscht werden"
"2026-09-28 22:57:00";"DryRun";"F:\Daten\Älter\Bilder\Eigene Aufnahmen\IMG_20230824_125539_001.jpg";"E:\OpenCloud\Persönlich (2)\Fotos\Wandern\Leermos 23\IMG_20230824_125539_001.jpg";"2548369";"Würde gelöscht werden"
"2026-09-28 22:57:00";"DryRun";"F:\Daten\Älter\Bilder\Eigene Aufnahmen\IMG_20230824_125539_002.jpg";"E:\OpenCloud\Persönlich (2)\Fotos\Wandern\Leermos 23\IMG_20230824_125539_002.jpg";"2548561";"Würde gelöscht werden"
"2026-09-28 22:57:00";"DryRun";"F:\Daten\Älter\Bilder\Eigene Aufnahmen\IMG_20230824_125539_003.jpg";"E:\OpenCloud\Persönlich (2)\Fotos\Wandern\Leermos 23\IMG_20230824_125539_003.jpg";"2547582";"Würde gelöscht werden"
"2026-09-28 22:57:00";"DryRun";"F:\Daten\Älter\Bilder\Eigene Aufnahmen\IMG_20230824_125539_004.jpg";"E:\OpenCloud\Persönlich (2)\Fotos\Wandern\Leermos 23\IMG_20230824_125539_004.jpg";"2543906";"Würde gelöscht werden"
"2026-09-28 22:57:00";"DryRun";"F:\Daten\Älter\Bilder\Eigene Aufnahmen\IMG_20230824_125539_005.jpg";"E:\OpenCloud\Persönlich (2)\Fotos\Wandern\Leermos 23\IMG_20230824_125539_005.jpg";"2544588";"Würde gelöscht werden"
"2026-09-28 22:57:00";"DryRun";"F:\Daten\Älter\Bilder\Eigene Aufnahmen\IMG_20230824_125539_006.jpg";"E:\OpenCloud\Persönlich (2)\Fotos\Wandern\Leermos 23\IMG_20230824_125539_006.jpg";"2536180";"Würde gelöscht werden"
"2026-09-28 22:57:00";"DryRun";"F:\Daten\Älter\Bilder\Eigene Aufnahmen\IMG_20230824_125539_007.jpg";"E:\OpenCloud\Persönlich (2)\Fotos\Wandern\Leermos 23\IMG_20230824_125539_007.jpg";"2533728";"Würde gelöscht werden"
"2026-09-28 22:57:00";"DryRun";"F:\Daten\Älter\Bilder\Eigene Aufnahmen\IMG_20230824_125539_008.jpg";"E:\OpenCloud\Persönlich (2)\Fotos\Wandern\Leermos 23\IMG_20230824_125539_008.jpg";"2529622";"Würde gelöscht werden"
"2026-09-28 22:57:00";"DryRun";"F:\Daten\Älter\Bilder\Eigene Aufnahmen\IMG_20230824_125539_009.jpg";"E:\OpenCloud\Persönlich (2)\Fotos\Wandern\Leermos 23\IMG_20230824_125539_009.jpg";"2525387";"Würde gelöscht werden"
"2026-09-28 22:57:00";"DryRun";"F:\Daten\Älter\Bilder\Eigene Aufnahmen\IMG_20230824_125539_010.jpg";"E:\OpenCloud\Persönlich (2)\Fotos\Wandern\Leermos 23\IMG_20230824_125539_010.jpg";"2524573";"Würde gelöscht werden"
"2026-09-28 22:57:00";"DryRun";"F:\Daten\Älter\Bilder\Eigene Aufnahmen\IMG_20230824_125539_011.jpg";"E:\OpenCloud\Persönlich (2)\Fotos\Wandern\Leermos 23\IMG_20230824_125539_011.jpg";"2521495";"Würde gelöscht werden"
"2026-09-28 22:57:00";"DryRun";"F:\Daten\Älter\Bilder\Eigene Aufnahmen\IMG_20230824_125539_012.jpg";"E:\OpenCloud\Persönlich (2)\Fotos\Wandern\Leermos 23\IMG_20230824_125539_012.jpg";"2521783";"Würde gelöscht werden"
"2026-09-28 22:57:00";"DryRun";"F:\Daten\Älter\Bilder\Eigene Aufnahmen\IMG_20230824_125539_013.jpg";"E:\OpenCloud\Persönlich (2)\Fotos\Wandern\Leermos 23\IMG_20230824_125539_013.jpg";"2518450";"Würde gelöscht werden"
"2026-09-28 22:57:00";"DryRun";"F:\Daten\Älter\Bilder\Eigene Aufnahmen\IMG_20230824_125539_014.jpg";"E:\OpenCloud\Persönlich (2)\Fotos\Wandern\Leermos 23\IMG_20230824_125539_014.jpg";"2508225";"Würde gelöscht werden"
"2026-09-28 22:57:00";"DryRun";"F:\Daten\Älter\Bilder\Eigene Aufnahmen\IMG_20230824_125539_015.jpg";"E:\OpenCloud\Persönlich (2)\Fotos\Wandern\Leermos 23\IMG_20230824_125539_015.jpg";"2506911";"Würde gelöscht werden"
"2026-09-28 22:57:00";"DryRun";"F:\Daten\Älter\Bilder\Eigene Aufnahmen\IMG_20230824_125539_016.jpg";"E:\OpenCloud\Persönlich (2)\Fotos\Wandern\Leermos 23\IMG_20230824_125539_016.jpg";"2505164";"Würde gelöscht werden"
"2026-09-28 22:57:00";"DryRun";"F:\Daten\Älter\Bilder\Eigene Aufnahmen\IMG_20230824_125539_017.jpg";"E:\OpenCloud\Persönlich (2)\Fotos\Wandern\Leermos 23\IMG_20230824_125539_017.jpg";"2501794";"Würde gelöscht werden"
"2026-09-28 22:57:00";"DryRun";"F:\Daten\Älter\Bilder\Eigene Aufnahmen\IMG_20230824_125539_018.jpg";"E:\OpenCloud\Persönlich (2)\Fotos\Wandern\Leermos 23\IMG_20230824_125539_018.jpg";"2493090";"Würde gelöscht werden"
"2026-09-28 22:57:00";"DryRun";"F:\Daten\Älter\Bilder\Eigene Aufnahmen\IMG_20230824_125539_019.jpg";"E:\OpenCloud\Persönlich (2)\Fotos\Wandern\Leermos 23\IMG_20230824_125539_019.jpg";"2488174";"Würde gelöscht werden"
"2026-09-28 22:57:00";"DryRun";"F:\Daten\Älter\Bilder\Eigene Aufnahmen\IMG_20230824_125539_020.jpg";"E:\OpenCloud\Persönlich (2)\Fotos\Wandern\Leermos 23\IMG_20230824_125539_020.jpg";"2476727";"Würde gelöscht werden"
"2026-09-28 22:57:00";"DryRun";"F:\Daten\Älter\Bilder\Eigene Aufnahmen\IMG_20230824_130748.jpg";"E:\OpenCloud\Persönlich (2)\Fotos\Wandern\Leermos 23\IMG_20230824_130748.jpg";"3755363";"Würde gelöscht werden"
"2026-09-28 22:57:00";"DryRun";"F:\Daten\Älter\Bilder\Eigene Aufnahmen\IMG_20230824_131051.jpg";"E:\OpenCloud\Persönlich (2)\Fotos\Wandern\Leermos 23\IMG_20230824_131051.jpg";"6360096";"Würde gelöscht werden"
"2026-09-28 22:57:00";"DryRun";"F:\Daten\Älter\Bilder\Eigene Aufnahmen\IMG_20230824_134222.jpg";"E:\OpenCloud\Persönlich (2)\Fotos\Wandern\Leermos 23\IMG_20230824_134222.jpg";"4083323";"Würde gelöscht werden"
"2026-09-28 22:57:00";"DryRun";"F:\Daten\Älter\Bilder\Eigene Aufnahmen\IMG_20230824_191316.jpg";"E:\OpenCloud\Persönlich (2)\Fotos\Wandern\Leermos 23\IMG_20230824_191316.jpg";"3087789";"Würde gelöscht werden"
"2026-09-28 22:57:00";"DryRun";"F:\Daten\Älter\Bilder\Eigene Aufnahmen\IMG_20230825_102001.jpg";"E:\OpenCloud\Persönlich (2)\Fotos\Wandern\Leermos 23\IMG_20230825_102001.jpg";"3289982";"Würde gelöscht werden"
"2026-09-28 22:57:00";"DryRun";"F:\Daten\Älter\Bilder\Eigene Aufnahmen\IMG_20230825_102012.jpg";"E:\OpenCloud\Persönlich (2)\Fotos\Wandern\Leermos 23\IMG_20230825_102012.jpg";"3326754";"Würde gelöscht werden"
"2026-09-28 22:57:00";"DryRun";"F:\Daten\Älter\Bilder\Eigene Aufnahmen\IMG_20230825_120728.jpg";"E:\OpenCloud\Persönlich (2)\Fotos\Wandern\Leermos 23\IMG_20230825_120728.jpg";"2722410";"Würde gelöscht werden"
"2026-09-28 22:57:00";"DryRun";"F:\Daten\Älter\Bilder\Eigene Aufnahmen\IMG_20230825_121944.jpg";"E:\OpenCloud\Persönlich (2)\Fotos\Wandern\Leermos 23\IMG_20230825_121944.jpg";"2997543";"Würde gelöscht werden"
"2026-09-28 22:57:00";"DryRun";"F:\Daten\Älter\Bilder\Eigene Aufnahmen\IMG_20230825_121948.jpg";"E:\OpenCloud\Persönlich (2)\Fotos\Wandern\Leermos 23\IMG_20230825_121948.jpg";"3247536";"Würde gelöscht werden"
"2026-09-28 22:57:00";"DryRun";"F:\Daten\Älter\Bilder\Eigene Aufnahmen\IMG_20230825_122055.jpg";"E:\OpenCloud\Persönlich (2)\Fotos\Wandern\Leermos 23\IMG_20230825_122055.jpg";"3429166";"Würde gelöscht werden"
"2026-09-28 22:57:00";"DryRun";"F:\Daten\Älter\Bilder\Eigene Aufnahmen\IMG_20230825_202032.jpg";"E:\OpenCloud\Persönlich (2)\Fotos\Wandern\Leermos 23\IMG_20230825_202032.jpg";"1986765";"Würde gelöscht werden"
"2026-09-28 22:57:00";"DryRun";"F:\Daten\Älter\Bilder\Eigene Aufnahmen\IMG_20230927_204007.jpg";"E:\OpenCloud\Persönlich (2)\Fotos\Verschiedenes\IMG_20230927_204007.jpg";"2562485";"Würde gelöscht werden"
"2026-09-28 22:57:00";"DryRun";"F:\Daten\Älter\Bilder\Eigene Aufnahmen\IMG_20230930_123657.jpg";"E:\OpenCloud\Persönlich (2)\Fotos\Verschiedenes\IMG_20230930_123657.jpg";"2220019";"Würde gelöscht werden"
"2026-09-28 22:57:00";"DryRun";"F:\Daten\Älter\Bilder\Eigene Aufnahmen\IMG_20231022_155337.jpg";"E:\OpenCloud\Persönlich (2)\Fotos\Verschiedenes\IMG_20231022_155337.jpg";"4530187";"Würde gelöscht werden"
"2026-09-28 22:57:00";"DryRun";"F:\Daten\Älter\Bilder\Eigene Aufnahmen\IMG_20231027_160935.jpg";"E:\OpenCloud\Persönlich (2)\Fotos\Verschiedenes\IMG_20231027_160935.jpg";"1744170";"Würde gelöscht werden"
"2026-09-28 22:57:00";"DryRun";"F:\Daten\Älter\Bilder\Eigene Aufnahmen\IMG_20231027_160944.jpg";"E:\OpenCloud\Persönlich (2)\Fotos\Verschiedenes\IMG_20231027_160944.jpg";"1591880";"Würde gelöscht werden"
"2026-09-28 22:57:00";"DryRun";"F:\Daten\Älter\Bilder\Eigene Aufnahmen\IMG_20231027_161002.jpg";"E:\OpenCloud\Persönlich (2)\Fotos\Verschiedenes\IMG_20231027_161002.jpg";"2523772";"Würde gelöscht werden"
"2026-09-28 22:57:00";"DryRun";"F:\Daten\Älter\Bilder\Eigene Aufnahmen\IMG_20231027_161101.jpg";"E:\OpenCloud\Persönlich (2)\Fotos\Verschiedenes\IMG_20231027_161101.jpg";"1770936";"Würde gelöscht werden"
"2026-09-28 22:57:00";"DryRun";"F:\Daten\Älter\Bilder\Eigene Aufnahmen\IMG_20231027_161144.jpg";"E:\OpenCloud\Persönlich (2)\Fotos\Verschiedenes\IMG_20231027_161144.jpg";"1635280";"Würde gelöscht werden"
"2026-09-28 22:57:00";"DryRun";"F:\Daten\Älter\Bilder\Eigene Aufnahmen\IMG_20231027_161724.jpg";"E:\OpenCloud\Persönlich (2)\Fotos\Verschiedenes\IMG_20231027_161724.jpg";"1721725";"Würde gelöscht werden"
"2026-09-28 22:57:00";"DryRun";"F:\Daten\Älter\Bilder\Eigene Aufnahmen\IMG_20231027_161734.jpg";"E:\OpenCloud\Persönlich (2)\Fotos\Verschiedenes\IMG_20231027_161734.jpg";"2036367";"Würde gelöscht werden"
"2026-09-28 22:57:00";"DryRun";"F:\Daten\Älter\Bilder\Eigene Aufnahmen\IMG_20231102_190734.jpg";"E:\OpenCloud\Persönlich (2)\Fotos\Verschiedenes\IMG_20231102_190734.jpg";"1681291";"Würde gelöscht werden"
"2026-09-28 22:57:00";"DryRun";"F:\Daten\Älter\Bilder\Eigene Aufnahmen\IMG_20231102_190934.jpg";"E:\OpenCloud\Persönlich (2)\Fotos\Verschiedenes\IMG_20231102_190934.jpg";"2424726";"Würde gelöscht werden"
"2026-09-28 22:57:00";"DryRun";"F:\Daten\Älter\Bilder\Eigene Aufnahmen\IMG_20231103_165638.jpg";"E:\OpenCloud\Persönlich (2)\Fotos\Verschiedenes\IMG_20231103_165638.jpg";"2337980";"Würde gelöscht werden"
"2026-09-28 22:57:00";"DryRun";"F:\Daten\Älter\Bilder\Eigene Aufnahmen\IMG_20231103_172144.jpg";"E:\OpenCloud\Persönlich (2)\Fotos\Verschiedenes\IMG_20231103_172144.jpg";"2386560";"Würde gelöscht werden"
"2026-09-28 22:57:00";"DryRun";"F:\Daten\Älter\Bilder\Eigene Aufnahmen\IMG_20231201_182344.jpg";"E:\OpenCloud\Persönlich (2)\Fotos\Verschiedenes\IMG_20231201_182344.jpg";"2066803";"Würde gelöscht werden"
"2026-09-28 22:57:00";"DryRun";"F:\Daten\Älter\Bilder\Eigene Aufnahmen\IMG_20231201_182349.jpg";"E:\OpenCloud\Persönlich (2)\Fotos\Verschiedenes\IMG_20231201_182349.jpg";"2513183";"Würde gelöscht werden"
"2026-09-28 22:57:00";"DryRun";"F:\Daten\Älter\Bilder\Eigene Aufnahmen\IMG_20231201_232544.jpg";"E:\OpenCloud\Persönlich (2)\Fotos\Verschiedenes\IMG_20231201_232544.jpg";"2338198";"Würde gelöscht werden"
"2026-09-28 22:57:01";"DryRun";"F:\Daten\Älter\Bilder\Eigene Aufnahmen\IMG_20231202_201040.jpg";"E:\OpenCloud\Persönlich (2)\Fotos\Verschiedenes\IMG_20231202_201040.jpg";"3300766";"Würde gelöscht werden"
"2026-09-28 22:57:01";"DryRun";"F:\Daten\Älter\Bilder\Eigene Aufnahmen\IMG_20231203_104501.jpg";"E:\OpenCloud\Persönlich (2)\Fotos\Verschiedenes\IMG_20231203_104501.jpg";"2566501";"Würde gelöscht werden"
"2026-09-28 22:57:01";"DryRun";"F:\Daten\Älter\Bilder\Eigene Aufnahmen\IMG_20250224_091337 1.jpg";"E:\OpenCloud\Persönlich (2)\Fotos\Dokumente\IMG_20250224_091337 1.jpg";"2652450";"Würde gelöscht werden"
"2026-09-28 22:57:01";"DryRun";"F:\Daten\Älter\Bilder\Eigene Aufnahmen\IMG_20250224_091337.jpg";"E:\OpenCloud\Persönlich (2)\Fotos\Dokumente\IMG_20250224_091337.jpg";"2652450";"Würde gelöscht werden"
"2026-09-28 22:57:01";"DryRun";"F:\Daten\Älter\Bilder\Eigene Aufnahmen\IMG_20250224_094732 1.jpg";"E:\OpenCloud\Persönlich (2)\Fotos\Dokumente\IMG_20250224_094732 1.jpg";"1747837";"Würde gelöscht werden"
"2026-09-28 22:57:01";"DryRun";"F:\Daten\Älter\Bilder\Eigene Aufnahmen\IMG_20250224_094732.jpg";"E:\OpenCloud\Persönlich (2)\Fotos\Dokumente\IMG_20250224_094732.jpg";"1747837";"Würde gelöscht werden"
"2026-09-28 22:57:01";"DryRun";"F:\Daten\Älter\Bilder\Eigene Aufnahmen\IMG20240303195827.jpg";"E:\OpenCloud\Persönlich (2)\Fotos\Verschiedenes\IMG20240303195827.jpg";"8291810";"Würde gelöscht werden"
"2026-09-28 22:57:01";"DryRun";"F:\Daten\Älter\Bilder\Eigene Aufnahmen\IMG20240313170320.jpg";"E:\OpenCloud\Persönlich (2)\Fotos\Verschiedenes\IMG20240313170320.jpg";"6837910";"Würde gelöscht werden"
"2026-09-28 22:57:01";"DryRun";"F:\Daten\Älter\Bilder\Eigene Aufnahmen\IMG20240314162938.jpg";"E:\OpenCloud\Persönlich (2)\Fotos\Verschiedenes\IMG20240314162938.jpg";"10108269";"Würde gelöscht werden"
"2026-09-28 22:57:01";"DryRun";"F:\Daten\Älter\Bilder\Eigene Aufnahmen\IMG20240319172259.jpg";"E:\OpenCloud\Persönlich (2)\Fotos\Verschiedenes\IMG20240319172259.jpg";"6591791";"Würde gelöscht werden"
"2026-09-28 22:57:01";"DryRun";"F:\Daten\Älter\Bilder\Eigene Aufnahmen\IMG20240319172306.jpg";"E:\OpenCloud\Persönlich (2)\Fotos\Verschiedenes\IMG20240319172306.jpg";"8467028";"Würde gelöscht werden"
"2026-09-28 22:57:01";"DryRun";"F:\Daten\Älter\Bilder\Eigene Aufnahmen\IMG20240319172315.jpg";"E:\OpenCloud\Persönlich (2)\Fotos\Verschiedenes\IMG20240319172315.jpg";"8545511";"Würde gelöscht werden"
"2026-09-28 22:57:01";"DryRun";"F:\Daten\Älter\Bilder\Eigene Aufnahmen\IMG20240319172320.jpg";"E:\OpenCloud\Persönlich (2)\Fotos\Verschiedenes\IMG20240319172320.jpg";"6800785";"Würde gelöscht werden"
"2026-09-28 22:57:01";"DryRun";"F:\Daten\Älter\Bilder\Eigene Aufnahmen\IMG20240320175802.jpg";"E:\OpenCloud\Persönlich (2)\Fotos\Dokumente\IMG20240320175802.jpg";"5902048";"Würde gelöscht werden"
"2026-09-28 22:57:01";"DryRun";"F:\Daten\Älter\Bilder\Eigene Aufnahmen\IMG20240320175810.jpg";"E:\OpenCloud\Persönlich (2)\Fotos\Dokumente\IMG20240320175810.jpg";"5685961";"Würde gelöscht werden"
"2026-09-28 22:57:01";"DryRun";"F:\Daten\Älter\Bilder\Eigene Aufnahmen\IMG20240323143913.jpg";"E:\OpenCloud\Persönlich (2)\Fotos\Dokumente\IMG20240323143913.jpg";"5276052";"Würde gelöscht werden"
"2026-09-28 22:57:01";"DryRun";"F:\Daten\Älter\Bilder\Eigene Aufnahmen\IMG20240418173658.jpg";"E:\OpenCloud\Persönlich (2)\Fotos\Dokumente\IMG20240418173658.jpg";"4415323";"Würde gelöscht werden"
"2026-09-28 22:57:01";"DryRun";"F:\Daten\Älter\Bilder\Eigene Aufnahmen\IMG20240511154528.jpg";"E:\OpenCloud\Persönlich (2)\Fotos\Dogos\IMG20240511154528.jpg";"7886083";"Würde gelöscht werden"
"2026-09-28 22:57:01";"DryRun";"F:\Daten\Älter\Bilder\Eigene Aufnahmen\IMG20240511154534.jpg";"E:\OpenCloud\Persönlich (2)\Fotos\Dogos\IMG20240511154534.jpg";"6400847";"Würde gelöscht werden"
"2026-09-28 22:57:01";"DryRun";"F:\Daten\Älter\Bilder\Eigene Aufnahmen\IMG20240524201728.jpg";"E:\OpenCloud\Persönlich (2)\Fotos\Verschiedenes\IMG20240524201728.jpg";"6684103";"Würde gelöscht werden"
"2026-09-28 22:57:01";"DryRun";"F:\Daten\Älter\Bilder\Eigene Aufnahmen\IMG20240531115153.jpg";"E:\OpenCloud\Persönlich (2)\Fotos\Dogos\IMG20240531115153.jpg";"5848945";"Würde gelöscht werden"
"2026-09-28 22:57:01";"DryRun";"F:\Daten\Älter\Bilder\Eigene Aufnahmen\IMG20240608110139.jpg";"E:\OpenCloud\Persönlich (2)\Fotos\Dogos\IMG20240608110139.jpg";"8217661";"Würde gelöscht werden"
"2026-09-28 22:57:01";"DryRun";"F:\Daten\Älter\Bilder\Eigene Aufnahmen\IMG20240608110141.jpg";"E:\OpenCloud\Persönlich (2)\Fotos\Dogos\IMG20240608110141.jpg";"8416452";"Würde gelöscht werden"
"2026-09-28 22:57:01";"DryRun";"F:\Daten\Älter\Bilder\Eigene Aufnahmen\IMG20240608110147.jpg";"E:\OpenCloud\Persönlich (2)\Fotos\Dogos\IMG20240608110147.jpg";"9183183";"Würde gelöscht werden"
"2026-09-28 22:57:01";"DryRun";"F:\Daten\Älter\Bilder\Eigene Aufnahmen\IMG20240608110205.jpg";"E:\OpenCloud\Persönlich (2)\Fotos\Dogos\IMG20240608110205.jpg";"8326135";"Würde gelöscht werden"
"2026-09-28 22:57:01";"DryRun";"F:\Daten\Älter\Bilder\Eigene Aufnahmen\IMG20240608110206.jpg";"E:\OpenCloud\Persönlich (2)\Fotos\Dogos\IMG20240608110206.jpg";"9558740";"Würde gelöscht werden"
"2026-09-28 22:57:01";"DryRun";"F:\Daten\Älter\Bilder\Eigene Aufnahmen\IMG20240608110216.jpg";"E:\OpenCloud\Persönlich (2)\Fotos\Dogos\IMG20240608110216.jpg";"9112912";"Würde gelöscht werden"
"2026-09-28 22:57:01";"DryRun";"F:\Daten\Älter\Bilder\Eigene Aufnahmen\IMG20240608110217.jpg";"E:\OpenCloud\Persönlich (2)\Fotos\Dogos\IMG20240608110217.jpg";"9088604";"Würde gelöscht werden"
"2026-09-28 22:57:01";"DryRun";"F:\Daten\Älter\Bilder\Eigene Aufnahmen\IMG20240608110219.jpg";"E:\OpenCloud\Persönlich (2)\Fotos\Dogos\IMG20240608110219.jpg";"7893494";"Würde gelöscht werden"
"2026-09-28 22:57:01";"DryRun";"F:\Daten\Älter\Bilder\Eigene Aufnahmen\IMG20240608110658.jpg";"E:\OpenCloud\Persönlich (2)\Fotos\Dogos\IMG20240608110658.jpg";"6538157";"Würde gelöscht werden"
"2026-09-28 22:57:01";"DryRun";"F:\Daten\Älter\Bilder\Eigene Aufnahmen\IMG20240608110704.jpg";"E:\OpenCloud\Persönlich (2)\Fotos\Dogos\IMG20240608110704.jpg";"5513479";"Würde gelöscht werden"
"2026-09-28 22:57:01";"DryRun";"F:\Daten\Älter\Bilder\Eigene Aufnahmen\IMG20240615201049.jpg";"E:\OpenCloud\Persönlich (2)\Fotos\Dogos\IMG20240615201049.jpg";"8553837";"Würde gelöscht werden"
"2026-09-28 22:57:01";"DryRun";"F:\Daten\Älter\Bilder\Eigene Aufnahmen\IMG20240622213151.jpg";"E:\OpenCloud\Persönlich (2)\Fotos\Verschiedenes\IMG20240622213151.jpg";"10301071";"Würde gelöscht werden"
"2026-09-28 22:57:01";"DryRun";"F:\Daten\Älter\Bilder\Eigene Aufnahmen\IMG20240625160244.jpg";"E:\OpenCloud\Persönlich (2)\Fotos\Dogos\IMG20240625160244.jpg";"12570122";"Würde gelöscht werden"
"2026-09-28 22:57:01";"DryRun";"F:\Daten\Älter\Bilder\Eigene Aufnahmen\IMG20240625160249.jpg";"E:\OpenCloud\Persönlich (2)\Fotos\Dogos\IMG20240625160249.jpg";"12850832";"Würde gelöscht werden"
"2026-09-28 22:57:01";"DryRun";"F:\Daten\Älter\Bilder\Eigene Aufnahmen\IMG20240625160342.jpg";"E:\OpenCloud\Persönlich (2)\Fotos\Dogos\IMG20240625160342.jpg";"12957340";"Würde gelöscht werden"
"2026-09-28 22:57:01";"DryRun";"F:\Daten\Älter\Bilder\Eigene Aufnahmen\IMG20240625160348.jpg";"E:\OpenCloud\Persönlich (2)\Fotos\Dogos\IMG20240625160348.jpg";"13238890";"Würde gelöscht werden"
"2026-09-28 22:57:01";"DryRun";"F:\Daten\Älter\Bilder\Eigene Aufnahmen\IMG20240629133409.jpg";"E:\OpenCloud\Persönlich (2)\Fotos\Dogos\IMG20240629133409.jpg";"4606450";"Würde gelöscht werden"
"2026-09-28 22:57:01";"DryRun";"F:\Daten\Älter\Bilder\Eigene Aufnahmen\IMG20240629133415.jpg";"E:\OpenCloud\Persönlich (2)\Fotos\Dogos\IMG20240629133415.jpg";"4613278";"Würde gelöscht werden"
"2026-09-28 22:57:01";"DryRun";"F:\Daten\Älter\Bilder\Eigene Aufnahmen\IMG20240629133421.jpg";"E:\OpenCloud\Persönlich (2)\Fotos\Dogos\IMG20240629133421.jpg";"4640445";"Würde gelöscht werden"
"2026-09-28 22:57:01";"DryRun";"F:\Daten\Älter\Bilder\Eigene Aufnahmen\IMG20240629133431.jpg";"E:\OpenCloud\Persönlich (2)\Fotos\Dogos\IMG20240629133431.jpg";"4641388";"Würde gelöscht werden"
"2026-09-28 22:57:01";"DryRun";"F:\Daten\Älter\Bilder\Eigene Aufnahmen\IMG20240629133457.jpg";"E:\OpenCloud\Persönlich (2)\Fotos\Dogos\IMG20240629133457.jpg";"4684267";"Würde gelöscht werden"
"2026-09-28 22:57:01";"DryRun";"F:\Daten\Älter\Bilder\Eigene Aufnahmen\IMG20240629133510.jpg";"E:\OpenCloud\Persönlich (2)\Fotos\Dogos\IMG20240629133510.jpg";"4719850";"Würde gelöscht werden"
"2026-09-28 22:57:01";"DryRun";"F:\Daten\Älter\Bilder\Eigene Aufnahmen\IMG20240629133536.jpg";"E:\OpenCloud\Persönlich (2)\Fotos\Dogos\IMG20240629133536.jpg";"4567163";"Würde gelöscht werden"
"2026-09-28 22:57:01";"DryRun";"F:\Daten\Älter\Bilder\Eigene Aufnahmen\IMG20240629133541.jpg";"E:\OpenCloud\Persönlich (2)\Fotos\Dogos\IMG20240629133541.jpg";"4583115";"Würde gelöscht werden"
"2026-09-28 22:57:01";"DryRun";"F:\Daten\Älter\Bilder\Eigene Aufnahmen\IMG20240629133548.jpg";"E:\OpenCloud\Persönlich (2)\Fotos\Dogos\IMG20240629133548.jpg";"4591293";"Würde gelöscht werden"
"2026-09-28 22:57:01";"DryRun";"F:\Daten\Älter\Bilder\Eigene Aufnahmen\IMG20240629133600.jpg";"E:\OpenCloud\Persönlich (2)\Fotos\Dogos\IMG20240629133600.jpg";"4366688";"Würde gelöscht werden"
"2026-09-28 22:57:01";"DryRun";"F:\Daten\Älter\Bilder\Eigene Aufnahmen\IMG20240629133604.jpg";"E:\OpenCloud\Persönlich (2)\Fotos\Dogos\IMG20240629133604.jpg";"4663606";"Würde gelöscht werden"
"2026-09-28 22:57:01";"DryRun";"F:\Daten\Älter\Bilder\Eigene Aufnahmen\IMG20240629133622.jpg";"E:\OpenCloud\Persönlich (2)\Fotos\Dogos\IMG20240629133622.jpg";"4567516";"Würde gelöscht werden"
"2026-09-28 22:57:01";"DryRun";"F:\Daten\Älter\Bilder\Eigene Aufnahmen\IMG20240629133647.jpg";"E:\OpenCloud\Persönlich (2)\Fotos\Dogos\IMG20240629133647.jpg";"4605466";"Würde gelöscht werden"
"2026-09-28 22:57:01";"DryRun";"F:\Daten\Älter\Bilder\Eigene Aufnahmen\IMG20240629133701.jpg";"E:\OpenCloud\Persönlich (2)\Fotos\Dogos\IMG20240629133701.jpg";"4330791";"Würde gelöscht werden"
"2026-09-28 22:57:01";"DryRun";"F:\Daten\Älter\Bilder\Eigene Aufnahmen\IMG20240702122150.jpg";"E:\OpenCloud\Persönlich (2)\Fotos\Wandern\Walchsee 24\IMG20240702122150.jpg";"3494902";"Würde gelöscht werden"
"2026-09-28 22:57:01";"DryRun";"F:\Daten\Älter\Bilder\Eigene Aufnahmen\IMG20240702122206.jpg";"E:\OpenCloud\Persönlich (2)\Fotos\Wandern\Walchsee 24\IMG20240702122206.jpg";"3572878";"Würde gelöscht werden"
"2026-09-28 22:57:01";"DryRun";"F:\Daten\Älter\Bilder\Eigene Aufnahmen\IMG20240702122350.jpg";"E:\OpenCloud\Persönlich (2)\Fotos\Wandern\Walchsee 24\IMG20240702122350.jpg";"3995663";"Würde gelöscht werden"
"2026-09-28 22:57:01";"DryRun";"F:\Daten\Älter\Bilder\Eigene Aufnahmen\IMG20240702124847.jpg";"E:\OpenCloud\Persönlich (2)\Fotos\Wandern\Walchsee 24\IMG20240702124847.jpg";"4014778";"Würde gelöscht werden"
"2026-09-28 22:57:01";"DryRun";"F:\Daten\Älter\Bilder\Eigene Aufnahmen\IMG20240702124901.jpg";"E:\OpenCloud\Persönlich (2)\Fotos\Wandern\Walchsee 24\IMG20240702124901.jpg";"4523468";"Würde gelöscht werden"
"2026-09-28 22:57:01";"DryRun";"F:\Daten\Älter\Bilder\Eigene Aufnahmen\IMG20240702124917.jpg";"E:\OpenCloud\Persönlich (2)\Fotos\Wandern\Walchsee 24\IMG20240702124917.jpg";"4096533";"Würde gelöscht werden"
"2026-09-28 22:57:01";"DryRun";"F:\Daten\Älter\Bilder\Eigene Aufnahmen\IMG20240702124948.jpg";"E:\OpenCloud\Persönlich (2)\Fotos\Wandern\Walchsee 24\IMG20240702124948.jpg";"5102892";"Würde gelöscht werden"
"2026-09-28 22:57:01";"DryRun";"F:\Daten\Älter\Bilder\Eigene Aufnahmen\IMG20240702131047.jpg";"E:\OpenCloud\Persönlich (2)\Fotos\Wandern\Walchsee 24\IMG20240702131047.jpg";"4129295";"Würde gelöscht werden"
"2026-09-28 22:57:01";"DryRun";"F:\Daten\Älter\Bilder\Eigene Aufnahmen\IMG20240702133632.jpg";"E:\OpenCloud\Persönlich (2)\Fotos\Wandern\Walchsee 24\IMG20240702133632.jpg";"4456418";"Würde gelöscht werden"
"2026-09-28 22:57:01";"DryRun";"F:\Daten\Älter\Bilder\Eigene Aufnahmen\IMG20240702133635.jpg";"E:\OpenCloud\Persönlich (2)\Fotos\Wandern\Walchsee 24\IMG20240702133635.jpg";"5354741";"Würde gelöscht werden"
"2026-09-28 22:57:01";"DryRun";"F:\Daten\Älter\Bilder\Eigene Aufnahmen\IMG20240702133644.jpg";"E:\OpenCloud\Persönlich (2)\Fotos\Wandern\Walchsee 24\IMG20240702133644.jpg";"7730996";"Würde gelöscht werden"
"2026-09-28 22:57:01";"DryRun";"F:\Daten\Älter\Bilder\Eigene Aufnahmen\IMG20240702142719.jpg";"E:\OpenCloud\Persönlich (2)\Fotos\Wandern\Walchsee 24\IMG20240702142719.jpg";"5125847";"Würde gelöscht werden"
"2026-09-28 22:57:01";"DryRun";"F:\Daten\Älter\Bilder\Eigene Aufnahmen\IMG20240702143043.jpg";"E:\OpenCloud\Persönlich (2)\Fotos\Wandern\Walchsee 24\IMG20240702143043.jpg";"5181033";"Würde gelöscht werden"
"2026-09-28 22:57:01";"DryRun";"F:\Daten\Älter\Bilder\Eigene Aufnahmen\IMG20240702143057 1.jpg";"E:\OpenCloud\Persönlich (2)\Fotos\Wandern\Walchsee 24\IMG20240702143057 1.jpg";"4613736";"Würde gelöscht werden"
"2026-09-28 22:57:01";"DryRun";"F:\Daten\Älter\Bilder\Eigene Aufnahmen\IMG20240702143057.jpg";"E:\OpenCloud\Persönlich (2)\Fotos\Wandern\Walchsee 24\IMG20240702143057 1.jpg";"4613736";"Würde gelöscht werden"
"2026-09-28 22:57:01";"DryRun";"F:\Daten\Älter\Bilder\Eigene Aufnahmen\IMG20240702143450.jpg";"E:\OpenCloud\Persönlich (2)\Fotos\Wandern\Walchsee 24\IMG20240702143450.jpg";"14056304";"Würde gelöscht werden"
"2026-09-28 22:57:01";"DryRun";"F:\Daten\Älter\Bilder\Eigene Aufnahmen\IMG20240702143817.jpg";"E:\OpenCloud\Persönlich (2)\Fotos\Wandern\Walchsee 24\IMG20240702143817.jpg";"34164830";"Würde gelöscht werden"
"2026-09-28 22:57:01";"DryRun";"F:\Daten\Älter\Bilder\Eigene Aufnahmen\IMG20240702143821.jpg";"E:\OpenCloud\Persönlich (2)\Fotos\Wandern\Walchsee 24\IMG20240702143821.jpg";"29649047";"Würde gelöscht werden"
"2026-09-28 22:57:01";"DryRun";"F:\Daten\Älter\Bilder\Eigene Aufnahmen\IMG20240702144837.jpg";"E:\OpenCloud\Persönlich (2)\Fotos\Wandern\Walchsee 24\IMG20240702144837.jpg";"6947835";"Würde gelöscht werden"
"2026-09-28 22:57:01";"DryRun";"F:\Daten\Älter\Bilder\Eigene Aufnahmen\IMG20240702144957.jpg";"E:\OpenCloud\Persönlich (2)\Fotos\Wandern\Walchsee 24\IMG20240702144957.jpg";"9179779";"Würde gelöscht werden"
"2026-09-28 22:57:01";"DryRun";"F:\Daten\Älter\Bilder\Eigene Aufnahmen\IMG20240702145005.jpg";"E:\OpenCloud\Persönlich (2)\Fotos\Wandern\Walchsee 24\IMG20240702145005.jpg";"7869686";"Würde gelöscht werden"
"2026-09-28 22:57:01";"DryRun";"F:\Daten\Älter\Bilder\Eigene Aufnahmen\IMG20240702145006.jpg";"E:\OpenCloud\Persönlich (2)\Fotos\Wandern\Walchsee 24\IMG20240702145006.jpg";"7864903";"Würde gelöscht werden"
"2026-09-28 22:57:01";"DryRun";"F:\Daten\Älter\Bilder\Eigene Aufnahmen\IMG20240703100255 1.jpg";"E:\OpenCloud\Persönlich (2)\Fotos\Wandern\Walchsee 24\IMG20240703100255 1.jpg";"14496795";"Würde gelöscht werden"
"2026-09-28 22:57:01";"DryRun";"F:\Daten\Älter\Bilder\Eigene Aufnahmen\IMG20240703103400.jpg";"E:\OpenCloud\Persönlich (2)\Fotos\Wandern\Walchsee 24\IMG20240703103400.jpg";"8769221";"Würde gelöscht werden"
"2026-09-28 22:57:01";"DryRun";"F:\Daten\Älter\Bilder\Eigene Aufnahmen\IMG20240703110120.jpg";"E:\OpenCloud\Persönlich (2)\Fotos\Wandern\Walchsee 24\IMG20240703110120.jpg";"9896413";"Würde gelöscht werden"
"2026-09-28 22:57:01";"DryRun";"F:\Daten\Älter\Bilder\Eigene Aufnahmen\IMG20240703122349.jpg";"E:\OpenCloud\Persönlich (2)\Fotos\Wandern\Walchsee 24\IMG20240703122349.jpg";"7511342";"Würde gelöscht werden"
"2026-09-28 22:57:01";"DryRun";"F:\Daten\Älter\Bilder\Eigene Aufnahmen\IMG20240703122358.jpg";"E:\OpenCloud\Persönlich (2)\Fotos\Wandern\Walchsee 24\IMG20240703122358.jpg";"7552986";"Würde gelöscht werden"
"2026-09-28 22:57:01";"DryRun";"F:\Daten\Älter\Bilder\Eigene Aufnahmen\IMG20240703122538.jpg";"E:\OpenCloud\Persönlich (2)\Fotos\Wandern\Walchsee 24\IMG20240703122538.jpg";"9362101";"Würde gelöscht werden"
"2026-09-28 22:57:01";"DryRun";"F:\Daten\Älter\Bilder\Eigene Aufnahmen\IMG20240703124528.jpg";"E:\OpenCloud\Persönlich (2)\Fotos\Wandern\Walchsee 24\IMG20240703124528.jpg";"6381532";"Würde gelöscht werden"
"2026-09-28 22:57:01";"DryRun";"F:\Daten\Älter\Bilder\Eigene Aufnahmen\IMG20240703124541.jpg";"E:\OpenCloud\Persönlich (2)\Fotos\Wandern\Walchsee 24\IMG20240703124541.jpg";"25822621";"Würde gelöscht werden"
"2026-09-28 22:57:01";"DryRun";"F:\Daten\Älter\Bilder\Eigene Aufnahmen\IMG20240703124547.jpg";"E:\OpenCloud\Persönlich (2)\Fotos\Wandern\Walchsee 24\IMG20240703124547.jpg";"6299035";"Würde gelöscht werden"
"2026-09-28 22:57:01";"DryRun";"F:\Daten\Älter\Bilder\Eigene Aufnahmen\IMG20240703124557.jpg";"E:\OpenCloud\Persönlich (2)\Fotos\Wandern\Walchsee 24\IMG20240703124557.jpg";"6683528";"Würde gelöscht werden"
"2026-09-28 22:57:01";"DryRun";"F:\Daten\Älter\Bilder\Eigene Aufnahmen\IMG20240703132631.jpg";"E:\OpenCloud\Persönlich (2)\Fotos\Wandern\Walchsee 24\IMG20240703132631.jpg";"4095930";"Würde gelöscht werden"
"2026-09-28 22:57:01";"DryRun";"F:\Daten\Älter\Bilder\Eigene Aufnahmen\IMG20240703132634.jpg";"E:\OpenCloud\Persönlich (2)\Fotos\Wandern\Walchsee 24\IMG20240703132634.jpg";"4478043";"Würde gelöscht werden"
"2026-09-28 22:57:01";"DryRun";"F:\Daten\Älter\Bilder\Eigene Aufnahmen\IMG20240703132649.jpg";"E:\OpenCloud\Persönlich (2)\Fotos\Wandern\Walchsee 24\IMG20240703132649.jpg";"4795020";"Würde gelöscht werden"
"2026-09-28 22:57:01";"DryRun";"F:\Daten\Älter\Bilder\Eigene Aufnahmen\IMG20240703134927.jpg";"E:\OpenCloud\Persönlich (2)\Fotos\Wandern\Walchsee 24\IMG20240703134927.jpg";"4601740";"Würde gelöscht werden"
"2026-09-28 22:57:01";"DryRun";"F:\Daten\Älter\Bilder\Eigene Aufnahmen\IMG20240703144507.jpg";"E:\OpenCloud\Persönlich (2)\Fotos\Wandern\Walchsee 24\IMG20240703144507.jpg";"7559594";"Würde gelöscht werden"
"2026-09-28 22:57:01";"DryRun";"F:\Daten\Älter\Bilder\Eigene Aufnahmen\IMG20240703151616.jpg";"E:\OpenCloud\Persönlich (2)\Fotos\Wandern\Walchsee 24\IMG20240703151616.jpg";"9803203";"Würde gelöscht werden"
"2026-09-28 22:57:01";"DryRun";"F:\Daten\Älter\Bilder\Eigene Aufnahmen\IMG20240703154048.jpg";"E:\OpenCloud\Persönlich (2)\Fotos\Wandern\Walchsee 24\IMG20240703154048.jpg";"9321334";"Würde gelöscht werden"
"2026-09-28 22:57:01";"DryRun";"F:\Daten\Älter\Bilder\Eigene Aufnahmen\IMG20240703154055.jpg";"E:\OpenCloud\Persönlich (2)\Fotos\Wandern\Walchsee 24\IMG20240703154055.jpg";"9598621";"Würde gelöscht werden"
"2026-09-28 22:57:01";"DryRun";"F:\Daten\Älter\Bilder\Eigene Aufnahmen\IMG20240703154304.jpg";"E:\OpenCloud\Persönlich (2)\Fotos\Wandern\Walchsee 24\IMG20240703154304.jpg";"35184347";"Würde gelöscht werden"
"2026-09-28 22:57:01";"DryRun";"F:\Daten\Älter\Bilder\Eigene Aufnahmen\IMG20240703155625.jpg";"E:\OpenCloud\Persönlich (2)\Fotos\Wandern\Walchsee 24\IMG20240703155625.jpg";"6598294";"Würde gelöscht werden"
"2026-09-28 22:57:01";"DryRun";"F:\Daten\Älter\Bilder\Eigene Aufnahmen\IMG20240704115757.jpg";"E:\OpenCloud\Persönlich (2)\Fotos\Wandern\Walchsee 24\IMG20240704115757.jpg";"6205411";"Würde gelöscht werden"
"2026-09-28 22:57:01";"DryRun";"F:\Daten\Älter\Bilder\Eigene Aufnahmen\IMG20240704115800.jpg";"E:\OpenCloud\Persönlich (2)\Fotos\Wandern\Walchsee 24\IMG20240704115800.jpg";"5983576";"Würde gelöscht werden"
"2026-09-28 22:57:01";"DryRun";"F:\Daten\Älter\Bilder\Eigene Aufnahmen\IMG20240704115823.jpg";"E:\OpenCloud\Persönlich (2)\Fotos\Wandern\Walchsee 24\IMG20240704115823.jpg";"6465419";"Würde gelöscht werden"
"2026-09-28 22:57:01";"DryRun";"F:\Daten\Älter\Bilder\Eigene Aufnahmen\IMG20240704120340.jpg";"E:\OpenCloud\Persönlich (2)\Fotos\Wandern\Walchsee 24\IMG20240704120340.jpg";"5765748";"Würde gelöscht werden"
"2026-09-28 22:57:01";"DryRun";"F:\Daten\Älter\Bilder\Eigene Aufnahmen\IMG20240704125912.jpg";"E:\OpenCloud\Persönlich (2)\Fotos\Wandern\Walchsee 24\IMG20240704125912.jpg";"5753384";"Würde gelöscht werden"
"2026-09-28 22:57:01";"DryRun";"F:\Daten\Älter\Bilder\Eigene Aufnahmen\IMG20240704133717.jpg";"E:\OpenCloud\Persönlich (2)\Fotos\Wandern\Walchsee 24\IMG20240704133717.jpg";"4649888";"Würde gelöscht werden"
"2026-09-28 22:57:01";"DryRun";"F:\Daten\Älter\Bilder\Eigene Aufnahmen\IMG20240704133740.jpg";"E:\OpenCloud\Persönlich (2)\Fotos\Wandern\Walchsee 24\IMG20240704133740.jpg";"5668813";"Würde gelöscht werden"
"2026-09-28 22:57:01";"DryRun";"F:\Daten\Älter\Bilder\Eigene Aufnahmen\IMG20240704133742.jpg";"E:\OpenCloud\Persönlich (2)\Fotos\Wandern\Walchsee 24\IMG20240704133742.jpg";"5028622";"Würde gelöscht werden"
"2026-09-28 22:57:01";"DryRun";"F:\Daten\Älter\Bilder\Eigene Aufnahmen\IMG20240704134140.jpg";"E:\OpenCloud\Persönlich (2)\Fotos\Wandern\Walchsee 24\IMG20240704134140.jpg";"9289072";"Würde gelöscht werden"
"2026-09-28 22:57:01";"DryRun";"F:\Daten\Älter\Bilder\Eigene Aufnahmen\IMG20240704134533.jpg";"E:\OpenCloud\Persönlich (2)\Fotos\Wandern\Walchsee 24\IMG20240704134533.jpg";"7730512";"Würde gelöscht werden"
"2026-09-28 22:57:01";"DryRun";"F:\Daten\Älter\Bilder\Eigene Aufnahmen\IMG20240704134535.jpg";"E:\OpenCloud\Persönlich (2)\Fotos\Wandern\Walchsee 24\IMG20240704134535.jpg";"6066009";"Würde gelöscht werden"
"2026-09-28 22:57:01";"DryRun";"F:\Daten\Älter\Bilder\Eigene Aufnahmen\IMG20240704134538.jpg";"E:\OpenCloud\Persönlich (2)\Fotos\Wandern\Walchsee 24\IMG20240704134538.jpg";"5066749";"Würde gelöscht werden"
"2026-09-28 22:57:01";"DryRun";"F:\Daten\Älter\Bilder\Eigene Aufnahmen\IMG20240704140236.jpg";"E:\OpenCloud\Persönlich (2)\Fotos\Wandern\Walchsee 24\IMG20240704140236.jpg";"6466556";"Würde gelöscht werden"
"2026-09-28 22:57:01";"DryRun";"F:\Daten\Älter\Bilder\Eigene Aufnahmen\IMG20240704140242.jpg";"E:\OpenCloud\Persönlich (2)\Fotos\Wandern\Walchsee 24\IMG20240704140242.jpg";"6336770";"Würde gelöscht werden"
"2026-09-28 22:57:01";"DryRun";"F:\Daten\Älter\Bilder\Eigene Aufnahmen\IMG20240704140245.jpg";"E:\OpenCloud\Persönlich (2)\Fotos\Wandern\Walchsee 24\IMG20240704140245.jpg";"10524370";"Würde gelöscht werden"
"2026-09-28 22:57:01";"DryRun";"F:\Daten\Älter\Bilder\Eigene Aufnahmen\IMG20240704140246.jpg";"E:\OpenCloud\Persönlich (2)\Fotos\Wandern\Walchsee 24\IMG20240704140246.jpg";"8963892";"Würde gelöscht werden"
"2026-09-28 22:57:01";"DryRun";"F:\Daten\Älter\Bilder\Eigene Aufnahmen\IMG20240704140252.jpg";"E:\OpenCloud\Persönlich (2)\Fotos\Wandern\Walchsee 24\IMG20240704140252.jpg";"9844103";"Würde gelöscht werden"
"2026-09-28 22:57:01";"DryRun";"F:\Daten\Älter\Bilder\Eigene Aufnahmen\IMG20240704140255.jpg";"E:\OpenCloud\Persönlich (2)\Fotos\Wandern\Walchsee 24\IMG20240704140255.jpg";"9427218";"Würde gelöscht werden"
"2026-09-28 22:57:01";"DryRun";"F:\Daten\Älter\Bilder\Eigene Aufnahmen\IMG20240704142030.jpg";"E:\OpenCloud\Persönlich (2)\Fotos\Wandern\Walchsee 24\IMG20240704142030.jpg";"6749890";"Würde gelöscht werden"
"2026-09-28 22:57:01";"DryRun";"F:\Daten\Älter\Bilder\Eigene Aufnahmen\IMG20240704142320.jpg";"E:\OpenCloud\Persönlich (2)\Fotos\Wandern\Walchsee 24\IMG20240704142320.jpg";"6634944";"Würde gelöscht werden"
"2026-09-28 22:57:01";"DryRun";"F:\Daten\Älter\Bilder\Eigene Aufnahmen\IMG20240704150206.jpg";"E:\OpenCloud\Persönlich (2)\Fotos\Wandern\Walchsee 24\IMG20240704150206.jpg";"5427898";"Würde gelöscht werden"
"2026-09-28 22:57:01";"DryRun";"F:\Daten\Älter\Bilder\Eigene Aufnahmen\IMG20240704152312.jpg";"E:\OpenCloud\Persönlich (2)\Fotos\Wandern\Walchsee 24\IMG20240704152312.jpg";"4595054";"Würde gelöscht werden"
"2026-09-28 22:57:01";"DryRun";"F:\Daten\Älter\Bilder\Eigene Aufnahmen\IMG20240704155017.jpg";"E:\OpenCloud\Persönlich (2)\Fotos\Wandern\Walchsee 24\IMG20240704155017.jpg";"4390835";"Würde gelöscht werden"
"2026-09-28 22:57:02";"DryRun";"F:\Daten\Älter\Bilder\Eigene Aufnahmen\IMG20240704155816.jpg";"E:\OpenCloud\Persönlich (2)\Fotos\Wandern\Walchsee 24\IMG20240704155816.jpg";"8011672";"Würde gelöscht werden"
"2026-09-28 22:57:02";"DryRun";"F:\Daten\Älter\Bilder\Eigene Aufnahmen\IMG20240704155819.jpg";"E:\OpenCloud\Persönlich (2)\Fotos\Wandern\Walchsee 24\IMG20240704155819.jpg";"8049943";"Würde gelöscht werden"
"2026-09-28 22:57:02";"DryRun";"F:\Daten\Älter\Bilder\Eigene Aufnahmen\IMG20240704164152.jpg";"E:\OpenCloud\Persönlich (2)\Fotos\Wandern\Walchsee 24\IMG20240704164152.jpg";"6828495";"Würde gelöscht werden"
"2026-09-28 22:57:02";"DryRun";"F:\Daten\Älter\Bilder\Eigene Aufnahmen\IMG20240704164156.jpg";"E:\OpenCloud\Persönlich (2)\Fotos\Wandern\Walchsee 24\IMG20240704164156.jpg";"8971768";"Würde gelöscht werden"
"2026-09-28 22:57:02";"DryRun";"F:\Daten\Älter\Bilder\Eigene Aufnahmen\IMG20240704164157.jpg";"E:\OpenCloud\Persönlich (2)\Fotos\Wandern\Walchsee 24\IMG20240704164157.jpg";"8811710";"Würde gelöscht werden"
"2026-09-28 22:57:02";"DryRun";"F:\Daten\Älter\Bilder\Eigene Aufnahmen\IMG20240704164234.jpg";"E:\OpenCloud\Persönlich (2)\Fotos\Wandern\Walchsee 24\IMG20240704164234.jpg";"5212721";"Würde gelöscht werden"
"2026-09-28 22:57:02";"DryRun";"F:\Daten\Älter\Bilder\Eigene Aufnahmen\IMG20240704164235.jpg";"E:\OpenCloud\Persönlich (2)\Fotos\Wandern\Walchsee 24\IMG20240704164235.jpg";"5916572";"Würde gelöscht werden"
"2026-09-28 22:57:02";"DryRun";"F:\Daten\Älter\Bilder\Eigene Aufnahmen\IMG20240704164447.jpg";"E:\OpenCloud\Persönlich (2)\Fotos\Wandern\Walchsee 24\IMG20240704164447.jpg";"8210309";"Würde gelöscht werden"
"2026-09-28 22:57:02";"DryRun";"F:\Daten\Älter\Bilder\Eigene Aufnahmen\IMG20240704164450.jpg";"E:\OpenCloud\Persönlich (2)\Fotos\Wandern\Walchsee 24\IMG20240704164450.jpg";"7553605";"Würde gelöscht werden"
"2026-09-28 22:57:02";"DryRun";"F:\Daten\Älter\Bilder\Eigene Aufnahmen\IMG20240704164453.jpg";"E:\OpenCloud\Persönlich (2)\Fotos\Wandern\Walchsee 24\IMG20240704164453.jpg";"7433554";"Würde gelöscht werden"
"2026-09-28 22:57:02";"DryRun";"F:\Daten\Älter\Bilder\Eigene Aufnahmen\IMG20240704171032.jpg";"E:\OpenCloud\Persönlich (2)\Fotos\Wandern\Walchsee 24\IMG20240704171032.jpg";"6353294";"Würde gelöscht werden"
"2026-09-28 22:57:02";"DryRun";"F:\Daten\Älter\Bilder\Eigene Aufnahmen\IMG20240704171035.jpg";"E:\OpenCloud\Persönlich (2)\Fotos\Wandern\Walchsee 24\IMG20240704171035.jpg";"5678710";"Würde gelöscht werden"
"2026-09-28 22:57:02";"DryRun";"F:\Daten\Älter\Bilder\Eigene Aufnahmen\IMG20240704172640.jpg";"E:\OpenCloud\Persönlich (2)\Fotos\Wandern\Walchsee 24\IMG20240704172640.jpg";"6487275";"Würde gelöscht werden"
"2026-09-28 22:57:02";"DryRun";"F:\Daten\Älter\Bilder\Eigene Aufnahmen\IMG20240704180114.jpg";"E:\OpenCloud\Persönlich (2)\Fotos\Wandern\Walchsee 24\IMG20240704180114.jpg";"4265106";"Würde gelöscht werden"
"2026-09-28 22:57:02";"DryRun";"F:\Daten\Älter\Bilder\Eigene Aufnahmen\IMG20240705101235_01.jpg";"E:\OpenCloud\Persönlich (2)\Fotos\Wandern\Walchsee 24\IMG20240705101235_01.jpg";"3857383";"Würde gelöscht werden"
"2026-09-28 22:57:02";"DryRun";"F:\Daten\Älter\Bilder\Eigene Aufnahmen\IMG20240705101235.jpg";"E:\OpenCloud\Persönlich (2)\Fotos\Wandern\Walchsee 24\IMG20240705101235.jpg";"3785417";"Würde gelöscht werden"
"2026-09-28 22:57:02";"DryRun";"F:\Daten\Älter\Bilder\Eigene Aufnahmen\IMG20240705111136.jpg";"E:\OpenCloud\Persönlich (2)\Fotos\Wandern\Walchsee 24\IMG20240705111136.jpg";"9048521";"Würde gelöscht werden"
"2026-09-28 22:57:02";"DryRun";"F:\Daten\Älter\Bilder\Eigene Aufnahmen\IMG20240705111139.jpg";"E:\OpenCloud\Persönlich (2)\Fotos\Wandern\Walchsee 24\IMG20240705111139.jpg";"8661574";"Würde gelöscht werden"
"2026-09-28 22:57:02";"DryRun";"F:\Daten\Älter\Bilder\Eigene Aufnahmen\IMG20240705111455.jpg";"E:\OpenCloud\Persönlich (2)\Fotos\Wandern\Walchsee 24\IMG20240705111455.jpg";"7853141";"Würde gelöscht werden"
"2026-09-28 22:57:02";"DryRun";"F:\Daten\Älter\Bilder\Eigene Aufnahmen\IMG20240705111457.jpg";"E:\OpenCloud\Persönlich (2)\Fotos\Wandern\Walchsee 24\IMG20240705111457.jpg";"7462442";"Würde gelöscht werden"
"2026-09-28 22:57:02";"DryRun";"F:\Daten\Älter\Bilder\Eigene Aufnahmen\IMG20240705111503.jpg";"E:\OpenCloud\Persönlich (2)\Fotos\Wandern\Walchsee 24\IMG20240705111503.jpg";"6335407";"Würde gelöscht werden"
"2026-09-28 22:57:02";"DryRun";"F:\Daten\Älter\Bilder\Eigene Aufnahmen\IMG20240705112510.jpg";"E:\OpenCloud\Persönlich (2)\Fotos\Wandern\Walchsee 24\IMG20240705112510.jpg";"8944549";"Würde gelöscht werden"
"2026-09-28 22:57:02";"DryRun";"F:\Daten\Älter\Bilder\Eigene Aufnahmen\IMG20240705112519.jpg";"E:\OpenCloud\Persönlich (2)\Fotos\Wandern\Walchsee 24\IMG20240705112519.jpg";"8074223";"Würde gelöscht werden"
"2026-09-28 22:57:02";"DryRun";"F:\Daten\Älter\Bilder\Eigene Aufnahmen\IMG20240705113007.jpg";"E:\OpenCloud\Persönlich (2)\Fotos\Wandern\Walchsee 24\IMG20240705113007.jpg";"5255756";"Würde gelöscht werden"
"2026-09-28 22:57:02";"DryRun";"F:\Daten\Älter\Bilder\Eigene Aufnahmen\IMG20240705113259.jpg";"E:\OpenCloud\Persönlich (2)\Fotos\Wandern\Walchsee 24\IMG20240705113259.jpg";"8159961";"Würde gelöscht werden"
"2026-09-28 22:57:02";"DryRun";"F:\Daten\Älter\Bilder\Eigene Aufnahmen\IMG20240705113315.jpg";"E:\OpenCloud\Persönlich (2)\Fotos\Wandern\Walchsee 24\IMG20240705113315.jpg";"58608373";"Würde gelöscht werden"
"2026-09-28 22:57:02";"DryRun";"F:\Daten\Älter\Bilder\Eigene Aufnahmen\IMG20240705113614.jpg";"E:\OpenCloud\Persönlich (2)\Fotos\Wandern\Walchsee 24\IMG20240705113614.jpg";"5150819";"Würde gelöscht werden"
"2026-09-28 22:57:02";"DryRun";"F:\Daten\Älter\Bilder\Eigene Aufnahmen\IMG20240705114217.jpg";"E:\OpenCloud\Persönlich (2)\Fotos\Wandern\Walchsee 24\IMG20240705114217.jpg";"6571694";"Würde gelöscht werden"
"2026-09-28 22:57:02";"DryRun";"F:\Daten\Älter\Bilder\Eigene Aufnahmen\IMG20240705115404.jpg";"E:\OpenCloud\Persönlich (2)\Fotos\Wandern\Walchsee 24\IMG20240705115404.jpg";"6517086";"Würde gelöscht werden"
"2026-09-28 22:57:02";"DryRun";"F:\Daten\Älter\Bilder\Eigene Aufnahmen\IMG20240705115407.jpg";"E:\OpenCloud\Persönlich (2)\Fotos\Wandern\Walchsee 24\IMG20240705115407.jpg";"7034312";"Würde gelöscht werden"
"2026-09-28 22:57:02";"DryRun";"F:\Daten\Älter\Bilder\Eigene Aufnahmen\IMG20240705115411.jpg";"E:\OpenCloud\Persönlich (2)\Fotos\Wandern\Walchsee 24\IMG20240705115411.jpg";"8950995";"Würde gelöscht werden"
"2026-09-28 22:57:02";"DryRun";"F:\Daten\Älter\Bilder\Eigene Aufnahmen\IMG20240705115454.jpg";"E:\OpenCloud\Persönlich (2)\Fotos\Wandern\Walchsee 24\IMG20240705115454.jpg";"6772614";"Würde gelöscht werden"
"2026-09-28 22:57:02";"DryRun";"F:\Daten\Älter\Bilder\Eigene Aufnahmen\IMG20240705115456.jpg";"E:\OpenCloud\Persönlich (2)\Fotos\Wandern\Walchsee 24\IMG20240705115456.jpg";"6463825";"Würde gelöscht werden"
"2026-09-28 22:57:02";"DryRun";"F:\Daten\Älter\Bilder\Eigene Aufnahmen\IMG20240705115457.jpg";"E:\OpenCloud\Persönlich (2)\Fotos\Wandern\Walchsee 24\IMG20240705115457.jpg";"6491425";"Würde gelöscht werden"
"2026-09-28 22:57:02";"DryRun";"F:\Daten\Älter\Bilder\Eigene Aufnahmen\IMG20240705115459.jpg";"E:\OpenCloud\Persönlich (2)\Fotos\Wandern\Walchsee 24\IMG20240705115459.jpg";"6615664";"Würde gelöscht werden"
"2026-09-28 22:57:02";"DryRun";"F:\Daten\Älter\Bilder\Eigene Aufnahmen\IMG20240705115737.jpg";"E:\OpenCloud\Persönlich (2)\Fotos\Wandern\Walchsee 24\IMG20240705115737.jpg";"31583744";"Würde gelöscht werden"
"2026-09-28 22:57:02";"DryRun";"F:\Daten\Älter\Bilder\Eigene Aufnahmen\IMG20240705115743.jpg";"E:\OpenCloud\Persönlich (2)\Fotos\Wandern\Walchsee 24\IMG20240705115743.jpg";"8102451";"Würde gelöscht werden"
"2026-09-28 22:57:02";"DryRun";"F:\Daten\Älter\Bilder\Eigene Aufnahmen\IMG20240705115746.jpg";"E:\OpenCloud\Persönlich (2)\Fotos\Wandern\Walchsee 24\IMG20240705115746.jpg";"7619447";"Würde gelöscht werden"
"2026-09-28 22:57:02";"DryRun";"F:\Daten\Älter\Bilder\Eigene Aufnahmen\IMG20240705115925.jpg";"E:\OpenCloud\Persönlich (2)\Fotos\Wandern\Walchsee 24\IMG20240705115925.jpg";"5955959";"Würde gelöscht werden"
"2026-09-28 22:57:02";"DryRun";"F:\Daten\Älter\Bilder\Eigene Aufnahmen\IMG20240705120012.jpg";"E:\OpenCloud\Persönlich (2)\Fotos\Wandern\Walchsee 24\IMG20240705120012.jpg";"6225976";"Würde gelöscht werden"
"2026-09-28 22:57:02";"DryRun";"F:\Daten\Älter\Bilder\Eigene Aufnahmen\IMG20240705120015.jpg";"E:\OpenCloud\Persönlich (2)\Fotos\Wandern\Walchsee 24\IMG20240705120015.jpg";"6284797";"Würde gelöscht werden"
"2026-09-28 22:57:02";"DryRun";"F:\Daten\Älter\Bilder\Eigene Aufnahmen\IMG20240705120018.jpg";"E:\OpenCloud\Persönlich (2)\Fotos\Wandern\Walchsee 24\IMG20240705120018.jpg";"7043334";"Würde gelöscht werden"
"2026-09-28 22:57:02";"DryRun";"F:\Daten\Älter\Bilder\Eigene Aufnahmen\IMG20240705120040.jpg";"E:\OpenCloud\Persönlich (2)\Fotos\Wandern\Walchsee 24\IMG20240705120040.jpg";"14782453";"Würde gelöscht werden"
"2026-09-28 22:57:02";"DryRun";"F:\Daten\Älter\Bilder\Eigene Aufnahmen\IMG20240705120118.jpg";"E:\OpenCloud\Persönlich (2)\Fotos\Wandern\Walchsee 24\IMG20240705120118.jpg";"5238862";"Würde gelöscht werden"
"2026-09-28 22:57:02";"DryRun";"F:\Daten\Älter\Bilder\Eigene Aufnahmen\IMG20240705120122.jpg";"E:\OpenCloud\Persönlich (2)\Fotos\Wandern\Walchsee 24\IMG20240705120122.jpg";"5286772";"Würde gelöscht werden"
"2026-09-28 22:57:02";"DryRun";"F:\Daten\Älter\Bilder\Eigene Aufnahmen\IMG20240705120152.jpg";"E:\OpenCloud\Persönlich (2)\Fotos\Wandern\Walchsee 24\IMG20240705120152.jpg";"5098279";"Würde gelöscht werden"
"2026-09-28 22:57:02";"DryRun";"F:\Daten\Älter\Bilder\Eigene Aufnahmen\IMG20240705120154.jpg";"E:\OpenCloud\Persönlich (2)\Fotos\Wandern\Walchsee 24\IMG20240705120154.jpg";"5239783";"Würde gelöscht werden"
"2026-09-28 22:57:02";"DryRun";"F:\Daten\Älter\Bilder\Eigene Aufnahmen\IMG20240705120444.jpg";"E:\OpenCloud\Persönlich (2)\Fotos\Wandern\Walchsee 24\IMG20240705120444.jpg";"4049885";"Würde gelöscht werden"
"2026-09-28 22:57:02";"DryRun";"F:\Daten\Älter\Bilder\Eigene Aufnahmen\IMG20240705120722.jpg";"E:\OpenCloud\Persönlich (2)\Fotos\Wandern\Walchsee 24\IMG20240705120722.jpg";"7069886";"Würde gelöscht werden"
"2026-09-28 22:57:02";"DryRun";"F:\Daten\Älter\Bilder\Eigene Aufnahmen\IMG20240705120724.jpg";"E:\OpenCloud\Persönlich (2)\Fotos\Wandern\Walchsee 24\IMG20240705120724.jpg";"7479549";"Würde gelöscht werden"
"2026-09-28 22:57:02";"DryRun";"F:\Daten\Älter\Bilder\Eigene Aufnahmen\IMG20240705120942.jpg";"E:\OpenCloud\Persönlich (2)\Fotos\Wandern\Walchsee 24\IMG20240705120942.jpg";"8447485";"Würde gelöscht werden"
"2026-09-28 22:57:02";"DryRun";"F:\Daten\Älter\Bilder\Eigene Aufnahmen\IMG20240705121041.jpg";"E:\OpenCloud\Persönlich (2)\Fotos\Wandern\Walchsee 24\IMG20240705121041.jpg";"8195370";"Würde gelöscht werden"
"2026-09-28 22:57:02";"DryRun";"F:\Daten\Älter\Bilder\Eigene Aufnahmen\IMG20240705121047.jpg";"E:\OpenCloud\Persönlich (2)\Fotos\Wandern\Walchsee 24\IMG20240705121047.jpg";"7906796";"Würde gelöscht werden"
"2026-09-28 22:57:02";"DryRun";"F:\Daten\Älter\Bilder\Eigene Aufnahmen\IMG20240705121822.jpg";"E:\OpenCloud\Persönlich (2)\Fotos\Wandern\Walchsee 24\IMG20240705121822.jpg";"6265341";"Würde gelöscht werden"
"2026-09-28 22:57:02";"DryRun";"F:\Daten\Älter\Bilder\Eigene Aufnahmen\IMG20240705121825.jpg";"E:\OpenCloud\Persönlich (2)\Fotos\Wandern\Walchsee 24\IMG20240705121825.jpg";"7899148";"Würde gelöscht werden"
"2026-09-28 22:57:02";"DryRun";"F:\Daten\Älter\Bilder\Eigene Aufnahmen\IMG20240705121832.jpg";"E:\OpenCloud\Persönlich (2)\Fotos\Wandern\Walchsee 24\IMG20240705121832.jpg";"3867116";"Würde gelöscht werden"
"2026-09-28 22:57:02";"DryRun";"F:\Daten\Älter\Bilder\Eigene Aufnahmen\IMG20240705121859.jpg";"E:\OpenCloud\Persönlich (2)\Fotos\Wandern\Walchsee 24\IMG20240705121859.jpg";"6428358";"Würde gelöscht werden"
"2026-09-28 22:57:02";"DryRun";"F:\Daten\Älter\Bilder\Eigene Aufnahmen\IMG20240705121903.jpg";"E:\OpenCloud\Persönlich (2)\Fotos\Wandern\Walchsee 24\IMG20240705121903.jpg";"6653210";"Würde gelöscht werden"
"2026-09-28 22:57:02";"DryRun";"F:\Daten\Älter\Bilder\Eigene Aufnahmen\IMG20240705121906.jpg";"E:\OpenCloud\Persönlich (2)\Fotos\Wandern\Walchsee 24\IMG20240705121906.jpg";"7827812";"Würde gelöscht werden"
"2026-09-28 22:57:02";"DryRun";"F:\Daten\Älter\Bilder\Eigene Aufnahmen\IMG20240705121918.jpg";"E:\OpenCloud\Persönlich (2)\Fotos\Wandern\Walchsee 24\IMG20240705121918.jpg";"8536863";"Würde gelöscht werden"
"2026-09-28 22:57:02";"DryRun";"F:\Daten\Älter\Bilder\Eigene Aufnahmen\IMG20240705121921.jpg";"E:\OpenCloud\Persönlich (2)\Fotos\Wandern\Walchsee 24\IMG20240705121921.jpg";"8475816";"Würde gelöscht werden"
"2026-09-28 22:57:02";"DryRun";"F:\Daten\Älter\Bilder\Eigene Aufnahmen\IMG20240705123601.jpg";"E:\OpenCloud\Persönlich (2)\Fotos\Wandern\Walchsee 24\IMG20240705123601.jpg";"6186645";"Würde gelöscht werden"
"2026-09-28 22:57:02";"DryRun";"F:\Daten\Älter\Bilder\Eigene Aufnahmen\IMG20240705130324.jpg";"E:\OpenCloud\Persönlich (2)\Fotos\Wandern\Walchsee 24\IMG20240705130324.jpg";"9013693";"Würde gelöscht werden"
"2026-09-28 22:57:02";"DryRun";"F:\Daten\Älter\Bilder\Eigene Aufnahmen\IMG20240705131044.jpg";"E:\OpenCloud\Persönlich (2)\Fotos\Wandern\Walchsee 24\IMG20240705131044.jpg";"6993782";"Würde gelöscht werden"
"2026-09-28 22:57:02";"DryRun";"F:\Daten\Älter\Bilder\Eigene Aufnahmen\IMG20240705131055.jpg";"E:\OpenCloud\Persönlich (2)\Fotos\Wandern\Walchsee 24\IMG20240705131055.jpg";"6036870";"Würde gelöscht werden"
"2026-09-28 22:57:02";"DryRun";"F:\Daten\Älter\Bilder\Eigene Aufnahmen\IMG20240705131937.jpg";"E:\OpenCloud\Persönlich (2)\Fotos\Wandern\Walchsee 24\IMG20240705131937.jpg";"5674789";"Würde gelöscht werden"
"2026-09-28 22:57:02";"DryRun";"F:\Daten\Älter\Bilder\Eigene Aufnahmen\IMG20240705131940.jpg";"E:\OpenCloud\Persönlich (2)\Fotos\Wandern\Walchsee 24\IMG20240705131940.jpg";"5252815";"Würde gelöscht werden"
"2026-09-28 22:57:02";"DryRun";"F:\Daten\Älter\Bilder\Eigene Aufnahmen\IMG20240706162922.jpg";"E:\OpenCloud\Persönlich (2)\Fotos\Verschiedenes\IMG20240706162922.jpg";"5260724";"Würde gelöscht werden"
"2026-09-28 22:57:02";"DryRun";"F:\Daten\Älter\Bilder\Eigene Aufnahmen\IMG20240706162925.jpg";"E:\OpenCloud\Persönlich (2)\Fotos\Verschiedenes\IMG20240706162925.jpg";"5338477";"Würde gelöscht werden"
"2026-09-28 22:57:02";"DryRun";"F:\Daten\Älter\Bilder\Eigene Aufnahmen\IMG20240706230912.jpg";"E:\OpenCloud\Persönlich (2)\Fotos\Verschiedenes\IMG20240706230912.jpg";"3215801";"Würde gelöscht werden"
"2026-09-28 22:57:02";"DryRun";"F:\Daten\Älter\Bilder\Eigene Aufnahmen\IMG20240710170625.jpg";"E:\OpenCloud\Persönlich (2)\Fotos\Verschiedenes\IMG20240710170625.jpg";"3722735";"Würde gelöscht werden"
"2026-09-28 22:57:02";"DryRun";"F:\Daten\Älter\Bilder\Eigene Aufnahmen\IMG20240713152229.jpg";"E:\OpenCloud\Persönlich (2)\Fotos\Fesitval\IMG20240713152229.jpg";"5878626";"Würde gelöscht werden"
"2026-09-28 22:57:02";"DryRun";"F:\Daten\Älter\Bilder\Eigene Aufnahmen\IMG20240713202650.jpg";"E:\OpenCloud\Persönlich (2)\Fotos\Fesitval\IMG20240713202650.jpg";"4708633";"Würde gelöscht werden"
"2026-09-28 22:57:02";"DryRun";"F:\Daten\Älter\Bilder\Eigene Aufnahmen\IMG20240713231930.jpg";"E:\OpenCloud\Persönlich (2)\Fotos\Fesitval\IMG20240713231930.jpg";"5752481";"Würde gelöscht werden"
"2026-09-28 22:57:02";"DryRun";"F:\Daten\Älter\Bilder\Eigene Aufnahmen\IMG20240718081431.jpg";"E:\OpenCloud\Persönlich (2)\Fotos\Fesitval\Tomorrowland\IMG20240718081431.jpg";"2995134";"Würde gelöscht werden"
"2026-09-28 22:57:02";"DryRun";"F:\Daten\Älter\Bilder\Eigene Aufnahmen\IMG20240718081436.jpg";"E:\OpenCloud\Persönlich (2)\Fotos\Fesitval\Tomorrowland\IMG20240718081436.jpg";"3651019";"Würde gelöscht werden"
"2026-09-28 22:57:02";"DryRun";"F:\Daten\Älter\Bilder\Eigene Aufnahmen\IMG20240718231942.jpg";"E:\OpenCloud\Persönlich (2)\Fotos\Fesitval\Tomorrowland\IMG20240718231942.jpg";"4431204";"Würde gelöscht werden"
"2026-09-28 22:57:02";"DryRun";"F:\Daten\Älter\Bilder\Eigene Aufnahmen\IMG20240718232404.jpg";"E:\OpenCloud\Persönlich (2)\Fotos\Fesitval\Tomorrowland\IMG20240718232404.jpg";"3974068";"Würde gelöscht werden"
"2026-09-28 22:57:02";"DryRun";"F:\Daten\Älter\Bilder\Eigene Aufnahmen\IMG20240718232904.jpg";"E:\OpenCloud\Persönlich (2)\Fotos\Fesitval\Tomorrowland\IMG20240718232904.jpg";"4550991";"Würde gelöscht werden"
"2026-09-28 22:57:02";"DryRun";"F:\Daten\Älter\Bilder\Eigene Aufnahmen\IMG20240719084924.jpg";"E:\OpenCloud\Persönlich (2)\Fotos\Fesitval\Tomorrowland\IMG20240719084924.jpg";"4252735";"Würde gelöscht werden"
"2026-09-28 22:57:02";"DryRun";"F:\Daten\Älter\Bilder\Eigene Aufnahmen\IMG20240719094118.jpg";"E:\OpenCloud\Persönlich (2)\Fotos\Fesitval\Tomorrowland\IMG20240719094118.jpg";"3673297";"Würde gelöscht werden"
"2026-09-28 22:57:02";"DryRun";"F:\Daten\Älter\Bilder\Eigene Aufnahmen\IMG20240719094121.jpg";"E:\OpenCloud\Persönlich (2)\Fotos\Fesitval\Tomorrowland\IMG20240719094121.jpg";"4261901";"Würde gelöscht werden"
"2026-09-28 22:57:02";"DryRun";"F:\Daten\Älter\Bilder\Eigene Aufnahmen\IMG20240719094124.jpg";"E:\OpenCloud\Persönlich (2)\Fotos\Fesitval\Tomorrowland\IMG20240719094124.jpg";"4141786";"Würde gelöscht werden"
"2026-09-28 22:57:02";"DryRun";"F:\Daten\Älter\Bilder\Eigene Aufnahmen\IMG20240719112338.jpg";"E:\OpenCloud\Persönlich (2)\Fotos\Fesitval\Tomorrowland\IMG20240719112338.jpg";"5335032";"Würde gelöscht werden"
"2026-09-28 22:57:02";"DryRun";"F:\Daten\Älter\Bilder\Eigene Aufnahmen\IMG20240719112342.jpg";"E:\OpenCloud\Persönlich (2)\Fotos\Fesitval\Tomorrowland\IMG20240719112342.jpg";"4945216";"Würde gelöscht werden"
"2026-09-28 22:57:03";"DryRun";"F:\Daten\Älter\Bilder\Eigene Aufnahmen\IMG20240719112654.jpg";"E:\OpenCloud\Persönlich (2)\Fotos\Fesitval\Tomorrowland\IMG20240719112654.jpg";"5368864";"Würde gelöscht werden"
"2026-09-28 22:57:03";"DryRun";"F:\Daten\Älter\Bilder\Eigene Aufnahmen\IMG20240719112655.jpg";"E:\OpenCloud\Persönlich (2)\Fotos\Fesitval\Tomorrowland\IMG20240719112655.jpg";"5546530";"Würde gelöscht werden"
"2026-09-28 22:57:03";"DryRun";"F:\Daten\Älter\Bilder\Eigene Aufnahmen\IMG20240719112659.jpg";"E:\OpenCloud\Persönlich (2)\Fotos\Fesitval\Tomorrowland\IMG20240719112659.jpg";"5273153";"Würde gelöscht werden"
"2026-09-28 22:57:03";"DryRun";"F:\Daten\Älter\Bilder\Eigene Aufnahmen\IMG20240719112707.jpg";"E:\OpenCloud\Persönlich (2)\Fotos\Fesitval\Tomorrowland\IMG20240719112707.jpg";"5584620";"Würde gelöscht werden"
"2026-09-28 22:57:03";"DryRun";"F:\Daten\Älter\Bilder\Eigene Aufnahmen\IMG20240719145027.jpg";"E:\OpenCloud\Persönlich (2)\Fotos\Fesitval\Tomorrowland\IMG20240719145027.jpg";"5720818";"Würde gelöscht werden"
"2026-09-28 22:57:03";"DryRun";"F:\Daten\Älter\Bilder\Eigene Aufnahmen\IMG20240719145036.jpg";"E:\OpenCloud\Persönlich (2)\Fotos\Fesitval\Tomorrowland\IMG20240719145036.jpg";"5520451";"Würde gelöscht werden"
"2026-09-28 22:57:03";"DryRun";"F:\Daten\Älter\Bilder\Eigene Aufnahmen\IMG20240719145851.jpg";"E:\OpenCloud\Persönlich (2)\Fotos\Fesitval\Tomorrowland\IMG20240719145851.jpg";"5393805";"Würde gelöscht werden"
"2026-09-28 22:57:03";"DryRun";"F:\Daten\Älter\Bilder\Eigene Aufnahmen\IMG20240719154951.jpg";"E:\OpenCloud\Persönlich (2)\Fotos\Fesitval\Tomorrowland\IMG20240719154951.jpg";"5180282";"Würde gelöscht werden"
"2026-09-28 22:57:03";"DryRun";"F:\Daten\Älter\Bilder\Eigene Aufnahmen\IMG20240719155045.jpg";"E:\OpenCloud\Persönlich (2)\Fotos\Fesitval\Tomorrowland\IMG20240719155045.jpg";"4003119";"Würde gelöscht werden"
"2026-09-28 22:57:03";"DryRun";"F:\Daten\Älter\Bilder\Eigene Aufnahmen\IMG20240719192452.jpg";"E:\OpenCloud\Persönlich (2)\Fotos\Fesitval\Tomorrowland\IMG20240719192452.jpg";"3475592";"Würde gelöscht werden"
"2026-09-28 22:57:03";"DryRun";"F:\Daten\Älter\Bilder\Eigene Aufnahmen\IMG20240719192502.jpg";"E:\OpenCloud\Persönlich (2)\Fotos\Fesitval\Tomorrowland\IMG20240719192502.jpg";"5539377";"Würde gelöscht werden"
"2026-09-28 22:57:03";"DryRun";"F:\Daten\Älter\Bilder\Eigene Aufnahmen\IMG20240719192504_01.jpg";"E:\OpenCloud\Persönlich (2)\Fotos\Fesitval\Tomorrowland\IMG20240719192504_01.jpg";"5457508";"Würde gelöscht werden"
"2026-09-28 22:57:03";"DryRun";"F:\Daten\Älter\Bilder\Eigene Aufnahmen\IMG20240719192504.jpg";"E:\OpenCloud\Persönlich (2)\Fotos\Fesitval\Tomorrowland\IMG20240719192504.jpg";"3601462";"Würde gelöscht werden"
"2026-09-28 22:57:03";"DryRun";"F:\Daten\Älter\Bilder\Eigene Aufnahmen\IMG20240719192506.jpg";"E:\OpenCloud\Persönlich (2)\Fotos\Fesitval\Tomorrowland\IMG20240719192506.jpg";"5227906";"Würde gelöscht werden"
"2026-09-28 22:57:03";"DryRun";"F:\Daten\Älter\Bilder\Eigene Aufnahmen\IMG20240719223351.jpg";"E:\OpenCloud\Persönlich (2)\Fotos\Fesitval\Tomorrowland\IMG20240719223351.jpg";"4941507";"Würde gelöscht werden"
"2026-09-28 22:57:03";"DryRun";"F:\Daten\Älter\Bilder\Eigene Aufnahmen\IMG20240719223356.jpg";"E:\OpenCloud\Persönlich (2)\Fotos\Fesitval\Tomorrowland\IMG20240719223356.jpg";"4918045";"Würde gelöscht werden"
"2026-09-28 22:57:03";"DryRun";"F:\Daten\Älter\Bilder\Eigene Aufnahmen\IMG20240720005146.jpg";"E:\OpenCloud\Persönlich (2)\Fotos\Fesitval\Tomorrowland\IMG20240720005146.jpg";"6282673";"Würde gelöscht werden"
"2026-09-28 22:57:03";"DryRun";"F:\Daten\Älter\Bilder\Eigene Aufnahmen\IMG20240720120704.jpg";"E:\OpenCloud\Persönlich (2)\Fotos\Fesitval\Tomorrowland\IMG20240720120704.jpg";"5452664";"Würde gelöscht werden"
"2026-09-28 22:57:03";"DryRun";"F:\Daten\Älter\Bilder\Eigene Aufnahmen\IMG20240720195218.jpg";"E:\OpenCloud\Persönlich (2)\Fotos\Fesitval\Tomorrowland\IMG20240720195218.jpg";"5509793";"Würde gelöscht werden"
"2026-09-28 22:57:03";"DryRun";"F:\Daten\Älter\Bilder\Eigene Aufnahmen\IMG20240720195220.jpg";"E:\OpenCloud\Persönlich (2)\Fotos\Fesitval\Tomorrowland\IMG20240720195220.jpg";"5736559";"Würde gelöscht werden"
"2026-09-28 22:57:03";"DryRun";"F:\Daten\Älter\Bilder\Eigene Aufnahmen\IMG20240720195223.jpg";"E:\OpenCloud\Persönlich (2)\Fotos\Fesitval\Tomorrowland\IMG20240720195223.jpg";"6895734";"Würde gelöscht werden"
"2026-09-28 22:57:03";"DryRun";"F:\Daten\Älter\Bilder\Eigene Aufnahmen\IMG20240720202518.jpg";"E:\OpenCloud\Persönlich (2)\Fotos\Fesitval\Tomorrowland\IMG20240720202518.jpg";"5698353";"Würde gelöscht werden"
"2026-09-28 22:57:03";"DryRun";"F:\Daten\Älter\Bilder\Eigene Aufnahmen\IMG20240720202520.jpg";"E:\OpenCloud\Persönlich (2)\Fotos\Fesitval\Tomorrowland\IMG20240720202520.jpg";"7718384";"Würde gelöscht werden"
"2026-09-28 22:57:03";"DryRun";"F:\Daten\Älter\Bilder\Eigene Aufnahmen\IMG20240720225819.jpg";"E:\OpenCloud\Persönlich (2)\Fotos\Fesitval\Tomorrowland\IMG20240720225819.jpg";"3240539";"Würde gelöscht werden"
"2026-09-28 22:57:03";"DryRun";"F:\Daten\Älter\Bilder\Eigene Aufnahmen\IMG20240721161717.jpg";"E:\OpenCloud\Persönlich (2)\Fotos\Fesitval\Tomorrowland\IMG20240721161717.jpg";"4892963";"Würde gelöscht werden"
"2026-09-28 22:57:03";"DryRun";"F:\Daten\Älter\Bilder\Eigene Aufnahmen\IMG20240721231520.jpg";"E:\OpenCloud\Persönlich (2)\Fotos\Fesitval\Tomorrowland\IMG20240721231520.jpg";"5171503";"Würde gelöscht werden"
"2026-09-28 22:57:03";"DryRun";"F:\Daten\Älter\Bilder\Eigene Aufnahmen\IMG20240721232206.jpg";"E:\OpenCloud\Persönlich (2)\Fotos\Fesitval\Tomorrowland\IMG20240721232206.jpg";"4458034";"Würde gelöscht werden"
"2026-09-28 22:57:03";"DryRun";"F:\Daten\Älter\Bilder\Eigene Aufnahmen\IMG20240721232216.jpg";"E:\OpenCloud\Persönlich (2)\Fotos\Fesitval\Tomorrowland\IMG20240721232216.jpg";"4764094";"Würde gelöscht werden"
"2026-09-28 22:57:03";"DryRun";"F:\Daten\Älter\Bilder\Eigene Aufnahmen\IMG20240721232229.jpg";"E:\OpenCloud\Persönlich (2)\Fotos\Fesitval\Tomorrowland\IMG20240721232229.jpg";"4388937";"Würde gelöscht werden"
"2026-09-28 22:57:03";"DryRun";"F:\Daten\Älter\Bilder\Eigene Aufnahmen\IMG20240722011727.jpg";"E:\OpenCloud\Persönlich (2)\Fotos\Fesitval\Tomorrowland\IMG20240722011727.jpg";"4579670";"Würde gelöscht werden"
"2026-09-28 22:57:03";"DryRun";"F:\Daten\Älter\Bilder\Eigene Aufnahmen\IMG20240722132902.jpg";"E:\OpenCloud\Persönlich (2)\Fotos\Fesitval\Tomorrowland\IMG20240722132902.jpg";"5349212";"Würde gelöscht werden"
"2026-09-28 22:57:03";"DryRun";"F:\Daten\Älter\Bilder\Eigene Aufnahmen\IMG20240808201652.jpg";"E:\OpenCloud\Persönlich (2)\Fotos\Fesitval\SMS\IMG20240808201652.jpg";"1641628";"Würde gelöscht werden"
"2026-09-28 22:57:03";"DryRun";"F:\Daten\Älter\Bilder\Eigene Aufnahmen\IMG20240808201653.jpg";"E:\OpenCloud\Persönlich (2)\Fotos\Fesitval\SMS\IMG20240808201653.jpg";"1659868";"Würde gelöscht werden"
"2026-09-28 22:57:03";"DryRun";"F:\Daten\Älter\Bilder\Eigene Aufnahmen\IMG20240808201700.jpg";"E:\OpenCloud\Persönlich (2)\Fotos\Fesitval\SMS\IMG20240808201700.jpg";"5584723";"Würde gelöscht werden"
"2026-09-28 22:57:03";"DryRun";"F:\Daten\Älter\Bilder\Eigene Aufnahmen\IMG20240808201701.jpg";"E:\OpenCloud\Persönlich (2)\Fotos\Fesitval\SMS\IMG20240808201701.jpg";"5604055";"Würde gelöscht werden"
"2026-09-28 22:57:03";"DryRun";"F:\Daten\Älter\Bilder\Eigene Aufnahmen\IMG20240808201706.jpg";"E:\OpenCloud\Persönlich (2)\Fotos\Fesitval\SMS\IMG20240808201706.jpg";"6195951";"Würde gelöscht werden"
"2026-09-28 22:57:03";"DryRun";"F:\Daten\Älter\Bilder\Eigene Aufnahmen\IMG20240808201709.jpg";"E:\OpenCloud\Persönlich (2)\Fotos\Fesitval\SMS\IMG20240808201709.jpg";"4377652";"Würde gelöscht werden"
"2026-09-28 22:57:03";"DryRun";"F:\Daten\Älter\Bilder\Eigene Aufnahmen\IMG20240808201710.jpg";"E:\OpenCloud\Persönlich (2)\Fotos\Fesitval\SMS\IMG20240808201710.jpg";"4214144";"Würde gelöscht werden"
"2026-09-28 22:57:03";"DryRun";"F:\Daten\Älter\Bilder\Eigene Aufnahmen\IMG20240808201711.jpg";"E:\OpenCloud\Persönlich (2)\Fotos\Fesitval\SMS\IMG20240808201711.jpg";"4184072";"Würde gelöscht werden"
"2026-09-28 22:57:03";"DryRun";"F:\Daten\Älter\Bilder\Eigene Aufnahmen\IMG20240808201712.jpg";"E:\OpenCloud\Persönlich (2)\Fotos\Fesitval\SMS\IMG20240808201712.jpg";"4565249";"Würde gelöscht werden"
"2026-09-28 22:57:03";"DryRun";"F:\Daten\Älter\Bilder\Eigene Aufnahmen\IMG20240808212329.jpg";"E:\OpenCloud\Persönlich (2)\Fotos\Fesitval\SMS\IMG20240808212329.jpg";"2840631";"Würde gelöscht werden"
"2026-09-28 22:57:03";"DryRun";"F:\Daten\Älter\Bilder\Eigene Aufnahmen\IMG20240808213214.jpg";"E:\OpenCloud\Persönlich (2)\Fotos\Fesitval\SMS\IMG20240808213214.jpg";"3177068";"Würde gelöscht werden"
"2026-09-28 22:57:03";"DryRun";"F:\Daten\Älter\Bilder\Eigene Aufnahmen\IMG20240809140836.jpg";"E:\OpenCloud\Persönlich (2)\Fotos\Fesitval\SMS\IMG20240809140836.jpg";"5443931";"Würde gelöscht werden"
"2026-09-28 22:57:03";"DryRun";"F:\Daten\Älter\Bilder\Eigene Aufnahmen\IMG20240809140839.jpg";"E:\OpenCloud\Persönlich (2)\Fotos\Fesitval\SMS\IMG20240809140839.jpg";"5313199";"Würde gelöscht werden"
"2026-09-28 22:57:03";"DryRun";"F:\Daten\Älter\Bilder\Eigene Aufnahmen\IMG20240809140841.jpg";"E:\OpenCloud\Persönlich (2)\Fotos\Fesitval\SMS\IMG20240809140841.jpg";"5132498";"Würde gelöscht werden"
"2026-09-28 22:57:03";"DryRun";"F:\Daten\Älter\Bilder\Eigene Aufnahmen\IMG20240809140843.jpg";"E:\OpenCloud\Persönlich (2)\Fotos\Fesitval\SMS\IMG20240809140843.jpg";"4398045";"Würde gelöscht werden"
"2026-09-28 22:57:03";"DryRun";"F:\Daten\Älter\Bilder\Eigene Aufnahmen\IMG20240809140845.jpg";"E:\OpenCloud\Persönlich (2)\Fotos\Fesitval\SMS\IMG20240809140845.jpg";"4098484";"Würde gelöscht werden"
"2026-09-28 22:57:03";"DryRun";"F:\Daten\Älter\Bilder\Eigene Aufnahmen\IMG20240809140846.jpg";"E:\OpenCloud\Persönlich (2)\Fotos\Fesitval\SMS\IMG20240809140846.jpg";"3986602";"Würde gelöscht werden"
"2026-09-28 22:57:03";"DryRun";"F:\Daten\Älter\Bilder\Eigene Aufnahmen\IMG20240809140848.jpg";"E:\OpenCloud\Persönlich (2)\Fotos\Fesitval\SMS\IMG20240809140848.jpg";"4078241";"Würde gelöscht werden"
"2026-09-28 22:57:03";"DryRun";"F:\Daten\Älter\Bilder\Eigene Aufnahmen\IMG20240809140853.jpg";"E:\OpenCloud\Persönlich (2)\Fotos\Fesitval\SMS\IMG20240809140853.jpg";"4779029";"Würde gelöscht werden"
"2026-09-28 22:57:03";"DryRun";"F:\Daten\Älter\Bilder\Eigene Aufnahmen\IMG20240809214955.jpg";"E:\OpenCloud\Persönlich (2)\Fotos\Fesitval\SMS\IMG20240809214955.jpg";"4063063";"Würde gelöscht werden"
"2026-09-28 22:57:03";"DryRun";"F:\Daten\Älter\Bilder\Eigene Aufnahmen\IMG20240809214959.jpg";"E:\OpenCloud\Persönlich (2)\Fotos\Fesitval\SMS\IMG20240809214959.jpg";"4215619";"Würde gelöscht werden"
"2026-09-28 22:57:03";"DryRun";"F:\Daten\Älter\Bilder\Eigene Aufnahmen\IMG20240809215000.jpg";"E:\OpenCloud\Persönlich (2)\Fotos\Fesitval\SMS\IMG20240809215000.jpg";"3953367";"Würde gelöscht werden"
"2026-09-28 22:57:03";"DryRun";"F:\Daten\Älter\Bilder\Eigene Aufnahmen\IMG20240809215001.jpg";"E:\OpenCloud\Persönlich (2)\Fotos\Fesitval\SMS\IMG20240809215001.jpg";"3314739";"Würde gelöscht werden"
"2026-09-28 22:57:03";"DryRun";"F:\Daten\Älter\Bilder\Eigene Aufnahmen\IMG20240809215002.jpg";"E:\OpenCloud\Persönlich (2)\Fotos\Fesitval\SMS\IMG20240809215002.jpg";"3842338";"Würde gelöscht werden"
"2026-09-28 22:57:03";"DryRun";"F:\Daten\Älter\Bilder\Eigene Aufnahmen\IMG20240810011055.jpg";"E:\OpenCloud\Persönlich (2)\Fotos\Fesitval\SMS\IMG20240810011055.jpg";"3258789";"Würde gelöscht werden"
"2026-09-28 22:57:03";"DryRun";"F:\Daten\Älter\Bilder\Eigene Aufnahmen\IMG20240810020222.jpg";"E:\OpenCloud\Persönlich (2)\Fotos\Fesitval\SMS\IMG20240810020222.jpg";"3514739";"Würde gelöscht werden"
"2026-09-28 22:57:03";"DryRun";"F:\Daten\Älter\Bilder\Eigene Aufnahmen\IMG20240810142712.jpg";"E:\OpenCloud\Persönlich (2)\Fotos\Fesitval\SMS\IMG20240810142712.jpg";"6600060";"Würde gelöscht werden"
"2026-09-28 22:57:03";"DryRun";"F:\Daten\Älter\Bilder\Eigene Aufnahmen\IMG20240810142716.jpg";"E:\OpenCloud\Persönlich (2)\Fotos\Fesitval\SMS\IMG20240810142716.jpg";"4957343";"Würde gelöscht werden"
"2026-09-28 22:57:03";"DryRun";"F:\Daten\Älter\Bilder\Eigene Aufnahmen\IMG20240810195557.jpg";"E:\OpenCloud\Persönlich (2)\Fotos\Fesitval\SMS\IMG20240810195557.jpg";"3837455";"Würde gelöscht werden"
"2026-09-28 22:57:03";"DryRun";"F:\Daten\Älter\Bilder\Eigene Aufnahmen\IMG20240810195559.jpg";"E:\OpenCloud\Persönlich (2)\Fotos\Fesitval\SMS\IMG20240810195559.jpg";"4141833";"Würde gelöscht werden"
"2026-09-28 22:57:03";"DryRun";"F:\Daten\Älter\Bilder\Eigene Aufnahmen\IMG20240810195601.jpg";"E:\OpenCloud\Persönlich (2)\Fotos\Fesitval\SMS\IMG20240810195601.jpg";"3863660";"Würde gelöscht werden"
"2026-09-28 22:57:03";"DryRun";"F:\Daten\Älter\Bilder\Eigene Aufnahmen\IMG20240810202409.jpg";"E:\OpenCloud\Persönlich (2)\Fotos\Fesitval\SMS\IMG20240810202409.jpg";"4707602";"Würde gelöscht werden"
"2026-09-28 22:57:03";"DryRun";"F:\Daten\Älter\Bilder\Eigene Aufnahmen\IMG20240913165521.jpg";"E:\OpenCloud\Persönlich (2)\Fotos\Verschiedenes\IMG20240913165521.jpg";"5195049";"Würde gelöscht werden"
"2026-09-28 22:57:03";"DryRun";"F:\Daten\Älter\Bilder\Eigene Aufnahmen\IMG20240923160132.jpg";"E:\OpenCloud\Persönlich (2)\Fotos\Verschiedenes\IMG20240923160132.jpg";"6181289";"Würde gelöscht werden"
"2026-09-28 22:57:03";"DryRun";"F:\Daten\Älter\Bilder\Eigene Aufnahmen\IMG20240923160136.jpg";"E:\OpenCloud\Persönlich (2)\Fotos\Verschiedenes\IMG20240923160136.jpg";"5915942";"Würde gelöscht werden"
"2026-09-28 22:57:03";"DryRun";"F:\Daten\Älter\Bilder\Eigene Aufnahmen\IMG20240923161506.jpg";"E:\OpenCloud\Persönlich (2)\Fotos\Verschiedenes\IMG20240923161506.jpg";"6542904";"Würde gelöscht werden"
"2026-09-28 22:57:03";"DryRun";"F:\Daten\Älter\Bilder\Eigene Aufnahmen\IMG20240923161510.jpg";"E:\OpenCloud\Persönlich (2)\Fotos\Verschiedenes\IMG20240923161510.jpg";"5392775";"Würde gelöscht werden"
"2026-09-28 22:57:03";"DryRun";"F:\Daten\Älter\Bilder\Eigene Aufnahmen\IMG20240923195427.jpg";"E:\OpenCloud\Persönlich (2)\Fotos\Verschiedenes\IMG20240923195427.jpg";"5097230";"Würde gelöscht werden"
"2026-09-28 22:57:04";"DryRun";"F:\Daten\Älter\Bilder\Eigene Aufnahmen\IMG20241014180226 1.jpg";"E:\OpenCloud\Persönlich (2)\Fotos\Verschiedenes\IMG20241014180226 1.jpg";"3890466";"Würde gelöscht werden"
"2026-09-28 22:57:04";"DryRun";"F:\Daten\Älter\Bilder\Eigene Aufnahmen\IMG20241015165614 1.jpg";"E:\OpenCloud\Persönlich (2)\Fotos\Verschiedenes\IMG20241015165614 1.jpg";"5890142";"Würde gelöscht werden"
"2026-09-28 22:57:04";"DryRun";"F:\Daten\Älter\Bilder\Eigene Aufnahmen\IMG20241015165614.jpg";"E:\OpenCloud\Persönlich (2)\Fotos\Verschiedenes\IMG20241015165614 1.jpg";"5890142";"Würde gelöscht werden"
"2026-09-28 22:57:04";"DryRun";"F:\Daten\Älter\Bilder\Eigene Aufnahmen\IMG20241015165619 1.jpg";"E:\OpenCloud\Persönlich (2)\Fotos\Verschiedenes\IMG20241015165619 1.jpg";"7041402";"Würde gelöscht werden"
"2026-09-28 22:57:04";"DryRun";"F:\Daten\Älter\Bilder\Eigene Aufnahmen\IMG20241015173602 1.jpg";"E:\OpenCloud\Persönlich (2)\Fotos\Verschiedenes\IMG20241015173602 1.jpg";"4645924";"Würde gelöscht werden"
"2026-09-28 22:57:04";"DryRun";"F:\Daten\Älter\Bilder\Eigene Aufnahmen\IMG20241015173726 1.jpg";"E:\OpenCloud\Persönlich (2)\Fotos\Verschiedenes\IMG20241015173726 1.jpg";"4895936";"Würde gelöscht werden"
"2026-09-28 22:57:04";"DryRun";"F:\Daten\Älter\Bilder\Eigene Aufnahmen\IMG20241015175717 1.jpg";"E:\OpenCloud\Persönlich (2)\Fotos\Verschiedenes\IMG20241015175717 1.jpg";"6873239";"Würde gelöscht werden"
"2026-09-28 22:57:04";"DryRun";"F:\Daten\Älter\Bilder\Eigene Aufnahmen\IMG20241024180614.jpg";"E:\OpenCloud\Persönlich (2)\Fotos\Verschiedenes\IMG20241024180614.jpg";"4198932";"Würde gelöscht werden"
"2026-09-28 22:57:04";"DryRun";"F:\Daten\Älter\Bilder\Eigene Aufnahmen\IMG20241024180617.jpg";"E:\OpenCloud\Persönlich (2)\Fotos\Verschiedenes\IMG20241024180617.jpg";"3824601";"Würde gelöscht werden"
"2026-09-28 22:57:04";"DryRun";"F:\Daten\Älter\Bilder\Eigene Aufnahmen\IMG20241101232809.jpg";"E:\OpenCloud\Persönlich (2)\Fotos\Verschiedenes\IMG20241101232809.jpg";"3018853";"Würde gelöscht werden"
"2026-09-28 22:57:04";"DryRun";"F:\Daten\Älter\Bilder\Eigene Aufnahmen\IMG20241101232813 1.jpg";"E:\OpenCloud\Persönlich (2)\Fotos\Verschiedenes\IMG20241101232813 1.jpg";"2720996";"Würde gelöscht werden"
"2026-09-28 22:57:04";"DryRun";"F:\Daten\Älter\Bilder\Eigene Aufnahmen\IMG20241101232813.jpg";"E:\OpenCloud\Persönlich (2)\Fotos\Verschiedenes\IMG20241101232813 1.jpg";"2720996";"Würde gelöscht werden"
"2026-09-28 22:57:04";"DryRun";"F:\Daten\Älter\Bilder\Eigene Aufnahmen\IMG20241108172503 1.jpg";"E:\OpenCloud\Persönlich (2)\Fotos\Dogos\IMG20241108172503 1.jpg";"3939183";"Würde gelöscht werden"
"2026-09-28 22:57:04";"DryRun";"F:\Daten\Älter\Bilder\Eigene Aufnahmen\IMG20241108172503.jpg";"E:\OpenCloud\Persönlich (2)\Fotos\Dogos\IMG20241108172503 1.jpg";"3939183";"Würde gelöscht werden"
"2026-09-28 22:57:04";"DryRun";"F:\Daten\Älter\Bilder\Eigene Aufnahmen\IMG20241108172505 1.jpg";"E:\OpenCloud\Persönlich (2)\Fotos\Dogos\IMG20241108172505 1.jpg";"4107492";"Würde gelöscht werden"
"2026-09-28 22:57:04";"DryRun";"F:\Daten\Älter\Bilder\Eigene Aufnahmen\IMG20241108172505.jpg";"E:\OpenCloud\Persönlich (2)\Fotos\Dogos\IMG20241108172505 1.jpg";"4107492";"Würde gelöscht werden"
"2026-09-28 22:57:04";"DryRun";"F:\Daten\Älter\Bilder\Eigene Aufnahmen\IMG20241117101644 1.jpg";"E:\OpenCloud\Persönlich (2)\Fotos\Dogos\IMG20241117101644 1.jpg";"3548180";"Würde gelöscht werden"
"2026-09-28 22:57:04";"DryRun";"F:\Daten\Älter\Bilder\Eigene Aufnahmen\IMG20241117101644.jpg";"E:\OpenCloud\Persönlich (2)\Fotos\Dogos\IMG20241117101644 1.jpg";"3548180";"Würde gelöscht werden"
"2026-09-28 22:57:04";"DryRun";"F:\Daten\Älter\Bilder\Eigene Aufnahmen\IMG20241123120920.jpg";"E:\OpenCloud\Persönlich (2)\Fotos\Verschiedenes\IMG20241123120920.jpg";"6186995";"Würde gelöscht werden"
"2026-09-28 22:57:04";"DryRun";"F:\Daten\Älter\Bilder\Eigene Aufnahmen\IMG20241123120934.jpg";"E:\OpenCloud\Persönlich (2)\Fotos\Verschiedenes\IMG20241123120934.jpg";"6459421";"Würde gelöscht werden"
"2026-09-28 22:57:04";"DryRun";"F:\Daten\Älter\Bilder\Eigene Aufnahmen\IMG20241129201326 1.jpg";"E:\OpenCloud\Persönlich (2)\Fotos\Verschiedenes\IMG20241129201326 1.jpg";"3801237";"Würde gelöscht werden"
"2026-09-28 22:57:04";"DryRun";"F:\Daten\Älter\Bilder\Eigene Aufnahmen\IMG20241129201326.jpg";"E:\OpenCloud\Persönlich (2)\Fotos\Verschiedenes\IMG20241129201326 1.jpg";"3801237";"Würde gelöscht werden"
"2026-09-28 22:57:04";"DryRun";"F:\Daten\Älter\Bilder\Eigene Aufnahmen\IMG20241129213733 1.jpg";"E:\OpenCloud\Persönlich (2)\Fotos\Verschiedenes\IMG20241129213733 1.jpg";"4365746";"Würde gelöscht werden"
"2026-09-28 22:57:04";"DryRun";"F:\Daten\Älter\Bilder\Eigene Aufnahmen\IMG20241129213733.jpg";"E:\OpenCloud\Persönlich (2)\Fotos\Verschiedenes\IMG20241129213733 1.jpg";"4365746";"Würde gelöscht werden"
"2026-09-28 22:57:04";"DryRun";"F:\Daten\Älter\Bilder\Eigene Aufnahmen\IMG20241129223446 1.jpg";"E:\OpenCloud\Persönlich (2)\Fotos\Verschiedenes\IMG20241129223446 1.jpg";"4194074";"Würde gelöscht werden"
"2026-09-28 22:57:04";"DryRun";"F:\Daten\Älter\Bilder\Eigene Aufnahmen\IMG20241129223446.jpg";"E:\OpenCloud\Persönlich (2)\Fotos\Verschiedenes\IMG20241129223446 1.jpg";"4194074";"Würde gelöscht werden"
"2026-09-28 22:57:04";"DryRun";"F:\Daten\Älter\Bilder\Eigene Aufnahmen\IMG20241130090508 1.jpg";"E:\OpenCloud\Persönlich (2)\Fotos\Verschiedenes\IMG20241130090508 1.jpg";"5836779";"Würde gelöscht werden"
"2026-09-28 22:57:04";"DryRun";"F:\Daten\Älter\Bilder\Eigene Aufnahmen\IMG20241130090508.jpg";"E:\OpenCloud\Persönlich (2)\Fotos\Verschiedenes\IMG20241130090508 1.jpg";"5836779";"Würde gelöscht werden"
"2026-09-28 22:57:04";"DryRun";"F:\Daten\Älter\Bilder\Eigene Aufnahmen\IMG20241130090708 1.jpg";"E:\OpenCloud\Persönlich (2)\Fotos\Verschiedenes\IMG20241130090708 1.jpg";"3513536";"Würde gelöscht werden"
"2026-09-28 22:57:04";"DryRun";"F:\Daten\Älter\Bilder\Eigene Aufnahmen\IMG20241130214226 1.jpg";"E:\OpenCloud\Persönlich (2)\Fotos\Dogos\IMG20241130214226 1.jpg";"3401523";"Würde gelöscht werden"
"2026-09-28 22:57:04";"DryRun";"F:\Daten\Älter\Bilder\Eigene Aufnahmen\IMG20241130214226.jpg";"E:\OpenCloud\Persönlich (2)\Fotos\Dogos\IMG20241130214226 1.jpg";"3401523";"Würde gelöscht werden"
"2026-09-28 22:57:04";"DryRun";"F:\Daten\Älter\Bilder\Eigene Aufnahmen\IMG20241130214229 1.jpg";"E:\OpenCloud\Persönlich (2)\Fotos\Dogos\IMG20241130214229 1.jpg";"3235602";"Würde gelöscht werden"
"2026-09-28 22:57:04";"DryRun";"F:\Daten\Älter\Bilder\Eigene Aufnahmen\IMG20241130214229.jpg";"E:\OpenCloud\Persönlich (2)\Fotos\Dogos\IMG20241130214229 1.jpg";"3235602";"Würde gelöscht werden"
"2026-09-28 22:57:04";"DryRun";"F:\Daten\Älter\Bilder\Eigene Aufnahmen\IMG20241206121905.jpg";"E:\OpenCloud\Persönlich (2)\Dokumente\Arbeit\Ausbildung\Schule\Ap1\Berichtsheft (2).jpg";"3502471";"Würde gelöscht werden"
"2026-09-28 22:57:04";"DryRun";"F:\Daten\Älter\Bilder\Eigene Aufnahmen\IMG20241206121912.jpg";"E:\OpenCloud\Persönlich (2)\Dokumente\Arbeit\Ausbildung\Schule\Ap1\Berichtsheft (3).jpg";"3746170";"Würde gelöscht werden"
"2026-09-28 22:57:04";"DryRun";"F:\Daten\Älter\Bilder\Eigene Aufnahmen\IMG20241206124634.jpg";"E:\OpenCloud\Persönlich (2)\Dokumente\Arbeit\Ausbildung\Schule\Ap1\Berichtsheft (4).jpg";"4137801";"Würde gelöscht werden"
"2026-09-28 22:57:04";"DryRun";"F:\Daten\Älter\Bilder\Eigene Aufnahmen\IMG20241206124647.jpg";"E:\OpenCloud\Persönlich (2)\Dokumente\Arbeit\Ausbildung\Schule\Ap1\Berichtsheft (5).jpg";"4132696";"Würde gelöscht werden"
"2026-09-28 22:57:04";"DryRun";"F:\Daten\Älter\Bilder\Eigene Aufnahmen\IMG20241206124704.jpg";"E:\OpenCloud\Persönlich (2)\Dokumente\Arbeit\Ausbildung\Schule\Ap1\Berichtsheft (6).jpg";"3920849";"Würde gelöscht werden"
"2026-09-28 22:57:04";"DryRun";"F:\Daten\Älter\Bilder\Eigene Aufnahmen\IMG20241206124714.jpg";"E:\OpenCloud\Persönlich (2)\Dokumente\Arbeit\Ausbildung\Schule\Ap1\Berichtsheft (7).jpg";"4035005";"Würde gelöscht werden"
"2026-09-28 22:57:04";"DryRun";"F:\Daten\Älter\Bilder\Eigene Aufnahmen\IMG20241206124727.jpg";"E:\OpenCloud\Persönlich (2)\Dokumente\Arbeit\Ausbildung\Schule\Ap1\Berichtsheft (8).jpg";"4132860";"Würde gelöscht werden"
"2026-09-28 22:57:04";"DryRun";"F:\Daten\Älter\Bilder\Eigene Aufnahmen\IMG20241206124745.jpg";"E:\OpenCloud\Persönlich (2)\Dokumente\Arbeit\Ausbildung\Schule\Ap1\Berichtsheft (10).jpg";"4084468";"Würde gelöscht werden"
"2026-09-28 22:57:04";"DryRun";"F:\Daten\Älter\Bilder\Eigene Aufnahmen\IMG20241206124753.jpg";"E:\OpenCloud\Persönlich (2)\Dokumente\Arbeit\Ausbildung\Schule\Ap1\Berichtsheft (11).jpg";"4110808";"Würde gelöscht werden"
"2026-09-28 22:57:04";"DryRun";"F:\Daten\Älter\Bilder\Eigene Aufnahmen\IMG20241206124801.jpg";"E:\OpenCloud\Persönlich (2)\Dokumente\Arbeit\Ausbildung\Schule\Ap1\Berichtsheft (12).jpg";"4079861";"Würde gelöscht werden"
"2026-09-28 22:57:04";"DryRun";"F:\Daten\Älter\Bilder\Eigene Aufnahmen\IMG20241206124811.jpg";"E:\OpenCloud\Persönlich (2)\Dokumente\Arbeit\Ausbildung\Schule\Ap1\Berichtsheft (13).jpg";"3895453";"Würde gelöscht werden"
"2026-09-28 22:57:04";"DryRun";"F:\Daten\Älter\Bilder\Eigene Aufnahmen\IMG20241206124822.jpg";"E:\OpenCloud\Persönlich (2)\Dokumente\Arbeit\Ausbildung\Schule\Ap1\Berichtsheft (14).jpg";"4055023";"Würde gelöscht werden"
"2026-09-28 22:57:04";"DryRun";"F:\Daten\Älter\Bilder\Eigene Aufnahmen\IMG20241206124832.jpg";"E:\OpenCloud\Persönlich (2)\Dokumente\Arbeit\Ausbildung\Schule\Ap1\Berichtsheft (15).jpg";"4120742";"Würde gelöscht werden"
"2026-09-28 22:57:04";"DryRun";"F:\Daten\Älter\Bilder\Eigene Aufnahmen\IMG20241206124841.jpg";"E:\OpenCloud\Persönlich (2)\Dokumente\Arbeit\Ausbildung\Schule\Ap1\Berichtsheft (16).jpg";"4018243";"Würde gelöscht werden"
"2026-09-28 22:57:04";"DryRun";"F:\Daten\Älter\Bilder\Eigene Aufnahmen\IMG20241206124851.jpg";"E:\OpenCloud\Persönlich (2)\Dokumente\Arbeit\Ausbildung\Schule\Ap1\Berichtsheft (17).jpg";"4128754";"Würde gelöscht werden"
"2026-09-28 22:57:04";"DryRun";"F:\Daten\Älter\Bilder\Eigene Aufnahmen\IMG20241206124920.jpg";"E:\OpenCloud\Persönlich (2)\Dokumente\Arbeit\Ausbildung\Schule\Ap1\Berichtsheft (18).jpg";"4070657";"Würde gelöscht werden"
"2026-09-28 22:57:04";"DryRun";"F:\Daten\Älter\Bilder\Eigene Aufnahmen\IMG20241206124930.jpg";"E:\OpenCloud\Persönlich (2)\Dokumente\Arbeit\Ausbildung\Schule\Ap1\Berichtsheft (19).jpg";"4145412";"Würde gelöscht werden"
"2026-09-28 22:57:04";"DryRun";"F:\Daten\Älter\Bilder\Eigene Aufnahmen\IMG20241206124938.jpg";"E:\OpenCloud\Persönlich (2)\Dokumente\Arbeit\Ausbildung\Schule\Ap1\Berichtsheft (20).jpg";"4003685";"Würde gelöscht werden"
"2026-09-28 22:57:04";"DryRun";"F:\Daten\Älter\Bilder\Eigene Aufnahmen\IMG20241206124945.jpg";"E:\OpenCloud\Persönlich (2)\Dokumente\Arbeit\Ausbildung\Schule\Ap1\Berichtsheft (21).jpg";"3896008";"Würde gelöscht werden"
"2026-09-28 22:57:04";"DryRun";"F:\Daten\Älter\Bilder\Eigene Aufnahmen\IMG20241206124951.jpg";"E:\OpenCloud\Persönlich (2)\Dokumente\Arbeit\Ausbildung\Schule\Ap1\Berichtsheft (22).jpg";"3996395";"Würde gelöscht werden"
"2026-09-28 22:57:04";"DryRun";"F:\Daten\Älter\Bilder\Eigene Aufnahmen\IMG20241206124957.jpg";"E:\OpenCloud\Persönlich (2)\Dokumente\Arbeit\Ausbildung\Schule\Ap1\Berichtsheft (23).jpg";"4019328";"Würde gelöscht werden"
"2026-09-28 22:57:04";"DryRun";"F:\Daten\Älter\Bilder\Eigene Aufnahmen\IMG20241206125005.jpg";"E:\OpenCloud\Persönlich (2)\Dokumente\Arbeit\Ausbildung\Schule\Ap1\Berichtsheft (24).jpg";"4120787";"Würde gelöscht werden"
"2026-09-28 22:57:04";"DryRun";"F:\Daten\Älter\Bilder\Eigene Aufnahmen\IMG20241206125013.jpg";"E:\OpenCloud\Persönlich (2)\Dokumente\Arbeit\Ausbildung\Schule\Ap1\Berichtsheft (25).jpg";"4096458";"Würde gelöscht werden"
"2026-09-28 22:57:04";"DryRun";"F:\Daten\Älter\Bilder\Eigene Aufnahmen\IMG20241206125021.jpg";"E:\OpenCloud\Persönlich (2)\Dokumente\Arbeit\Ausbildung\Schule\Ap1\Berichtsheft (26).jpg";"4075317";"Würde gelöscht werden"
"2026-09-28 22:57:04";"DryRun";"F:\Daten\Älter\Bilder\Eigene Aufnahmen\IMG20241206125029.jpg";"E:\OpenCloud\Persönlich (2)\Dokumente\Arbeit\Ausbildung\Schule\Ap1\Berichtsheft (27).jpg";"4090688";"Würde gelöscht werden"
"2026-09-28 22:57:04";"DryRun";"F:\Daten\Älter\Bilder\Eigene Aufnahmen\IMG20241206125038.jpg";"E:\OpenCloud\Persönlich (2)\Dokumente\Arbeit\Ausbildung\Schule\Ap1\Berichtsheft (28).jpg";"4060973";"Würde gelöscht werden"
"2026-09-28 22:57:04";"DryRun";"F:\Daten\Älter\Bilder\Eigene Aufnahmen\IMG20241206125045.jpg";"E:\OpenCloud\Persönlich (2)\Dokumente\Arbeit\Ausbildung\Schule\Ap1\Berichtsheft (29).jpg";"4044745";"Würde gelöscht werden"
"2026-09-28 22:57:04";"DryRun";"F:\Daten\Älter\Bilder\Eigene Aufnahmen\IMG20241206125052.jpg";"E:\OpenCloud\Persönlich (2)\Dokumente\Arbeit\Ausbildung\Schule\Ap1\Berichtsheft (30).jpg";"3718407";"Würde gelöscht werden"
"2026-09-28 22:57:04";"DryRun";"F:\Daten\Älter\Bilder\Eigene Aufnahmen\IMG20241206125059.jpg";"E:\OpenCloud\Persönlich (2)\Dokumente\Arbeit\Ausbildung\Schule\Ap1\Berichtsheft (31).jpg";"4177624";"Würde gelöscht werden"
"2026-09-28 22:57:04";"DryRun";"F:\Daten\Älter\Bilder\Eigene Aufnahmen\IMG20241206125105.jpg";"E:\OpenCloud\Persönlich (2)\Dokumente\Arbeit\Ausbildung\Schule\Ap1\Berichtsheft (32).jpg";"4001935";"Würde gelöscht werden"
"2026-09-28 22:57:04";"DryRun";"F:\Daten\Älter\Bilder\Eigene Aufnahmen\IMG20241206125113.jpg";"E:\OpenCloud\Persönlich (2)\Dokumente\Arbeit\Ausbildung\Schule\Ap1\Berichtsheft (33).jpg";"4131403";"Würde gelöscht werden"
"2026-09-28 22:57:04";"DryRun";"F:\Daten\Älter\Bilder\Eigene Aufnahmen\IMG20241206125127.jpg";"E:\OpenCloud\Persönlich (2)\Dokumente\Arbeit\Ausbildung\Schule\Ap1\Berichtsheft (35).jpg";"3638649";"Würde gelöscht werden"
"2026-09-28 22:57:04";"DryRun";"F:\Daten\Älter\Bilder\Eigene Aufnahmen\IMG20241206125136.jpg";"E:\OpenCloud\Persönlich (2)\Dokumente\Arbeit\Ausbildung\Schule\Ap1\Berichtsheft (36).jpg";"3745896";"Würde gelöscht werden"
"2026-09-28 22:57:04";"DryRun";"F:\Daten\Älter\Bilder\Eigene Aufnahmen\IMG20241206125142 1.jpg";"E:\OpenCloud\Persönlich (2)\Dokumente\Arbeit\Ausbildung\Schule\Ap1\Berichtsheft (37).jpg";"4019560";"Würde gelöscht werden"
"2026-09-28 22:57:04";"DryRun";"F:\Daten\Älter\Bilder\Eigene Aufnahmen\IMG20241206125142.jpg";"E:\OpenCloud\Persönlich (2)\Dokumente\Arbeit\Ausbildung\Schule\Ap1\Berichtsheft (37).jpg";"4019560";"Würde gelöscht werden"
"2026-09-28 22:57:04";"DryRun";"F:\Daten\Älter\Bilder\Eigene Aufnahmen\IMG20241206125149.jpg";"E:\OpenCloud\Persönlich (2)\Dokumente\Arbeit\Ausbildung\Schule\Ap1\Berichtsheft (38).jpg";"4099060";"Würde gelöscht werden"
"2026-09-28 22:57:04";"DryRun";"F:\Daten\Älter\Bilder\Eigene Aufnahmen\IMG20241206125156.jpg";"E:\OpenCloud\Persönlich (2)\Dokumente\Arbeit\Ausbildung\Schule\Ap1\Berichtsheft (39).jpg";"3771868";"Würde gelöscht werden"
"2026-09-28 22:57:04";"DryRun";"F:\Daten\Älter\Bilder\Eigene Aufnahmen\IMG20241206125221.jpg";"E:\OpenCloud\Persönlich (2)\Dokumente\Arbeit\Ausbildung\Schule\Ap1\Berichtsheft (40).jpg";"3915104";"Würde gelöscht werden"
"2026-09-28 22:57:04";"DryRun";"F:\Daten\Älter\Bilder\Eigene Aufnahmen\IMG20241206125229.jpg";"E:\OpenCloud\Persönlich (2)\Dokumente\Arbeit\Ausbildung\Schule\Ap1\Berichtsheft (41).jpg";"3854122";"Würde gelöscht werden"
"2026-09-28 22:57:04";"DryRun";"F:\Daten\Älter\Bilder\Eigene Aufnahmen\IMG20241206125253.jpg";"E:\OpenCloud\Persönlich (2)\Dokumente\Arbeit\Ausbildung\Schule\Ap1\Berichtsheft (42).jpg";"3952684";"Würde gelöscht werden"
"2026-09-28 22:57:04";"DryRun";"F:\Daten\Älter\Bilder\Eigene Aufnahmen\IMG20241206125303.jpg";"E:\OpenCloud\Persönlich (2)\Dokumente\Arbeit\Ausbildung\Schule\Ap1\Berichtsheft (43).jpg";"4064633";"Würde gelöscht werden"
"2026-09-28 22:57:04";"DryRun";"F:\Daten\Älter\Bilder\Eigene Aufnahmen\IMG20241206125321.jpg";"E:\OpenCloud\Persönlich (2)\Dokumente\Arbeit\Ausbildung\Schule\Ap1\Berichtsheft (44).jpg";"4227667";"Würde gelöscht werden"
"2026-09-28 22:57:04";"DryRun";"F:\Daten\Älter\Bilder\Eigene Aufnahmen\IMG20241206125328.jpg";"E:\OpenCloud\Persönlich (2)\Dokumente\Arbeit\Ausbildung\Schule\Ap1\Berichtsheft (45).jpg";"3860184";"Würde gelöscht werden"
"2026-09-28 22:57:04";"DryRun";"F:\Daten\Älter\Bilder\Eigene Aufnahmen\IMG20241206125336.jpg";"E:\OpenCloud\Persönlich (2)\Dokumente\Arbeit\Ausbildung\Schule\Ap1\Berichtsheft (46).jpg";"4002347";"Würde gelöscht werden"
"2026-09-28 22:57:04";"DryRun";"F:\Daten\Älter\Bilder\Eigene Aufnahmen\IMG20241206125343.jpg";"E:\OpenCloud\Persönlich (2)\Dokumente\Arbeit\Ausbildung\Schule\Ap1\Berichtsheft (47).jpg";"4216332";"Würde gelöscht werden"
"2026-09-28 22:57:04";"DryRun";"F:\Daten\Älter\Bilder\Eigene Aufnahmen\IMG20241206125352.jpg";"E:\OpenCloud\Persönlich (2)\Dokumente\Arbeit\Ausbildung\Schule\Ap1\Berichtsheft (48).jpg";"3945577";"Würde gelöscht werden"
"2026-09-28 22:57:04";"DryRun";"F:\Daten\Älter\Bilder\Eigene Aufnahmen\IMG20241206125400.jpg";"E:\OpenCloud\Persönlich (2)\Dokumente\Arbeit\Ausbildung\Schule\Ap1\Berichtsheft (49).jpg";"3917444";"Würde gelöscht werden"
"2026-09-28 22:57:04";"DryRun";"F:\Daten\Älter\Bilder\Eigene Aufnahmen\IMG20241206125408.jpg";"E:\OpenCloud\Persönlich (2)\Dokumente\Arbeit\Ausbildung\Schule\Ap1\Berichtsheft (50).jpg";"3805641";"Würde gelöscht werden"
"2026-09-28 22:57:04";"DryRun";"F:\Daten\Älter\Bilder\Eigene Aufnahmen\IMG20241206125415.jpg";"E:\OpenCloud\Persönlich (2)\Dokumente\Arbeit\Ausbildung\Schule\Ap1\Berichtsheft (51).jpg";"4123935";"Würde gelöscht werden"
"2026-09-28 22:57:04";"DryRun";"F:\Daten\Älter\Bilder\Eigene Aufnahmen\IMG20241206125440.jpg";"E:\OpenCloud\Persönlich (2)\Dokumente\Arbeit\Ausbildung\Schule\Ap1\Berichtsheft (53).jpg";"4104800";"Würde gelöscht werden"
"2026-09-28 22:57:04";"DryRun";"F:\Daten\Älter\Bilder\Eigene Aufnahmen\IMG20241206125452.jpg";"E:\OpenCloud\Persönlich (2)\Dokumente\Arbeit\Ausbildung\Schule\Ap1\Berichtsheft (54).jpg";"4103416";"Würde gelöscht werden"
"2026-09-28 22:57:04";"DryRun";"F:\Daten\Älter\Bilder\Eigene Aufnahmen\IMG20241206125459.jpg";"E:\OpenCloud\Persönlich (2)\Dokumente\Arbeit\Ausbildung\Schule\Ap1\Berichtsheft (55).jpg";"4047396";"Würde gelöscht werden"
"2026-09-28 22:57:04";"DryRun";"F:\Daten\Älter\Bilder\Eigene Aufnahmen\IMG20241206125506.jpg";"E:\OpenCloud\Persönlich (2)\Dokumente\Arbeit\Ausbildung\Schule\Ap1\Berichtsheft (56).jpg";"3905106";"Würde gelöscht werden"
"2026-09-28 22:57:04";"DryRun";"F:\Daten\Älter\Bilder\Eigene Aufnahmen\IMG20241206125512.jpg";"E:\OpenCloud\Persönlich (2)\Dokumente\Arbeit\Ausbildung\Schule\Ap1\Berichtsheft (57).jpg";"4185824";"Würde gelöscht werden"
"2026-09-28 22:57:04";"DryRun";"F:\Daten\Älter\Bilder\Eigene Aufnahmen\IMG20241206125519.jpg";"E:\OpenCloud\Persönlich (2)\Dokumente\Arbeit\Ausbildung\Schule\Ap1\Berichtsheft (58).jpg";"3858710";"Würde gelöscht werden"
"2026-09-28 22:57:04";"DryRun";"F:\Daten\Älter\Bilder\Eigene Aufnahmen\IMG20241206125526.jpg";"E:\OpenCloud\Persönlich (2)\Dokumente\Arbeit\Ausbildung\Schule\Ap1\Berichtsheft (59).jpg";"3911379";"Würde gelöscht werden"
"2026-09-28 22:57:04";"DryRun";"F:\Daten\Älter\Bilder\Eigene Aufnahmen\IMG20241206125533.jpg";"E:\OpenCloud\Persönlich (2)\Dokumente\Arbeit\Ausbildung\Schule\Ap1\Berichtsheft (60).jpg";"4098598";"Würde gelöscht werden"
"2026-09-28 22:57:04";"DryRun";"F:\Daten\Älter\Bilder\Eigene Aufnahmen\IMG20241206125540.jpg";"E:\OpenCloud\Persönlich (2)\Dokumente\Arbeit\Ausbildung\Schule\Ap1\Berichtsheft (61).jpg";"4227748";"Würde gelöscht werden"
"2026-09-28 22:57:04";"DryRun";"F:\Daten\Älter\Bilder\Eigene Aufnahmen\IMG20241206125554.jpg";"E:\OpenCloud\Persönlich (2)\Dokumente\Arbeit\Ausbildung\Schule\Ap1\Berichtsheft (63).jpg";"4078094";"Würde gelöscht werden"
"2026-09-28 22:57:04";"DryRun";"F:\Daten\Älter\Bilder\Eigene Aufnahmen\IMG20241206125601.jpg";"E:\OpenCloud\Persönlich (2)\Dokumente\Arbeit\Ausbildung\Schule\Ap1\Berichtsheft (64).jpg";"4291986";"Würde gelöscht werden"
"2026-09-28 22:57:04";"DryRun";"F:\Daten\Älter\Bilder\Eigene Aufnahmen\IMG20241207161049.jpg";"E:\OpenCloud\Persönlich (2)\Fotos\Verschiedenes\IMG20241207161049.jpg";"5471853";"Würde gelöscht werden"
"2026-09-28 22:57:04";"DryRun";"F:\Daten\Älter\Bilder\Eigene Aufnahmen\IMG20241221192518 1.jpg";"E:\OpenCloud\Persönlich (2)\Fotos\Verschiedenes\IMG20241221192518 1.jpg";"4554260";"Würde gelöscht werden"
"2026-09-28 22:57:04";"DryRun";"F:\Daten\Älter\Bilder\Eigene Aufnahmen\IMG20241221192518.jpg";"E:\OpenCloud\Persönlich (2)\Fotos\Verschiedenes\IMG20241221192518 1.jpg";"4554260";"Würde gelöscht werden"
"2026-09-28 22:57:04";"DryRun";"F:\Daten\Älter\Bilder\Eigene Aufnahmen\IMG20241224161931 1.jpg";"E:\OpenCloud\Persönlich (2)\Fotos\Dogos\IMG20241224161931 1.jpg";"5057985";"Würde gelöscht werden"
"2026-09-28 22:57:04";"DryRun";"F:\Daten\Älter\Bilder\Eigene Aufnahmen\IMG20241224161931.jpg";"E:\OpenCloud\Persönlich (2)\Fotos\Dogos\IMG20241224161931 1.jpg";"5057985";"Würde gelöscht werden"
"2026-09-28 22:57:04";"DryRun";"F:\Daten\Älter\Bilder\Eigene Aufnahmen\IMG20250111155112 1.jpg";"E:\OpenCloud\Persönlich (2)\Fotos\Verschiedenes\IMG20250111155112.jpg";"4197041";"Würde gelöscht werden"
"2026-09-28 22:57:04";"DryRun";"F:\Daten\Älter\Bilder\Eigene Aufnahmen\IMG20250111155112.jpg";"E:\OpenCloud\Persönlich (2)\Fotos\Verschiedenes\IMG20250111155112.jpg";"4197041";"Würde gelöscht werden"
"2026-09-28 22:57:04";"DryRun";"F:\Daten\Älter\Bilder\Eigene Aufnahmen\IMG20250125195943 1.jpg";"E:\OpenCloud\Persönlich (2)\Fotos\Dokumente\IMG20250125195943 1.jpg";"3836296";"Würde gelöscht werden"
"2026-09-28 22:57:04";"DryRun";"F:\Daten\Älter\Bilder\Eigene Aufnahmen\IMG20250125195943.jpg";"E:\OpenCloud\Persönlich (2)\Fotos\Dokumente\IMG20250125195943 1.jpg";"3836296";"Würde gelöscht werden"
"2026-09-28 22:57:04";"DryRun";"F:\Daten\Älter\Bilder\Eigene Aufnahmen\IMG20250126150711 1.jpg";"E:\OpenCloud\Persönlich (2)\Fotos\Dokumente\IMG20250126150711 1.jpg";"4383512";"Würde gelöscht werden"
"2026-09-28 22:57:04";"DryRun";"F:\Daten\Älter\Bilder\Eigene Aufnahmen\IMG20250126150711.jpg";"E:\OpenCloud\Persönlich (2)\Fotos\Dokumente\IMG20250126150711 1.jpg";"4383512";"Würde gelöscht werden"
"2026-09-28 22:57:04";"DryRun";"F:\Daten\Älter\Bilder\Eigene Aufnahmen\IMG20250126150714 1.jpg";"E:\OpenCloud\Persönlich (2)\Fotos\Dokumente\IMG20250126150714 1.jpg";"4541189";"Würde gelöscht werden"
"2026-09-28 22:57:04";"DryRun";"F:\Daten\Älter\Bilder\Eigene Aufnahmen\IMG20250126150714.jpg";"E:\OpenCloud\Persönlich (2)\Fotos\Dokumente\IMG20250126150714.jpg";"4545443";"Würde gelöscht werden"
"2026-09-28 22:57:04";"DryRun";"F:\Daten\Älter\Bilder\Eigene Aufnahmen\IMG20250126150739 1.jpg";"E:\OpenCloud\Persönlich (2)\Fotos\Dokumente\IMG20250126150739 1.jpg";"4210300";"Würde gelöscht werden"
"2026-09-28 22:57:04";"DryRun";"F:\Daten\Älter\Bilder\Eigene Aufnahmen\IMG20250126150739.jpg";"E:\OpenCloud\Persönlich (2)\Fotos\Dokumente\IMG20250126150739 1.jpg";"4210300";"Würde gelöscht werden"
"2026-09-28 22:57:04";"DryRun";"F:\Daten\Älter\Bilder\Eigene Aufnahmen\IMG20250203212642.jpg";"E:\OpenCloud\Persönlich (2)\Fotos\Verschiedenes\IMG20250203212642.jpg";"3920605";"Würde gelöscht werden"
"2026-09-28 22:57:04";"DryRun";"F:\Daten\Älter\Bilder\Eigene Aufnahmen\IMG20250210163939 1.jpg";"E:\OpenCloud\Persönlich (2)\Fotos\Dokumente\IMG20250210163939.jpg";"3649700";"Würde gelöscht werden"
"2026-09-28 22:57:05";"DryRun";"F:\Daten\Älter\Bilder\Eigene Aufnahmen\IMG20250210163939.jpg";"E:\OpenCloud\Persönlich (2)\Fotos\Dokumente\IMG20250210163939.jpg";"3649700";"Würde gelöscht werden"
"2026-09-28 22:57:05";"DryRun";"F:\Daten\Älter\Bilder\Eigene Aufnahmen\IMG20250213182525 1.jpg";"E:\OpenCloud\Persönlich (2)\Fotos\Verschiedenes\2025\02\Camera\IMG20250213182525.jpg";"4379800";"Würde gelöscht werden"
"2026-09-28 22:57:05";"DryRun";"F:\Daten\Älter\Bilder\Eigene Aufnahmen\IMG20250213182525.jpg";"E:\OpenCloud\Persönlich (2)\Fotos\Verschiedenes\2025\02\Camera\IMG20250213182525.jpg";"4379800";"Würde gelöscht werden"
"2026-09-28 22:57:05";"DryRun";"F:\Daten\Älter\Bilder\Eigene Aufnahmen\IMG20250213182529 1.jpg";"E:\OpenCloud\Persönlich (2)\Fotos\Verschiedenes\2025\02\Camera\IMG20250213182529.jpg";"4318257";"Würde gelöscht werden"
"2026-09-28 22:57:05";"DryRun";"F:\Daten\Älter\Bilder\Eigene Aufnahmen\IMG20250213182529.jpg";"E:\OpenCloud\Persönlich (2)\Fotos\Verschiedenes\2025\02\Camera\IMG20250213182529.jpg";"4318257";"Würde gelöscht werden"
"2026-09-28 22:57:05";"DryRun";"F:\Daten\Älter\Bilder\Eigene Aufnahmen\IMG20250213182544 1.jpg";"E:\OpenCloud\Persönlich (2)\Fotos\Verschiedenes\2025\02\Camera\IMG20250213182544.jpg";"4830319";"Würde gelöscht werden"
"2026-09-28 22:57:05";"DryRun";"F:\Daten\Älter\Bilder\Eigene Aufnahmen\IMG20250213182544.jpg";"E:\OpenCloud\Persönlich (2)\Fotos\Verschiedenes\2025\02\Camera\IMG20250213182544.jpg";"4830319";"Würde gelöscht werden"
"2026-09-28 22:57:05";"DryRun";"F:\Daten\Älter\Bilder\Eigene Aufnahmen\IMG20250213182626 1.jpg";"E:\OpenCloud\Persönlich (2)\Fotos\Verschiedenes\2025\02\Camera\IMG20250213182626.jpg";"4603157";"Würde gelöscht werden"
"2026-09-28 22:57:05";"DryRun";"F:\Daten\Älter\Bilder\Eigene Aufnahmen\IMG20250213182626.jpg";"E:\OpenCloud\Persönlich (2)\Fotos\Verschiedenes\2025\02\Camera\IMG20250213182626.jpg";"4603157";"Würde gelöscht werden"
"2026-09-28 22:57:05";"DryRun";"F:\Daten\Älter\Bilder\Eigene Aufnahmen\IMG20250314195709 1.jpg";"E:\OpenCloud\Persönlich (2)\Fotos\Verschiedenes\IMG20250314195709 1.jpg";"4794755";"Würde gelöscht werden"
"2026-09-28 22:57:05";"DryRun";"F:\Daten\Älter\Bilder\Eigene Aufnahmen\IMG20250314195709.jpg";"E:\OpenCloud\Persönlich (2)\Fotos\Verschiedenes\IMG20250314195709 1.jpg";"4794755";"Würde gelöscht werden"
"2026-09-28 22:57:05";"DryRun";"F:\Daten\Älter\Bilder\Eigene Aufnahmen\IMG20250314203302.jpg";"E:\OpenCloud\Persönlich (2)\Fotos\Verschiedenes\IMG20250314203302.jpg";"5034306";"Würde gelöscht werden"
"2026-09-28 22:57:05";"DryRun";"F:\Daten\Älter\Bilder\Eigene Aufnahmen\IMG20250320125607 1.jpg";"E:\OpenCloud\Persönlich (2)\Fotos\Verschiedenes\IMG20250320125607 1.jpg";"4054395";"Würde gelöscht werden"
"2026-09-28 22:57:05";"DryRun";"F:\Daten\Älter\Bilder\Eigene Aufnahmen\IMG20250320125607.jpg";"E:\OpenCloud\Persönlich (2)\Fotos\Verschiedenes\IMG20250320125607 1.jpg";"4054395";"Würde gelöscht werden"
"2026-09-28 22:57:05";"DryRun";"F:\Daten\Älter\Bilder\Eigene Aufnahmen\IMG20250320125613 1.jpg";"E:\OpenCloud\Persönlich (2)\Fotos\Verschiedenes\IMG20250320125613 1.jpg";"4105229";"Würde gelöscht werden"
"2026-09-28 22:57:05";"DryRun";"F:\Daten\Älter\Bilder\Eigene Aufnahmen\IMG20250320125613.jpg";"E:\OpenCloud\Persönlich (2)\Fotos\Verschiedenes\IMG20250320125613 1.jpg";"4105229";"Würde gelöscht werden"
"2026-09-28 22:57:05";"DryRun";"F:\Daten\Älter\Bilder\Eigene Aufnahmen\IMG20250401164741.jpg";"E:\OpenCloud\Persönlich (2)\Fotos\Dokumente\IMG20250401164741.jpg";"14246133";"Würde gelöscht werden"
"2026-09-28 22:57:05";"DryRun";"F:\Daten\Älter\Bilder\Eigene Aufnahmen\IMG20250401164747.jpg";"E:\OpenCloud\Persönlich (2)\Fotos\Dokumente\IMG20250401164747.jpg";"12866523";"Würde gelöscht werden"
"2026-09-28 22:57:05";"DryRun";"F:\Daten\Älter\Bilder\Eigene Aufnahmen\IMG20250401164753.jpg";"E:\OpenCloud\Persönlich (2)\Fotos\Dokumente\IMG20250401164753.jpg";"20716130";"Würde gelöscht werden"
"2026-09-28 22:57:05";"DryRun";"F:\Daten\Älter\Bilder\Eigene Aufnahmen\IMG20250401164758.jpg";"E:\OpenCloud\Persönlich (2)\Fotos\Dokumente\IMG20250401164758.jpg";"13871859";"Würde gelöscht werden"
"2026-09-28 22:57:05";"DryRun";"F:\Daten\Älter\Bilder\Eigene Aufnahmen\IMG20250401164803.jpg";"E:\OpenCloud\Persönlich (2)\Fotos\Dokumente\IMG20250401164803.jpg";"14790093";"Würde gelöscht werden"
"2026-09-28 22:57:05";"DryRun";"F:\Daten\Älter\Bilder\Eigene Aufnahmen\IMG20250401164810.jpg";"E:\OpenCloud\Persönlich (2)\Fotos\Dokumente\IMG20250401164810.jpg";"16278738";"Würde gelöscht werden"
"2026-09-28 22:57:05";"DryRun";"F:\Daten\Älter\Bilder\Eigene Aufnahmen\IMG20250401164814.jpg";"E:\OpenCloud\Persönlich (2)\Fotos\Dokumente\IMG20250401164814.jpg";"15808508";"Würde gelöscht werden"
"2026-09-28 22:57:05";"DryRun";"F:\Daten\Älter\Bilder\Eigene Aufnahmen\IMG20250424181100.jpg";"E:\OpenCloud\Persönlich (2)\Fotos\Verschiedenes\2025\04\Camera\IMG20250424181100.jpg";"11888152";"Würde gelöscht werden"
"2026-09-28 22:57:05";"DryRun";"F:\Daten\Älter\Bilder\Eigene Aufnahmen\IMG20250426192010.jpg";"E:\OpenCloud\Persönlich (2)\Fotos\Verschiedenes\2025\04\Camera\IMG20250426192010.jpg";"13455834";"Würde gelöscht werden"
"2026-09-28 22:57:05";"DryRun";"F:\Daten\Älter\Bilder\Eigene Aufnahmen\IMG20250427170801.jpg";"E:\OpenCloud\Persönlich (2)\Fotos\Dogos\IMG20250427170801.jpg";"13094843";"Würde gelöscht werden"
"2026-09-28 22:57:05";"DryRun";"F:\Daten\Älter\Bilder\Eigene Aufnahmen\IMG20250427170807.jpg";"E:\OpenCloud\Persönlich (2)\Fotos\Dogos\IMG20250427170807.jpg";"11381087";"Würde gelöscht werden"
"2026-09-28 22:57:05";"DryRun";"F:\Daten\Älter\Bilder\Eigene Aufnahmen\VID_20220803_150955.mp4";"E:\OpenCloud\Persönlich (2)\Fotos\Wandern\Berchtdesgarden 22\VID_20220803_150955.mp4";"44986274";"Würde gelöscht werden"
"2026-09-28 22:57:05";"DryRun";"F:\Daten\Älter\Bilder\Eigene Aufnahmen\VID_20220803_151007.mp4";"E:\OpenCloud\Persönlich (2)\Fotos\Wandern\Berchtdesgarden 22\VID_20220803_151007.mp4";"122514306";"Würde gelöscht werden"
"2026-09-28 22:57:05";"DryRun";"F:\Daten\Älter\Bilder\Eigene Aufnahmen\VID_20220803_160414.mp4";"E:\OpenCloud\Persönlich (2)\Fotos\Wandern\Berchtdesgarden 22\VID_20220803_160414.mp4";"172814878";"Würde gelöscht werden"
"2026-09-28 22:57:05";"DryRun";"F:\Daten\Älter\Bilder\Eigene Aufnahmen\VID_20220803_162606.mp4";"E:\OpenCloud\Persönlich (2)\Fotos\Wandern\Berchtdesgarden 22\VID_20220803_162606.mp4";"56887442";"Würde gelöscht werden"
"2026-09-28 22:57:05";"DryRun";"F:\Daten\Älter\Bilder\Eigene Aufnahmen\VID_20220803_162958.mp4";"E:\OpenCloud\Persönlich (2)\Fotos\Wandern\Berchtdesgarden 22\VID_20220803_162958.mp4";"73630931";"Würde gelöscht werden"
"2026-09-28 22:57:05";"DryRun";"F:\Daten\Älter\Bilder\Eigene Aufnahmen\VID_20220811_152224.mp4";"E:\OpenCloud\Persönlich (2)\Fotos\Verschiedenes\VID_20220811_152224.mp4";"13954617";"Würde gelöscht werden"
"2026-09-28 22:57:05";"DryRun";"F:\Daten\Älter\Bilder\Eigene Aufnahmen\VID_20220811_152239.mp4";"E:\OpenCloud\Persönlich (2)\Fotos\Verschiedenes\VID_20220811_152239.mp4";"16784404";"Würde gelöscht werden"
"2026-09-28 22:57:05";"DryRun";"F:\Daten\Älter\Bilder\Eigene Aufnahmen\VID_20231209_102945.mp4";"E:\OpenCloud\Persönlich (2)\Fotos\Verschiedenes\VID_20231209_102945.mp4";"89743330";"Würde gelöscht werden"
"2026-09-28 22:57:05";"DryRun";"F:\Daten\Älter\Bilder\Eigene Aufnahmen\VID_20231209_103011.mp4";"E:\OpenCloud\Persönlich (2)\Fotos\Verschiedenes\VID_20231209_103011.mp4";"129700434";"Würde gelöscht werden"
"2026-09-28 22:57:05";"DryRun";"F:\Daten\Älter\Bilder\Eigene Aufnahmen\VID20240420154359.mp4";"E:\OpenCloud\Persönlich (2)\Fotos\Dogos\VID20240420154359.mp4";"44930382";"Würde gelöscht werden"
"2026-09-28 22:57:05";"DryRun";"F:\Daten\Älter\Bilder\Eigene Aufnahmen\VID20240525114324.mp4";"E:\OpenCloud\Persönlich (2)\Fotos\Dogos\VID20240525114324.mp4";"56833671";"Würde gelöscht werden"
"2026-09-28 22:57:05";"DryRun";"F:\Daten\Älter\Bilder\Eigene Aufnahmen\VID20240615184330.mp4";"E:\OpenCloud\Persönlich (2)\Fotos\Dogos\VID20240615184330.mp4";"333998745";"Würde gelöscht werden"
"2026-09-28 22:57:05";"DryRun";"F:\Daten\Älter\Bilder\Eigene Aufnahmen\VID20240629192231.mp4";"E:\OpenCloud\Persönlich (2)\Fotos\Dogos\VID20240629192231.mp4";"562775917";"Würde gelöscht werden"
"2026-09-28 22:57:05";"DryRun";"F:\Daten\Älter\Bilder\Eigene Aufnahmen\VID20240704155231.mp4";"E:\OpenCloud\Persönlich (2)\Fotos\Wandern\Walchsee 24\VID20240704155231.mp4";"58445140";"Würde gelöscht werden"
"2026-09-28 22:57:05";"DryRun";"F:\Daten\Älter\Bilder\Eigene Aufnahmen\VID20240711194713.mp4";"E:\OpenCloud\Persönlich (2)\Fotos\Verschiedenes\VID20240711194713.mp4";"38528370";"Würde gelöscht werden"
"2026-09-28 22:57:05";"DryRun";"F:\Daten\Älter\Bilder\Eigene Aufnahmen\VID20240713145513.mp4";"E:\OpenCloud\Persönlich (2)\Fotos\Fesitval\VID20240713145513.mp4";"56071651";"Würde gelöscht werden"
"2026-09-28 22:57:05";"DryRun";"F:\Daten\Älter\Bilder\Eigene Aufnahmen\VID20240713231933.mp4";"E:\OpenCloud\Persönlich (2)\Fotos\Fesitval\VID20240713231933.mp4";"85811042";"Würde gelöscht werden"
"2026-09-28 22:57:05";"DryRun";"F:\Daten\Älter\Bilder\Eigene Aufnahmen\VID20240718233748.mp4";"E:\OpenCloud\Persönlich (2)\Fotos\Fesitval\Tomorrowland\VID20240718233748.mp4";"344846544";"Würde gelöscht werden"
"2026-09-28 22:57:05";"DryRun";"F:\Daten\Älter\Bilder\Eigene Aufnahmen\VID20240718234204.mp4";"E:\OpenCloud\Persönlich (2)\Fotos\Fesitval\Tomorrowland\VID20240718234204.mp4";"148939572";"Würde gelöscht werden"
"2026-09-28 22:57:05";"DryRun";"F:\Daten\Älter\Bilder\Eigene Aufnahmen\VID20240718234845.mp4";"E:\OpenCloud\Persönlich (2)\Fotos\Fesitval\Tomorrowland\VID20240718234845.mp4";"1219538";"Würde gelöscht werden"
"2026-09-28 22:57:05";"DryRun";"F:\Daten\Älter\Bilder\Eigene Aufnahmen\VID20240718234849.mp4";"E:\OpenCloud\Persönlich (2)\Fotos\Fesitval\Tomorrowland\VID20240718234849.mp4";"81162625";"Würde gelöscht werden"
"2026-09-28 22:57:05";"DryRun";"F:\Daten\Älter\Bilder\Eigene Aufnahmen\VID20240718234901.mp4";"E:\OpenCloud\Persönlich (2)\Fotos\Fesitval\Tomorrowland\VID20240718234901.mp4";"376323431";"Würde gelöscht werden"
"2026-09-28 22:57:05";"DryRun";"F:\Daten\Älter\Bilder\Eigene Aufnahmen\VID20240718235144.mp4";"E:\OpenCloud\Persönlich (2)\Fotos\Fesitval\Tomorrowland\VID20240718235144.mp4";"406334133";"Würde gelöscht werden"
"2026-09-28 22:57:05";"DryRun";"F:\Daten\Älter\Bilder\Eigene Aufnahmen\VID20240719173208.mp4";"E:\OpenCloud\Persönlich (2)\Fotos\Fesitval\Tomorrowland\VID20240719173208.mp4";"499914108";"Würde gelöscht werden"
"2026-09-28 22:57:05";"DryRun";"F:\Daten\Älter\Bilder\Eigene Aufnahmen\VID20240719173420.mp4";"E:\OpenCloud\Persönlich (2)\Fotos\Fesitval\Tomorrowland\VID20240719173420.mp4";"13338257";"Würde gelöscht werden"
"2026-09-28 22:57:05";"DryRun";"F:\Daten\Älter\Bilder\Eigene Aufnahmen\VID20240719224129.mp4";"E:\OpenCloud\Persönlich (2)\Fotos\Fesitval\Tomorrowland\VID20240719224129.mp4";"429537600";"Würde gelöscht werden"
"2026-09-28 22:57:05";"DryRun";"F:\Daten\Älter\Bilder\Eigene Aufnahmen\VID20240720005151.mp4";"E:\OpenCloud\Persönlich (2)\Fotos\Fesitval\Tomorrowland\VID20240720005151.mp4";"95652787";"Würde gelöscht werden"
"2026-09-28 22:57:05";"DryRun";"F:\Daten\Älter\Bilder\Eigene Aufnahmen\VID20240720225715.mp4";"E:\OpenCloud\Persönlich (2)\Fotos\Fesitval\Tomorrowland\VID20240720225715.mp4";"278720164";"Würde gelöscht werden"
"2026-09-28 22:57:05";"DryRun";"F:\Daten\Älter\Bilder\Eigene Aufnahmen\VID20240720225808.mp4";"E:\OpenCloud\Persönlich (2)\Fotos\Fesitval\Tomorrowland\VID20240720225808.mp4";"4920540";"Würde gelöscht werden"
"2026-09-28 22:57:05";"DryRun";"F:\Daten\Älter\Bilder\Eigene Aufnahmen\VID20240721161721.mp4";"E:\OpenCloud\Persönlich (2)\Fotos\Fesitval\Tomorrowland\VID20240721161721.mp4";"10837847";"Würde gelöscht werden"
"2026-09-28 22:57:05";"DryRun";"F:\Daten\Älter\Bilder\Eigene Aufnahmen\VID20240808213329.mp4";"E:\OpenCloud\Persönlich (2)\Fotos\Fesitval\SMS\VID20240808213329.mp4";"102411743";"Würde gelöscht werden"
"2026-09-28 22:57:05";"DryRun";"F:\Daten\Älter\Bilder\Eigene Aufnahmen\VID20240808224743.mp4";"E:\OpenCloud\Persönlich (2)\Fotos\Fesitval\SMS\VID20240808224743.mp4";"77824156";"Würde gelöscht werden"
"2026-09-28 22:57:05";"DryRun";"F:\Daten\Älter\Bilder\Eigene Aufnahmen\VID20240810005606.mp4";"E:\OpenCloud\Persönlich (2)\Fotos\Fesitval\SMS\VID20240810005606.mp4";"75601238";"Würde gelöscht werden"
