"Zeit";"Aktion";"Datei";"Referenz";"GroesseByte";"SHA256_Ziel";"SHA256_Referenz";"Info"
"2026-09-28 23:23:35";"DryRun";"F:\Daten\Älter\Bilder - Kopie\IMG20241213094831.jpg";"E:\OpenCloud\Persönlich (2)\Fotos\Dokumente\IMG20241213094831.jpg";"3525867";"C4E13333A96025E17372E34CDAF7BBDFB8D740DD858FB51393949E20E792E573";"C4E13333A96025E17372E34CDAF7BBDFB8D740DD858FB51393949E20E792E573";"Würde gelöscht werden"
"2026-09-28 23:23:35";"DryRun";"F:\Daten\Älter\Bilder - Kopie\IMG20250210163939.jpg";"E:\OpenCloud\Persönlich (2)\Fotos\Dokumente\IMG20250210163939.jpg";"3649700";"6D4E9ECA57A4CA9A2568BFE7DD59F44CE8E1728F5E2C86F5ABC6F588654FEC91";"6D4E9ECA57A4CA9A2568BFE7DD59F44CE8E1728F5E2C86F5ABC6F588654FEC91";"Würde gelöscht werden"
"2026-09-28 23:23:35";"DryRun";"F:\Daten\Älter\Bilder - Kopie\IMG20250401164741.jpg";"E:\OpenCloud\Persönlich (2)\Fotos\Dokumente\IMG20250401164741.jpg";"14246133";"903478470A1F092FFA3937223928F9ECC2FFF08F31A3194B003C6C94FA737865";"903478470A1F092FFA3937223928F9ECC2FFF08F31A3194B003C6C94FA737865";"Würde gelöscht werden"
"2026-09-28 23:23:36";"DryRun";"F:\Daten\Älter\Bilder - Kopie\IMG20250401164747.jpg";"E:\OpenCloud\Persönlich (2)\Fotos\Dokumente\IMG20250401164747.jpg";"12866523";"1095EA8BA247F66B6D86788E9D6D8B365F1DCF911279E01E14E6222B18DB481B";"1095EA8BA247F66B6D86788E9D6D8B365F1DCF911279E01E14E6222B18DB481B";"Würde gelöscht werden"
"2026-09-28 23:23:36";"DryRun";"F:\Daten\Älter\Bilder - Kopie\IMG20250401164753.jpg";"E:\OpenCloud\Persönlich (2)\Fotos\Dokumente\IMG20250401164753.jpg";"20716130";"3EB2B1877390038E4C04511A1B33590E86CC61AEBC185ED34A40585DFA9122FE";"3EB2B1877390038E4C04511A1B33590E86CC61AEBC185ED34A40585DFA9122FE";"Würde gelöscht werden"
"2026-09-28 23:23:36";"DryRun";"F:\Daten\Älter\Bilder\Afrika\F65T9122.jpg";"E:\OpenCloud\Persönlich (2)\Fotos\Afrika\F65T9122.jpg";"149307";"A622CCCCAD79618B2FB5A74006F5791792EAF6E897D03E7F510A8C93A2C6E883";"A622CCCCAD79618B2FB5A74006F5791792EAF6E897D03E7F510A8C93A2C6E883";"Würde gelöscht werden"
"2026-09-28 23:23:36";"DryRun";"F:\Daten\Älter\Bilder\Afrika\F65T9123.jpg";"E:\OpenCloud\Persönlich (2)\Fotos\Afrika\F65T9123.jpg";"169682";"B1F853D87FF3FFA51E110C5C228004A07089EF230F504A46832E9A7170CB6357";"B1F853D87FF3FFA51E110C5C228004A07089EF230F504A46832E9A7170CB6357";"Würde gelöscht werden"
"2026-09-28 23:23:36";"DryRun";"F:\Daten\Älter\Bilder\Afrika\F65T9124.jpg";"E:\OpenCloud\Persönlich (2)\Fotos\Afrika\F65T9124.jpg";"155855";"46FE8A3568DB2BF901DFF15593DDCA0C4C380B9EA4C5A66DC40D9D51B79F4028";"46FE8A3568DB2BF901DFF15593DDCA0C4C380B9EA4C5A66DC40D9D51B79F4028";"Würde gelöscht werden"
"2026-09-28 23:23:36";"DryRun";"F:\Daten\Älter\Bilder\Afrika\F65T9126.jpg";"E:\OpenCloud\Persönlich (2)\Fotos\Afrika\F65T9126.jpg";"163038";"06AAD94B1BD4A6017F55825279134D6EBCC748E0466A2DD71BDB66574257C8E9";"06AAD94B1BD4A6017F55825279134D6EBCC748E0466A2DD71BDB66574257C8E9";"Würde gelöscht werden"
"2026-09-28 23:23:36";"DryRun";"F:\Daten\Älter\Bilder\Afrika\F65T9128.jpg";"E:\OpenCloud\Persönlich (2)\Fotos\Afrika\F65T9128.jpg";"152651";"01B966DE21747EDD44030528F4666BDAC4AA57AB77C6E253E8E20EB49217B470";"01B966DE21747EDD44030528F4666BDAC4AA57AB77C6E253E8E20EB49217B470";"Würde gelöscht werden"
"2026-09-28 23:23:36";"DryRun";"F:\Daten\Älter\Bilder\Afrika\F65T9129.jpg";"E:\OpenCloud\Persönlich (2)\Fotos\Afrika\F65T9129.jpg";"156131";"61B9345F8586F89691B528AF236B17B31D2FF5FC25DEFB7E8F5D4BD0A1FB4EBC";"61B9345F8586F89691B528AF236B17B31D2FF5FC25DEFB7E8F5D4BD0A1FB4EBC";"Würde gelöscht werden"
"2026-09-28 23:23:36";"DryRun";"F:\Daten\Älter\Bilder\Afrika\F65T9131.jpg";"E:\OpenCloud\Persönlich (2)\Fotos\Afrika\F65T9131.jpg";"169195";"DE62B086496FEB3ADCA0DEEE9C6863EF766454C8D23CBEB67DC0122C06025694";"DE62B086496FEB3ADCA0DEEE9C6863EF766454C8D23CBEB67DC0122C06025694";"Würde gelöscht werden"
"2026-09-28 23:23:36";"DryRun";"F:\Daten\Älter\Bilder\Afrika\F65T9132.jpg";"E:\OpenCloud\Persönlich (2)\Fotos\Afrika\F65T9132.jpg";"165829";"07382E9D3B80933B8511AFAE1DC53E599111F538A2B8E7F1AB3298DA96044C48";"07382E9D3B80933B8511AFAE1DC53E599111F538A2B8E7F1AB3298DA96044C48";"Würde gelöscht werden"
"2026-09-28 23:23:36";"DryRun";"F:\Daten\Älter\Bilder\Afrika\F65T9133.jpg";"E:\OpenCloud\Persönlich (2)\Fotos\Afrika\F65T9133.jpg";"176054";"8A6C4ABA360144FAF775E26AFBFB0E14F090784817A1CE502697D86EEEA0961D";"8A6C4ABA360144FAF775E26AFBFB0E14F090784817A1CE502697D86EEEA0961D";"Würde gelöscht werden"
"2026-09-28 23:23:36";"DryRun";"F:\Daten\Älter\Bilder\Afrika\F65T9134.jpg";"E:\OpenCloud\Persönlich (2)\Fotos\Afrika\F65T9134.jpg";"173981";"47151A0C384338DB82CFA4A05F7256102E2C4D5E4DBF1670AE3C68E549A887E3";"47151A0C384338DB82CFA4A05F7256102E2C4D5E4DBF1670AE3C68E549A887E3";"Würde gelöscht werden"
"2026-09-28 23:23:36";"DryRun";"F:\Daten\Älter\Bilder\Afrika\F65T9135.jpg";"E:\OpenCloud\Persönlich (2)\Fotos\Afrika\F65T9135.jpg";"136226";"C3D57656D9E051215F73CEB0E07608E6E54123540DBFF25B18433668CC7FA0B8";"C3D57656D9E051215F73CEB0E07608E6E54123540DBFF25B18433668CC7FA0B8";"Würde gelöscht werden"
"2026-09-28 23:23:36";"DryRun";"F:\Daten\Älter\Bilder\Afrika\F65T9136.jpg";"E:\OpenCloud\Persönlich (2)\Fotos\Afrika\F65T9136.jpg";"129992";"06FB0AFFABFEC24A1F0EB93CB47850D763CDED40303A04EF01E26C78A331CC06";"06FB0AFFABFEC24A1F0EB93CB47850D763CDED40303A04EF01E26C78A331CC06";"Würde gelöscht werden"
"2026-09-28 23:23:36";"DryRun";"F:\Daten\Älter\Bilder\Afrika\F65T9137.jpg";"E:\OpenCloud\Persönlich (2)\Fotos\Afrika\F65T9137.jpg";"167991";"3BDC42957A4B9D9A7CC5EACA443A32B222E12E144DE2F20F127B178F03505202";"3BDC42957A4B9D9A7CC5EACA443A32B222E12E144DE2F20F127B178F03505202";"Würde gelöscht werden"
"2026-09-28 23:23:36";"DryRun";"F:\Daten\Älter\Bilder\Afrika\F65T9138.jpg";"E:\OpenCloud\Persönlich (2)\Fotos\Afrika\F65T9138.jpg";"136644";"CA395BBA5577F3D4DA0720483A81E86775E4D80DAB2344E725876798B7DDF33A";"CA395BBA5577F3D4DA0720483A81E86775E4D80DAB2344E725876798B7DDF33A";"Würde gelöscht werden"
"2026-09-28 23:23:36";"DryRun";"F:\Daten\Älter\Bilder\Afrika\F65T9139.jpg";"E:\OpenCloud\Persönlich (2)\Fotos\Afrika\F65T9139.jpg";"138806";"6E4A5D4175FD2B78163261574AE81C9D0B462D670758B3F3C9EE4C14E7468801";"6E4A5D4175FD2B78163261574AE81C9D0B462D670758B3F3C9EE4C14E7468801";"Würde gelöscht werden"
"2026-09-28 23:23:36";"DryRun";"F:\Daten\Älter\Bilder\Afrika\F65T9140.jpg";"E:\OpenCloud\Persönlich (2)\Fotos\Afrika\F65T9140.jpg";"118638";"404453C444263ABEE64AE2CB7036AC7F3C63A0201C4FEC423D6EE07D74894AD0";"404453C444263ABEE64AE2CB7036AC7F3C63A0201C4FEC423D6EE07D74894AD0";"Würde gelöscht werden"
"2026-09-28 23:23:36";"DryRun";"F:\Daten\Älter\Bilder\Afrika\F65T9141.jpg";"E:\OpenCloud\Persönlich (2)\Fotos\Afrika\F65T9141.jpg";"150580";"5203CEAFBA61FFA2F827ECE1EB5CEE274BEE75F0CED256EEBD109240456F1B0D";"5203CEAFBA61FFA2F827ECE1EB5CEE274BEE75F0CED256EEBD109240456F1B0D";"Würde gelöscht werden"
"2026-09-28 23:23:36";"DryRun";"F:\Daten\Älter\Bilder\Afrika\F65T9142.jpg";"E:\OpenCloud\Persönlich (2)\Fotos\Afrika\F65T9142.jpg";"126574";"2FC488578050898593ED64E01DE8C80694B86DA9285FED8D7289910B6BCDF1ED";"2FC488578050898593ED64E01DE8C80694B86DA9285FED8D7289910B6BCDF1ED";"Würde gelöscht werden"
"2026-09-28 23:23:36";"DryRun";"F:\Daten\Älter\Bilder\Afrika\F65T9143.jpg";"E:\OpenCloud\Persönlich (2)\Fotos\Afrika\F65T9143.jpg";"124304";"CDFC3A72B4D47572A67A99086A27DD29E82BDADBCE2718D8A075D739A4761AA0";"CDFC3A72B4D47572A67A99086A27DD29E82BDADBCE2718D8A075D739A4761AA0";"Würde gelöscht werden"
"2026-09-28 23:23:36";"DryRun";"F:\Daten\Älter\Bilder\Afrika\F65T9144.jpg";"E:\OpenCloud\Persönlich (2)\Fotos\Afrika\F65T9144.jpg";"125949";"089C0FF5F2EF9068B27ED60850E926FF6F9EBCA676C985107BC0231C0332952B";"089C0FF5F2EF9068B27ED60850E926FF6F9EBCA676C985107BC0231C0332952B";"Würde gelöscht werden"
"2026-09-28 23:23:36";"DryRun";"F:\Daten\Älter\Bilder\Afrika\F65T9145.jpg";"E:\OpenCloud\Persönlich (2)\Fotos\Afrika\F65T9145.jpg";"125361";"20574B0D748F10B279B4C3F88051CD3B3A1C61CE9498363F1D08552AE5DA041C";"20574B0D748F10B279B4C3F88051CD3B3A1C61CE9498363F1D08552AE5DA041C";"Würde gelöscht werden"
"2026-09-28 23:23:36";"DryRun";"F:\Daten\Älter\Bilder\Afrika\F65T9146.jpg";"E:\OpenCloud\Persönlich (2)\Fotos\Afrika\F65T9146.jpg";"124162";"A70C399FFF31FD73CD4A12230D077E03CF9D7F2050B3A39F9F5F2DE0B94EF9EE";"A70C399FFF31FD73CD4A12230D077E03CF9D7F2050B3A39F9F5F2DE0B94EF9EE";"Würde gelöscht werden"
"2026-09-28 23:23:36";"DryRun";"F:\Daten\Älter\Bilder\Afrika\F65T9147.jpg";"E:\OpenCloud\Persönlich (2)\Fotos\Afrika\F65T9147.jpg";"120984";"B6761127D7AB90D846F3360FDE67F0FF8FDC28E5399904E6B164D9E85E79BBB5";"B6761127D7AB90D846F3360FDE67F0FF8FDC28E5399904E6B164D9E85E79BBB5";"Würde gelöscht werden"
"2026-09-28 23:23:36";"DryRun";"F:\Daten\Älter\Bilder\Afrika\F65T9148.jpg";"E:\OpenCloud\Persönlich (2)\Fotos\Afrika\F65T9148.jpg";"127860";"014120462CFAB073E63B43A9330D6AAC1B5AE372D7090B352476B8A510E8B54C";"014120462CFAB073E63B43A9330D6AAC1B5AE372D7090B352476B8A510E8B54C";"Würde gelöscht werden"
"2026-09-28 23:23:36";"DryRun";"F:\Daten\Älter\Bilder\Afrika\F65T9149.jpg";"E:\OpenCloud\Persönlich (2)\Fotos\Afrika\F65T9149.jpg";"117252";"B273A2FB5FA968B012DAD7448D8731A8CEAFFDD6CE0522BD09385DC660A903D9";"B273A2FB5FA968B012DAD7448D8731A8CEAFFDD6CE0522BD09385DC660A903D9";"Würde gelöscht werden"
"2026-09-28 23:23:36";"DryRun";"F:\Daten\Älter\Bilder\Afrika\F65T9150.jpg";"E:\OpenCloud\Persönlich (2)\Fotos\Afrika\F65T9150.jpg";"120015";"2C66AEDA216D7BE756A5E9C4DF3978025AD0E5FFEDF5731CCD2329CFC5974A55";"2C66AEDA216D7BE756A5E9C4DF3978025AD0E5FFEDF5731CCD2329CFC5974A55";"Würde gelöscht werden"
"2026-09-28 23:23:36";"DryRun";"F:\Daten\Älter\Bilder\Afrika\F65T9151.jpg";"E:\OpenCloud\Persönlich (2)\Fotos\Afrika\F65T9151.jpg";"118846";"1258D815750713536103A13CF584D1C7B50BE3F48852480478C455591EDE121F";"1258D815750713536103A13CF584D1C7B50BE3F48852480478C455591EDE121F";"Würde gelöscht werden"
"2026-09-28 23:23:36";"DryRun";"F:\Daten\Älter\Bilder\Afrika\F65T9152 (2).jpg";"E:\OpenCloud\Persönlich (2)\Fotos\Afrika\F65T9152 (2).jpg";"77559";"1413EA16CFEB8253475E913C1B7A6D04DF66F8F9E36A29819C3F848CCB24F90F";"1413EA16CFEB8253475E913C1B7A6D04DF66F8F9E36A29819C3F848CCB24F90F";"Würde gelöscht werden"
"2026-09-28 23:23:37";"DryRun";"F:\Daten\Älter\Bilder\Afrika\F65T9152.jpg";"E:\OpenCloud\Persönlich (2)\Fotos\Afrika\F65T9152.jpg";"86103";"96F5A45D34F8A065312620DE8A51BFC89BD93943BA10497B6AA8BCE1C8CA5271";"96F5A45D34F8A065312620DE8A51BFC89BD93943BA10497B6AA8BCE1C8CA5271";"Würde gelöscht werden"
"2026-09-28 23:23:37";"DryRun";"F:\Daten\Älter\Bilder\Afrika\F65T9154.jpg";"E:\OpenCloud\Persönlich (2)\Fotos\Afrika\F65T9154.jpg";"82158";"27AD3A4951B15835B9E42686A608D317F8135D36C9C7DA9804214B242C284F61";"27AD3A4951B15835B9E42686A608D317F8135D36C9C7DA9804214B242C284F61";"Würde gelöscht werden"
"2026-09-28 23:23:37";"DryRun";"F:\Daten\Älter\Bilder\Afrika\F65T9155.jpg";"E:\OpenCloud\Persönlich (2)\Fotos\Afrika\F65T9155.jpg";"153284";"A9D3D94A1788DED0C46A7813D65EA6C7FC6C44728D2126E217A38030C99F93DE";"A9D3D94A1788DED0C46A7813D65EA6C7FC6C44728D2126E217A38030C99F93DE";"Würde gelöscht werden"
"2026-09-28 23:23:37";"DryRun";"F:\Daten\Älter\Bilder\Afrika\F65T9156.jpg";"E:\OpenCloud\Persönlich (2)\Fotos\Afrika\F65T9156.jpg";"123521";"B2A55CF0B7739F01CB576BB4B49DB696DB53F96219EEC221E08FB41BBF18F28D";"B2A55CF0B7739F01CB576BB4B49DB696DB53F96219EEC221E08FB41BBF18F28D";"Würde gelöscht werden"
"2026-09-28 23:23:37";"DryRun";"F:\Daten\Älter\Bilder\Afrika\F65T9157.jpg";"E:\OpenCloud\Persönlich (2)\Fotos\Afrika\F65T9157.jpg";"120695";"6F34ECC3B6C1468C5FC157340EBC8B84C6465DEAA8B0768F992CC3B045E8A0F6";"6F34ECC3B6C1468C5FC157340EBC8B84C6465DEAA8B0768F992CC3B045E8A0F6";"Würde gelöscht werden"
"2026-09-28 23:23:37";"DryRun";"F:\Daten\Älter\Bilder\Afrika\F65T9158.jpg";"E:\OpenCloud\Persönlich (2)\Fotos\Afrika\F65T9158.jpg";"128203";"A56FB2E15A9D6F4F0BEF964A9D2BE5E62F3E4BD69FAA2E1E781050D843CABFA2";"A56FB2E15A9D6F4F0BEF964A9D2BE5E62F3E4BD69FAA2E1E781050D843CABFA2";"Würde gelöscht werden"
"2026-09-28 23:23:37";"DryRun";"F:\Daten\Älter\Bilder\Afrika\F65T9159.jpg";"E:\OpenCloud\Persönlich (2)\Fotos\Afrika\F65T9159.jpg";"115592";"2EA2DA98C25434669E517E72342CB2DB795537FF8643B083AAF410EC73D09FC5";"2EA2DA98C25434669E517E72342CB2DB795537FF8643B083AAF410EC73D09FC5";"Würde gelöscht werden"
"2026-09-28 23:23:37";"DryRun";"F:\Daten\Älter\Bilder\Afrika\F65T9160.jpg";"E:\OpenCloud\Persönlich (2)\Fotos\Afrika\F65T9160.jpg";"141871";"5E269D220BE5DCE4F5A3B87DC5A7ECAB08F60DEA2F049E50309017C8D0D0495F";"5E269D220BE5DCE4F5A3B87DC5A7ECAB08F60DEA2F049E50309017C8D0D0495F";"Würde gelöscht werden"
"2026-09-28 23:23:37";"DryRun";"F:\Daten\Älter\Bilder\Afrika\F65T9161 (2).jpg";"E:\OpenCloud\Persönlich (2)\Fotos\Afrika\F65T9161 (2).jpg";"150600";"9DA1C0D28483D8F0D6CDD6C68E740EBC471EC2F9150D6AE1E42C2C252CCF1B2A";"9DA1C0D28483D8F0D6CDD6C68E740EBC471EC2F9150D6AE1E42C2C252CCF1B2A";"Würde gelöscht werden"
"2026-09-28 23:23:37";"DryRun";"F:\Daten\Älter\Bilder\Afrika\F65T9162 (2).jpg";"E:\OpenCloud\Persönlich (2)\Fotos\Afrika\F65T9162 (2).jpg";"84240";"A78E4DDDCA0AB6AD1A21644F9313C6D7A3BC9D6CBEB3F6B39355654A1150EB9C";"A78E4DDDCA0AB6AD1A21644F9313C6D7A3BC9D6CBEB3F6B39355654A1150EB9C";"Würde gelöscht werden"
"2026-09-28 23:23:37";"DryRun";"F:\Daten\Älter\Bilder\Afrika\F65T9163 (2).jpg";"E:\OpenCloud\Persönlich (2)\Fotos\Afrika\F65T9163 (2).jpg";"94947";"60993053F2B42CD134CCBA71AB16091C5592DACA36316D46E3D9B2A4B37D90CE";"60993053F2B42CD134CCBA71AB16091C5592DACA36316D46E3D9B2A4B37D90CE";"Würde gelöscht werden"
"2026-09-28 23:23:37";"DryRun";"F:\Daten\Älter\Bilder\Afrika\F65T9164 (2).jpg";"E:\OpenCloud\Persönlich (2)\Fotos\Afrika\F65T9164 (2).jpg";"171371";"4233BABD74E74D8D094BB6CF3073063E5F90B6B243FDAB059D2449E19279189C";"4233BABD74E74D8D094BB6CF3073063E5F90B6B243FDAB059D2449E19279189C";"Würde gelöscht werden"
"2026-09-28 23:23:37";"DryRun";"F:\Daten\Älter\Bilder\Afrika\F65T9165 (2).jpg";"E:\OpenCloud\Persönlich (2)\Fotos\Afrika\F65T9165 (2).jpg";"124146";"F97FCE719829626953169B0B0430EB0FBC6CB74A36A79CE40819A0DD9F962C35";"F97FCE719829626953169B0B0430EB0FBC6CB74A36A79CE40819A0DD9F962C35";"Würde gelöscht werden"
"2026-09-28 23:23:37";"DryRun";"F:\Daten\Älter\Bilder\Afrika\F65T9165.jpg";"E:\OpenCloud\Persönlich (2)\Fotos\Afrika\F65T9165.jpg";"137386";"3347333E2522162D2882BBCAB1492375731AE05DEE6A47239BCD76BF2C6257BF";"3347333E2522162D2882BBCAB1492375731AE05DEE6A47239BCD76BF2C6257BF";"Würde gelöscht werden"
"2026-09-28 23:23:37";"DryRun";"F:\Daten\Älter\Bilder\Afrika\F65T9166 (2).jpg";"E:\OpenCloud\Persönlich (2)\Fotos\Afrika\F65T9166 (2).jpg";"103526";"6671FB984AF7647AD6F6E7088C86A50349440DD072B0304FEDCC110E9200CBB2";"6671FB984AF7647AD6F6E7088C86A50349440DD072B0304FEDCC110E9200CBB2";"Würde gelöscht werden"
"2026-09-28 23:23:37";"DryRun";"F:\Daten\Älter\Bilder\Afrika\F65T9168.jpg";"E:\OpenCloud\Persönlich (2)\Fotos\Afrika\F65T9168.jpg";"126771";"6F4F708F24127B2CA7BA30D060F6FBBB715E1180E020FC2D49529E3D86914B17";"6F4F708F24127B2CA7BA30D060F6FBBB715E1180E020FC2D49529E3D86914B17";"Würde gelöscht werden"
"2026-09-28 23:23:37";"DryRun";"F:\Daten\Älter\Bilder\Afrika\F65T9170 (2).jpg";"E:\OpenCloud\Persönlich (2)\Fotos\Afrika\F65T9170 (2).jpg";"111663";"EB218CEE4E24B77B81FB6E12EDDFE6F366E0648E0AA31419FB3396C4372E2F0C";"EB218CEE4E24B77B81FB6E12EDDFE6F366E0648E0AA31419FB3396C4372E2F0C";"Würde gelöscht werden"
"2026-09-28 23:23:37";"DryRun";"F:\Daten\Älter\Bilder\Afrika\F65T9170.jpg";"E:\OpenCloud\Persönlich (2)\Fotos\Afrika\F65T9170.jpg";"127979";"DD30B7F63A8DFBA4929881BF55D7A625322A9D8F7EC2A1F2FD9A7B7E2D6D8FDB";"DD30B7F63A8DFBA4929881BF55D7A625322A9D8F7EC2A1F2FD9A7B7E2D6D8FDB";"Würde gelöscht werden"
"2026-09-28 23:23:37";"DryRun";"F:\Daten\Älter\Bilder\Afrika\F65T9172 (2).jpg";"E:\OpenCloud\Persönlich (2)\Fotos\Afrika\F65T9172 (2).jpg";"160741";"F88F86137DBF792E22A53F1F1F3959D75950D62D1E82437F80EB2C1CC9EA6124";"F88F86137DBF792E22A53F1F1F3959D75950D62D1E82437F80EB2C1CC9EA6124";"Würde gelöscht werden"
"2026-09-28 23:23:37";"DryRun";"F:\Daten\Älter\Bilder\Afrika\F65T9173 (2).jpg";"E:\OpenCloud\Persönlich (2)\Fotos\Afrika\F65T9173 (2).jpg";"105293";"2FA8625E834ADF7F9A595174C0324FF7F92DEFEE7F37C52999FAD94377AA45E2";"2FA8625E834ADF7F9A595174C0324FF7F92DEFEE7F37C52999FAD94377AA45E2";"Würde gelöscht werden"
"2026-09-28 23:23:37";"DryRun";"F:\Daten\Älter\Bilder\Afrika\F65T9173 (3).jpg";"E:\OpenCloud\Persönlich (2)\Fotos\Afrika\F65T9173 (3).jpg";"63183";"8CBE8FBD8C3B6BB2AB901916C8942545927245B5AE6DC8E52598FE76B2284AD8";"8CBE8FBD8C3B6BB2AB901916C8942545927245B5AE6DC8E52598FE76B2284AD8";"Würde gelöscht werden"
"2026-09-28 23:23:37";"DryRun";"F:\Daten\Älter\Bilder\Afrika\F65T9174 (2).jpg";"E:\OpenCloud\Persönlich (2)\Fotos\Afrika\F65T9174 (2).jpg";"110812";"ADA65BAB28154830E2B0AF58D27DFBB94DFB31221CA9550109CA94D0C64BD1DD";"ADA65BAB28154830E2B0AF58D27DFBB94DFB31221CA9550109CA94D0C64BD1DD";"Würde gelöscht werden"
"2026-09-28 23:23:37";"DryRun";"F:\Daten\Älter\Bilder\Afrika\F65T9174 (3).jpg";"E:\OpenCloud\Persönlich (2)\Fotos\Afrika\F65T9174 (3).jpg";"66284";"DF40A7C82174D7AE4DC7713E5CE7556445B869BBDB37213F50AE40610127CEDD";"DF40A7C82174D7AE4DC7713E5CE7556445B869BBDB37213F50AE40610127CEDD";"Würde gelöscht werden"
"2026-09-28 23:23:37";"DryRun";"F:\Daten\Älter\Bilder\Afrika\F65T9175 (2).jpg";"E:\OpenCloud\Persönlich (2)\Fotos\Afrika\F65T9175 (2).jpg";"77187";"AA5A5960F8AB27FB87616734627D2E821D6AC224AA6EACBA698155BBC697D40D";"AA5A5960F8AB27FB87616734627D2E821D6AC224AA6EACBA698155BBC697D40D";"Würde gelöscht werden"
"2026-09-28 23:23:37";"DryRun";"F:\Daten\Älter\Bilder\Afrika\F65T9175 (3).jpg";"E:\OpenCloud\Persönlich (2)\Fotos\Afrika\F65T9175 (3).jpg";"51133";"CBCB5E8828D3DC9B1EA396754EDD9DEC26571BD3263E168862470F0429EF7B7A";"CBCB5E8828D3DC9B1EA396754EDD9DEC26571BD3263E168862470F0429EF7B7A";"Würde gelöscht werden"
"2026-09-28 23:23:37";"DryRun";"F:\Daten\Älter\Bilder\Afrika\F65T9175 (5).jpg";"E:\OpenCloud\Persönlich (2)\Fotos\Afrika\F65T9175 (5).jpg";"69137";"6D1EC742CF1FF69B49141BC13A053A4F647A5E42211D21A73A1B5ABD5A6DDECE";"6D1EC742CF1FF69B49141BC13A053A4F647A5E42211D21A73A1B5ABD5A6DDECE";"Würde gelöscht werden"
"2026-09-28 23:23:37";"DryRun";"F:\Daten\Älter\Bilder\Afrika\IMG-20190915-WA0001.jpeg";"E:\OpenCloud\Persönlich (2)\Fotos\Afrika\IMG-20190915-WA0001.jpeg";"1190447";"F13881C9399ED1F416B8F6BDAF5A14B20ED8328C30E41C5A76A615E808ADF7C3";"F13881C9399ED1F416B8F6BDAF5A14B20ED8328C30E41C5A76A615E808ADF7C3";"Würde gelöscht werden"
"2026-09-28 23:23:37";"DryRun";"F:\Daten\Älter\Bilder\Afrika\IMG-20190916-WA0002.jpg";"E:\OpenCloud\Persönlich (2)\Fotos\Afrika\IMG-20190916-WA0002.jpg";"49532";"C793B4EA4AB39D73A3F22BF68FF989572C82C52F0E67E206D2C5F13681E131A6";"C793B4EA4AB39D73A3F22BF68FF989572C82C52F0E67E206D2C5F13681E131A6";"Würde gelöscht werden"
"2026-09-28 23:23:37";"DryRun";"F:\Daten\Älter\Bilder\Afrika\IMG-20190916-WA0004.jpg";"E:\OpenCloud\Persönlich (2)\Fotos\Afrika\IMG-20190916-WA0004.jpg";"150408";"D5E0E509CCA7F815FA43564BFBD2495EE786EAC8E376F74A47A57DD9DB4FF803";"D5E0E509CCA7F815FA43564BFBD2495EE786EAC8E376F74A47A57DD9DB4FF803";"Würde gelöscht werden"
"2026-09-28 23:23:37";"DryRun";"F:\Daten\Älter\Bilder\Afrika\IMG-20190916-WA0009.jpg";"E:\OpenCloud\Persönlich (2)\Fotos\Afrika\IMG-20190916-WA0009.jpg";"41326";"FEF6B42A54D46A91D00A3B17C90FD965DE1F238F11E5C5FECB965E677814B5BD";"FEF6B42A54D46A91D00A3B17C90FD965DE1F238F11E5C5FECB965E677814B5BD";"Würde gelöscht werden"
"2026-09-28 23:23:37";"DryRun";"F:\Daten\Älter\Bilder\Afrika\IMG-20190916-WA0010.jpg";"E:\OpenCloud\Persönlich (2)\Fotos\Afrika\IMG-20190916-WA0010.jpg";"44063";"136CEA1A112FE41B6CA7CCB2C8831C9FEF82D1275A18138373C74ACC2638D2EC";"136CEA1A112FE41B6CA7CCB2C8831C9FEF82D1275A18138373C74ACC2638D2EC";"Würde gelöscht werden"
"2026-09-28 23:23:37";"DryRun";"F:\Daten\Älter\Bilder\Afrika\IMG-20190916-WA0012.jpg";"E:\OpenCloud\Persönlich (2)\Fotos\Afrika\IMG-20190916-WA0012.jpg";"53074";"FDEA3A1FCE40F1580295BA242D44FF062B4E97A39E74264961D2E1A4A13A6795";"FDEA3A1FCE40F1580295BA242D44FF062B4E97A39E74264961D2E1A4A13A6795";"Würde gelöscht werden"
"2026-09-28 23:23:37";"DryRun";"F:\Daten\Älter\Bilder\Afrika\IMG-20190916-WA0013.jpg";"E:\OpenCloud\Persönlich (2)\Fotos\Afrika\IMG-20190916-WA0013.jpg";"54132";"FE8C87E06043A08C732F52162469F1A902846B4B7B7B9B63B51F3A912A817A1D";"FE8C87E06043A08C732F52162469F1A902846B4B7B7B9B63B51F3A912A817A1D";"Würde gelöscht werden"
"2026-09-28 23:23:37";"DryRun";"F:\Daten\Älter\Bilder\Afrika\IMG-20190916-WA0014.jpg";"E:\OpenCloud\Persönlich (2)\Fotos\Afrika\IMG-20190916-WA0014.jpg";"55072";"7D2F4B0915440F947F6265631B185FFF640EA327DEC8835620FD74588C47C7D8";"7D2F4B0915440F947F6265631B185FFF640EA327DEC8835620FD74588C47C7D8";"Würde gelöscht werden"
"2026-09-28 23:23:37";"DryRun";"F:\Daten\Älter\Bilder\Afrika\IMG-20190916-WA0020.jpg";"E:\OpenCloud\Persönlich (2)\Fotos\Afrika\IMG-20190916-WA0020.jpg";"56135";"71A9DBAA0D396B01F8FA4450E713E8CC28EBB80A39B6C4924A19F5EC4E964EC4";"71A9DBAA0D396B01F8FA4450E713E8CC28EBB80A39B6C4924A19F5EC4E964EC4";"Würde gelöscht werden"
"2026-09-28 23:23:38";"DryRun";"F:\Daten\Älter\Bilder\Afrika\IMG-20190916-WA0021.jpg";"E:\OpenCloud\Persönlich (2)\Fotos\Afrika\IMG-20190916-WA0021.jpg";"67451";"C01ABC427AD83327B78785204645BF2A2485968173DCFE711BD729E5D85AFB9B";"C01ABC427AD83327B78785204645BF2A2485968173DCFE711BD729E5D85AFB9B";"Würde gelöscht werden"
"2026-09-28 23:23:38";"DryRun";"F:\Daten\Älter\Bilder\Afrika\IMG-20190916-WA0022.jpg";"E:\OpenCloud\Persönlich (2)\Fotos\Afrika\IMG-20190916-WA0022.jpg";"78111";"B483569A57D5271A6625B70AC66331638F2CD3C9ECE66A6C4F308EA7B5D7D400";"B483569A57D5271A6625B70AC66331638F2CD3C9ECE66A6C4F308EA7B5D7D400";"Würde gelöscht werden"
"2026-09-28 23:23:38";"DryRun";"F:\Daten\Älter\Bilder\Afrika\IMG-20190916-WA0023.jpg";"E:\OpenCloud\Persönlich (2)\Fotos\Afrika\IMG-20190916-WA0023.jpg";"45409";"1AC4477ADDA2DBE373E0A1B88EC92A3714BF8692FD9759F9AFD9A27A68F2EBD8";"1AC4477ADDA2DBE373E0A1B88EC92A3714BF8692FD9759F9AFD9A27A68F2EBD8";"Würde gelöscht werden"
"2026-09-28 23:23:38";"DryRun";"F:\Daten\Älter\Bilder\Afrika\IMG-20190916-WA0024.jpg";"E:\OpenCloud\Persönlich (2)\Fotos\Afrika\IMG-20190916-WA0024.jpg";"54648";"6AA1F0EE23DE8EF8AB426DD64D88A753CE0ABB9301C6B940B66BA7C1BBEA33A6";"6AA1F0EE23DE8EF8AB426DD64D88A753CE0ABB9301C6B940B66BA7C1BBEA33A6";"Würde gelöscht werden"
"2026-09-28 23:23:38";"DryRun";"F:\Daten\Älter\Bilder\Afrika\IMG-20190916-WA0026.jpg";"E:\OpenCloud\Persönlich (2)\Fotos\Afrika\IMG-20190916-WA0026.jpg";"38678";"073B4589D2954C36A9284B6C714987A8FA05035B4CC3B3CD8E2631986CB78CC8";"073B4589D2954C36A9284B6C714987A8FA05035B4CC3B3CD8E2631986CB78CC8";"Würde gelöscht werden"
"2026-09-28 23:23:38";"DryRun";"F:\Daten\Älter\Bilder\Afrika\IMG-20190916-WA0028.jpg";"E:\OpenCloud\Persönlich (2)\Fotos\Afrika\IMG-20190916-WA0028.jpg";"38336";"1E63B75E8832D7B34501C581552BC37DCACA6D8F396EC74F5F2292B43E8FEACE";"1E63B75E8832D7B34501C581552BC37DCACA6D8F396EC74F5F2292B43E8FEACE";"Würde gelöscht werden"
"2026-09-28 23:23:38";"DryRun";"F:\Daten\Älter\Bilder\Afrika\IMG-20190916-WA0029.jpg";"E:\OpenCloud\Persönlich (2)\Fotos\Afrika\IMG-20190916-WA0029.jpg";"101314";"D4C06BD573043B32466A9757A1815307C16208A7986B7C3E3400D394E3FE940E";"D4C06BD573043B32466A9757A1815307C16208A7986B7C3E3400D394E3FE940E";"Würde gelöscht werden"
"2026-09-28 23:23:38";"DryRun";"F:\Daten\Älter\Bilder\Afrika\IMG-20190916-WA0030.jpg";"E:\OpenCloud\Persönlich (2)\Fotos\Afrika\IMG-20190916-WA0030.jpg";"45573";"192CAD7A045CD53269D21263097BE902132B117B7B32662FB3351A715B7BEF27";"192CAD7A045CD53269D21263097BE902132B117B7B32662FB3351A715B7BEF27";"Würde gelöscht werden"
"2026-09-28 23:23:38";"DryRun";"F:\Daten\Älter\Bilder\Afrika\IMG-20190916-WA0031.jpg";"E:\OpenCloud\Persönlich (2)\Fotos\Afrika\IMG-20190916-WA0031.jpg";"87716";"B8518114B050238B157BF6BDD3F26A8E7BEC980BB24964FFF996DDBDC0CD64D2";"B8518114B050238B157BF6BDD3F26A8E7BEC980BB24964FFF996DDBDC0CD64D2";"Würde gelöscht werden"
"2026-09-28 23:23:38";"DryRun";"F:\Daten\Älter\Bilder\Afrika\IMG-20190916-WA0032.jpg";"E:\OpenCloud\Persönlich (2)\Fotos\Afrika\IMG-20190916-WA0032.jpg";"134550";"44A12FB472CFDFA82295FE7A2963C6D076BB0E61F9D184EE177348726F33A83A";"44A12FB472CFDFA82295FE7A2963C6D076BB0E61F9D184EE177348726F33A83A";"Würde gelöscht werden"
"2026-09-28 23:23:38";"DryRun";"F:\Daten\Älter\Bilder\Afrika\IMG-20190916-WA0033.jpg";"E:\OpenCloud\Persönlich (2)\Fotos\Afrika\IMG-20190916-WA0033.jpg";"98541";"0E0AD4C51272B7B163C19C89F7F230658CC993837C5D5D78C6C8F2E651069895";"0E0AD4C51272B7B163C19C89F7F230658CC993837C5D5D78C6C8F2E651069895";"Würde gelöscht werden"
"2026-09-28 23:23:38";"DryRun";"F:\Daten\Älter\Bilder\Afrika\IMG-20190916-WA0034.jpg";"E:\OpenCloud\Persönlich (2)\Fotos\Afrika\IMG-20190916-WA0034.jpg";"189946";"69B8710C9642A50AF70CEBD9241E5347D985E8FDC7622B069DA24E702BCC8140";"69B8710C9642A50AF70CEBD9241E5347D985E8FDC7622B069DA24E702BCC8140";"Würde gelöscht werden"
"2026-09-28 23:23:38";"DryRun";"F:\Daten\Älter\Bilder\Afrika\IMG-20190916-WA0036.jpg";"E:\OpenCloud\Persönlich (2)\Fotos\Afrika\IMG-20190916-WA0036.jpg";"68509";"1CA4AE431EDD2614AEC43A9417ABBD86714E7DB9343E77650BD0B190EABD1377";"1CA4AE431EDD2614AEC43A9417ABBD86714E7DB9343E77650BD0B190EABD1377";"Würde gelöscht werden"
"2026-09-28 23:23:38";"DryRun";"F:\Daten\Älter\Bilder\Afrika\IMG-20190916-WA0038.jpg";"E:\OpenCloud\Persönlich (2)\Fotos\Afrika\IMG-20190916-WA0038.jpg";"51043";"1439421207E752F8D025409D8B58D8E2D7B47C4937E341B17AC4FB7004D1A3EB";"1439421207E752F8D025409D8B58D8E2D7B47C4937E341B17AC4FB7004D1A3EB";"Würde gelöscht werden"
"2026-09-28 23:23:38";"DryRun";"F:\Daten\Älter\Bilder\Afrika\IMG-20190916-WA0041.jpg";"E:\OpenCloud\Persönlich (2)\Fotos\Afrika\IMG-20190916-WA0041.jpg";"64838";"3F4AE55E4A19189340D867B75A05990D423E5684C54D64064D58492B1E06BC19";"3F4AE55E4A19189340D867B75A05990D423E5684C54D64064D58492B1E06BC19";"Würde gelöscht werden"
"2026-09-28 23:23:38";"DryRun";"F:\Daten\Älter\Bilder\Afrika\IMG-20190916-WA0042.jpg";"E:\OpenCloud\Persönlich (2)\Fotos\Afrika\IMG-20190916-WA0042.jpg";"125926";"DFDFCDCC4562203FD375A3A04EED3E49D10FCDEF08CF1CFDEA358B7DC8E312F7";"DFDFCDCC4562203FD375A3A04EED3E49D10FCDEF08CF1CFDEA358B7DC8E312F7";"Würde gelöscht werden"
"2026-09-28 23:23:38";"DryRun";"F:\Daten\Älter\Bilder\Afrika\IMG-20190916-WA0043.jpg";"E:\OpenCloud\Persönlich (2)\Fotos\Afrika\IMG-20190916-WA0043.jpg";"115901";"2DA4457EFAA7811460F85A6C457D2FC08438AD994CF36A801274E1F2E9D9A120";"2DA4457EFAA7811460F85A6C457D2FC08438AD994CF36A801274E1F2E9D9A120";"Würde gelöscht werden"
"2026-09-28 23:23:38";"DryRun";"F:\Daten\Älter\Bilder\Afrika\IMG-20190916-WA0044.jpg";"E:\OpenCloud\Persönlich (2)\Fotos\Afrika\IMG-20190916-WA0044.jpg";"118977";"94C278DE35D8485AE8E092F3BF18D5D8A4416A1E7E9A61A499E0133E7CB02802";"94C278DE35D8485AE8E092F3BF18D5D8A4416A1E7E9A61A499E0133E7CB02802";"Würde gelöscht werden"
"2026-09-28 23:23:38";"DryRun";"F:\Daten\Älter\Bilder\Afrika\IMG-20190916-WA0045.jpg";"E:\OpenCloud\Persönlich (2)\Fotos\Afrika\IMG-20190916-WA0045.jpg";"115833";"2216506D49A719F8F7226BC4290E70E82DFDB25A6BC0DBB3674447156A34D0EC";"2216506D49A719F8F7226BC4290E70E82DFDB25A6BC0DBB3674447156A34D0EC";"Würde gelöscht werden"
"2026-09-28 23:23:38";"DryRun";"F:\Daten\Älter\Bilder\Afrika\IMG-20190916-WA0050.jpg";"E:\OpenCloud\Persönlich (2)\Fotos\Afrika\IMG-20190916-WA0050.jpg";"238009";"ED37ED28BBEB922EA36764999E3053D124B5B5FEBDC56B3D5DFDACA956C4A785";"ED37ED28BBEB922EA36764999E3053D124B5B5FEBDC56B3D5DFDACA956C4A785";"Würde gelöscht werden"
"2026-09-28 23:23:38";"DryRun";"F:\Daten\Älter\Bilder\Afrika\IMG-20190916-WA0051.jpg";"E:\OpenCloud\Persönlich (2)\Fotos\Afrika\IMG-20190916-WA0051.jpg";"232122";"03E85186A6093856C757E468D5BF73CF5E15A0BACE56595C822BC348CF02C8B3";"03E85186A6093856C757E468D5BF73CF5E15A0BACE56595C822BC348CF02C8B3";"Würde gelöscht werden"
"2026-09-28 23:23:38";"DryRun";"F:\Daten\Älter\Bilder\Afrika\IMG-20190916-WA0052.jpg";"E:\OpenCloud\Persönlich (2)\Fotos\Afrika\IMG-20190916-WA0052.jpg";"260293";"9773CB2FF8E573F70AF91A21B71E179691E9671624816AE678B3D80BE096408F";"9773CB2FF8E573F70AF91A21B71E179691E9671624816AE678B3D80BE096408F";"Würde gelöscht werden"
"2026-09-28 23:23:38";"DryRun";"F:\Daten\Älter\Bilder\Afrika\IMG-20190916-WA0054.jpg";"E:\OpenCloud\Persönlich (2)\Fotos\Afrika\IMG-20190916-WA0054.jpg";"126433";"E0BB376272D4D563173058EF8C602CEE37DF08FB5B0A6E58EC3F7512C7202579";"E0BB376272D4D563173058EF8C602CEE37DF08FB5B0A6E58EC3F7512C7202579";"Würde gelöscht werden"
"2026-09-28 23:23:38";"DryRun";"F:\Daten\Älter\Bilder\Afrika\IMG-20190916-WA0055.jpg";"E:\OpenCloud\Persönlich (2)\Fotos\Afrika\IMG-20190916-WA0055.jpg";"117966";"3E474A8EFBD8F697F70BC15098EE49228BC7E1210A1E2477BF04488261F4D946";"3E474A8EFBD8F697F70BC15098EE49228BC7E1210A1E2477BF04488261F4D946";"Würde gelöscht werden"
"2026-09-28 23:23:38";"DryRun";"F:\Daten\Älter\Bilder\Afrika\IMG-20190916-WA0056.jpg";"E:\OpenCloud\Persönlich (2)\Fotos\Afrika\IMG-20190916-WA0056.jpg";"155351";"7D4F1EF4E9DAE409C2BC3CA10BA263B639605663638C6F4E22A4CDCFE5469D60";"7D4F1EF4E9DAE409C2BC3CA10BA263B639605663638C6F4E22A4CDCFE5469D60";"Würde gelöscht werden"
"2026-09-28 23:23:38";"DryRun";"F:\Daten\Älter\Bilder\Afrika\IMG-20190916-WA0057.jpg";"E:\OpenCloud\Persönlich (2)\Fotos\Afrika\IMG-20190916-WA0057.jpg";"129060";"87E2AFE8CDC6E875D6657DA0B5C528480FBC008317A012054FCE4F9D5BA7861A";"87E2AFE8CDC6E875D6657DA0B5C528480FBC008317A012054FCE4F9D5BA7861A";"Würde gelöscht werden"
"2026-09-28 23:23:38";"DryRun";"F:\Daten\Älter\Bilder\Afrika\IMG-20190916-WA0059.jpg";"E:\OpenCloud\Persönlich (2)\Fotos\Afrika\IMG-20190916-WA0059.jpg";"96816";"2F5513AA83E427A0C7756CB0504A232B00391A228A017875077DFB7CB0B46862";"2F5513AA83E427A0C7756CB0504A232B00391A228A017875077DFB7CB0B46862";"Würde gelöscht werden"
"2026-09-28 23:23:38";"DryRun";"F:\Daten\Älter\Bilder\Afrika\IMG-20190916-WA0060.jpg";"E:\OpenCloud\Persönlich (2)\Fotos\Afrika\IMG-20190916-WA0060.jpg";"105073";"2CA145E46E1F5F16F9F8DED076C14E1AF74657852FD5632E37DB958EAF52FD9B";"2CA145E46E1F5F16F9F8DED076C14E1AF74657852FD5632E37DB958EAF52FD9B";"Würde gelöscht werden"
"2026-09-28 23:23:38";"DryRun";"F:\Daten\Älter\Bilder\Afrika\IMG-20190916-WA0061.jpg";"E:\OpenCloud\Persönlich (2)\Fotos\Afrika\IMG-20190916-WA0061.jpg";"173441";"D7B851CEDCF5DE9B9B0E139215AF36A4FA01F85B0DF79FAD6F6E7DCCC207742C";"D7B851CEDCF5DE9B9B0E139215AF36A4FA01F85B0DF79FAD6F6E7DCCC207742C";"Würde gelöscht werden"
"2026-09-28 23:23:38";"DryRun";"F:\Daten\Älter\Bilder\Afrika\IMG-20190916-WA0062.jpg";"E:\OpenCloud\Persönlich (2)\Fotos\Afrika\IMG-20190916-WA0062.jpg";"133111";"10BC13D6C3DF99366CB92B0071034B6BD1FFB54894CA94508D7CC306A00AA899";"10BC13D6C3DF99366CB92B0071034B6BD1FFB54894CA94508D7CC306A00AA899";"Würde gelöscht werden"
"2026-09-28 23:23:39";"DryRun";"F:\Daten\Älter\Bilder\Afrika\IMG-20190916-WA0064.jpg";"E:\OpenCloud\Persönlich (2)\Fotos\Afrika\IMG-20190916-WA0064.jpg";"193069";"5D8BE2032639B1D103982C86AA3DDE4A48743894F2E6048EB1617B70AAA2D31D";"5D8BE2032639B1D103982C86AA3DDE4A48743894F2E6048EB1617B70AAA2D31D";"Würde gelöscht werden"
"2026-09-28 23:23:39";"DryRun";"F:\Daten\Älter\Bilder\Afrika\IMG-20190916-WA0065.jpg";"E:\OpenCloud\Persönlich (2)\Fotos\Afrika\IMG-20190916-WA0065.jpg";"89085";"6A3627B36B54EACA05B6D3CC6F0B1E2274D0AC3E8AC0AF70C36F86AB67CF5746";"6A3627B36B54EACA05B6D3CC6F0B1E2274D0AC3E8AC0AF70C36F86AB67CF5746";"Würde gelöscht werden"
"2026-09-28 23:23:39";"DryRun";"F:\Daten\Älter\Bilder\Afrika\IMG-20190916-WA0066.jpg";"E:\OpenCloud\Persönlich (2)\Fotos\Afrika\IMG-20190916-WA0066.jpg";"135539";"77B98099E391ECF0A80C94412E13E61805ECAA827BE2DBF11198ACCE48F15722";"77B98099E391ECF0A80C94412E13E61805ECAA827BE2DBF11198ACCE48F15722";"Würde gelöscht werden"
"2026-09-28 23:23:39";"DryRun";"F:\Daten\Älter\Bilder\Afrika\IMG-20190916-WA0067.jpg";"E:\OpenCloud\Persönlich (2)\Fotos\Afrika\IMG-20190916-WA0067.jpg";"126059";"968346F1A0C7A10ADED57F914619CF6ECFB7162E708772C54BFB86CB3E8D98DB";"968346F1A0C7A10ADED57F914619CF6ECFB7162E708772C54BFB86CB3E8D98DB";"Würde gelöscht werden"
"2026-09-28 23:23:39";"DryRun";"F:\Daten\Älter\Bilder\Afrika\IMG-20190916-WA0068.jpg";"E:\OpenCloud\Persönlich (2)\Fotos\Afrika\IMG-20190916-WA0068.jpg";"111282";"9095F09E90A124C347852241A3569FF123F14E1213179FAE90099BB386CF626A";"9095F09E90A124C347852241A3569FF123F14E1213179FAE90099BB386CF626A";"Würde gelöscht werden"
"2026-09-28 23:23:39";"DryRun";"F:\Daten\Älter\Bilder\Afrika\IMG-20190916-WA0070.jpg";"E:\OpenCloud\Persönlich (2)\Fotos\Afrika\IMG-20190916-WA0070.jpg";"105354";"0DE6A03F515FFD7DE492B58F68D7A9A2F05193E2D7F990BA5BF6D3335B645F1F";"0DE6A03F515FFD7DE492B58F68D7A9A2F05193E2D7F990BA5BF6D3335B645F1F";"Würde gelöscht werden"
"2026-09-28 23:23:39";"DryRun";"F:\Daten\Älter\Bilder\Afrika\IMG-20190916-WA0071.jpg";"E:\OpenCloud\Persönlich (2)\Fotos\Afrika\IMG-20190916-WA0071.jpg";"120184";"99DAF460D6F34ED755445F802F8FDB15ECB159B6BA7ACEC2CCA11D28A2ADBF30";"99DAF460D6F34ED755445F802F8FDB15ECB159B6BA7ACEC2CCA11D28A2ADBF30";"Würde gelöscht werden"
"2026-09-28 23:23:39";"DryRun";"F:\Daten\Älter\Bilder\Afrika\IMG-20190916-WA0072.jpg";"E:\OpenCloud\Persönlich (2)\Fotos\Afrika\IMG-20190916-WA0072.jpg";"213269";"3DA6A3CE96462C1F4942D064D720099666E101471919C7979A813148F6183D73";"3DA6A3CE96462C1F4942D064D720099666E101471919C7979A813148F6183D73";"Würde gelöscht werden"
"2026-09-28 23:23:39";"DryRun";"F:\Daten\Älter\Bilder\Afrika\IMG-20190916-WA0078.jpg";"E:\OpenCloud\Persönlich (2)\Fotos\Afrika\IMG-20190916-WA0078.jpg";"163454";"754E05B37544174AB1DBF86A74F35EAE41C5442B952030EE441A6842FDE723EC";"754E05B37544174AB1DBF86A74F35EAE41C5442B952030EE441A6842FDE723EC";"Würde gelöscht werden"
"2026-09-28 23:23:39";"DryRun";"F:\Daten\Älter\Bilder\Afrika\IMG-20190916-WA0079.jpg";"E:\OpenCloud\Persönlich (2)\Fotos\Afrika\IMG-20190916-WA0079.jpg";"120471";"663C80C581B3C93373E3AFC3A678BC2F3FD7E974123BC201C9CC1DD75525A8E6";"663C80C581B3C93373E3AFC3A678BC2F3FD7E974123BC201C9CC1DD75525A8E6";"Würde gelöscht werden"
"2026-09-28 23:23:39";"DryRun";"F:\Daten\Älter\Bilder\Afrika\IMG-20190916-WA0080.jpg";"E:\OpenCloud\Persönlich (2)\Fotos\Afrika\IMG-20190916-WA0080.jpg";"105326";"FBE1DF6CD572FB5C48A0D69DA9305C47A64E67501345CD0668DB986220BA77C4";"FBE1DF6CD572FB5C48A0D69DA9305C47A64E67501345CD0668DB986220BA77C4";"Würde gelöscht werden"
"2026-09-28 23:23:39";"DryRun";"F:\Daten\Älter\Bilder\Afrika\IMG-20190916-WA0082.jpg";"E:\OpenCloud\Persönlich (2)\Fotos\Afrika\IMG-20190916-WA0082.jpg";"226514";"4FE5700D792136765487564AAFEB32FC1D1526F84B613186B18B5ABDA81FB703";"4FE5700D792136765487564AAFEB32FC1D1526F84B613186B18B5ABDA81FB703";"Würde gelöscht werden"
"2026-09-28 23:23:39";"DryRun";"F:\Daten\Älter\Bilder\Afrika\IMG-20190916-WA0083.jpg";"E:\OpenCloud\Persönlich (2)\Fotos\Afrika\IMG-20190916-WA0083.jpg";"182017";"63436E772913BA0863F645F22546B9E05306F9D6CC02445B3E06DB42043E55BD";"63436E772913BA0863F645F22546B9E05306F9D6CC02445B3E06DB42043E55BD";"Würde gelöscht werden"
"2026-09-28 23:23:39";"DryRun";"F:\Daten\Älter\Bilder\Afrika\IMG-20190916-WA0088.jpg";"E:\OpenCloud\Persönlich (2)\Fotos\Afrika\IMG-20190916-WA0088.jpg";"231652";"0591705ABAE32F7099742548FEF3BB7F116C6D600C09DA2376A2CC64878E87D7";"0591705ABAE32F7099742548FEF3BB7F116C6D600C09DA2376A2CC64878E87D7";"Würde gelöscht werden"
"2026-09-28 23:23:39";"DryRun";"F:\Daten\Älter\Bilder\Afrika\IMG-20190916-WA0089.jpg";"E:\OpenCloud\Persönlich (2)\Fotos\Afrika\IMG-20190916-WA0089.jpg";"155885";"DC9DC3A74C28B91C17E988D025B462685CA94D8AAC5FCDFDE9A731BB73B03DAA";"DC9DC3A74C28B91C17E988D025B462685CA94D8AAC5FCDFDE9A731BB73B03DAA";"Würde gelöscht werden"
"2026-09-28 23:23:39";"DryRun";"F:\Daten\Älter\Bilder\Afrika\IMG-20190916-WA0090.jpg";"E:\OpenCloud\Persönlich (2)\Fotos\Afrika\IMG-20190916-WA0090.jpg";"282852";"F38F1E0F9750D53E2A04FF0BE2A20E5DB4D71ADC04F178F4A2B0E1E9880D5927";"F38F1E0F9750D53E2A04FF0BE2A20E5DB4D71ADC04F178F4A2B0E1E9880D5927";"Würde gelöscht werden"
"2026-09-28 23:23:39";"DryRun";"F:\Daten\Älter\Bilder\Afrika\IMG-20190916-WA0091.jpg";"E:\OpenCloud\Persönlich (2)\Fotos\Afrika\IMG-20190916-WA0091.jpg";"182462";"0D45B567D5F52E33883AFC5F3F3A95392216250F7437D8A80DDA539170EB563B";"0D45B567D5F52E33883AFC5F3F3A95392216250F7437D8A80DDA539170EB563B";"Würde gelöscht werden"
"2026-09-28 23:23:39";"DryRun";"F:\Daten\Älter\Bilder\Afrika\IMG-20190916-WA0092.jpg";"E:\OpenCloud\Persönlich (2)\Fotos\Afrika\IMG-20190916-WA0092.jpg";"118840";"583C779D144FF9371DD3D3AE2782967C3F401F38A79A901543FBA8E62925CC02";"583C779D144FF9371DD3D3AE2782967C3F401F38A79A901543FBA8E62925CC02";"Würde gelöscht werden"
"2026-09-28 23:23:39";"DryRun";"F:\Daten\Älter\Bilder\Afrika\IMG-20190916-WA0093.jpg";"E:\OpenCloud\Persönlich (2)\Fotos\Afrika\IMG-20190916-WA0093.jpg";"149651";"8A438FC41D6D136D0F06FACD52AF36F5F741769A15153E340D71F15D7F912F4B";"8A438FC41D6D136D0F06FACD52AF36F5F741769A15153E340D71F15D7F912F4B";"Würde gelöscht werden"
"2026-09-28 23:23:39";"DryRun";"F:\Daten\Älter\Bilder\Afrika\IMG-20190916-WA0094.jpg";"E:\OpenCloud\Persönlich (2)\Fotos\Afrika\IMG-20190916-WA0094.jpg";"82424";"2A9D98DD273C6E737FBF61658D688544EB3E33F7BE47C2F428A86BB6884A7EC9";"2A9D98DD273C6E737FBF61658D688544EB3E33F7BE47C2F428A86BB6884A7EC9";"Würde gelöscht werden"
"2026-09-28 23:23:39";"DryRun";"F:\Daten\Älter\Bilder\Afrika\IMG-20190916-WA0095.jpg";"E:\OpenCloud\Persönlich (2)\Fotos\Afrika\IMG-20190916-WA0095.jpg";"226905";"06CFDAA8C0AB47F31509B47D1C84E3BB348ABE1A4C1AB7B116E25D6754016E07";"06CFDAA8C0AB47F31509B47D1C84E3BB348ABE1A4C1AB7B116E25D6754016E07";"Würde gelöscht werden"
"2026-09-28 23:23:39";"DryRun";"F:\Daten\Älter\Bilder\Afrika\IMG-20190916-WA0096.jpg";"E:\OpenCloud\Persönlich (2)\Fotos\Afrika\IMG-20190916-WA0096.jpg";"174885";"D071A548157B3E46F88E250CDE656DBDFC33AD644897ACE048C2EA601ECE3F0E";"D071A548157B3E46F88E250CDE656DBDFC33AD644897ACE048C2EA601ECE3F0E";"Würde gelöscht werden"
"2026-09-28 23:23:39";"DryRun";"F:\Daten\Älter\Bilder\Afrika\IMG-20190916-WA0097.jpg";"E:\OpenCloud\Persönlich (2)\Fotos\Afrika\IMG-20190916-WA0097.jpg";"184493";"CFD1742A42E723D345ABD57D34EAA195B53818C94737E94E754CE3A97C3C805E";"CFD1742A42E723D345ABD57D34EAA195B53818C94737E94E754CE3A97C3C805E";"Würde gelöscht werden"
"2026-09-28 23:23:39";"DryRun";"F:\Daten\Älter\Bilder\Afrika\IMG-20190916-WA0098.jpg";"E:\OpenCloud\Persönlich (2)\Fotos\Afrika\IMG-20190916-WA0098.jpg";"172371";"64170FC9C95F2B13E7F21E9962307ED28D808BED1C543DAA1C8F7AF75ECF5DA1";"64170FC9C95F2B13E7F21E9962307ED28D808BED1C543DAA1C8F7AF75ECF5DA1";"Würde gelöscht werden"
"2026-09-28 23:23:39";"DryRun";"F:\Daten\Älter\Bilder\Afrika\IMG-20190916-WA0099.jpg";"E:\OpenCloud\Persönlich (2)\Fotos\Afrika\IMG-20190916-WA0099.jpg";"431581";"450498C961BDCB0C634D15812C09801E867555E0BF08B6480484F9331DD46AEC";"450498C961BDCB0C634D15812C09801E867555E0BF08B6480484F9331DD46AEC";"Würde gelöscht werden"
"2026-09-28 23:23:39";"DryRun";"F:\Daten\Älter\Bilder\Afrika\IMG-20190916-WA0100.jpg";"E:\OpenCloud\Persönlich (2)\Fotos\Afrika\IMG-20190916-WA0100.jpg";"97127";"8D49F0FEBC4BE7AAC95D104E3614A7444476B92B785A33F9D7B078A956ECA249";"8D49F0FEBC4BE7AAC95D104E3614A7444476B92B785A33F9D7B078A956ECA249";"Würde gelöscht werden"
"2026-09-28 23:23:39";"DryRun";"F:\Daten\Älter\Bilder\Afrika\IMG-20190916-WA0101.jpg";"E:\OpenCloud\Persönlich (2)\Fotos\Afrika\IMG-20190916-WA0101.jpg";"150209";"157453229F512664500A631833D8B40459C42842CA93FB936C4FFEF7E87033B0";"157453229F512664500A631833D8B40459C42842CA93FB936C4FFEF7E87033B0";"Würde gelöscht werden"
"2026-09-28 23:23:39";"DryRun";"F:\Daten\Älter\Bilder\Afrika\IMG-20190916-WA0102.jpg";"E:\OpenCloud\Persönlich (2)\Fotos\Afrika\IMG-20190916-WA0102.jpg";"110869";"3C3AC0448F686FC2903CB869906E335F3F4D6DD91E9DC7CAEE0597736C182AB2";"3C3AC0448F686FC2903CB869906E335F3F4D6DD91E9DC7CAEE0597736C182AB2";"Würde gelöscht werden"
"2026-09-28 23:23:39";"DryRun";"F:\Daten\Älter\Bilder\Afrika\IMG-20190916-WA0103.jpg";"E:\OpenCloud\Persönlich (2)\Fotos\Afrika\IMG-20190916-WA0103.jpg";"332727";"8660D1420271EA001ACD1839327A8A050A63615C66136F63F245CB0BD33205FB";"8660D1420271EA001ACD1839327A8A050A63615C66136F63F245CB0BD33205FB";"Würde gelöscht werden"
"2026-09-28 23:23:40";"DryRun";"F:\Daten\Älter\Bilder\Afrika\IMG-20190916-WA0104.jpg";"E:\OpenCloud\Persönlich (2)\Fotos\Afrika\IMG-20190916-WA0104.jpg";"172355";"A14F5634EB78E2C8281F52C845709853F373E2A3AFCE4A5803BDAF4692863A02";"A14F5634EB78E2C8281F52C845709853F373E2A3AFCE4A5803BDAF4692863A02";"Würde gelöscht werden"
"2026-09-28 23:23:40";"DryRun";"F:\Daten\Älter\Bilder\Afrika\IMG-20190916-WA0105.jpg";"E:\OpenCloud\Persönlich (2)\Fotos\Afrika\IMG-20190916-WA0105.jpg";"141139";"11E3692C6AB52EDDD4FB5DC13C5E8DD5BDDD1E8283CFEE0C5755BCD18E56E41D";"11E3692C6AB52EDDD4FB5DC13C5E8DD5BDDD1E8283CFEE0C5755BCD18E56E41D";"Würde gelöscht werden"
"2026-09-28 23:23:40";"DryRun";"F:\Daten\Älter\Bilder\Afrika\IMG-20190916-WA0106.jpg";"E:\OpenCloud\Persönlich (2)\Fotos\Afrika\IMG-20190916-WA0106.jpg";"360017";"0026E4C9EC1841F6420E6E34C66E93807AB529F81DEFA24D28D639EADE34A6DA";"0026E4C9EC1841F6420E6E34C66E93807AB529F81DEFA24D28D639EADE34A6DA";"Würde gelöscht werden"
"2026-09-28 23:23:40";"DryRun";"F:\Daten\Älter\Bilder\Afrika\IMG-20190916-WA0107.jpg";"E:\OpenCloud\Persönlich (2)\Fotos\Afrika\IMG-20190916-WA0107.jpg";"199716";"51C6FCDAB1645221D8284F43D60CDF28A35BD94D67BF704934F6B9803493551B";"51C6FCDAB1645221D8284F43D60CDF28A35BD94D67BF704934F6B9803493551B";"Würde gelöscht werden"
"2026-09-28 23:23:40";"DryRun";"F:\Daten\Älter\Bilder\Afrika\IMG-20190916-WA0108.jpg";"E:\OpenCloud\Persönlich (2)\Fotos\Afrika\IMG-20190916-WA0108.jpg";"79183";"157971E145C3064980C36DA3DDD0D586F5D4B6768BF9AF9D0E0617B4D0664A95";"157971E145C3064980C36DA3DDD0D586F5D4B6768BF9AF9D0E0617B4D0664A95";"Würde gelöscht werden"
"2026-09-28 23:23:40";"DryRun";"F:\Daten\Älter\Bilder\Afrika\IMG-20190916-WA0109.jpg";"E:\OpenCloud\Persönlich (2)\Fotos\Afrika\IMG-20190916-WA0109.jpg";"135600";"08A1AB187BAA0FEE2E13E61998552C01E80F00098282D3A3592A4939C6A62169";"08A1AB187BAA0FEE2E13E61998552C01E80F00098282D3A3592A4939C6A62169";"Würde gelöscht werden"
"2026-09-28 23:23:40";"DryRun";"F:\Daten\Älter\Bilder\Afrika\IMG-20190916-WA0110.jpg";"E:\OpenCloud\Persönlich (2)\Fotos\Afrika\IMG-20190916-WA0110.jpg";"93684";"4A597788F6E03C36304B21BC22BC0F4FE794F03FCF6F4078C729FEB09A1DD812";"4A597788F6E03C36304B21BC22BC0F4FE794F03FCF6F4078C729FEB09A1DD812";"Würde gelöscht werden"
"2026-09-28 23:23:40";"DryRun";"F:\Daten\Älter\Bilder\Afrika\IMG-20190916-WA0111.jpg";"E:\OpenCloud\Persönlich (2)\Fotos\Afrika\IMG-20190916-WA0111.jpg";"284200";"62B27EC29C717833F837874B1BAE8F3AB4B83DB4C5D4AB6C3B380D3735276428";"62B27EC29C717833F837874B1BAE8F3AB4B83DB4C5D4AB6C3B380D3735276428";"Würde gelöscht werden"
"2026-09-28 23:23:40";"DryRun";"F:\Daten\Älter\Bilder\Afrika\IMG-20190916-WA0112.jpg";"E:\OpenCloud\Persönlich (2)\Fotos\Afrika\IMG-20190916-WA0112.jpg";"86988";"23C0E5A79DACA2DDF59A2CCD03FED09EB5A12105735C247775D9F26292EA8AC5";"23C0E5A79DACA2DDF59A2CCD03FED09EB5A12105735C247775D9F26292EA8AC5";"Würde gelöscht werden"
"2026-09-28 23:23:40";"DryRun";"F:\Daten\Älter\Bilder\Afrika\IMG-20190916-WA0113.jpg";"E:\OpenCloud\Persönlich (2)\Fotos\Afrika\IMG-20190916-WA0113.jpg";"261363";"98DB1461D4694FEC87D376EB8B582CF3BEC733FB31D48F3BC038A1FBC6850313";"98DB1461D4694FEC87D376EB8B582CF3BEC733FB31D48F3BC038A1FBC6850313";"Würde gelöscht werden"
"2026-09-28 23:23:40";"DryRun";"F:\Daten\Älter\Bilder\Afrika\IMG-20190916-WA0114.jpg";"E:\OpenCloud\Persönlich (2)\Fotos\Afrika\IMG-20190916-WA0114.jpg";"122816";"B5E4AE8EFA67371019542A565C1C7EFF1DBFB54665A619ED25168B598DC64839";"B5E4AE8EFA67371019542A565C1C7EFF1DBFB54665A619ED25168B598DC64839";"Würde gelöscht werden"
"2026-09-28 23:23:40";"DryRun";"F:\Daten\Älter\Bilder\Afrika\IMG-20190916-WA0115.jpg";"E:\OpenCloud\Persönlich (2)\Fotos\Afrika\IMG-20190916-WA0115.jpg";"170177";"650EB6EE878E5614AA8A7E2AD145493024F2C320CCAB2453325D0AE21280B2CF";"650EB6EE878E5614AA8A7E2AD145493024F2C320CCAB2453325D0AE21280B2CF";"Würde gelöscht werden"
"2026-09-28 23:23:40";"DryRun";"F:\Daten\Älter\Bilder\Afrika\IMG-20190916-WA0116.jpg";"E:\OpenCloud\Persönlich (2)\Fotos\Afrika\IMG-20190916-WA0116.jpg";"122743";"6D35501A7471392E82BE3FF9DE18827607A873BF3000B110A5AC138BEDC78EB7";"6D35501A7471392E82BE3FF9DE18827607A873BF3000B110A5AC138BEDC78EB7";"Würde gelöscht werden"
"2026-09-28 23:23:40";"DryRun";"F:\Daten\Älter\Bilder\Afrika\IMG-20190916-WA0117.jpg";"E:\OpenCloud\Persönlich (2)\Fotos\Afrika\IMG-20190916-WA0117.jpg";"124403";"9DEAB701E53A6E612DCCEA0EBFE4C8D03A28BD1BE7B6B3997A6FE5ABBA19F6A8";"9DEAB701E53A6E612DCCEA0EBFE4C8D03A28BD1BE7B6B3997A6FE5ABBA19F6A8";"Würde gelöscht werden"
"2026-09-28 23:23:40";"DryRun";"F:\Daten\Älter\Bilder\Afrika\IMG-20190916-WA0118.jpg";"E:\OpenCloud\Persönlich (2)\Fotos\Afrika\IMG-20190916-WA0118.jpg";"108571";"5D0825000B8FB40C03882AB9D5F8C7F13F884653644174829AD5F0B735A256F8";"5D0825000B8FB40C03882AB9D5F8C7F13F884653644174829AD5F0B735A256F8";"Würde gelöscht werden"
"2026-09-28 23:23:40";"DryRun";"F:\Daten\Älter\Bilder\Afrika\IMG-20190916-WA0119.jpg";"E:\OpenCloud\Persönlich (2)\Fotos\Afrika\IMG-20190916-WA0119.jpg";"208965";"7567E015EAA439C2608CC8003CB6F3E2655F0515CE0E91D96981A245CE2CE8F9";"7567E015EAA439C2608CC8003CB6F3E2655F0515CE0E91D96981A245CE2CE8F9";"Würde gelöscht werden"
"2026-09-28 23:23:40";"DryRun";"F:\Daten\Älter\Bilder\Afrika\IMG-20190916-WA0120.jpg";"E:\OpenCloud\Persönlich (2)\Fotos\Afrika\IMG-20190916-WA0120.jpg";"100559";"28FDAE2F048646B452DD9B50EF97DE94034859B314877B528B9AE3C23CE8A02F";"28FDAE2F048646B452DD9B50EF97DE94034859B314877B528B9AE3C23CE8A02F";"Würde gelöscht werden"
"2026-09-28 23:23:40";"DryRun";"F:\Daten\Älter\Bilder\Afrika\IMG-20190916-WA0121.jpg";"E:\OpenCloud\Persönlich (2)\Fotos\Afrika\IMG-20190916-WA0121.jpg";"71131";"2D5E04C2D37703B3736A1C213F5C72560EB684F55818A5BB3DCE76358449DCE8";"2D5E04C2D37703B3736A1C213F5C72560EB684F55818A5BB3DCE76358449DCE8";"Würde gelöscht werden"
"2026-09-28 23:23:40";"DryRun";"F:\Daten\Älter\Bilder\Afrika\IMG-20190916-WA0122.jpg";"E:\OpenCloud\Persönlich (2)\Fotos\Afrika\IMG-20190916-WA0122.jpg";"142720";"026F6836EA45EBE9E1B10AF9FFB97256A3ED9C473AEE9788A6B8E5FB7A1E93C9";"026F6836EA45EBE9E1B10AF9FFB97256A3ED9C473AEE9788A6B8E5FB7A1E93C9";"Würde gelöscht werden"
"2026-09-28 23:23:40";"DryRun";"F:\Daten\Älter\Bilder\Afrika\IMG-20190916-WA0123.jpg";"E:\OpenCloud\Persönlich (2)\Fotos\Afrika\IMG-20190916-WA0123.jpg";"98858";"88A2F0629502329F02534991057CA1BADA002564F180496DB81EDF11EFD94BF3";"88A2F0629502329F02534991057CA1BADA002564F180496DB81EDF11EFD94BF3";"Würde gelöscht werden"
"2026-09-28 23:23:40";"DryRun";"F:\Daten\Älter\Bilder\Afrika\IMG-20190916-WA0124.jpg";"E:\OpenCloud\Persönlich (2)\Fotos\Afrika\IMG-20190916-WA0124.jpg";"89893";"40CBDE0183757A74CE4F5B44F42D52C6EA38059231B7F0595DCEDABA1E8F8DBE";"40CBDE0183757A74CE4F5B44F42D52C6EA38059231B7F0595DCEDABA1E8F8DBE";"Würde gelöscht werden"
"2026-09-28 23:23:40";"DryRun";"F:\Daten\Älter\Bilder\Afrika\IMG-20190916-WA0125.jpg";"E:\OpenCloud\Persönlich (2)\Fotos\Afrika\IMG-20190916-WA0125.jpg";"100942";"A69391565932E5BC8AA45D029FD11E1A91081CF3E4230F4E995F6FF3D403CBC4";"A69391565932E5BC8AA45D029FD11E1A91081CF3E4230F4E995F6FF3D403CBC4";"Würde gelöscht werden"
"2026-09-28 23:23:40";"DryRun";"F:\Daten\Älter\Bilder\Afrika\IMG-20190916-WA0126.jpg";"E:\OpenCloud\Persönlich (2)\Fotos\Afrika\IMG-20190916-WA0126.jpg";"100106";"42896BC621DAE579EC243863A3AE7EE5316C8302BDCCAF8D9AE048A1835FF1D4";"42896BC621DAE579EC243863A3AE7EE5316C8302BDCCAF8D9AE048A1835FF1D4";"Würde gelöscht werden"
"2026-09-28 23:23:40";"DryRun";"F:\Daten\Älter\Bilder\Afrika\IMG-20190916-WA0127.jpg";"E:\OpenCloud\Persönlich (2)\Fotos\Afrika\IMG-20190916-WA0127.jpg";"136971";"D99FB36FF5AEE0F713DF1C9350E101D859567E87AD2FF4430A5CB3BA88B5457F";"D99FB36FF5AEE0F713DF1C9350E101D859567E87AD2FF4430A5CB3BA88B5457F";"Würde gelöscht werden"
"2026-09-28 23:23:40";"DryRun";"F:\Daten\Älter\Bilder\Afrika\IMG-20190916-WA0128.jpg";"E:\OpenCloud\Persönlich (2)\Fotos\Afrika\IMG-20190916-WA0128.jpg";"183592";"5B0D012ADE08235D83EF0703196596FFB7CDC8A4CE7721B4B64B64F6AF74CEEA";"5B0D012ADE08235D83EF0703196596FFB7CDC8A4CE7721B4B64B64F6AF74CEEA";"Würde gelöscht werden"
"2026-09-28 23:23:40";"DryRun";"F:\Daten\Älter\Bilder\Afrika\IMG-20190916-WA0129.jpg";"E:\OpenCloud\Persönlich (2)\Fotos\Afrika\IMG-20190916-WA0129.jpg";"46916";"FDFB8C33296E3A6D9B5E189B199E23E1F4C883A313D28AA78B2BD884A16935D6";"FDFB8C33296E3A6D9B5E189B199E23E1F4C883A313D28AA78B2BD884A16935D6";"Würde gelöscht werden"
"2026-09-28 23:23:40";"DryRun";"F:\Daten\Älter\Bilder\Afrika\IMG-20190916-WA0130.jpg";"E:\OpenCloud\Persönlich (2)\Fotos\Afrika\IMG-20190916-WA0130.jpg";"102386";"73A7B5EA6203FECC685E2C58633022EA3E95DC6D1891BF687EE45C61DEFD4A99";"73A7B5EA6203FECC685E2C58633022EA3E95DC6D1891BF687EE45C61DEFD4A99";"Würde gelöscht werden"
"2026-09-28 23:23:40";"DryRun";"F:\Daten\Älter\Bilder\Afrika\IMG-20190916-WA0131.jpg";"E:\OpenCloud\Persönlich (2)\Fotos\Afrika\IMG-20190916-WA0131.jpg";"67156";"6A867C8EE8776BE20829667A154525343A5D5746DA1338302E8F31E7EF69C15F";"6A867C8EE8776BE20829667A154525343A5D5746DA1338302E8F31E7EF69C15F";"Würde gelöscht werden"
"2026-09-28 23:23:40";"DryRun";"F:\Daten\Älter\Bilder\Afrika\IMG-20190916-WA0132.jpg";"E:\OpenCloud\Persönlich (2)\Fotos\Afrika\IMG-20190916-WA0132.jpg";"88975";"E97B601FCFBB7E8823632168EAAC7611EFEDAA40C180FEBBF5C1C1469D1D0505";"E97B601FCFBB7E8823632168EAAC7611EFEDAA40C180FEBBF5C1C1469D1D0505";"Würde gelöscht werden"
"2026-09-28 23:23:40";"DryRun";"F:\Daten\Älter\Bilder\Afrika\IMG-20190916-WA0133.jpg";"E:\OpenCloud\Persönlich (2)\Fotos\Afrika\IMG-20190916-WA0133.jpg";"99658";"01C7FEB90FF47992F6B94A919B67E912828AD11007FA6B1ECA2DB5D0664FD85B";"01C7FEB90FF47992F6B94A919B67E912828AD11007FA6B1ECA2DB5D0664FD85B";"Würde gelöscht werden"
"2026-09-28 23:23:41";"DryRun";"F:\Daten\Älter\Bilder\Afrika\IMG-20190916-WA0134.jpg";"E:\OpenCloud\Persönlich (2)\Fotos\Afrika\IMG-20190916-WA0134.jpg";"73863";"0E25DBC731A4734BB08ECD8726157D43377227BC34D4EC3F2E50ABD6C3E2E7CD";"0E25DBC731A4734BB08ECD8726157D43377227BC34D4EC3F2E50ABD6C3E2E7CD";"Würde gelöscht werden"
"2026-09-28 23:23:41";"DryRun";"F:\Daten\Älter\Bilder\Afrika\IMG-20190916-WA0135.jpg";"E:\OpenCloud\Persönlich (2)\Fotos\Afrika\IMG-20190916-WA0135.jpg";"73910";"07465203173C89497C5E7D57A79F77DAE6F65234983DB05C02B4479BA08ED7E6";"07465203173C89497C5E7D57A79F77DAE6F65234983DB05C02B4479BA08ED7E6";"Würde gelöscht werden"
"2026-09-28 23:23:41";"DryRun";"F:\Daten\Älter\Bilder\Afrika\IMG-20190916-WA0136.jpg";"E:\OpenCloud\Persönlich (2)\Fotos\Afrika\IMG-20190916-WA0136.jpg";"88998";"68C99F58AAA69BD8BAD64A532CD370739F21CB4386A297641D4083C86F4A9366";"68C99F58AAA69BD8BAD64A532CD370739F21CB4386A297641D4083C86F4A9366";"Würde gelöscht werden"
"2026-09-28 23:23:41";"DryRun";"F:\Daten\Älter\Bilder\Afrika\IMG-20190916-WA0137.jpg";"E:\OpenCloud\Persönlich (2)\Fotos\Afrika\IMG-20190916-WA0137.jpg";"67198";"9900E771ACBDCCF30FC9DC2126242433049AE1C5A9FA1D79AAD5800061A5599D";"9900E771ACBDCCF30FC9DC2126242433049AE1C5A9FA1D79AAD5800061A5599D";"Würde gelöscht werden"
"2026-09-28 23:23:41";"DryRun";"F:\Daten\Älter\Bilder\Afrika\IMG-20190916-WA0138.jpg";"E:\OpenCloud\Persönlich (2)\Fotos\Afrika\IMG-20190916-WA0138.jpg";"136217";"026EF7DB48FDFA6D5AF8DD2692C842C771BCD2DED57D70E2D45FC5C97500DC59";"026EF7DB48FDFA6D5AF8DD2692C842C771BCD2DED57D70E2D45FC5C97500DC59";"Würde gelöscht werden"
"2026-09-28 23:23:41";"DryRun";"F:\Daten\Älter\Bilder\Afrika\IMG-20190916-WA0139.jpg";"E:\OpenCloud\Persönlich (2)\Fotos\Afrika\IMG-20190916-WA0139.jpg";"77583";"4D7612E3796E9B11F11A7C92846D635A59F37CF309114048E0CB686C9E09EB09";"4D7612E3796E9B11F11A7C92846D635A59F37CF309114048E0CB686C9E09EB09";"Würde gelöscht werden"
"2026-09-28 23:23:41";"DryRun";"F:\Daten\Älter\Bilder\Afrika\IMG-20190916-WA0140.jpg";"E:\OpenCloud\Persönlich (2)\Fotos\Afrika\IMG-20190916-WA0140.jpg";"65642";"6CB9D59AA4674D471CC778C0F7CC58EC55FCA07F81B62BE91404FFF7137D2F51";"6CB9D59AA4674D471CC778C0F7CC58EC55FCA07F81B62BE91404FFF7137D2F51";"Würde gelöscht werden"
"2026-09-28 23:23:41";"DryRun";"F:\Daten\Älter\Bilder\Afrika\IMG-20190916-WA0141.jpg";"E:\OpenCloud\Persönlich (2)\Fotos\Afrika\IMG-20190916-WA0141.jpg";"118211";"EBA471DEC14184C6388273B3F9C48EFD54D048503CEB46BDD33E871731C9F75F";"EBA471DEC14184C6388273B3F9C48EFD54D048503CEB46BDD33E871731C9F75F";"Würde gelöscht werden"
"2026-09-28 23:23:41";"DryRun";"F:\Daten\Älter\Bilder\Afrika\IMG-20190916-WA0142.jpg";"E:\OpenCloud\Persönlich (2)\Fotos\Afrika\IMG-20190916-WA0142.jpg";"87482";"0FAEE98455A4D609A3EBFC2ABCA2E3CECDDA3A474DC049B14C4419FCEBF3EFD8";"0FAEE98455A4D609A3EBFC2ABCA2E3CECDDA3A474DC049B14C4419FCEBF3EFD8";"Würde gelöscht werden"
"2026-09-28 23:23:41";"DryRun";"F:\Daten\Älter\Bilder\Afrika\IMG-20190916-WA0143.jpg";"E:\OpenCloud\Persönlich (2)\Fotos\Afrika\IMG-20190916-WA0143.jpg";"138197";"9B1F2085061E1CD0EAEC8622FFB2C042BFFFE12A07111948D01DA7AD2819F049";"9B1F2085061E1CD0EAEC8622FFB2C042BFFFE12A07111948D01DA7AD2819F049";"Würde gelöscht werden"
"2026-09-28 23:23:41";"DryRun";"F:\Daten\Älter\Bilder\Afrika\IMG-20190916-WA0144.jpg";"E:\OpenCloud\Persönlich (2)\Fotos\Afrika\IMG-20190916-WA0144.jpg";"60026";"49FBA9466FFDF321C7EE6BCB8CDE62EFD032C2E3D8CE2A5CB8178BD1AD86C0AE";"49FBA9466FFDF321C7EE6BCB8CDE62EFD032C2E3D8CE2A5CB8178BD1AD86C0AE";"Würde gelöscht werden"
"2026-09-28 23:23:41";"DryRun";"F:\Daten\Älter\Bilder\Afrika\IMG-20190916-WA0145.jpg";"E:\OpenCloud\Persönlich (2)\Fotos\Afrika\IMG-20190916-WA0145.jpg";"95728";"B090DB042D2DBB4D8A6580BCD1003E3ADD71CF3E8E19079C7B310400C123EB5C";"B090DB042D2DBB4D8A6580BCD1003E3ADD71CF3E8E19079C7B310400C123EB5C";"Würde gelöscht werden"
"2026-09-28 23:23:41";"DryRun";"F:\Daten\Älter\Bilder\Afrika\IMG-20190916-WA0146.jpg";"E:\OpenCloud\Persönlich (2)\Fotos\Afrika\IMG-20190916-WA0146.jpg";"125784";"CF44E628BAA4BBE755211675A331A647E38A2CD809F94F6FEFD717D1F6CB2AC1";"CF44E628BAA4BBE755211675A331A647E38A2CD809F94F6FEFD717D1F6CB2AC1";"Würde gelöscht werden"
"2026-09-28 23:23:41";"DryRun";"F:\Daten\Älter\Bilder\Afrika\IMG-20190916-WA0147.jpg";"E:\OpenCloud\Persönlich (2)\Fotos\Afrika\IMG-20190916-WA0147.jpg";"96252";"C7ADFF124730194DDD4ECDC9D54E8971090C873C7E64F13A9D3F30720E3A17D6";"C7ADFF124730194DDD4ECDC9D54E8971090C873C7E64F13A9D3F30720E3A17D6";"Würde gelöscht werden"
"2026-09-28 23:23:41";"DryRun";"F:\Daten\Älter\Bilder\Afrika\IMG-20190916-WA0148.jpg";"E:\OpenCloud\Persönlich (2)\Fotos\Afrika\IMG-20190916-WA0148.jpg";"79434";"F8324E3856A05B16F0DDB06EDB822B6FBD21355369B61F98DC4B084A88040397";"F8324E3856A05B16F0DDB06EDB822B6FBD21355369B61F98DC4B084A88040397";"Würde gelöscht werden"
"2026-09-28 23:23:41";"DryRun";"F:\Daten\Älter\Bilder\Afrika\IMG-20190916-WA0149.jpg";"E:\OpenCloud\Persönlich (2)\Fotos\Afrika\IMG-20190916-WA0149.jpg";"52237";"C925442C9CFD62EEDF278CA39CF4CA25ECEF355C955F1A5D8BEBA40CEDE8A3D9";"C925442C9CFD62EEDF278CA39CF4CA25ECEF355C955F1A5D8BEBA40CEDE8A3D9";"Würde gelöscht werden"
"2026-09-28 23:23:41";"DryRun";"F:\Daten\Älter\Bilder\Afrika\IMG-20190916-WA0150.jpg";"E:\OpenCloud\Persönlich (2)\Fotos\Afrika\IMG-20190916-WA0150.jpg";"56693";"FB0FD2D18721F41C45DF2B7236908470340BDC0C71758E4BDF27A3DDD5E440FF";"FB0FD2D18721F41C45DF2B7236908470340BDC0C71758E4BDF27A3DDD5E440FF";"Würde gelöscht werden"
"2026-09-28 23:23:41";"DryRun";"F:\Daten\Älter\Bilder\Afrika\IMG-20190916-WA0151.jpg";"E:\OpenCloud\Persönlich (2)\Fotos\Afrika\IMG-20190916-WA0151.jpg";"87483";"ADF89A92754C2E099A89E1E2FF10A651C98E2F083934F28AA88AE75F02FDD311";"ADF89A92754C2E099A89E1E2FF10A651C98E2F083934F28AA88AE75F02FDD311";"Würde gelöscht werden"
"2026-09-28 23:23:41";"DryRun";"F:\Daten\Älter\Bilder\Afrika\IMG-20190916-WA0152.jpg";"E:\OpenCloud\Persönlich (2)\Fotos\Afrika\IMG-20190916-WA0152.jpg";"65848";"9887601049DB52C5B047ECB8A1491CEDD253AE015A66D396AA8D3F76C9286DD9";"9887601049DB52C5B047ECB8A1491CEDD253AE015A66D396AA8D3F76C9286DD9";"Würde gelöscht werden"
"2026-09-28 23:23:41";"DryRun";"F:\Daten\Älter\Bilder\Afrika\IMG-20190916-WA0153.jpg";"E:\OpenCloud\Persönlich (2)\Fotos\Afrika\IMG-20190916-WA0153.jpg";"197315";"E0EEF3EECD3A455A131320C459702CA0A5463A130F15504D935E13FC3F91ECB9";"E0EEF3EECD3A455A131320C459702CA0A5463A130F15504D935E13FC3F91ECB9";"Würde gelöscht werden"
"2026-09-28 23:23:41";"DryRun";"F:\Daten\Älter\Bilder\Afrika\IMG-20190916-WA0154.jpg";"E:\OpenCloud\Persönlich (2)\Fotos\Afrika\IMG-20190916-WA0154.jpg";"113443";"4D44008C10D2285CD3E23A4AA77F1C738ACAF3061BD83EFCD44E32959CADA83E";"4D44008C10D2285CD3E23A4AA77F1C738ACAF3061BD83EFCD44E32959CADA83E";"Würde gelöscht werden"
"2026-09-28 23:23:41";"DryRun";"F:\Daten\Älter\Bilder\Afrika\IMG-20190916-WA0155.jpg";"E:\OpenCloud\Persönlich (2)\Fotos\Afrika\IMG-20190916-WA0155.jpg";"94778";"3E22C1E074AB39CCF0EC649796B771EF8AF37FDDFCD67D3C6E2BC571B3374291";"3E22C1E074AB39CCF0EC649796B771EF8AF37FDDFCD67D3C6E2BC571B3374291";"Würde gelöscht werden"
"2026-09-28 23:23:41";"DryRun";"F:\Daten\Älter\Bilder\Afrika\IMG-20190916-WA0156.jpg";"E:\OpenCloud\Persönlich (2)\Fotos\Afrika\IMG-20190916-WA0156.jpg";"107326";"E572F9B00A33A2A7BAF3B476E7BE7FD448E8D5274B9CEAE09F7DD6C7EC9CAA4C";"E572F9B00A33A2A7BAF3B476E7BE7FD448E8D5274B9CEAE09F7DD6C7EC9CAA4C";"Würde gelöscht werden"
"2026-09-28 23:23:41";"DryRun";"F:\Daten\Älter\Bilder\Afrika\IMG-20190916-WA0157.jpg";"E:\OpenCloud\Persönlich (2)\Fotos\Afrika\IMG-20190916-WA0157.jpg";"147431";"14E79FFEF71C79F06F6BA99BA80A750788E0420F456ADDAB8EE864A445669151";"14E79FFEF71C79F06F6BA99BA80A750788E0420F456ADDAB8EE864A445669151";"Würde gelöscht werden"
"2026-09-28 23:23:41";"DryRun";"F:\Daten\Älter\Bilder\Afrika\IMG-20190916-WA0158.jpg";"E:\OpenCloud\Persönlich (2)\Fotos\Afrika\IMG-20190916-WA0158.jpg";"83657";"4C2D5A31635D08BE0BF86814A42D09A7A508DF2A1EBED0BE68F14DDF43B0B5D2";"4C2D5A31635D08BE0BF86814A42D09A7A508DF2A1EBED0BE68F14DDF43B0B5D2";"Würde gelöscht werden"
"2026-09-28 23:23:41";"DryRun";"F:\Daten\Älter\Bilder\Afrika\IMG-20190916-WA0159.jpg";"E:\OpenCloud\Persönlich (2)\Fotos\Afrika\IMG-20190916-WA0159.jpg";"169920";"DC2074EC20E40BB7F724670FA627B1BBA78DE5F6882AB263C91C425F6EB9AE69";"DC2074EC20E40BB7F724670FA627B1BBA78DE5F6882AB263C91C425F6EB9AE69";"Würde gelöscht werden"
"2026-09-28 23:23:41";"DryRun";"F:\Daten\Älter\Bilder\Afrika\IMG-20190916-WA0160.jpg";"E:\OpenCloud\Persönlich (2)\Fotos\Afrika\IMG-20190916-WA0160.jpg";"82500";"D7557556C2CA2880866DB9B6C129DCCE61D257A34D2DD18ADDE1CF1FB71BC8BD";"D7557556C2CA2880866DB9B6C129DCCE61D257A34D2DD18ADDE1CF1FB71BC8BD";"Würde gelöscht werden"
"2026-09-28 23:23:41";"DryRun";"F:\Daten\Älter\Bilder\Afrika\IMG-20190916-WA0161.jpg";"E:\OpenCloud\Persönlich (2)\Fotos\Afrika\IMG-20190916-WA0161.jpg";"103310";"8341833B7390CF3CEA0700FEF2B768C534B06EFE28B4E81289E99DC2E9167D09";"8341833B7390CF3CEA0700FEF2B768C534B06EFE28B4E81289E99DC2E9167D09";"Würde gelöscht werden"
"2026-09-28 23:23:41";"DryRun";"F:\Daten\Älter\Bilder\Afrika\IMG-20190916-WA0162.jpg";"E:\OpenCloud\Persönlich (2)\Fotos\Afrika\IMG-20190916-WA0162.jpg";"104484";"0CEF29758E116A3E8EDB39462CDD422274D89A37E6B4D4666CA8ECA9FE85A9B8";"0CEF29758E116A3E8EDB39462CDD422274D89A37E6B4D4666CA8ECA9FE85A9B8";"Würde gelöscht werden"
"2026-09-28 23:23:42";"DryRun";"F:\Daten\Älter\Bilder\Afrika\IMG-20190916-WA0163.jpg";"E:\OpenCloud\Persönlich (2)\Fotos\Afrika\IMG-20190916-WA0163.jpg";"256006";"A0AF5B20E0D6B6FCCF2A7A1E143D5944D28098FA4460D8435FC7188D761C9B86";"A0AF5B20E0D6B6FCCF2A7A1E143D5944D28098FA4460D8435FC7188D761C9B86";"Würde gelöscht werden"
"2026-09-28 23:23:42";"DryRun";"F:\Daten\Älter\Bilder\Afrika\IMG-20190916-WA0164.jpg";"E:\OpenCloud\Persönlich (2)\Fotos\Afrika\IMG-20190916-WA0164.jpg";"179910";"E96FF149C1BE64C5A298DBDD37A7929CB5D9342D6EAF6165DC9BC2F437DA3AAE";"E96FF149C1BE64C5A298DBDD37A7929CB5D9342D6EAF6165DC9BC2F437DA3AAE";"Würde gelöscht werden"
"2026-09-28 23:23:42";"DryRun";"F:\Daten\Älter\Bilder\Afrika\IMG-20190916-WA0165.jpg";"E:\OpenCloud\Persönlich (2)\Fotos\Afrika\IMG-20190916-WA0165.jpg";"94850";"A388F6E62E799CD7145806FB625E6DC542AAE00B9A09E38DCEC8C838000F4AB3";"A388F6E62E799CD7145806FB625E6DC542AAE00B9A09E38DCEC8C838000F4AB3";"Würde gelöscht werden"
"2026-09-28 23:23:42";"DryRun";"F:\Daten\Älter\Bilder\Afrika\IMG-20190916-WA0166.jpg";"E:\OpenCloud\Persönlich (2)\Fotos\Afrika\IMG-20190916-WA0166.jpg";"146125";"EE6F0783811E36EEA74F2873DAB62C74817AA21FEC34DFE978E1FE19B4E57698";"EE6F0783811E36EEA74F2873DAB62C74817AA21FEC34DFE978E1FE19B4E57698";"Würde gelöscht werden"
"2026-09-28 23:23:42";"DryRun";"F:\Daten\Älter\Bilder\Afrika\IMG-20190916-WA0167.jpg";"E:\OpenCloud\Persönlich (2)\Fotos\Afrika\IMG-20190916-WA0167.jpg";"113558";"D30B186CA3435E14198E43C791ED6C47BCBF27F78D4F88DC1D8E3DCDC023BF6E";"D30B186CA3435E14198E43C791ED6C47BCBF27F78D4F88DC1D8E3DCDC023BF6E";"Würde gelöscht werden"
"2026-09-28 23:23:42";"DryRun";"F:\Daten\Älter\Bilder\Afrika\IMG-20190916-WA0168.jpg";"E:\OpenCloud\Persönlich (2)\Fotos\Afrika\IMG-20190916-WA0168.jpg";"60152";"5A4E8A8E1E4D66C5DFCE645226F4651231027BD0F240ED728B74802237EE7737";"5A4E8A8E1E4D66C5DFCE645226F4651231027BD0F240ED728B74802237EE7737";"Würde gelöscht werden"
"2026-09-28 23:23:42";"DryRun";"F:\Daten\Älter\Bilder\Afrika\IMG-20190916-WA0169.jpg";"E:\OpenCloud\Persönlich (2)\Fotos\Afrika\IMG-20190916-WA0169.jpg";"291825";"73A9041093A7418DF3912A8EBADA2B1D23C5EEE324B7E5A65E6A67AA0C39F57E";"73A9041093A7418DF3912A8EBADA2B1D23C5EEE324B7E5A65E6A67AA0C39F57E";"Würde gelöscht werden"
"2026-09-28 23:23:42";"DryRun";"F:\Daten\Älter\Bilder\Afrika\IMG-20190916-WA0170.jpg";"E:\OpenCloud\Persönlich (2)\Fotos\Afrika\IMG-20190916-WA0170.jpg";"81976";"58B529B1FF3E8EC27CA8926DA422D9F7FB13FC11EB7FB3BC82265D81027C1B25";"58B529B1FF3E8EC27CA8926DA422D9F7FB13FC11EB7FB3BC82265D81027C1B25";"Würde gelöscht werden"
"2026-09-28 23:23:42";"DryRun";"F:\Daten\Älter\Bilder\Afrika\IMG-20190916-WA0171.jpg";"E:\OpenCloud\Persönlich (2)\Fotos\Afrika\IMG-20190916-WA0171.jpg";"68648";"40931D3DF97825CC8D01A44519E316055B55361D4FA907B761F333766162C0EC";"40931D3DF97825CC8D01A44519E316055B55361D4FA907B761F333766162C0EC";"Würde gelöscht werden"
"2026-09-28 23:23:42";"DryRun";"F:\Daten\Älter\Bilder\Afrika\IMG-20190916-WA0172.jpg";"E:\OpenCloud\Persönlich (2)\Fotos\Afrika\IMG-20190916-WA0172.jpg";"84022";"D73BB9732C8535195501135E11357DA7FA6366EA02E0AFFB148F50D0A18325DC";"D73BB9732C8535195501135E11357DA7FA6366EA02E0AFFB148F50D0A18325DC";"Würde gelöscht werden"
"2026-09-28 23:23:42";"DryRun";"F:\Daten\Älter\Bilder\Afrika\IMG-20190916-WA0173.jpg";"E:\OpenCloud\Persönlich (2)\Fotos\Afrika\IMG-20190916-WA0173.jpg";"43772";"B943C9ECE94A9330F9FD9FD89C9837A5E97227F1AC1D2ABFAE21C50170B81881";"B943C9ECE94A9330F9FD9FD89C9837A5E97227F1AC1D2ABFAE21C50170B81881";"Würde gelöscht werden"
"2026-09-28 23:23:42";"DryRun";"F:\Daten\Älter\Bilder\Afrika\IMG-20190916-WA0174.jpg";"E:\OpenCloud\Persönlich (2)\Fotos\Afrika\IMG-20190916-WA0174.jpg";"42778";"0BB6E79D1435457C0E4EFD5CB1EB388235F3EF392FC1C64A4DD57B9A63A03F87";"0BB6E79D1435457C0E4EFD5CB1EB388235F3EF392FC1C64A4DD57B9A63A03F87";"Würde gelöscht werden"
"2026-09-28 23:23:42";"DryRun";"F:\Daten\Älter\Bilder\Afrika\IMG-20190916-WA0176.jpg";"E:\OpenCloud\Persönlich (2)\Fotos\Afrika\IMG-20190916-WA0176.jpg";"49494";"45787698E393C5FBE0B069781977468E4CFBABC311C55AF90E75521BAB32D5CB";"45787698E393C5FBE0B069781977468E4CFBABC311C55AF90E75521BAB32D5CB";"Würde gelöscht werden"
"2026-09-28 23:23:42";"DryRun";"F:\Daten\Älter\Bilder\Afrika\IMG-20190916-WA0177.jpg";"E:\OpenCloud\Persönlich (2)\Fotos\Afrika\IMG-20190916-WA0177.jpg";"119381";"3B69CD462D4015819DAB723B56AE1A3CA15CA5C0ACD8C00063DFD8BDE8AFA50C";"3B69CD462D4015819DAB723B56AE1A3CA15CA5C0ACD8C00063DFD8BDE8AFA50C";"Würde gelöscht werden"
"2026-09-28 23:23:42";"DryRun";"F:\Daten\Älter\Bilder\Afrika\IMG-20190916-WA0178.jpg";"E:\OpenCloud\Persönlich (2)\Fotos\Afrika\IMG-20190916-WA0178.jpg";"95910";"4CC339A0F89C866A98A3816A2F6493A30CAC47AD74478005BA9566F92637D9BD";"4CC339A0F89C866A98A3816A2F6493A30CAC47AD74478005BA9566F92637D9BD";"Würde gelöscht werden"
"2026-09-28 23:23:42";"DryRun";"F:\Daten\Älter\Bilder\Afrika\IMG-20190916-WA0179.jpg";"E:\OpenCloud\Persönlich (2)\Fotos\Afrika\IMG-20190916-WA0179.jpg";"95492";"0AC02763FA2A7725DCB500B0D6D8C709DFAE6781DBC7422BE3A1A000759F6E3D";"0AC02763FA2A7725DCB500B0D6D8C709DFAE6781DBC7422BE3A1A000759F6E3D";"Würde gelöscht werden"
"2026-09-28 23:23:42";"DryRun";"F:\Daten\Älter\Bilder\Afrika\IMG-20190916-WA0180.jpg";"E:\OpenCloud\Persönlich (2)\Fotos\Afrika\IMG-20190916-WA0180.jpg";"44935";"AF38AB85840C5E6966DD4E949E197ABC858F79EA25F091BE9096D8A9C48DA5E5";"AF38AB85840C5E6966DD4E949E197ABC858F79EA25F091BE9096D8A9C48DA5E5";"Würde gelöscht werden"
"2026-09-28 23:23:42";"DryRun";"F:\Daten\Älter\Bilder\Afrika\IMG-20190916-WA0181.jpg";"E:\OpenCloud\Persönlich (2)\Fotos\Afrika\IMG-20190916-WA0181.jpg";"163032";"E06F77BF50F30D1720146D6D591E1CCC5CA6120AECC6F797FD26ED01166B7D4F";"E06F77BF50F30D1720146D6D591E1CCC5CA6120AECC6F797FD26ED01166B7D4F";"Würde gelöscht werden"
"2026-09-28 23:23:42";"DryRun";"F:\Daten\Älter\Bilder\Afrika\IMG-20190916-WA0182.jpg";"E:\OpenCloud\Persönlich (2)\Fotos\Afrika\IMG-20190916-WA0182.jpg";"46916";"FDFB8C33296E3A6D9B5E189B199E23E1F4C883A313D28AA78B2BD884A16935D6";"FDFB8C33296E3A6D9B5E189B199E23E1F4C883A313D28AA78B2BD884A16935D6";"Würde gelöscht werden"
"2026-09-28 23:23:42";"DryRun";"F:\Daten\Älter\Bilder\Afrika\IMG-20190916-WA0183.jpg";"E:\OpenCloud\Persönlich (2)\Fotos\Afrika\IMG-20190916-WA0183.jpg";"89667";"3005A5B201FA7F1203B2693E0F1655A779E5195F3D2AC9733638DD995859A045";"3005A5B201FA7F1203B2693E0F1655A779E5195F3D2AC9733638DD995859A045";"Würde gelöscht werden"
"2026-09-28 23:23:42";"DryRun";"F:\Daten\Älter\Bilder\Afrika\IMG-20190916-WA0184.jpg";"E:\OpenCloud\Persönlich (2)\Fotos\Afrika\IMG-20190916-WA0184.jpg";"47647";"3FB323F8306167BCA5040FF18FDEC8208D5E5EABE1ADD78C72DADFB0BA90DCF5";"3FB323F8306167BCA5040FF18FDEC8208D5E5EABE1ADD78C72DADFB0BA90DCF5";"Würde gelöscht werden"
"2026-09-28 23:23:42";"DryRun";"F:\Daten\Älter\Bilder\Afrika\IMG-20190916-WA0185.jpg";"E:\OpenCloud\Persönlich (2)\Fotos\Afrika\IMG-20190916-WA0185.jpg";"135738";"A2EEEF79B6B829118AEC3F313D07769F3C82CB39C4723DB6DBAD39FB23828E00";"A2EEEF79B6B829118AEC3F313D07769F3C82CB39C4723DB6DBAD39FB23828E00";"Würde gelöscht werden"
"2026-09-28 23:23:42";"DryRun";"F:\Daten\Älter\Bilder\Afrika\IMG-20190916-WA0186.jpg";"E:\OpenCloud\Persönlich (2)\Fotos\Afrika\IMG-20190916-WA0186.jpg";"123373";"94E1249BBCB17F09C75BE03A9A485617C86170BD65613F94D63CA6D9078C6634";"94E1249BBCB17F09C75BE03A9A485617C86170BD65613F94D63CA6D9078C6634";"Würde gelöscht werden"
"2026-09-28 23:23:42";"DryRun";"F:\Daten\Älter\Bilder\Afrika\IMG-20190916-WA0187.jpg";"E:\OpenCloud\Persönlich (2)\Fotos\Afrika\IMG-20190916-WA0187.jpg";"47647";"BBFDB94AA6FA4671F945F0E210526D07AC845E1677CAB7126E3982A57EC6A41C";"BBFDB94AA6FA4671F945F0E210526D07AC845E1677CAB7126E3982A57EC6A41C";"Würde gelöscht werden"
"2026-09-28 23:23:42";"DryRun";"F:\Daten\Älter\Bilder\Afrika\IMG-20190916-WA0188.jpg";"E:\OpenCloud\Persönlich (2)\Fotos\Afrika\IMG-20190916-WA0188.jpg";"72318";"41278D46E267EEA522CCED734B10319EFDDFED2E1DAE761F87177F33EE086634";"41278D46E267EEA522CCED734B10319EFDDFED2E1DAE761F87177F33EE086634";"Würde gelöscht werden"
"2026-09-28 23:23:42";"DryRun";"F:\Daten\Älter\Bilder\Afrika\IMG-20190916-WA0189.jpg";"E:\OpenCloud\Persönlich (2)\Fotos\Afrika\IMG-20190916-WA0189.jpg";"41299";"2B43669BD70BC655C585241FEF1E8B25AAD0CBB88557242B120BFF16AB931320";"2B43669BD70BC655C585241FEF1E8B25AAD0CBB88557242B120BFF16AB931320";"Würde gelöscht werden"
"2026-09-28 23:23:42";"DryRun";"F:\Daten\Älter\Bilder\Afrika\IMG-20190916-WA0190.jpg";"E:\OpenCloud\Persönlich (2)\Fotos\Afrika\IMG-20190916-WA0190.jpg";"123795";"4CB0171554B9FCBF6BB764D2A906CAA61031A19115002C764510AE86F6B03E09";"4CB0171554B9FCBF6BB764D2A906CAA61031A19115002C764510AE86F6B03E09";"Würde gelöscht werden"
"2026-09-28 23:23:42";"DryRun";"F:\Daten\Älter\Bilder\Afrika\IMG-20190916-WA0191.jpg";"E:\OpenCloud\Persönlich (2)\Fotos\Afrika\IMG-20190916-WA0191.jpg";"71999";"59ECA879F313543A2BD3E5978E32B9D988061946BB945727DE7EFAD470A3B692";"59ECA879F313543A2BD3E5978E32B9D988061946BB945727DE7EFAD470A3B692";"Würde gelöscht werden"
"2026-09-28 23:23:42";"DryRun";"F:\Daten\Älter\Bilder\Afrika\IMG-20190916-WA0192.jpg";"E:\OpenCloud\Persönlich (2)\Fotos\Afrika\IMG-20190916-WA0192.jpg";"66895";"7842D338B56DDD0AEF137493EDF6C393C735968FBD76C3CE70711E3A55DA989F";"7842D338B56DDD0AEF137493EDF6C393C735968FBD76C3CE70711E3A55DA989F";"Würde gelöscht werden"
"2026-09-28 23:23:42";"DryRun";"F:\Daten\Älter\Bilder\Afrika\IMG-20190916-WA0193.jpg";"E:\OpenCloud\Persönlich (2)\Fotos\Afrika\IMG-20190916-WA0193.jpg";"34555";"8654D10E1299A64800FE7AE2BA3AE3117A7B6B38139EAFE7514E617B96688061";"8654D10E1299A64800FE7AE2BA3AE3117A7B6B38139EAFE7514E617B96688061";"Würde gelöscht werden"
"2026-09-28 23:23:43";"DryRun";"F:\Daten\Älter\Bilder\Afrika\IMG-20190916-WA0194.jpg";"E:\OpenCloud\Persönlich (2)\Fotos\Afrika\IMG-20190916-WA0194.jpg";"144760";"AB1A852FC385254DA3814503E00A0F4D12BDCBA043ACE9C46213669A0746B45A";"AB1A852FC385254DA3814503E00A0F4D12BDCBA043ACE9C46213669A0746B45A";"Würde gelöscht werden"
"2026-09-28 23:23:43";"DryRun";"F:\Daten\Älter\Bilder\Afrika\IMG-20190916-WA0195.jpg";"E:\OpenCloud\Persönlich (2)\Fotos\Afrika\IMG-20190916-WA0195.jpg";"150167";"70F066B9BD3F12904AD182601E55C702F047DDF26BDF9BB2C6C0217E84446F11";"70F066B9BD3F12904AD182601E55C702F047DDF26BDF9BB2C6C0217E84446F11";"Würde gelöscht werden"
"2026-09-28 23:23:43";"DryRun";"F:\Daten\Älter\Bilder\Afrika\IMG-20190916-WA0196.jpg";"E:\OpenCloud\Persönlich (2)\Fotos\Afrika\IMG-20190916-WA0196.jpg";"330444";"F4F56F4A5CBAC2C6B4D6EA9E138B812853465D09140FBFAD6D56DB81096A2C5F";"F4F56F4A5CBAC2C6B4D6EA9E138B812853465D09140FBFAD6D56DB81096A2C5F";"Würde gelöscht werden"
"2026-09-28 23:23:43";"DryRun";"F:\Daten\Älter\Bilder\Afrika\IMG-20190916-WA0197.jpg";"E:\OpenCloud\Persönlich (2)\Fotos\Afrika\IMG-20190916-WA0197.jpg";"335261";"D8BB25BFEF7C3DC93456DCD90BF6BD679BE1FBECC73D562C8CF42F1F60D3043C";"D8BB25BFEF7C3DC93456DCD90BF6BD679BE1FBECC73D562C8CF42F1F60D3043C";"Würde gelöscht werden"
"2026-09-28 23:23:43";"DryRun";"F:\Daten\Älter\Bilder\Afrika\IMG-20190916-WA0198.jpg";"E:\OpenCloud\Persönlich (2)\Fotos\Afrika\IMG-20190916-WA0198.jpg";"133748";"8A39EA836E6E2CF56753DA9976B304876C6C58C7917B24E6EF6D0F4D98CDB134";"8A39EA836E6E2CF56753DA9976B304876C6C58C7917B24E6EF6D0F4D98CDB134";"Würde gelöscht werden"
"2026-09-28 23:23:43";"DryRun";"F:\Daten\Älter\Bilder\Afrika\IMG-20190916-WA0199.jpg";"E:\OpenCloud\Persönlich (2)\Fotos\Afrika\IMG-20190916-WA0199.jpg";"89043";"6CE53FE951AF19C5FED1589B176C6FB17F577D5C227DF2AFACE736AB13E14EAF";"6CE53FE951AF19C5FED1589B176C6FB17F577D5C227DF2AFACE736AB13E14EAF";"Würde gelöscht werden"
"2026-09-28 23:23:43";"DryRun";"F:\Daten\Älter\Bilder\Afrika\IMG-20190916-WA0200.jpg";"E:\OpenCloud\Persönlich (2)\Fotos\Afrika\IMG-20190916-WA0200.jpg";"178264";"5E5519DE312B20F7A6E9F9AB21C8B5C7809D522A15848FA631EB1AD98C4310BC";"5E5519DE312B20F7A6E9F9AB21C8B5C7809D522A15848FA631EB1AD98C4310BC";"Würde gelöscht werden"
"2026-09-28 23:23:43";"DryRun";"F:\Daten\Älter\Bilder\Afrika\IMG-20190916-WA0201.jpg";"E:\OpenCloud\Persönlich (2)\Fotos\Afrika\IMG-20190916-WA0201.jpg";"102349";"22DB1821CC28CF8D91FFCDCE27857AFCC5929C91414E2686529E715CC95CB2FC";"22DB1821CC28CF8D91FFCDCE27857AFCC5929C91414E2686529E715CC95CB2FC";"Würde gelöscht werden"
"2026-09-28 23:23:43";"DryRun";"F:\Daten\Älter\Bilder\Afrika\IMG-20190916-WA0202.jpg";"E:\OpenCloud\Persönlich (2)\Fotos\Afrika\IMG-20190916-WA0202.jpg";"219068";"E2F628DF23A957F64B77722F20E18F7E6670A73107A68A2E7567482B15BC5376";"E2F628DF23A957F64B77722F20E18F7E6670A73107A68A2E7567482B15BC5376";"Würde gelöscht werden"
"2026-09-28 23:23:43";"DryRun";"F:\Daten\Älter\Bilder\Afrika\IMG-20190916-WA0203.jpg";"E:\OpenCloud\Persönlich (2)\Fotos\Afrika\IMG-20190916-WA0203.jpg";"283341";"E187C8829744FB5A8D958AD4E85FDD8058BF3EF9859DFB28044CE75E29968273";"E187C8829744FB5A8D958AD4E85FDD8058BF3EF9859DFB28044CE75E29968273";"Würde gelöscht werden"
"2026-09-28 23:23:43";"DryRun";"F:\Daten\Älter\Bilder\Afrika\IMG-20190916-WA0204.jpg";"E:\OpenCloud\Persönlich (2)\Fotos\Afrika\IMG-20190916-WA0204.jpg";"206067";"03802EA244CC43E7ED20C8EEC44B1E4A625B9D3D7B763D808056ADCE68617078";"03802EA244CC43E7ED20C8EEC44B1E4A625B9D3D7B763D808056ADCE68617078";"Würde gelöscht werden"
"2026-09-28 23:23:43";"DryRun";"F:\Daten\Älter\Bilder\Afrika\IMG-20190916-WA0205.jpg";"E:\OpenCloud\Persönlich (2)\Fotos\Afrika\IMG-20190916-WA0205.jpg";"217391";"4BEC32C88656DE94E37D5D8AD760E4642753EDE829D25A7B62C9A4206BAF014E";"4BEC32C88656DE94E37D5D8AD760E4642753EDE829D25A7B62C9A4206BAF014E";"Würde gelöscht werden"
"2026-09-28 23:23:43";"DryRun";"F:\Daten\Älter\Bilder\Afrika\IMG-20190916-WA0206.jpg";"E:\OpenCloud\Persönlich (2)\Fotos\Afrika\IMG-20190916-WA0206.jpg";"224425";"CAE0D745E061A48D01C11F4480F4B5E19CEB06D27FE971497C35B1044E166F35";"CAE0D745E061A48D01C11F4480F4B5E19CEB06D27FE971497C35B1044E166F35";"Würde gelöscht werden"
"2026-09-28 23:23:43";"DryRun";"F:\Daten\Älter\Bilder\Afrika\IMG-20190916-WA0207.jpg";"E:\OpenCloud\Persönlich (2)\Fotos\Afrika\IMG-20190916-WA0207.jpg";"260963";"D9D658D93EDC33CAC5280800455CCCB07FCA83D87C361B520F3FBF7400B08A03";"D9D658D93EDC33CAC5280800455CCCB07FCA83D87C361B520F3FBF7400B08A03";"Würde gelöscht werden"
"2026-09-28 23:23:43";"DryRun";"F:\Daten\Älter\Bilder\Afrika\IMG-20190916-WA0208.jpg";"E:\OpenCloud\Persönlich (2)\Fotos\Afrika\IMG-20190916-WA0208.jpg";"300108";"FEDD1DCB375C8333307B381CCC9266BF83727AF8AA8F3B5C25367A3CEF32340F";"FEDD1DCB375C8333307B381CCC9266BF83727AF8AA8F3B5C25367A3CEF32340F";"Würde gelöscht werden"
"2026-09-28 23:23:43";"DryRun";"F:\Daten\Älter\Bilder\Afrika\IMG-20190916-WA0209.jpg";"E:\OpenCloud\Persönlich (2)\Fotos\Afrika\IMG-20190916-WA0209.jpg";"375780";"A672F2848C0DA07551B413395A60A33F02ABCB6BFB540B16BD0722FC57E60F12";"A672F2848C0DA07551B413395A60A33F02ABCB6BFB540B16BD0722FC57E60F12";"Würde gelöscht werden"
"2026-09-28 23:23:43";"DryRun";"F:\Daten\Älter\Bilder\Afrika\IMG-20190916-WA0210.jpg";"E:\OpenCloud\Persönlich (2)\Fotos\Afrika\IMG-20190916-WA0210.jpg";"99021";"5F61C7EAFB35BEBCF8F64DF6F625FC9EEC1849794E2F8BB435D0693117D448E3";"5F61C7EAFB35BEBCF8F64DF6F625FC9EEC1849794E2F8BB435D0693117D448E3";"Würde gelöscht werden"
"2026-09-28 23:23:43";"DryRun";"F:\Daten\Älter\Bilder\Afrika\IMG-20190916-WA0211.jpg";"E:\OpenCloud\Persönlich (2)\Fotos\Afrika\IMG-20190916-WA0211.jpg";"190643";"AD7635C95CECF23F42097AC48CF1FC96165409D67806DF7404EC80FBAC24B2E3";"AD7635C95CECF23F42097AC48CF1FC96165409D67806DF7404EC80FBAC24B2E3";"Würde gelöscht werden"
"2026-09-28 23:23:43";"DryRun";"F:\Daten\Älter\Bilder\Afrika\IMG-20190916-WA0212.jpg";"E:\OpenCloud\Persönlich (2)\Fotos\Afrika\IMG-20190916-WA0212.jpg";"106746";"00187B0373DD9873140A5B055EC34CCD721C98545F9C5D0B8C7DA87FA9F286F0";"00187B0373DD9873140A5B055EC34CCD721C98545F9C5D0B8C7DA87FA9F286F0";"Würde gelöscht werden"
"2026-09-28 23:23:43";"DryRun";"F:\Daten\Älter\Bilder\Afrika\IMG-20190916-WA0213.jpg";"E:\OpenCloud\Persönlich (2)\Fotos\Afrika\IMG-20190916-WA0213.jpg";"262360";"E41D13A868C7D7B9F76710400D94F8995CFE5EBD873F6D618259072A66899C31";"E41D13A868C7D7B9F76710400D94F8995CFE5EBD873F6D618259072A66899C31";"Würde gelöscht werden"
"2026-09-28 23:23:43";"DryRun";"F:\Daten\Älter\Bilder\Afrika\IMG-20190916-WA0214.jpg";"E:\OpenCloud\Persönlich (2)\Fotos\Afrika\IMG-20190916-WA0214.jpg";"212428";"607475CC4286E477F66B1F18F7A7C868C9C735D1AC66790EC11AE60412BAC1DB";"607475CC4286E477F66B1F18F7A7C868C9C735D1AC66790EC11AE60412BAC1DB";"Würde gelöscht werden"
"2026-09-28 23:23:43";"DryRun";"F:\Daten\Älter\Bilder\Afrika\IMG-20190916-WA0215.jpg";"E:\OpenCloud\Persönlich (2)\Fotos\Afrika\IMG-20190916-WA0215.jpg";"139696";"D4592EBD5E7007D62A5626A50CFE4FEE498E792D1BF419CD8F025146B460CC98";"D4592EBD5E7007D62A5626A50CFE4FEE498E792D1BF419CD8F025146B460CC98";"Würde gelöscht werden"
"2026-09-28 23:23:43";"DryRun";"F:\Daten\Älter\Bilder\Afrika\IMG-20190916-WA0216.jpg";"E:\OpenCloud\Persönlich (2)\Fotos\Afrika\IMG-20190916-WA0216.jpg";"214471";"5BC23574CD82B782B0C1F42A06BB52CFF5451CB4D6AAF88E1BD8EB71349E7F6D";"5BC23574CD82B782B0C1F42A06BB52CFF5451CB4D6AAF88E1BD8EB71349E7F6D";"Würde gelöscht werden"
"2026-09-28 23:23:43";"DryRun";"F:\Daten\Älter\Bilder\Afrika\IMG-20190916-WA0217.jpg";"E:\OpenCloud\Persönlich (2)\Fotos\Afrika\IMG-20190916-WA0217.jpg";"274689";"AA62FE9C78709DC7DB7351A4B1456CB5BBE715E2018ECB03FB82A4FB2FEC43D8";"AA62FE9C78709DC7DB7351A4B1456CB5BBE715E2018ECB03FB82A4FB2FEC43D8";"Würde gelöscht werden"
"2026-09-28 23:23:43";"DryRun";"F:\Daten\Älter\Bilder\Afrika\IMG-20190916-WA0218.jpg";"E:\OpenCloud\Persönlich (2)\Fotos\Afrika\IMG-20190916-WA0218.jpg";"150661";"C4560903EE9B8195DEAE13019F601644C50CCF556F5D1DCA40906546BF95BF8F";"C4560903EE9B8195DEAE13019F601644C50CCF556F5D1DCA40906546BF95BF8F";"Würde gelöscht werden"
"2026-09-28 23:23:43";"DryRun";"F:\Daten\Älter\Bilder\Afrika\IMG-20190916-WA0219.jpg";"E:\OpenCloud\Persönlich (2)\Fotos\Afrika\IMG-20190916-WA0219.jpg";"152239";"E0DA82559D2068E214E269BF3ABC74047406863C4D71C16B0A84237F875C460C";"E0DA82559D2068E214E269BF3ABC74047406863C4D71C16B0A84237F875C460C";"Würde gelöscht werden"
"2026-09-28 23:23:43";"DryRun";"F:\Daten\Älter\Bilder\Afrika\IMG-20190916-WA0220.jpg";"E:\OpenCloud\Persönlich (2)\Fotos\Afrika\IMG-20190916-WA0220.jpg";"375482";"2DD6E565C8CE59735B103755B79C00987184EC12D63184D5D09F01B8F5EC8E93";"2DD6E565C8CE59735B103755B79C00987184EC12D63184D5D09F01B8F5EC8E93";"Würde gelöscht werden"
"2026-09-28 23:23:43";"DryRun";"F:\Daten\Älter\Bilder\Afrika\IMG-20190916-WA0221.jpg";"E:\OpenCloud\Persönlich (2)\Fotos\Afrika\IMG-20190916-WA0221.jpg";"161190";"F14DD32513E553FAC0F08DBF1B301A6A43F27DD3091458179A84C611BF591C1F";"F14DD32513E553FAC0F08DBF1B301A6A43F27DD3091458179A84C611BF591C1F";"Würde gelöscht werden"
"2026-09-28 23:23:43";"DryRun";"F:\Daten\Älter\Bilder\Afrika\IMG-20190916-WA0222.jpg";"E:\OpenCloud\Persönlich (2)\Fotos\Afrika\IMG-20190916-WA0222.jpg";"128719";"997C05AA248C6E5520BF2BFFADA4DB814A3C8BB640031FAE518FF3A014172D54";"997C05AA248C6E5520BF2BFFADA4DB814A3C8BB640031FAE518FF3A014172D54";"Würde gelöscht werden"
"2026-09-28 23:23:43";"DryRun";"F:\Daten\Älter\Bilder\Afrika\IMG-20190916-WA0223.jpg";"E:\OpenCloud\Persönlich (2)\Fotos\Afrika\IMG-20190916-WA0223.jpg";"194299";"4FE678DE898AB7F669295D5F7B09502EA82D1CBBEE3627D55389AF001438E832";"4FE678DE898AB7F669295D5F7B09502EA82D1CBBEE3627D55389AF001438E832";"Würde gelöscht werden"
"2026-09-28 23:23:43";"DryRun";"F:\Daten\Älter\Bilder\Afrika\IMG-20190916-WA0224.jpg";"E:\OpenCloud\Persönlich (2)\Fotos\Afrika\IMG-20190916-WA0224.jpg";"215268";"4C4C7798F53CFA469A4AB0541D53C40AF0A1F85E64EA4373C87644CE3566615A";"4C4C7798F53CFA469A4AB0541D53C40AF0A1F85E64EA4373C87644CE3566615A";"Würde gelöscht werden"
"2026-09-28 23:23:43";"DryRun";"F:\Daten\Älter\Bilder\Afrika\IMG-20190916-WA0225.jpg";"E:\OpenCloud\Persönlich (2)\Fotos\Afrika\IMG-20190916-WA0225.jpg";"205532";"AF7FE7E24A49D5966CE862EE99A0AD1B1DA563EFB6F517AC19D1467FE1C4155D";"AF7FE7E24A49D5966CE862EE99A0AD1B1DA563EFB6F517AC19D1467FE1C4155D";"Würde gelöscht werden"
"2026-09-28 23:23:44";"DryRun";"F:\Daten\Älter\Bilder\Afrika\IMG-20190916-WA0226.jpg";"E:\OpenCloud\Persönlich (2)\Fotos\Afrika\IMG-20190916-WA0226.jpg";"277630";"0FB7576C799C15B53F2A8C195F2E3726EC3EC65B34326D27B5CEF63F0C3CA713";"0FB7576C799C15B53F2A8C195F2E3726EC3EC65B34326D27B5CEF63F0C3CA713";"Würde gelöscht werden"
"2026-09-28 23:23:44";"DryRun";"F:\Daten\Älter\Bilder\Afrika\IMG-20190916-WA0227.jpg";"E:\OpenCloud\Persönlich (2)\Fotos\Afrika\IMG-20190916-WA0227.jpg";"145855";"E9A97507D7BA32920A6330BC697B803DCA2B8E89A6B2E0119434610BE7292F0F";"E9A97507D7BA32920A6330BC697B803DCA2B8E89A6B2E0119434610BE7292F0F";"Würde gelöscht werden"
"2026-09-28 23:23:44";"DryRun";"F:\Daten\Älter\Bilder\Afrika\IMG-20190916-WA0228.jpg";"E:\OpenCloud\Persönlich (2)\Fotos\Afrika\IMG-20190916-WA0228.jpg";"205566";"6E3E2B5B3399441D998E768D3C8A8D462EA19C3F6F454F079F11384FF315910E";"6E3E2B5B3399441D998E768D3C8A8D462EA19C3F6F454F079F11384FF315910E";"Würde gelöscht werden"
"2026-09-28 23:23:44";"DryRun";"F:\Daten\Älter\Bilder\Afrika\IMG-20190916-WA0229.jpg";"E:\OpenCloud\Persönlich (2)\Fotos\Afrika\IMG-20190916-WA0229.jpg";"496108";"99CF2BF4AE47FF12771CC3441A3C59055EA9B022694C85A54D890F2FEAEA3E68";"99CF2BF4AE47FF12771CC3441A3C59055EA9B022694C85A54D890F2FEAEA3E68";"Würde gelöscht werden"
"2026-09-28 23:23:44";"DryRun";"F:\Daten\Älter\Bilder\Afrika\IMG-20190916-WA0230.jpg";"E:\OpenCloud\Persönlich (2)\Fotos\Afrika\IMG-20190916-WA0230.jpg";"174320";"976B855C0B5E31E771F8D5AA50CE2B2FE6A710ADFBC3329250CED1A14EF59424";"976B855C0B5E31E771F8D5AA50CE2B2FE6A710ADFBC3329250CED1A14EF59424";"Würde gelöscht werden"
"2026-09-28 23:23:44";"DryRun";"F:\Daten\Älter\Bilder\Afrika\IMG-20190916-WA0231.jpg";"E:\OpenCloud\Persönlich (2)\Fotos\Afrika\IMG-20190916-WA0231.jpg";"212651";"13B46B996126EAAD707BB9116A68A4F1DDCD8A01419F13D8372D6BC8E08F9058";"13B46B996126EAAD707BB9116A68A4F1DDCD8A01419F13D8372D6BC8E08F9058";"Würde gelöscht werden"
"2026-09-28 23:23:44";"DryRun";"F:\Daten\Älter\Bilder\Afrika\IMG-20190916-WA0232.jpg";"E:\OpenCloud\Persönlich (2)\Fotos\Afrika\IMG-20190916-WA0232.jpg";"199016";"1F74DB4F434F815B2339D8B9603763C2BF5215C6B5D78745EB91FDE51E7A38B2";"1F74DB4F434F815B2339D8B9603763C2BF5215C6B5D78745EB91FDE51E7A38B2";"Würde gelöscht werden"
"2026-09-28 23:23:44";"DryRun";"F:\Daten\Älter\Bilder\Afrika\IMG-20190916-WA0233.jpg";"E:\OpenCloud\Persönlich (2)\Fotos\Afrika\IMG-20190916-WA0233.jpg";"130256";"C4065D1C95F1D6C51F81279759E22CCA668FDA0DD7592831627DA785E168CCDF";"C4065D1C95F1D6C51F81279759E22CCA668FDA0DD7592831627DA785E168CCDF";"Würde gelöscht werden"
"2026-09-28 23:23:44";"DryRun";"F:\Daten\Älter\Bilder\Afrika\IMG-20190916-WA0234.jpg";"E:\OpenCloud\Persönlich (2)\Fotos\Afrika\IMG-20190916-WA0234.jpg";"227602";"D3C10B3FD1DE10E5027C12F014C1A5DAD98922800FA44BDB295649062BE6892D";"D3C10B3FD1DE10E5027C12F014C1A5DAD98922800FA44BDB295649062BE6892D";"Würde gelöscht werden"
"2026-09-28 23:23:44";"DryRun";"F:\Daten\Älter\Bilder\Afrika\IMG-20190916-WA0235.jpg";"E:\OpenCloud\Persönlich (2)\Fotos\Afrika\IMG-20190916-WA0235.jpg";"198268";"09EB6E9D64A27F06D7D080A1AD780693FDD9B2EF9346ADF2C6408DDB32565C4E";"09EB6E9D64A27F06D7D080A1AD780693FDD9B2EF9346ADF2C6408DDB32565C4E";"Würde gelöscht werden"
"2026-09-28 23:23:44";"DryRun";"F:\Daten\Älter\Bilder\Afrika\IMG-20190916-WA0236.jpg";"E:\OpenCloud\Persönlich (2)\Fotos\Afrika\IMG-20190916-WA0236.jpg";"152612";"71AF22975AD1C1723020B9660AA08A784FA8BAFB2E41869AE691508E4BFA7D3D";"71AF22975AD1C1723020B9660AA08A784FA8BAFB2E41869AE691508E4BFA7D3D";"Würde gelöscht werden"
"2026-09-28 23:23:44";"DryRun";"F:\Daten\Älter\Bilder\Afrika\IMG-20190916-WA0237.jpg";"E:\OpenCloud\Persönlich (2)\Fotos\Afrika\IMG-20190916-WA0237.jpg";"139914";"D3768A1213DF9712ADDFD3FCF1ABD79C668FEF8958C90B57C94BB514D2B5EEBE";"D3768A1213DF9712ADDFD3FCF1ABD79C668FEF8958C90B57C94BB514D2B5EEBE";"Würde gelöscht werden"
"2026-09-28 23:23:44";"DryRun";"F:\Daten\Älter\Bilder\Afrika\IMG-20190916-WA0238.jpg";"E:\OpenCloud\Persönlich (2)\Fotos\Afrika\IMG-20190916-WA0238.jpg";"146156";"7C0CA3E204719E64D2117C979F53F4B82CD030B8006A43C2856DD17C3241C813";"7C0CA3E204719E64D2117C979F53F4B82CD030B8006A43C2856DD17C3241C813";"Würde gelöscht werden"
"2026-09-28 23:23:44";"DryRun";"F:\Daten\Älter\Bilder\Afrika\IMG-20190916-WA0239.jpg";"E:\OpenCloud\Persönlich (2)\Fotos\Afrika\IMG-20190916-WA0239.jpg";"142711";"2291E4B2F088D2DA675D31E126B5F5C4220B410BC39593B973714D1E73CF81F3";"2291E4B2F088D2DA675D31E126B5F5C4220B410BC39593B973714D1E73CF81F3";"Würde gelöscht werden"
"2026-09-28 23:23:44";"DryRun";"F:\Daten\Älter\Bilder\Afrika\IMG-20190916-WA0240.jpg";"E:\OpenCloud\Persönlich (2)\Fotos\Afrika\IMG-20190916-WA0240.jpg";"140230";"1A4092CA39A151DE9794AF4A9EC8342BDED2E076AD06403AA6EDDF60846E19EF";"1A4092CA39A151DE9794AF4A9EC8342BDED2E076AD06403AA6EDDF60846E19EF";"Würde gelöscht werden"
"2026-09-28 23:23:44";"DryRun";"F:\Daten\Älter\Bilder\Afrika\IMG-20190916-WA0241.jpg";"E:\OpenCloud\Persönlich (2)\Fotos\Afrika\IMG-20190916-WA0241.jpg";"152638";"5E0F73D5B2822C6E57BC9D49C227133415B18E34381A85F4986E436BACFB4546";"5E0F73D5B2822C6E57BC9D49C227133415B18E34381A85F4986E436BACFB4546";"Würde gelöscht werden"
"2026-09-28 23:23:44";"DryRun";"F:\Daten\Älter\Bilder\Afrika\IMG-20190916-WA0242.jpg";"E:\OpenCloud\Persönlich (2)\Fotos\Afrika\IMG-20190916-WA0242.jpg";"193525";"C39E3B2F14987B541BC7F596797F78A82FA41F85522DC6E668139CD9988B5E57";"C39E3B2F14987B541BC7F596797F78A82FA41F85522DC6E668139CD9988B5E57";"Würde gelöscht werden"
"2026-09-28 23:23:44";"DryRun";"F:\Daten\Älter\Bilder\Afrika\IMG-20190916-WA0243.jpg";"E:\OpenCloud\Persönlich (2)\Fotos\Afrika\IMG-20190916-WA0243.jpg";"308326";"AD44C2360E70B6237F3BEDCEC58EFD5410078C99955A2B03DF378D7C54D3E839";"AD44C2360E70B6237F3BEDCEC58EFD5410078C99955A2B03DF378D7C54D3E839";"Würde gelöscht werden"
"2026-09-28 23:23:44";"DryRun";"F:\Daten\Älter\Bilder\Afrika\IMG-20190916-WA0244.jpg";"E:\OpenCloud\Persönlich (2)\Fotos\Afrika\IMG-20190916-WA0244.jpg";"221201";"324303B764EF666D1AD62B59F6CC5CB70368ACEC3540C4F70F1342865BA927F8";"324303B764EF666D1AD62B59F6CC5CB70368ACEC3540C4F70F1342865BA927F8";"Würde gelöscht werden"
"2026-09-28 23:23:44";"DryRun";"F:\Daten\Älter\Bilder\Afrika\IMG-20190916-WA0245.jpg";"E:\OpenCloud\Persönlich (2)\Fotos\Afrika\IMG-20190916-WA0245.jpg";"136932";"E5845BBEC38039EC9EC5158D89447A2C11B05E1188E0F0F2323A196256CD7656";"E5845BBEC38039EC9EC5158D89447A2C11B05E1188E0F0F2323A196256CD7656";"Würde gelöscht werden"
"2026-09-28 23:23:44";"DryRun";"F:\Daten\Älter\Bilder\Afrika\IMG-20190916-WA0246.jpg";"E:\OpenCloud\Persönlich (2)\Fotos\Afrika\IMG-20190916-WA0246.jpg";"134735";"0350FB5E07440BAD49AA31F2601CA7DE488795BD153EF53D13BFD2F762E896DE";"0350FB5E07440BAD49AA31F2601CA7DE488795BD153EF53D13BFD2F762E896DE";"Würde gelöscht werden"
"2026-09-28 23:23:44";"DryRun";"F:\Daten\Älter\Bilder\Afrika\IMG-20190916-WA0247.jpg";"E:\OpenCloud\Persönlich (2)\Fotos\Afrika\IMG-20190916-WA0247.jpg";"129175";"C9AE99035DE32E74C9269A75A60CB63110EBF8081451E6D4503A477BFD382E10";"C9AE99035DE32E74C9269A75A60CB63110EBF8081451E6D4503A477BFD382E10";"Würde gelöscht werden"
"2026-09-28 23:23:44";"DryRun";"F:\Daten\Älter\Bilder\Afrika\IMG-20190916-WA0248.jpg";"E:\OpenCloud\Persönlich (2)\Fotos\Afrika\IMG-20190916-WA0248.jpg";"198791";"38A02D812E9421BAA6097176A26ABCD3F4C180926E544BCD92C50DC6EF429CEA";"38A02D812E9421BAA6097176A26ABCD3F4C180926E544BCD92C50DC6EF429CEA";"Würde gelöscht werden"
"2026-09-28 23:23:44";"DryRun";"F:\Daten\Älter\Bilder\Afrika\IMG-20190916-WA0249.jpg";"E:\OpenCloud\Persönlich (2)\Fotos\Afrika\IMG-20190916-WA0249.jpg";"152367";"49FBF0A3384F485C9E512510B036E3995846638F4A7DBE7DCE4AB8F9764AC52B";"49FBF0A3384F485C9E512510B036E3995846638F4A7DBE7DCE4AB8F9764AC52B";"Würde gelöscht werden"
"2026-09-28 23:23:44";"DryRun";"F:\Daten\Älter\Bilder\Afrika\IMG-20190916-WA0251.jpg";"E:\OpenCloud\Persönlich (2)\Fotos\Afrika\IMG-20190916-WA0251.jpg";"462473";"E9C5E3ABC4DAA912716054CB33122C1B91AFC4B9F743272720EFE9BD40AB042D";"E9C5E3ABC4DAA912716054CB33122C1B91AFC4B9F743272720EFE9BD40AB042D";"Würde gelöscht werden"
"2026-09-28 23:23:44";"DryRun";"F:\Daten\Älter\Bilder\Afrika\IMG-20190916-WA0252.jpg";"E:\OpenCloud\Persönlich (2)\Fotos\Afrika\IMG-20190916-WA0252.jpg";"210692";"5E8C5BCDDC003738DD71195CF21C460F01FF78FFAC7390D6260DDBB3B3346988";"5E8C5BCDDC003738DD71195CF21C460F01FF78FFAC7390D6260DDBB3B3346988";"Würde gelöscht werden"
"2026-09-28 23:23:44";"DryRun";"F:\Daten\Älter\Bilder\Afrika\IMG-20190916-WA0257.jpg";"E:\OpenCloud\Persönlich (2)\Fotos\Afrika\IMG-20190916-WA0257.jpg";"153462";"5BAFDB57FB860D247979FC7C3DF7FE94C888CBD045ED6BDD145E286D5995B912";"5BAFDB57FB860D247979FC7C3DF7FE94C888CBD045ED6BDD145E286D5995B912";"Würde gelöscht werden"
"2026-09-28 23:23:44";"DryRun";"F:\Daten\Älter\Bilder\Afrika\IMG-20190916-WA0259.jpg";"E:\OpenCloud\Persönlich (2)\Fotos\Afrika\IMG-20190916-WA0259.jpg";"208471";"94B2F455C31EC68A8FB8E8CAAA0A5EA205C9A3F864A869A96B0A809EAD81A17F";"94B2F455C31EC68A8FB8E8CAAA0A5EA205C9A3F864A869A96B0A809EAD81A17F";"Würde gelöscht werden"
"2026-09-28 23:23:44";"DryRun";"F:\Daten\Älter\Bilder\Afrika\IMG-20190916-WA0268.jpg";"E:\OpenCloud\Persönlich (2)\Fotos\Afrika\IMG-20190916-WA0268.jpg";"161944";"8D08A0CACE94E8C881E4D48DC580C677B48C62836BEDC9221383BC0359261E7F";"8D08A0CACE94E8C881E4D48DC580C677B48C62836BEDC9221383BC0359261E7F";"Würde gelöscht werden"
"2026-09-28 23:23:44";"DryRun";"F:\Daten\Älter\Bilder\Afrika\IMG-20190916-WA0269.jpg";"E:\OpenCloud\Persönlich (2)\Fotos\Afrika\IMG-20190916-WA0269.jpg";"167621";"4623B0C0079079E50324D56241B935388362C3C7BE30D7FC5E58A54E96A80B02";"4623B0C0079079E50324D56241B935388362C3C7BE30D7FC5E58A54E96A80B02";"Würde gelöscht werden"
"2026-09-28 23:23:44";"DryRun";"F:\Daten\Älter\Bilder\Afrika\IMG-20190916-WA0271.jpg";"E:\OpenCloud\Persönlich (2)\Fotos\Afrika\IMG-20190916-WA0271.jpg";"355968";"885E4D2FE6BDF70AE5E3A1A2C125AC9E58416E3BDB73245FAB27D8CA3B4085F9";"885E4D2FE6BDF70AE5E3A1A2C125AC9E58416E3BDB73245FAB27D8CA3B4085F9";"Würde gelöscht werden"
"2026-09-28 23:23:44";"DryRun";"F:\Daten\Älter\Bilder\Afrika\IMG-20190916-WA0273.jpg";"E:\OpenCloud\Persönlich (2)\Fotos\Afrika\IMG-20190916-WA0273.jpg";"214678";"9F6E2530939D9E5A49D96E9774F61EB9B4AFF2997E78FB8D0B094B285A8F6E52";"9F6E2530939D9E5A49D96E9774F61EB9B4AFF2997E78FB8D0B094B285A8F6E52";"Würde gelöscht werden"
"2026-09-28 23:23:45";"DryRun";"F:\Daten\Älter\Bilder\Afrika\IMG-20190916-WA0274.jpg";"E:\OpenCloud\Persönlich (2)\Fotos\Afrika\IMG-20190916-WA0274.jpg";"141790";"721739CCFA3C6B6B2CA0B6F7CF388F82875AEA8B0AF8B525F9AB19A048457E7E";"721739CCFA3C6B6B2CA0B6F7CF388F82875AEA8B0AF8B525F9AB19A048457E7E";"Würde gelöscht werden"
"2026-09-28 23:23:45";"DryRun";"F:\Daten\Älter\Bilder\Afrika\IMG-20190916-WA0277.jpg";"E:\OpenCloud\Persönlich (2)\Fotos\Afrika\IMG-20190916-WA0277.jpg";"167897";"A717746E9216C7FC430EBBD90A6C1CB6729BD528535B8B807E3FFD9E5E99043A";"A717746E9216C7FC430EBBD90A6C1CB6729BD528535B8B807E3FFD9E5E99043A";"Würde gelöscht werden"
"2026-09-28 23:23:45";"DryRun";"F:\Daten\Älter\Bilder\Afrika\IMG-20190916-WA0278.jpg";"E:\OpenCloud\Persönlich (2)\Fotos\Afrika\IMG-20190916-WA0278.jpg";"143276";"54BDC14FFFCE3044D8D0566E8DCA644FB84904871AC14C9725F6CE29921BC5FF";"54BDC14FFFCE3044D8D0566E8DCA644FB84904871AC14C9725F6CE29921BC5FF";"Würde gelöscht werden"
"2026-09-28 23:23:45";"DryRun";"F:\Daten\Älter\Bilder\Afrika\IMG-20190916-WA0279.jpg";"E:\OpenCloud\Persönlich (2)\Fotos\Afrika\IMG-20190916-WA0279.jpg";"140619";"F56667BCEA8F2A4D3EDAEF3EE2F78572C0DB7C62485C4975287F70C233CA4B44";"F56667BCEA8F2A4D3EDAEF3EE2F78572C0DB7C62485C4975287F70C233CA4B44";"Würde gelöscht werden"
"2026-09-28 23:23:45";"DryRun";"F:\Daten\Älter\Bilder\Afrika\IMG-20190916-WA0280.jpg";"E:\OpenCloud\Persönlich (2)\Fotos\Afrika\IMG-20190916-WA0280.jpg";"149317";"0B97B6933E312C7507B0CB7F3B455B0BE63D36EFFEEEF963CC2F0780E75C4B87";"0B97B6933E312C7507B0CB7F3B455B0BE63D36EFFEEEF963CC2F0780E75C4B87";"Würde gelöscht werden"
"2026-09-28 23:23:45";"DryRun";"F:\Daten\Älter\Bilder\Afrika\IMG-20190916-WA0281.jpg";"E:\OpenCloud\Persönlich (2)\Fotos\Afrika\IMG-20190916-WA0281.jpg";"122192";"524C382230FEBBF9AE68723E7C7C5EA746C78836C3F2B5095FBC73A9FF71F0E7";"524C382230FEBBF9AE68723E7C7C5EA746C78836C3F2B5095FBC73A9FF71F0E7";"Würde gelöscht werden"
"2026-09-28 23:23:45";"DryRun";"F:\Daten\Älter\Bilder\Afrika\IMG-20190916-WA0284.jpg";"E:\OpenCloud\Persönlich (2)\Fotos\Afrika\IMG-20190916-WA0284.jpg";"115965";"DFCD7191B4DCC542586EF730C9005D2737DEA3E28F381749CCF6041F2B38D54A";"DFCD7191B4DCC542586EF730C9005D2737DEA3E28F381749CCF6041F2B38D54A";"Würde gelöscht werden"
"2026-09-28 23:23:45";"DryRun";"F:\Daten\Älter\Bilder\Afrika\IMG-20190916-WA0285.jpg";"E:\OpenCloud\Persönlich (2)\Fotos\Afrika\IMG-20190916-WA0285.jpg";"121116";"A656C78A777DF5587C8FE350AE262C4C34A26EC2FB8E240D27CBACD3DC627BDC";"A656C78A777DF5587C8FE350AE262C4C34A26EC2FB8E240D27CBACD3DC627BDC";"Würde gelöscht werden"
"2026-09-28 23:23:45";"DryRun";"F:\Daten\Älter\Bilder\Afrika\IMG-20190916-WA0286.jpg";"E:\OpenCloud\Persönlich (2)\Fotos\Afrika\IMG-20190916-WA0286.jpg";"130349";"0700BAAA4091F5DFDE24E0E1962EBE745CCB264CE98FBC42EF9A53FFA90B28E1";"0700BAAA4091F5DFDE24E0E1962EBE745CCB264CE98FBC42EF9A53FFA90B28E1";"Würde gelöscht werden"
"2026-09-28 23:23:45";"DryRun";"F:\Daten\Älter\Bilder\Afrika\IMG-20190916-WA0287.jpg";"E:\OpenCloud\Persönlich (2)\Fotos\Afrika\IMG-20190916-WA0287.jpg";"124334";"98148350710F8EF95ECFAF0B3B47C86A3FF870B89EED996D6B04A97EE3CF7D61";"98148350710F8EF95ECFAF0B3B47C86A3FF870B89EED996D6B04A97EE3CF7D61";"Würde gelöscht werden"
"2026-09-28 23:23:45";"DryRun";"F:\Daten\Älter\Bilder\Afrika\IMG-20190916-WA0288.jpg";"E:\OpenCloud\Persönlich (2)\Fotos\Afrika\IMG-20190916-WA0288.jpg";"215624";"503252113FB14AD06CA401FAF6C0771346DD49379B94DE7095A038AA84770930";"503252113FB14AD06CA401FAF6C0771346DD49379B94DE7095A038AA84770930";"Würde gelöscht werden"
"2026-09-28 23:23:45";"DryRun";"F:\Daten\Älter\Bilder\Afrika\IMG-20190916-WA0290.jpg";"E:\OpenCloud\Persönlich (2)\Fotos\Afrika\IMG-20190916-WA0290.jpg";"145981";"B41E8BEE5C8FBE6BF67A90E3DC5D5F056EA63A62702DB6CFBB058387622D598F";"B41E8BEE5C8FBE6BF67A90E3DC5D5F056EA63A62702DB6CFBB058387622D598F";"Würde gelöscht werden"
"2026-09-28 23:23:45";"DryRun";"F:\Daten\Älter\Bilder\Afrika\IMG-20190916-WA0291.jpg";"E:\OpenCloud\Persönlich (2)\Fotos\Afrika\IMG-20190916-WA0291.jpg";"151788";"D7EA13AC5A63406E02D96DA6A60D266238AFE1ABD777B0C661E7C7678539712F";"D7EA13AC5A63406E02D96DA6A60D266238AFE1ABD777B0C661E7C7678539712F";"Würde gelöscht werden"
"2026-09-28 23:23:45";"DryRun";"F:\Daten\Älter\Bilder\Afrika\IMG-20190916-WA0292.jpg";"E:\OpenCloud\Persönlich (2)\Fotos\Afrika\IMG-20190916-WA0292.jpg";"112530";"D21FFE965EA220787C0B85A7C6278969DFE973F2902C8850865619EAE22B336B";"D21FFE965EA220787C0B85A7C6278969DFE973F2902C8850865619EAE22B336B";"Würde gelöscht werden"
"2026-09-28 23:23:45";"DryRun";"F:\Daten\Älter\Bilder\Afrika\IMG-20190916-WA0293.jpg";"E:\OpenCloud\Persönlich (2)\Fotos\Afrika\IMG-20190916-WA0293.jpg";"162398";"C1D6CC7317FCE93D2319F3030EFF47C79A7BB5CB731AFDE934CBEF2AA42DB0F6";"C1D6CC7317FCE93D2319F3030EFF47C79A7BB5CB731AFDE934CBEF2AA42DB0F6";"Würde gelöscht werden"
"2026-09-28 23:23:45";"DryRun";"F:\Daten\Älter\Bilder\Afrika\IMG-20190916-WA0294.jpg";"E:\OpenCloud\Persönlich (2)\Fotos\Afrika\IMG-20190916-WA0294.jpg";"176834";"EE63F6F669632EE85308DC0D4D14D9A27B810C76485D65367D74FD058C8D2FCD";"EE63F6F669632EE85308DC0D4D14D9A27B810C76485D65367D74FD058C8D2FCD";"Würde gelöscht werden"
"2026-09-28 23:23:45";"DryRun";"F:\Daten\Älter\Bilder\Afrika\IMG-20190916-WA0295.jpg";"E:\OpenCloud\Persönlich (2)\Fotos\Afrika\IMG-20190916-WA0295.jpg";"174217";"ED39CEF5A20ABE8BFF0C4104B6CE9ED0D93A2A142F7E027248FBC6DC53D16B16";"ED39CEF5A20ABE8BFF0C4104B6CE9ED0D93A2A142F7E027248FBC6DC53D16B16";"Würde gelöscht werden"
"2026-09-28 23:23:45";"DryRun";"F:\Daten\Älter\Bilder\Afrika\IMG-20190916-WA0296.jpg";"E:\OpenCloud\Persönlich (2)\Fotos\Afrika\IMG-20190916-WA0296.jpg";"157881";"470F9F207C48431A98B599C39F501003C16DF564D7F89453862EF8D82E85E119";"470F9F207C48431A98B599C39F501003C16DF564D7F89453862EF8D82E85E119";"Würde gelöscht werden"
"2026-09-28 23:23:45";"DryRun";"F:\Daten\Älter\Bilder\Afrika\IMG-20190916-WA0297.jpg";"E:\OpenCloud\Persönlich (2)\Fotos\Afrika\IMG-20190916-WA0297.jpg";"122928";"AEA0B58057AC86FC7C1F59E2202131E14A9BB10B64C88F880A5B75AB749FE559";"AEA0B58057AC86FC7C1F59E2202131E14A9BB10B64C88F880A5B75AB749FE559";"Würde gelöscht werden"
"2026-09-28 23:23:45";"DryRun";"F:\Daten\Älter\Bilder\Afrika\IMG-20190916-WA0299.jpg";"E:\OpenCloud\Persönlich (2)\Fotos\Afrika\IMG-20190916-WA0299.jpg";"162366";"69FA639C8BA65B2FE6269F4C524CC514F917A83FF3F971464D16698D5CD15F03";"69FA639C8BA65B2FE6269F4C524CC514F917A83FF3F971464D16698D5CD15F03";"Würde gelöscht werden"
"2026-09-28 23:23:45";"DryRun";"F:\Daten\Älter\Bilder\Afrika\IMG-20190916-WA0301.jpg";"E:\OpenCloud\Persönlich (2)\Fotos\Afrika\IMG-20190916-WA0301.jpg";"167109";"64581C99D81C3AFBC3D89F658DA1FD327FFC9C7569962DBEF2C12FE49B7DCED3";"64581C99D81C3AFBC3D89F658DA1FD327FFC9C7569962DBEF2C12FE49B7DCED3";"Würde gelöscht werden"
"2026-09-28 23:23:45";"DryRun";"F:\Daten\Älter\Bilder\Afrika\IMG-20190916-WA0303.jpg";"E:\OpenCloud\Persönlich (2)\Fotos\Afrika\IMG-20190916-WA0303.jpg";"266884";"B346999C115CC2D1CECA2FEA61973CE12F112A30D4099BACA022668184B232C9";"B346999C115CC2D1CECA2FEA61973CE12F112A30D4099BACA022668184B232C9";"Würde gelöscht werden"
"2026-09-28 23:23:45";"DryRun";"F:\Daten\Älter\Bilder\Afrika\IMG-20190916-WA0305.jpg";"E:\OpenCloud\Persönlich (2)\Fotos\Afrika\IMG-20190916-WA0305.jpg";"524147";"EE99276F0EC3D4BAD9BC8A90C5E5C3CF16324586DD0F671E0949B4E72733A1E8";"EE99276F0EC3D4BAD9BC8A90C5E5C3CF16324586DD0F671E0949B4E72733A1E8";"Würde gelöscht werden"
"2026-09-28 23:23:45";"DryRun";"F:\Daten\Älter\Bilder\Afrika\IMG-20190916-WA0307.jpg";"E:\OpenCloud\Persönlich (2)\Fotos\Afrika\IMG-20190916-WA0307.jpg";"271306";"BCD6B6EE37F5CDD7EC358DEF110BF0629A8925A2A509E4D4E399F2593907DA2C";"BCD6B6EE37F5CDD7EC358DEF110BF0629A8925A2A509E4D4E399F2593907DA2C";"Würde gelöscht werden"
"2026-09-28 23:23:45";"DryRun";"F:\Daten\Älter\Bilder\Afrika\IMG-20190916-WA0308.jpg";"E:\OpenCloud\Persönlich (2)\Fotos\Afrika\IMG-20190916-WA0308.jpg";"266179";"0AF023655B32AF404D2A983FC3CAB23B8C33C89CBC26F5B7165671C8EE40038C";"0AF023655B32AF404D2A983FC3CAB23B8C33C89CBC26F5B7165671C8EE40038C";"Würde gelöscht werden"
"2026-09-28 23:23:45";"DryRun";"F:\Daten\Älter\Bilder\Afrika\IMG-20190916-WA0312.jpg";"E:\OpenCloud\Persönlich (2)\Fotos\Afrika\IMG-20190916-WA0312.jpg";"360975";"4062A7D0764E603E466ED52A22B0133F21B9C9468737D971E727141B8D77C5CA";"4062A7D0764E603E466ED52A22B0133F21B9C9468737D971E727141B8D77C5CA";"Würde gelöscht werden"
"2026-09-28 23:23:45";"DryRun";"F:\Daten\Älter\Bilder\Afrika\IMG-20190916-WA0314.jpg";"E:\OpenCloud\Persönlich (2)\Fotos\Afrika\IMG-20190916-WA0314.jpg";"557903";"BE6D3540EAF683750FE83C53E30B7D87A2A8BC2EFB74215B86D40D3C52340B7F";"BE6D3540EAF683750FE83C53E30B7D87A2A8BC2EFB74215B86D40D3C52340B7F";"Würde gelöscht werden"
"2026-09-28 23:23:45";"DryRun";"F:\Daten\Älter\Bilder\Afrika\IMG-20190916-WA0315.jpg";"E:\OpenCloud\Persönlich (2)\Fotos\Afrika\IMG-20190916-WA0315.jpg";"121442";"8D02A970DB9D2F240742C5C4C124440FEF59864CDFAE5F461A6182E5B4862A5E";"8D02A970DB9D2F240742C5C4C124440FEF59864CDFAE5F461A6182E5B4862A5E";"Würde gelöscht werden"
"2026-09-28 23:23:45";"DryRun";"F:\Daten\Älter\Bilder\Afrika\IMG-20190916-WA0316.jpg";"E:\OpenCloud\Persönlich (2)\Fotos\Afrika\IMG-20190916-WA0316.jpg";"262434";"FD1C0650F27C7C39E2000CEF20A4174A15EC9AF80FEA72D06268201542EA2594";"FD1C0650F27C7C39E2000CEF20A4174A15EC9AF80FEA72D06268201542EA2594";"Würde gelöscht werden"
"2026-09-28 23:23:45";"DryRun";"F:\Daten\Älter\Bilder\Afrika\IMG-20190916-WA0317.jpg";"E:\OpenCloud\Persönlich (2)\Fotos\Afrika\IMG-20190916-WA0317.jpg";"243142";"A26B762A46CAC9744B7CF8E71B6716256BAA7F47AA0ED5765262333DC4F33C0C";"A26B762A46CAC9744B7CF8E71B6716256BAA7F47AA0ED5765262333DC4F33C0C";"Würde gelöscht werden"
"2026-09-28 23:23:45";"DryRun";"F:\Daten\Älter\Bilder\Afrika\IMG-20190916-WA0320.jpg";"E:\OpenCloud\Persönlich (2)\Fotos\Afrika\IMG-20190916-WA0320.jpg";"150993";"95DA0BEA1206D93FE4C2C1727097D998FB37B2FB8E0DD0DD2D850ECF75004096";"95DA0BEA1206D93FE4C2C1727097D998FB37B2FB8E0DD0DD2D850ECF75004096";"Würde gelöscht werden"
"2026-09-28 23:23:45";"DryRun";"F:\Daten\Älter\Bilder\Afrika\IMG-20190916-WA0321.jpg";"E:\OpenCloud\Persönlich (2)\Fotos\Afrika\IMG-20190916-WA0321.jpg";"289759";"1F12459FA2043C594A74AE8A99BBDA2672EA6825495E9AE9F02AEB99F2294739";"1F12459FA2043C594A74AE8A99BBDA2672EA6825495E9AE9F02AEB99F2294739";"Würde gelöscht werden"
"2026-09-28 23:23:46";"DryRun";"F:\Daten\Älter\Bilder\Afrika\IMG-20190916-WA0322.jpg";"E:\OpenCloud\Persönlich (2)\Fotos\Afrika\IMG-20190916-WA0322.jpg";"330302";"78B54BE9BF68178AB2478BBD1EB9C14093914A8A87EEE7830A9FCB87FEFD6C5C";"78B54BE9BF68178AB2478BBD1EB9C14093914A8A87EEE7830A9FCB87FEFD6C5C";"Würde gelöscht werden"
"2026-09-28 23:23:46";"DryRun";"F:\Daten\Älter\Bilder\Afrika\IMG-20190916-WA0323.jpg";"E:\OpenCloud\Persönlich (2)\Fotos\Afrika\IMG-20190916-WA0323.jpg";"196546";"332A8506F871D87C8548A1892700C3C9F64EBFDFA83675D26F6B5892033C04A1";"332A8506F871D87C8548A1892700C3C9F64EBFDFA83675D26F6B5892033C04A1";"Würde gelöscht werden"
"2026-09-28 23:23:46";"DryRun";"F:\Daten\Älter\Bilder\Afrika\IMG-20190916-WA0324.jpg";"E:\OpenCloud\Persönlich (2)\Fotos\Afrika\IMG-20190916-WA0324.jpg";"323585";"13D0EF7233B7F860584F5FEDDEB8E717DCD286AEF70AD096CF9A333673FEF6E0";"13D0EF7233B7F860584F5FEDDEB8E717DCD286AEF70AD096CF9A333673FEF6E0";"Würde gelöscht werden"
"2026-09-28 23:23:46";"DryRun";"F:\Daten\Älter\Bilder\Afrika\IMG-20190916-WA0327.jpg";"E:\OpenCloud\Persönlich (2)\Fotos\Afrika\IMG-20190916-WA0327.jpg";"335684";"F3CC5BF929BEF656BCBF973D2FF3D4E1A4159AEDB71C84D84C89248EA1291773";"F3CC5BF929BEF656BCBF973D2FF3D4E1A4159AEDB71C84D84C89248EA1291773";"Würde gelöscht werden"
"2026-09-28 23:23:46";"DryRun";"F:\Daten\Älter\Bilder\Afrika\IMG-20190916-WA0329.jpg";"E:\OpenCloud\Persönlich (2)\Fotos\Afrika\IMG-20190916-WA0329.jpg";"169811";"D69444136982B38A6D7215AEBE9D13B0955DD418E969D473D282D330500F8AE2";"D69444136982B38A6D7215AEBE9D13B0955DD418E969D473D282D330500F8AE2";"Würde gelöscht werden"
"2026-09-28 23:23:46";"DryRun";"F:\Daten\Älter\Bilder\Afrika\IMG-20190916-WA0331.jpg";"E:\OpenCloud\Persönlich (2)\Fotos\Afrika\IMG-20190916-WA0331.jpg";"324313";"BB47FB4711A5174EDAED8AAE613DFDC612601FFA5FFAE852D40EB9A41EEB2D0F";"BB47FB4711A5174EDAED8AAE613DFDC612601FFA5FFAE852D40EB9A41EEB2D0F";"Würde gelöscht werden"
"2026-09-28 23:23:46";"DryRun";"F:\Daten\Älter\Bilder\Afrika\IMG-20190916-WA0336.jpg";"E:\OpenCloud\Persönlich (2)\Fotos\Afrika\IMG-20190916-WA0336.jpg";"251272";"E4A06278B92510BA891CF48D5CAE7C4CBD7C83869764F82D6C6EDB6E11D8C264";"E4A06278B92510BA891CF48D5CAE7C4CBD7C83869764F82D6C6EDB6E11D8C264";"Würde gelöscht werden"
"2026-09-28 23:23:46";"DryRun";"F:\Daten\Älter\Bilder\Afrika\IMG-20190916-WA0337.jpg";"E:\OpenCloud\Persönlich (2)\Fotos\Afrika\IMG-20190916-WA0337.jpg";"261625";"5B54CB5FBA0F5AD6BB168DFDB5497E1280DFA9665BF40A33C0BCA7DA6B0BAF74";"5B54CB5FBA0F5AD6BB168DFDB5497E1280DFA9665BF40A33C0BCA7DA6B0BAF74";"Würde gelöscht werden"
"2026-09-28 23:23:46";"DryRun";"F:\Daten\Älter\Bilder\Afrika\IMG-20190916-WA0338.jpg";"E:\OpenCloud\Persönlich (2)\Fotos\Afrika\IMG-20190916-WA0338.jpg";"161305";"BCBFAD7DB6CA1F982703BB35029CCD34397FD66229E125B343EF64C51CDEE306";"BCBFAD7DB6CA1F982703BB35029CCD34397FD66229E125B343EF64C51CDEE306";"Würde gelöscht werden"
"2026-09-28 23:23:46";"DryRun";"F:\Daten\Älter\Bilder\Afrika\IMG-20190916-WA0340.jpg";"E:\OpenCloud\Persönlich (2)\Fotos\Afrika\IMG-20190916-WA0340.jpg";"199869";"E84A15EA6EB924E89658817F376AC47B78CC095C375138974B6210DD2A691649";"E84A15EA6EB924E89658817F376AC47B78CC095C375138974B6210DD2A691649";"Würde gelöscht werden"
"2026-09-28 23:23:46";"DryRun";"F:\Daten\Älter\Bilder\Afrika\IMG-20190916-WA0342.jpg";"E:\OpenCloud\Persönlich (2)\Fotos\Afrika\IMG-20190916-WA0342.jpg";"284517";"71805C34E64A6C4D13990B2E3B77AB15CD99FFCD0C4778FB2B0E3061571C9207";"71805C34E64A6C4D13990B2E3B77AB15CD99FFCD0C4778FB2B0E3061571C9207";"Würde gelöscht werden"
"2026-09-28 23:23:46";"DryRun";"F:\Daten\Älter\Bilder\Afrika\IMG-20190916-WA0343.jpg";"E:\OpenCloud\Persönlich (2)\Fotos\Afrika\IMG-20190916-WA0343.jpg";"290775";"C2D442057E7DD8CF9559D78E16F06BF1E863EFF1FDD9B7DFC640587482F40C6A";"C2D442057E7DD8CF9559D78E16F06BF1E863EFF1FDD9B7DFC640587482F40C6A";"Würde gelöscht werden"
"2026-09-28 23:23:46";"DryRun";"F:\Daten\Älter\Bilder\Afrika\IMG-20190916-WA0344.jpg";"E:\OpenCloud\Persönlich (2)\Fotos\Afrika\IMG-20190916-WA0344.jpg";"163346";"A1DEB6439A93B835A3436BD7D98B63AF3268E3D4AB0091CB7E31F7FB424256E0";"A1DEB6439A93B835A3436BD7D98B63AF3268E3D4AB0091CB7E31F7FB424256E0";"Würde gelöscht werden"
"2026-09-28 23:23:46";"DryRun";"F:\Daten\Älter\Bilder\Afrika\IMG-20190916-WA0345.jpg";"E:\OpenCloud\Persönlich (2)\Fotos\Afrika\IMG-20190916-WA0345.jpg";"385754";"F9DB47143E1EC5841F235C8F00CBBFEF5B0F0E5D559B457EC4F51CF17A175E0B";"F9DB47143E1EC5841F235C8F00CBBFEF5B0F0E5D559B457EC4F51CF17A175E0B";"Würde gelöscht werden"
"2026-09-28 23:23:46";"DryRun";"F:\Daten\Älter\Bilder\Afrika\IMG-20190916-WA0347.jpg";"E:\OpenCloud\Persönlich (2)\Fotos\Afrika\IMG-20190916-WA0347.jpg";"199946";"ED388E863015FFEE59437D334E5423ACC6F86ACF310B7BE29A7DF0B39C738CF5";"ED388E863015FFEE59437D334E5423ACC6F86ACF310B7BE29A7DF0B39C738CF5";"Würde gelöscht werden"
"2026-09-28 23:23:46";"DryRun";"F:\Daten\Älter\Bilder\Afrika\IMG-20190916-WA0349.jpg";"E:\OpenCloud\Persönlich (2)\Fotos\Afrika\IMG-20190916-WA0349.jpg";"155112";"EB3E5480F393EDC0414106199270953F6C52141EE5CDC2394E259CF260834D62";"EB3E5480F393EDC0414106199270953F6C52141EE5CDC2394E259CF260834D62";"Würde gelöscht werden"
"2026-09-28 23:23:46";"DryRun";"F:\Daten\Älter\Bilder\Afrika\IMG-20190916-WA0350.jpg";"E:\OpenCloud\Persönlich (2)\Fotos\Afrika\IMG-20190916-WA0350.jpg";"282383";"6092932E206BAED72C4427D534312D71B31E9667150565567AD3977AE7670FDE";"6092932E206BAED72C4427D534312D71B31E9667150565567AD3977AE7670FDE";"Würde gelöscht werden"
"2026-09-28 23:23:46";"DryRun";"F:\Daten\Älter\Bilder\Afrika\IMG-20190916-WA0351.jpg";"E:\OpenCloud\Persönlich (2)\Fotos\Afrika\IMG-20190916-WA0351.jpg";"266053";"859DBFBB2AE5EBCD120D579E6CE09FA3ECAC5E890386477BE3999EC5034CDFBB";"859DBFBB2AE5EBCD120D579E6CE09FA3ECAC5E890386477BE3999EC5034CDFBB";"Würde gelöscht werden"
"2026-09-28 23:23:46";"DryRun";"F:\Daten\Älter\Bilder\Afrika\IMG-20190916-WA0352.jpg";"E:\OpenCloud\Persönlich (2)\Fotos\Afrika\IMG-20190916-WA0352.jpg";"198654";"661E694E7C5546F596B2AA0835E672C6029366ABD67A8EE0B2A2C9C05C55545E";"661E694E7C5546F596B2AA0835E672C6029366ABD67A8EE0B2A2C9C05C55545E";"Würde gelöscht werden"
"2026-09-28 23:23:46";"DryRun";"F:\Daten\Älter\Bilder\Afrika\IMG-20190916-WA0353.jpg";"E:\OpenCloud\Persönlich (2)\Fotos\Afrika\IMG-20190916-WA0353.jpg";"190441";"F84F1981B5149DF732A77AA69A1C4B00D554032C49196908282A984D3AA0A774";"F84F1981B5149DF732A77AA69A1C4B00D554032C49196908282A984D3AA0A774";"Würde gelöscht werden"
"2026-09-28 23:23:46";"DryRun";"F:\Daten\Älter\Bilder\Afrika\IMG-20190916-WA0354.jpg";"E:\OpenCloud\Persönlich (2)\Fotos\Afrika\IMG-20190916-WA0354.jpg";"88644";"66769402FF530E4FE7AC5133D707676CC44AD8E871F4044EE37C65991CDDEC04";"66769402FF530E4FE7AC5133D707676CC44AD8E871F4044EE37C65991CDDEC04";"Würde gelöscht werden"
"2026-09-28 23:23:46";"DryRun";"F:\Daten\Älter\Bilder\Afrika\IMG-20190916-WA0355.jpg";"E:\OpenCloud\Persönlich (2)\Fotos\Afrika\IMG-20190916-WA0355.jpg";"97054";"CAF0BDD23581F4E13541CBDFF0C41E7748835E057E1741C859A340FE3EC399EA";"CAF0BDD23581F4E13541CBDFF0C41E7748835E057E1741C859A340FE3EC399EA";"Würde gelöscht werden"
"2026-09-28 23:23:46";"DryRun";"F:\Daten\Älter\Bilder\Afrika\IMG-20190916-WA0356.jpg";"E:\OpenCloud\Persönlich (2)\Fotos\Afrika\IMG-20190916-WA0356.jpg";"132728";"E9051DA1C5979F88CABD897228387998C2AF22F3891CFF1ADEFF34AB592139B0";"E9051DA1C5979F88CABD897228387998C2AF22F3891CFF1ADEFF34AB592139B0";"Würde gelöscht werden"
"2026-09-28 23:23:46";"DryRun";"F:\Daten\Älter\Bilder\Afrika\IMG-20190916-WA0357.jpg";"E:\OpenCloud\Persönlich (2)\Fotos\Afrika\IMG-20190916-WA0357.jpg";"75578";"890772CD9FEE11562AC9ACD22F993B3F87E65714985E1E44D55CC6FB0FA3A6E3";"890772CD9FEE11562AC9ACD22F993B3F87E65714985E1E44D55CC6FB0FA3A6E3";"Würde gelöscht werden"
"2026-09-28 23:23:46";"DryRun";"F:\Daten\Älter\Bilder\Afrika\IMG-20190916-WA0358.jpg";"E:\OpenCloud\Persönlich (2)\Fotos\Afrika\IMG-20190916-WA0358.jpg";"135949";"7DDD6202419A94CA11254558A7B90146B2CEABC1FA3B36C89B484A9B52EF7564";"7DDD6202419A94CA11254558A7B90146B2CEABC1FA3B36C89B484A9B52EF7564";"Würde gelöscht werden"
"2026-09-28 23:23:46";"DryRun";"F:\Daten\Älter\Bilder\Afrika\IMG-20190916-WA0359.jpg";"E:\OpenCloud\Persönlich (2)\Fotos\Afrika\IMG-20190916-WA0359.jpg";"152213";"059B5BD50167C130221D1382781DCCAF6EFF887B475DEF02CF8596808FA3B255";"059B5BD50167C130221D1382781DCCAF6EFF887B475DEF02CF8596808FA3B255";"Würde gelöscht werden"
"2026-09-28 23:23:46";"DryRun";"F:\Daten\Älter\Bilder\Afrika\IMG-20190916-WA0360.jpg";"E:\OpenCloud\Persönlich (2)\Fotos\Afrika\IMG-20190916-WA0360.jpg";"74810";"9D3EE1BB186887C90CABC8D07CB7B6FF6484B827A0971F463A42D45766193169";"9D3EE1BB186887C90CABC8D07CB7B6FF6484B827A0971F463A42D45766193169";"Würde gelöscht werden"
"2026-09-28 23:23:46";"DryRun";"F:\Daten\Älter\Bilder\Afrika\IMG-20190916-WA0361.jpg";"E:\OpenCloud\Persönlich (2)\Fotos\Afrika\IMG-20190916-WA0361.jpg";"56569";"7AF497714BEBFE20F75078DD6A5441CCC3DE9012C26A727788B3611235D18243";"7AF497714BEBFE20F75078DD6A5441CCC3DE9012C26A727788B3611235D18243";"Würde gelöscht werden"
"2026-09-28 23:23:46";"DryRun";"F:\Daten\Älter\Bilder\Afrika\IMG-20190916-WA0362.jpg";"E:\OpenCloud\Persönlich (2)\Fotos\Afrika\IMG-20190916-WA0362.jpg";"173499";"FB1AA0832CBA1BD0DE3A89076CE9A35B2683670DC8DDD401BBB8D08D964B85ED";"FB1AA0832CBA1BD0DE3A89076CE9A35B2683670DC8DDD401BBB8D08D964B85ED";"Würde gelöscht werden"
"2026-09-28 23:23:46";"DryRun";"F:\Daten\Älter\Bilder\Afrika\IMG-20190916-WA0363.jpg";"E:\OpenCloud\Persönlich (2)\Fotos\Afrika\IMG-20190916-WA0363.jpg";"145626";"79D871CF4334B1139E609362CA8D1BBB940949F98A2A1B6A26052CC867295D14";"79D871CF4334B1139E609362CA8D1BBB940949F98A2A1B6A26052CC867295D14";"Würde gelöscht werden"
"2026-09-28 23:23:46";"DryRun";"F:\Daten\Älter\Bilder\Afrika\IMG-20190916-WA0364.jpg";"E:\OpenCloud\Persönlich (2)\Fotos\Afrika\IMG-20190916-WA0364.jpg";"165593";"F282D57E136B32C2141D82E9F6528383B2261F001B16774CF72783C3B57A48AF";"F282D57E136B32C2141D82E9F6528383B2261F001B16774CF72783C3B57A48AF";"Würde gelöscht werden"
"2026-09-28 23:23:47";"DryRun";"F:\Daten\Älter\Bilder\Afrika\IMG-20190916-WA0365.jpg";"E:\OpenCloud\Persönlich (2)\Fotos\Afrika\IMG-20190916-WA0365.jpg";"129491";"9275A28B70B18543504433C6C1D550A7E80DAB3CFC1DCC21BF9302537B087468";"9275A28B70B18543504433C6C1D550A7E80DAB3CFC1DCC21BF9302537B087468";"Würde gelöscht werden"
"2026-09-28 23:23:47";"DryRun";"F:\Daten\Älter\Bilder\Afrika\IMG-20190916-WA0366.jpg";"E:\OpenCloud\Persönlich (2)\Fotos\Afrika\IMG-20190916-WA0366.jpg";"87836";"7A541DA621147CBECDFAD71CD514DBDDE6A7FEDEA64EA1B1B01EB3762ECC6CA0";"7A541DA621147CBECDFAD71CD514DBDDE6A7FEDEA64EA1B1B01EB3762ECC6CA0";"Würde gelöscht werden"
"2026-09-28 23:23:47";"DryRun";"F:\Daten\Älter\Bilder\Afrika\IMG-20190916-WA0367.jpg";"E:\OpenCloud\Persönlich (2)\Fotos\Afrika\IMG-20190916-WA0367.jpg";"79146";"34C3876312B32A357D9365C84BB4AB114FE402CF2F3930C0ECF681B1BF1FC60C";"34C3876312B32A357D9365C84BB4AB114FE402CF2F3930C0ECF681B1BF1FC60C";"Würde gelöscht werden"
"2026-09-28 23:23:47";"DryRun";"F:\Daten\Älter\Bilder\Afrika\IMG-20190916-WA0368.jpg";"E:\OpenCloud\Persönlich (2)\Fotos\Afrika\IMG-20190916-WA0368.jpg";"158450";"73149C42846A8A9B81209311D59B73122100A76CBC9A70A1DB5EAC68E11C1605";"73149C42846A8A9B81209311D59B73122100A76CBC9A70A1DB5EAC68E11C1605";"Würde gelöscht werden"
"2026-09-28 23:23:47";"DryRun";"F:\Daten\Älter\Bilder\Afrika\IMG-20190916-WA0369.jpg";"E:\OpenCloud\Persönlich (2)\Fotos\Afrika\IMG-20190916-WA0369.jpg";"82058";"D37A941D1E1BA8E0934C7D77F00EC20D77B13120477C0FF4D5D32360FC75BA10";"D37A941D1E1BA8E0934C7D77F00EC20D77B13120477C0FF4D5D32360FC75BA10";"Würde gelöscht werden"
"2026-09-28 23:23:47";"DryRun";"F:\Daten\Älter\Bilder\Afrika\IMG-20190916-WA0372.jpg";"E:\OpenCloud\Persönlich (2)\Fotos\Afrika\IMG-20190916-WA0372.jpg";"87227";"5B47E0E394F49808F342D295E967C4A7497DC5DBEABA080C49C9340199A8A457";"5B47E0E394F49808F342D295E967C4A7497DC5DBEABA080C49C9340199A8A457";"Würde gelöscht werden"
"2026-09-28 23:23:47";"DryRun";"F:\Daten\Älter\Bilder\Afrika\IMG-20190916-WA0373.jpg";"E:\OpenCloud\Persönlich (2)\Fotos\Afrika\IMG-20190916-WA0373.jpg";"85725";"BAF9F4B9403E94D27A7F82125B7E1201520D34D735CB85E464D2508E1B0B4224";"BAF9F4B9403E94D27A7F82125B7E1201520D34D735CB85E464D2508E1B0B4224";"Würde gelöscht werden"
"2026-09-28 23:23:47";"DryRun";"F:\Daten\Älter\Bilder\Afrika\IMG-20190916-WA0374.jpg";"E:\OpenCloud\Persönlich (2)\Fotos\Afrika\IMG-20190916-WA0374.jpg";"114080";"649F995B6DFC471E16A7D5DE7DC7BC990078DFD8ACDB9471DAAA1874344813D5";"649F995B6DFC471E16A7D5DE7DC7BC990078DFD8ACDB9471DAAA1874344813D5";"Würde gelöscht werden"
"2026-09-28 23:23:47";"DryRun";"F:\Daten\Älter\Bilder\Afrika\IMG-20190916-WA0375.jpg";"E:\OpenCloud\Persönlich (2)\Fotos\Afrika\IMG-20190916-WA0375.jpg";"73910";"07465203173C89497C5E7D57A79F77DAE6F65234983DB05C02B4479BA08ED7E6";"07465203173C89497C5E7D57A79F77DAE6F65234983DB05C02B4479BA08ED7E6";"Würde gelöscht werden"
"2026-09-28 23:23:47";"DryRun";"F:\Daten\Älter\Bilder\Afrika\IMG-20190916-WA0408.jpg";"E:\OpenCloud\Persönlich (2)\Fotos\Afrika\IMG-20190916-WA0408.jpg";"318613";"35460C29D1B6C2FA8D5BF08845D383C4727B8033ECA7BD047F417D02C884A73E";"35460C29D1B6C2FA8D5BF08845D383C4727B8033ECA7BD047F417D02C884A73E";"Würde gelöscht werden"
"2026-09-28 23:23:47";"DryRun";"F:\Daten\Älter\Bilder\Afrika\IMG-20190916-WA0409.jpg";"E:\OpenCloud\Persönlich (2)\Fotos\Afrika\IMG-20190916-WA0409.jpg";"324459";"DC07CA781AFA4E59AFB047D7E91302F4CBAF4E798338E68AA6EB0930D69945F7";"DC07CA781AFA4E59AFB047D7E91302F4CBAF4E798338E68AA6EB0930D69945F7";"Würde gelöscht werden"
"2026-09-28 23:23:47";"DryRun";"F:\Daten\Älter\Bilder\Afrika\IMG-20190916-WA0410.jpg";"E:\OpenCloud\Persönlich (2)\Fotos\Afrika\IMG-20190916-WA0410.jpg";"318154";"04097B4A881B07D7F537F4198702D8D641A64E80F7D60E8E730C1D0E47A6CCA2";"04097B4A881B07D7F537F4198702D8D641A64E80F7D60E8E730C1D0E47A6CCA2";"Würde gelöscht werden"
"2026-09-28 23:23:47";"DryRun";"F:\Daten\Älter\Bilder\Afrika\IMG-20190916-WA0411__01.jpg";"E:\OpenCloud\Persönlich (2)\Fotos\Afrika\IMG-20190916-WA0411__01.jpg";"506057";"304804CAE767752164F6ADB8A18167084B91676601A6F915806790DEA1444D00";"304804CAE767752164F6ADB8A18167084B91676601A6F915806790DEA1444D00";"Würde gelöscht werden"
"2026-09-28 23:23:47";"DryRun";"F:\Daten\Älter\Bilder\Afrika\IMG-20190916-WA0411.jpg";"E:\OpenCloud\Persönlich (2)\Fotos\Afrika\IMG-20190916-WA0411.jpg";"310924";"44F2398508B3C67BD4028A546C3B5B8ECE3B48EFA73B6A54299260A24021205B";"44F2398508B3C67BD4028A546C3B5B8ECE3B48EFA73B6A54299260A24021205B";"Würde gelöscht werden"
"2026-09-28 23:23:47";"DryRun";"F:\Daten\Älter\Bilder\Afrika\IMG-20190916-WA0412.jpg";"E:\OpenCloud\Persönlich (2)\Fotos\Afrika\IMG-20190916-WA0412.jpg";"152722";"7AD441A41508096AAA4F36C2130DCFE7F14549E6C6FB1D4872ECE66756B015AC";"7AD441A41508096AAA4F36C2130DCFE7F14549E6C6FB1D4872ECE66756B015AC";"Würde gelöscht werden"
"2026-09-28 23:23:47";"DryRun";"F:\Daten\Älter\Bilder\Afrika\IMG-20190916-WA0413.jpg";"E:\OpenCloud\Persönlich (2)\Fotos\Afrika\IMG-20190916-WA0413.jpg";"227712";"7B95FCB2F59661BE8D3CDCD99B51D12792FF455E723A3403D6CAE845227EECC4";"7B95FCB2F59661BE8D3CDCD99B51D12792FF455E723A3403D6CAE845227EECC4";"Würde gelöscht werden"
"2026-09-28 23:23:47";"DryRun";"F:\Daten\Älter\Bilder\Afrika\IMG-20190916-WA0414.jpg";"E:\OpenCloud\Persönlich (2)\Fotos\Afrika\IMG-20190916-WA0414.jpg";"153995";"B9D8D5C9DD7EF98459A35A9A238DD117D4F87AD86219CF5FAA4A59BBCB6601F5";"B9D8D5C9DD7EF98459A35A9A238DD117D4F87AD86219CF5FAA4A59BBCB6601F5";"Würde gelöscht werden"
"2026-09-28 23:23:47";"DryRun";"F:\Daten\Älter\Bilder\Afrika\IMG-20190916-WA0415.jpg";"E:\OpenCloud\Persönlich (2)\Fotos\Afrika\IMG-20190916-WA0415.jpg";"297614";"868F14DC94671B65C0769DBFA008787D449ECCF0971835E0261D0475F72BE7B3";"868F14DC94671B65C0769DBFA008787D449ECCF0971835E0261D0475F72BE7B3";"Würde gelöscht werden"
"2026-09-28 23:23:47";"DryRun";"F:\Daten\Älter\Bilder\Afrika\IMG-20190916-WA0416.jpg";"E:\OpenCloud\Persönlich (2)\Fotos\Afrika\IMG-20190916-WA0416.jpg";"383045";"DFFB91C4A36B3B7765F3498FAF8FB7AEC5459C0E22793B1CA38BCBAF7E23F79F";"DFFB91C4A36B3B7765F3498FAF8FB7AEC5459C0E22793B1CA38BCBAF7E23F79F";"Würde gelöscht werden"
"2026-09-28 23:23:47";"DryRun";"F:\Daten\Älter\Bilder\Afrika\IMG-20190916-WA0417.jpg";"E:\OpenCloud\Persönlich (2)\Fotos\Afrika\IMG-20190916-WA0417.jpg";"219844";"97327A509A68C56731884D46A0B0D3B91BDC94A4EDA4C7AD3D5C05375C92B9BA";"97327A509A68C56731884D46A0B0D3B91BDC94A4EDA4C7AD3D5C05375C92B9BA";"Würde gelöscht werden"
"2026-09-28 23:23:47";"DryRun";"F:\Daten\Älter\Bilder\Afrika\IMG-20190916-WA0418.jpg";"E:\OpenCloud\Persönlich (2)\Fotos\Afrika\IMG-20190916-WA0418.jpg";"287110";"FBE4441E812889018DBBEFE0F08DF07C3C146A19675EE1DF4CD051FDC1A5EF72";"FBE4441E812889018DBBEFE0F08DF07C3C146A19675EE1DF4CD051FDC1A5EF72";"Würde gelöscht werden"
"2026-09-28 23:23:47";"DryRun";"F:\Daten\Älter\Bilder\Afrika\IMG-20190916-WA0419.jpg";"E:\OpenCloud\Persönlich (2)\Fotos\Afrika\IMG-20190916-WA0419.jpg";"151525";"42D553EB2963D4D0D727916A5B402CC39E1D037C2CFF077464BE5D8B51873710";"42D553EB2963D4D0D727916A5B402CC39E1D037C2CFF077464BE5D8B51873710";"Würde gelöscht werden"
"2026-09-28 23:23:47";"DryRun";"F:\Daten\Älter\Bilder\Afrika\IMG-20190916-WA0420.jpg";"E:\OpenCloud\Persönlich (2)\Fotos\Afrika\IMG-20190916-WA0420.jpg";"260051";"E84455B06B739DB1068441587585862D9E8E14E7472768DA1A1FFBEA0CDED413";"E84455B06B739DB1068441587585862D9E8E14E7472768DA1A1FFBEA0CDED413";"Würde gelöscht werden"
"2026-09-28 23:23:47";"DryRun";"F:\Daten\Älter\Bilder\Afrika\IMG-20190916-WA0421.jpg";"E:\OpenCloud\Persönlich (2)\Fotos\Afrika\IMG-20190916-WA0421.jpg";"107723";"22A208E868F65EAC44439F039A8878EB9F874F0353E514BBF19D140F4AD74B71";"22A208E868F65EAC44439F039A8878EB9F874F0353E514BBF19D140F4AD74B71";"Würde gelöscht werden"
"2026-09-28 23:23:47";"DryRun";"F:\Daten\Älter\Bilder\Afrika\IMG-20190916-WA0422.jpg";"E:\OpenCloud\Persönlich (2)\Fotos\Afrika\IMG-20190916-WA0422.jpg";"186161";"C21E7359B41C7EAC585556EE7CC01ECB5DFFA1446081B46E16F63AACAE65EA7D";"C21E7359B41C7EAC585556EE7CC01ECB5DFFA1446081B46E16F63AACAE65EA7D";"Würde gelöscht werden"
"2026-09-28 23:23:47";"DryRun";"F:\Daten\Älter\Bilder\Afrika\IMG-20190916-WA0423.jpg";"E:\OpenCloud\Persönlich (2)\Fotos\Afrika\IMG-20190916-WA0423.jpg";"270927";"5F60D4E814A2AE225B698D0609918417A7FAC730C989C064DF9E8FB12921D822";"5F60D4E814A2AE225B698D0609918417A7FAC730C989C064DF9E8FB12921D822";"Würde gelöscht werden"
"2026-09-28 23:23:47";"DryRun";"F:\Daten\Älter\Bilder\Afrika\IMG-20190916-WA0424.jpg";"E:\OpenCloud\Persönlich (2)\Fotos\Afrika\IMG-20190916-WA0424.jpg";"426016";"C6E7B043559B47A953F594A968600A705E9A5BF514EEA6CAA7CE27E91883AD24";"C6E7B043559B47A953F594A968600A705E9A5BF514EEA6CAA7CE27E91883AD24";"Würde gelöscht werden"
"2026-09-28 23:23:48";"DryRun";"F:\Daten\Älter\Bilder\Afrika\IMG-20190916-WA0425.jpg";"E:\OpenCloud\Persönlich (2)\Fotos\Afrika\IMG-20190916-WA0425.jpg";"184525";"22CA1B8B1F460B735337C25282C56656CF5BFE4619AD6A847C7D21E3F24D086C";"22CA1B8B1F460B735337C25282C56656CF5BFE4619AD6A847C7D21E3F24D086C";"Würde gelöscht werden"
"2026-09-28 23:23:48";"DryRun";"F:\Daten\Älter\Bilder\Afrika\IMG-20190916-WA0426.jpg";"E:\OpenCloud\Persönlich (2)\Fotos\Afrika\IMG-20190916-WA0426.jpg";"123443";"16B0023BC642F6E3AF2638689BE2AB3F950897E7A0B5A4680CB09E473004BB51";"16B0023BC642F6E3AF2638689BE2AB3F950897E7A0B5A4680CB09E473004BB51";"Würde gelöscht werden"
"2026-09-28 23:23:48";"DryRun";"F:\Daten\Älter\Bilder\Afrika\IMG-20190916-WA0427.jpg";"E:\OpenCloud\Persönlich (2)\Fotos\Afrika\IMG-20190916-WA0427.jpg";"172080";"3497F89628819D80C4304FD61BF91C6768A8A39C82BBC3345C1F19FA69B697DE";"3497F89628819D80C4304FD61BF91C6768A8A39C82BBC3345C1F19FA69B697DE";"Würde gelöscht werden"
"2026-09-28 23:23:48";"DryRun";"F:\Daten\Älter\Bilder\Afrika\IMG-20190916-WA0428.jpg";"E:\OpenCloud\Persönlich (2)\Fotos\Afrika\IMG-20190916-WA0428.jpg";"169829";"51099621F4AA375CD4FEC5327F13AD7F9AC461A2FDFC93E111EC4E5D503F3D7B";"51099621F4AA375CD4FEC5327F13AD7F9AC461A2FDFC93E111EC4E5D503F3D7B";"Würde gelöscht werden"
"2026-09-28 23:23:48";"DryRun";"F:\Daten\Älter\Bilder\Afrika\IMG-20190916-WA0429.jpg";"E:\OpenCloud\Persönlich (2)\Fotos\Afrika\IMG-20190916-WA0429.jpg";"139189";"5EB626141AF14C1487C3AE31750FDABD7DBB3C72C07FA2EEE442FAC4386DC4A0";"5EB626141AF14C1487C3AE31750FDABD7DBB3C72C07FA2EEE442FAC4386DC4A0";"Würde gelöscht werden"
"2026-09-28 23:23:48";"DryRun";"F:\Daten\Älter\Bilder\Afrika\IMG-20190916-WA0430.jpg";"E:\OpenCloud\Persönlich (2)\Fotos\Afrika\IMG-20190916-WA0430.jpg";"158194";"350E47A33C7811E0409B7C961B2C8012B7952848EA29E6B24FF0CBAB7A81C978";"350E47A33C7811E0409B7C961B2C8012B7952848EA29E6B24FF0CBAB7A81C978";"Würde gelöscht werden"
"2026-09-28 23:23:48";"DryRun";"F:\Daten\Älter\Bilder\Afrika\IMG-20190916-WA0431.jpg";"E:\OpenCloud\Persönlich (2)\Fotos\Afrika\IMG-20190916-WA0431.jpg";"349348";"728E67F5F86A2247A901E5B3666886D8B2110E4171795FF7C083000836A6EED5";"728E67F5F86A2247A901E5B3666886D8B2110E4171795FF7C083000836A6EED5";"Würde gelöscht werden"
"2026-09-28 23:23:48";"DryRun";"F:\Daten\Älter\Bilder\Afrika\IMG-20190916-WA0432.jpg";"E:\OpenCloud\Persönlich (2)\Fotos\Afrika\IMG-20190916-WA0432.jpg";"153430";"9C3831048773236E0F4356089A470E316D2FCDFDAA4E517B6B5A49446864560E";"9C3831048773236E0F4356089A470E316D2FCDFDAA4E517B6B5A49446864560E";"Würde gelöscht werden"
"2026-09-28 23:23:48";"DryRun";"F:\Daten\Älter\Bilder\Afrika\IMG-20190916-WA0433.jpg";"E:\OpenCloud\Persönlich (2)\Fotos\Afrika\IMG-20190916-WA0433.jpg";"234766";"FB3EC42D80BCEF5C8AB674B62C9A3BD2C54CDB52948384D379433D180CF5B4CC";"FB3EC42D80BCEF5C8AB674B62C9A3BD2C54CDB52948384D379433D180CF5B4CC";"Würde gelöscht werden"
"2026-09-28 23:23:48";"DryRun";"F:\Daten\Älter\Bilder\Afrika\IMG-20190916-WA0434.jpg";"E:\OpenCloud\Persönlich (2)\Fotos\Afrika\IMG-20190916-WA0434.jpg";"97928";"AFC4D0B88B0C697563E135C742F2F2248E61F1D695E7E9654338AB0041E6657C";"AFC4D0B88B0C697563E135C742F2F2248E61F1D695E7E9654338AB0041E6657C";"Würde gelöscht werden"
"2026-09-28 23:23:48";"DryRun";"F:\Daten\Älter\Bilder\Afrika\IMG-20190916-WA0435.jpg";"E:\OpenCloud\Persönlich (2)\Fotos\Afrika\IMG-20190916-WA0435.jpg";"147900";"8233EF9D1BE5EDCC04CA67F03026D87D4C383715B6CEE7E78D7420087A8E93CE";"8233EF9D1BE5EDCC04CA67F03026D87D4C383715B6CEE7E78D7420087A8E93CE";"Würde gelöscht werden"
"2026-09-28 23:23:48";"DryRun";"F:\Daten\Älter\Bilder\Afrika\IMG-20190916-WA0436.jpg";"E:\OpenCloud\Persönlich (2)\Fotos\Afrika\IMG-20190916-WA0436.jpg";"150022";"53BF88AAAFFCA09F0D956B3B2A874C3D9E4B0C58C873C8929E7B0F013D799727";"53BF88AAAFFCA09F0D956B3B2A874C3D9E4B0C58C873C8929E7B0F013D799727";"Würde gelöscht werden"
"2026-09-28 23:23:48";"DryRun";"F:\Daten\Älter\Bilder\Afrika\IMG-20190916-WA0437.jpg";"E:\OpenCloud\Persönlich (2)\Fotos\Afrika\IMG-20190916-WA0437.jpg";"113439";"37C5BBCA7CA85EBAA7603D08F051C778D450235592F25C8D58CCF7E008190075";"37C5BBCA7CA85EBAA7603D08F051C778D450235592F25C8D58CCF7E008190075";"Würde gelöscht werden"
"2026-09-28 23:23:48";"DryRun";"F:\Daten\Älter\Bilder\Afrika\IMG-20190916-WA0438.jpg";"E:\OpenCloud\Persönlich (2)\Fotos\Afrika\IMG-20190916-WA0438.jpg";"186203";"4080DC1D9DDEFA05184771E873F303F2008B866ED92C14D605D8660EBC0D5031";"4080DC1D9DDEFA05184771E873F303F2008B866ED92C14D605D8660EBC0D5031";"Würde gelöscht werden"
"2026-09-28 23:23:48";"DryRun";"F:\Daten\Älter\Bilder\Afrika\IMG-20190916-WA0439.jpg";"E:\OpenCloud\Persönlich (2)\Fotos\Afrika\IMG-20190916-WA0439.jpg";"234562";"AA7C86B24B10EEDEE7E0F85CFB99A55473DEDCBC81E53B95B57203867DC61E0F";"AA7C86B24B10EEDEE7E0F85CFB99A55473DEDCBC81E53B95B57203867DC61E0F";"Würde gelöscht werden"
"2026-09-28 23:23:48";"DryRun";"F:\Daten\Älter\Bilder\Afrika\IMG-20190916-WA0440.jpg";"E:\OpenCloud\Persönlich (2)\Fotos\Afrika\IMG-20190916-WA0440.jpg";"252077";"5CEBBB2AE455E539BC6B7F927B15795288FD36F8B010F40C78EA8675827A8098";"5CEBBB2AE455E539BC6B7F927B15795288FD36F8B010F40C78EA8675827A8098";"Würde gelöscht werden"
"2026-09-28 23:23:48";"DryRun";"F:\Daten\Älter\Bilder\Afrika\IMG-20190916-WA0441.jpg";"E:\OpenCloud\Persönlich (2)\Fotos\Afrika\IMG-20190916-WA0441.jpg";"261856";"02CFCA6437A5C560AD8F1C8E7A4889993FF552395974410D75B848505B87B9E5";"02CFCA6437A5C560AD8F1C8E7A4889993FF552395974410D75B848505B87B9E5";"Würde gelöscht werden"
"2026-09-28 23:23:48";"DryRun";"F:\Daten\Älter\Bilder\Afrika\IMG-20190916-WA0442.jpg";"E:\OpenCloud\Persönlich (2)\Fotos\Afrika\IMG-20190916-WA0442.jpg";"289930";"40D80AC352E23933537C49941125774B907A16B7B2ABA7235B1DB99E972C5E7C";"40D80AC352E23933537C49941125774B907A16B7B2ABA7235B1DB99E972C5E7C";"Würde gelöscht werden"
"2026-09-28 23:23:48";"DryRun";"F:\Daten\Älter\Bilder\Afrika\IMG-20190916-WA0443.jpg";"E:\OpenCloud\Persönlich (2)\Fotos\Afrika\IMG-20190916-WA0443.jpg";"244451";"5482E20CA1EB4738C55106B200854B8AE7934EC309B8C331CCBFAF28006CB892";"5482E20CA1EB4738C55106B200854B8AE7934EC309B8C331CCBFAF28006CB892";"Würde gelöscht werden"
"2026-09-28 23:23:48";"DryRun";"F:\Daten\Älter\Bilder\Afrika\IMG-20190916-WA0444.jpg";"E:\OpenCloud\Persönlich (2)\Fotos\Afrika\IMG-20190916-WA0444.jpg";"272443";"21BE99164BE6D7EFE55965E2F187E9A194E9C93857A97115E734730E142B88ED";"21BE99164BE6D7EFE55965E2F187E9A194E9C93857A97115E734730E142B88ED";"Würde gelöscht werden"
"2026-09-28 23:23:48";"DryRun";"F:\Daten\Älter\Bilder\Afrika\IMG-20190916-WA0445.jpg";"E:\OpenCloud\Persönlich (2)\Fotos\Afrika\IMG-20190916-WA0445.jpg";"312883";"468CDE84C23F2889D5C178CB2022FAB255783D8F566351BDEA4247F3ED2DF752";"468CDE84C23F2889D5C178CB2022FAB255783D8F566351BDEA4247F3ED2DF752";"Würde gelöscht werden"
"2026-09-28 23:23:48";"DryRun";"F:\Daten\Älter\Bilder\Afrika\IMG-20190916-WA0446.jpg";"E:\OpenCloud\Persönlich (2)\Fotos\Afrika\IMG-20190916-WA0446.jpg";"203622";"1FDE997B1E63D66D9176E6F4C9EC01FE313687BA3B9F319E2EA5AF06DE6C4EBA";"1FDE997B1E63D66D9176E6F4C9EC01FE313687BA3B9F319E2EA5AF06DE6C4EBA";"Würde gelöscht werden"
"2026-09-28 23:23:48";"DryRun";"F:\Daten\Älter\Bilder\Afrika\IMG-20190916-WA0448.jpg";"E:\OpenCloud\Persönlich (2)\Fotos\Afrika\IMG-20190916-WA0448.jpg";"72496";"2CC7B3CF143BC55F7F887B6DBD306AB234FEC4A5F9859F8CFF6A0252836BA31B";"2CC7B3CF143BC55F7F887B6DBD306AB234FEC4A5F9859F8CFF6A0252836BA31B";"Würde gelöscht werden"
"2026-09-28 23:23:48";"DryRun";"F:\Daten\Älter\Bilder\Afrika\IMG-20190917-WA0001.jpeg";"E:\OpenCloud\Persönlich (2)\Fotos\Afrika\IMG-20190917-WA0001.jpeg";"1372843";"BEC884AD46A3A91164C4A05DEE372A1D9238BAA33EC7ED66FF5A3AA105E4916B";"BEC884AD46A3A91164C4A05DEE372A1D9238BAA33EC7ED66FF5A3AA105E4916B";"Würde gelöscht werden"
"2026-09-28 23:23:48";"DryRun";"F:\Daten\Älter\Bilder\Afrika\IMG-20190917-WA0012.jpg";"E:\OpenCloud\Persönlich (2)\Fotos\Afrika\IMG-20190917-WA0012.jpg";"250022";"90F19D7F7C750681E821D4F5AE73DF5FBCFBA650594940AC94492A6D689A23AD";"90F19D7F7C750681E821D4F5AE73DF5FBCFBA650594940AC94492A6D689A23AD";"Würde gelöscht werden"
"2026-09-28 23:23:48";"DryRun";"F:\Daten\Älter\Bilder\Afrika\IMG-20190917-WA0014.jpg";"E:\OpenCloud\Persönlich (2)\Fotos\Afrika\IMG-20190917-WA0014.jpg";"262294";"175DEEE2CC8210E42B317373E2B6BF195B9290B8465F2B285EB5A7C24859E336";"175DEEE2CC8210E42B317373E2B6BF195B9290B8465F2B285EB5A7C24859E336";"Würde gelöscht werden"
"2026-09-28 23:23:48";"DryRun";"F:\Daten\Älter\Bilder\Afrika\IMG-20190917-WA0015.jpg";"E:\OpenCloud\Persönlich (2)\Fotos\Afrika\IMG-20190917-WA0015.jpg";"187184";"34AB348BAB5914BD521681BB07ABEDE60CEBE3E21A39EDA37679E8F9F286D837";"34AB348BAB5914BD521681BB07ABEDE60CEBE3E21A39EDA37679E8F9F286D837";"Würde gelöscht werden"
"2026-09-28 23:23:49";"DryRun";"F:\Daten\Älter\Bilder\Afrika\IMG-20190917-WA0016.jpg";"E:\OpenCloud\Persönlich (2)\Fotos\Afrika\IMG-20190917-WA0016.jpg";"113373";"25F50AD3EB875C10C9C4A8F0A198206DF80F0BBBC62EB19DFEF5CF5F59B5ED63";"25F50AD3EB875C10C9C4A8F0A198206DF80F0BBBC62EB19DFEF5CF5F59B5ED63";"Würde gelöscht werden"
"2026-09-28 23:23:49";"DryRun";"F:\Daten\Älter\Bilder\Afrika\IMG-20190917-WA0017.jpg";"E:\OpenCloud\Persönlich (2)\Fotos\Afrika\IMG-20190917-WA0017.jpg";"241299";"16922BD7E17C93C03CD0EA5187871A10E403EBC42B19CC633EFFEE9E577DA542";"16922BD7E17C93C03CD0EA5187871A10E403EBC42B19CC633EFFEE9E577DA542";"Würde gelöscht werden"
"2026-09-28 23:23:49";"DryRun";"F:\Daten\Älter\Bilder\Afrika\IMG-20190917-WA0018.jpg";"E:\OpenCloud\Persönlich (2)\Fotos\Afrika\IMG-20190917-WA0018.jpg";"349080";"EB95CE90F1A3F3B0D2F2534FDA06CF9C513FB04A486B8EA47519538938870A5B";"EB95CE90F1A3F3B0D2F2534FDA06CF9C513FB04A486B8EA47519538938870A5B";"Würde gelöscht werden"
"2026-09-28 23:23:49";"DryRun";"F:\Daten\Älter\Bilder\Afrika\IMG-20190917-WA0019.jpg";"E:\OpenCloud\Persönlich (2)\Fotos\Afrika\IMG-20190917-WA0019.jpg";"266294";"A3D521E22E5218329A4DEBEA1D75C702BCE6C753EA9BAD24D3CE450D6873EE63";"A3D521E22E5218329A4DEBEA1D75C702BCE6C753EA9BAD24D3CE450D6873EE63";"Würde gelöscht werden"
"2026-09-28 23:23:49";"DryRun";"F:\Daten\Älter\Bilder\Afrika\IMG-20190917-WA0020.jpg";"E:\OpenCloud\Persönlich (2)\Fotos\Afrika\IMG-20190917-WA0020.jpg";"195777";"8541B98795E66062FE0AB1603EC74C5CB72E62E2C7122FFECA68F9C2A9259489";"8541B98795E66062FE0AB1603EC74C5CB72E62E2C7122FFECA68F9C2A9259489";"Würde gelöscht werden"
"2026-09-28 23:23:49";"DryRun";"F:\Daten\Älter\Bilder\Afrika\IMG-20190917-WA0021.jpg";"E:\OpenCloud\Persönlich (2)\Fotos\Afrika\IMG-20190917-WA0021.jpg";"118354";"23F0F6E46464196A778CD0BD2DA296B1CC1F4970F57C0788ABF25979F16CCD81";"23F0F6E46464196A778CD0BD2DA296B1CC1F4970F57C0788ABF25979F16CCD81";"Würde gelöscht werden"
"2026-09-28 23:23:49";"DryRun";"F:\Daten\Älter\Bilder\Afrika\IMG-20190917-WA0022.jpg";"E:\OpenCloud\Persönlich (2)\Fotos\Afrika\IMG-20190917-WA0022.jpg";"270182";"C885B37376CFA8CC570BEE897C33CD5A1F246F0DB5478B12F10247AD097FDAAA";"C885B37376CFA8CC570BEE897C33CD5A1F246F0DB5478B12F10247AD097FDAAA";"Würde gelöscht werden"
"2026-09-28 23:23:49";"DryRun";"F:\Daten\Älter\Bilder\Afrika\IMG-20190917-WA0029.jpg";"E:\OpenCloud\Persönlich (2)\Fotos\Afrika\IMG-20190917-WA0029.jpg";"105284";"BAF22E8638C4E7AD5099E206D519D5F3081803DDDFB2125D1F9ACDA24389CEDD";"BAF22E8638C4E7AD5099E206D519D5F3081803DDDFB2125D1F9ACDA24389CEDD";"Würde gelöscht werden"
"2026-09-28 23:23:49";"DryRun";"F:\Daten\Älter\Bilder\Afrika\IMG-20190917-WA0030.jpg";"E:\OpenCloud\Persönlich (2)\Fotos\Afrika\IMG-20190917-WA0030.jpg";"59482";"7D0956FC8C4123E241787F212ADADFBCFD11AF0BB6E1699101B04DF3004ED226";"7D0956FC8C4123E241787F212ADADFBCFD11AF0BB6E1699101B04DF3004ED226";"Würde gelöscht werden"
"2026-09-28 23:23:49";"DryRun";"F:\Daten\Älter\Bilder\Afrika\IMG-20190917-WA0032.jpg";"E:\OpenCloud\Persönlich (2)\Fotos\Afrika\IMG-20190917-WA0032.jpg";"98535";"626EF5DBF236ECE2A58F08F00973D5B29429F933B2E90EA8EB8B6A4D9C114C9A";"626EF5DBF236ECE2A58F08F00973D5B29429F933B2E90EA8EB8B6A4D9C114C9A";"Würde gelöscht werden"
"2026-09-28 23:23:49";"DryRun";"F:\Daten\Älter\Bilder\Afrika\IMG-20190917-WA0033.jpg";"E:\OpenCloud\Persönlich (2)\Fotos\Afrika\IMG-20190917-WA0033.jpg";"226878";"0EC7508B02BD5EE593F2C64E66A0CA04A0A5FF22A16D53100CA2BBA2AE9B0990";"0EC7508B02BD5EE593F2C64E66A0CA04A0A5FF22A16D53100CA2BBA2AE9B0990";"Würde gelöscht werden"
"2026-09-28 23:23:49";"DryRun";"F:\Daten\Älter\Bilder\Afrika\IMG-20190917-WA0034.jpg";"E:\OpenCloud\Persönlich (2)\Fotos\Afrika\IMG-20190917-WA0034.jpg";"260255";"11B5E9D033635F08E788AF6F84E9692BFD20979500056DC954D6963284F84A26";"11B5E9D033635F08E788AF6F84E9692BFD20979500056DC954D6963284F84A26";"Würde gelöscht werden"
"2026-09-28 23:23:49";"DryRun";"F:\Daten\Älter\Bilder\Afrika\IMG-20190917-WA0035.jpg";"E:\OpenCloud\Persönlich (2)\Fotos\Afrika\IMG-20190917-WA0035.jpg";"66621";"141CBE8B5ABDAA28F7EAF1C0A47E0D30D56924057F34B31DC0BB7B4D6A2719C0";"141CBE8B5ABDAA28F7EAF1C0A47E0D30D56924057F34B31DC0BB7B4D6A2719C0";"Würde gelöscht werden"
"2026-09-28 23:23:49";"DryRun";"F:\Daten\Älter\Bilder\Afrika\IMG-20190917-WA0036.jpg";"E:\OpenCloud\Persönlich (2)\Fotos\Afrika\IMG-20190917-WA0036.jpg";"372322";"312BB2A82C6953F40794042622154B5B596941DBD494E2AA826BDA063AA40573";"312BB2A82C6953F40794042622154B5B596941DBD494E2AA826BDA063AA40573";"Würde gelöscht werden"
"2026-09-28 23:23:49";"DryRun";"F:\Daten\Älter\Bilder\Afrika\IMG-20190917-WA0037.jpg";"E:\OpenCloud\Persönlich (2)\Fotos\Afrika\IMG-20190917-WA0037.jpg";"341826";"A24669C80429C06EF68EDBF7B6FB82E3336D27F2697C05EF8948DDC848C3D810";"A24669C80429C06EF68EDBF7B6FB82E3336D27F2697C05EF8948DDC848C3D810";"Würde gelöscht werden"
"2026-09-28 23:23:49";"DryRun";"F:\Daten\Älter\Bilder\Afrika\IMG-20190917-WA0038.jpg";"E:\OpenCloud\Persönlich (2)\Fotos\Afrika\IMG-20190917-WA0038.jpg";"54468";"ED64A40ACEAA7E388593FBB082BDA749B6D6D39FBF14AB39830579FBBE25D391";"ED64A40ACEAA7E388593FBB082BDA749B6D6D39FBF14AB39830579FBBE25D391";"Würde gelöscht werden"
"2026-09-28 23:23:49";"DryRun";"F:\Daten\Älter\Bilder\Afrika\IMG-20190917-WA0039.jpg";"E:\OpenCloud\Persönlich (2)\Fotos\Afrika\IMG-20190917-WA0039.jpg";"70435";"1C41BFBF5928E077DD0A533C9C6AE67D528DA6702D868192802E034391DD07C4";"1C41BFBF5928E077DD0A533C9C6AE67D528DA6702D868192802E034391DD07C4";"Würde gelöscht werden"
"2026-09-28 23:23:49";"DryRun";"F:\Daten\Älter\Bilder\Afrika\IMG-20190917-WA0040.jpg";"E:\OpenCloud\Persönlich (2)\Fotos\Afrika\IMG-20190917-WA0040.jpg";"194709";"2A3A983B68C255B8F9EC90D880ADC29EE0AFB3B83AF68846F903158A5146A558";"2A3A983B68C255B8F9EC90D880ADC29EE0AFB3B83AF68846F903158A5146A558";"Würde gelöscht werden"
"2026-09-28 23:23:49";"DryRun";"F:\Daten\Älter\Bilder\Afrika\IMG-20190917-WA0041.jpg";"E:\OpenCloud\Persönlich (2)\Fotos\Afrika\IMG-20190917-WA0041.jpg";"372689";"0A35D175CDA241D6581610C36CAB7D805DA5FD51E4A6E98FAA02989027F56772";"0A35D175CDA241D6581610C36CAB7D805DA5FD51E4A6E98FAA02989027F56772";"Würde gelöscht werden"
"2026-09-28 23:23:49";"DryRun";"F:\Daten\Älter\Bilder\Afrika\IMG-20190917-WA0042.jpg";"E:\OpenCloud\Persönlich (2)\Fotos\Afrika\IMG-20190917-WA0042.jpg";"217689";"0F168C6C443F0126710A88A71C2195725B4F20C0EE58CCA9F07FE78FEE0D3D08";"0F168C6C443F0126710A88A71C2195725B4F20C0EE58CCA9F07FE78FEE0D3D08";"Würde gelöscht werden"
"2026-09-28 23:23:49";"DryRun";"F:\Daten\Älter\Bilder\Afrika\IMG-20190917-WA0043.jpg";"E:\OpenCloud\Persönlich (2)\Fotos\Afrika\IMG-20190917-WA0043.jpg";"358258";"4DF109F730B257D35965C8CD491A09CABBEDC76A56FDBA112F4792ADB2CD9380";"4DF109F730B257D35965C8CD491A09CABBEDC76A56FDBA112F4792ADB2CD9380";"Würde gelöscht werden"
"2026-09-28 23:23:49";"DryRun";"F:\Daten\Älter\Bilder\Afrika\IMG-20190917-WA0044.jpg";"E:\OpenCloud\Persönlich (2)\Fotos\Afrika\IMG-20190917-WA0044.jpg";"293878";"6623C81F1DCB91FAE2CE065B1A6F18C70D5F17CA99DB8970A99480BF06C6286A";"6623C81F1DCB91FAE2CE065B1A6F18C70D5F17CA99DB8970A99480BF06C6286A";"Würde gelöscht werden"
"2026-09-28 23:23:49";"DryRun";"F:\Daten\Älter\Bilder\Afrika\IMG-20190917-WA0045.jpg";"E:\OpenCloud\Persönlich (2)\Fotos\Afrika\IMG-20190917-WA0045.jpg";"172838";"D7674B7B583AF462B236FE4DD7CD23DC91CB6F086A1C437E17D5513F27A5F418";"D7674B7B583AF462B236FE4DD7CD23DC91CB6F086A1C437E17D5513F27A5F418";"Würde gelöscht werden"
"2026-09-28 23:23:49";"DryRun";"F:\Daten\Älter\Bilder\Afrika\IMG-20190917-WA0046.jpg";"E:\OpenCloud\Persönlich (2)\Fotos\Afrika\IMG-20190917-WA0046.jpg";"84604";"EDDB79E786156E49AF82BF2B1FD38F4646816EB5D120F71613798262ED1CF2B0";"EDDB79E786156E49AF82BF2B1FD38F4646816EB5D120F71613798262ED1CF2B0";"Würde gelöscht werden"
"2026-09-28 23:23:49";"DryRun";"F:\Daten\Älter\Bilder\Afrika\IMG-20190917-WA0047.jpg";"E:\OpenCloud\Persönlich (2)\Fotos\Afrika\IMG-20190917-WA0047.jpg";"144655";"0075D78BDF25ACAA1E9E7422E1C55BE07CB0960C97380BD3EA0F01588355C207";"0075D78BDF25ACAA1E9E7422E1C55BE07CB0960C97380BD3EA0F01588355C207";"Würde gelöscht werden"
"2026-09-28 23:23:49";"DryRun";"F:\Daten\Älter\Bilder\Afrika\IMG-20190917-WA0048.jpg";"E:\OpenCloud\Persönlich (2)\Fotos\Afrika\IMG-20190917-WA0048.jpg";"241603";"A7D700E77A4B246A906AD03F67D16D86AFE622D02BD19E32FB99192724F35409";"A7D700E77A4B246A906AD03F67D16D86AFE622D02BD19E32FB99192724F35409";"Würde gelöscht werden"
"2026-09-28 23:23:50";"DryRun";"F:\Daten\Älter\Bilder\Afrika\IMG-20190917-WA0049.jpg";"E:\OpenCloud\Persönlich (2)\Fotos\Afrika\IMG-20190917-WA0049.jpg";"79429";"5B14A2C2D19072AF39D260820DF90AE54194B2A9C770C4F93C357C4EC5F76CAD";"5B14A2C2D19072AF39D260820DF90AE54194B2A9C770C4F93C357C4EC5F76CAD";"Würde gelöscht werden"
"2026-09-28 23:23:50";"DryRun";"F:\Daten\Älter\Bilder\Afrika\IMG-20190917-WA0050.jpg";"E:\OpenCloud\Persönlich (2)\Fotos\Afrika\IMG-20190917-WA0050.jpg";"169841";"B8C1FC0CB17FAED0D62A64A68AF3C6DADCD810DDD9393013F0C54C9BB25A5B5E";"B8C1FC0CB17FAED0D62A64A68AF3C6DADCD810DDD9393013F0C54C9BB25A5B5E";"Würde gelöscht werden"
"2026-09-28 23:23:50";"DryRun";"F:\Daten\Älter\Bilder\Afrika\IMG-20190917-WA0051.jpg";"E:\OpenCloud\Persönlich (2)\Fotos\Afrika\IMG-20190917-WA0051.jpg";"148297";"B59E437C1D502D246266C3EFF3E372100AA61EF3E900546DB905D579FD727D10";"B59E437C1D502D246266C3EFF3E372100AA61EF3E900546DB905D579FD727D10";"Würde gelöscht werden"
"2026-09-28 23:23:50";"DryRun";"F:\Daten\Älter\Bilder\Afrika\IMG-20190917-WA0052.jpg";"E:\OpenCloud\Persönlich (2)\Fotos\Afrika\IMG-20190917-WA0052.jpg";"175598";"02ACFAC4D65BF6F325BF4524FFED0E3F1E1DD22C624DE989F5810D2CC6098CA4";"02ACFAC4D65BF6F325BF4524FFED0E3F1E1DD22C624DE989F5810D2CC6098CA4";"Würde gelöscht werden"
"2026-09-28 23:23:50";"DryRun";"F:\Daten\Älter\Bilder\Afrika\IMG-20190917-WA0053.jpg";"E:\OpenCloud\Persönlich (2)\Fotos\Afrika\IMG-20190917-WA0053.jpg";"227169";"EA03863C6BD487BDA9B008917E10E297873E705C6A630433F8B0E8AC3CE6C509";"EA03863C6BD487BDA9B008917E10E297873E705C6A630433F8B0E8AC3CE6C509";"Würde gelöscht werden"
"2026-09-28 23:23:50";"DryRun";"F:\Daten\Älter\Bilder\Afrika\IMG-20190917-WA0054.jpg";"E:\OpenCloud\Persönlich (2)\Fotos\Afrika\IMG-20190917-WA0054.jpg";"189205";"DA39E060E29915B089855AAC31BAE2A6B588BE85A7192A9F57D50B60C2C2369A";"DA39E060E29915B089855AAC31BAE2A6B588BE85A7192A9F57D50B60C2C2369A";"Würde gelöscht werden"
"2026-09-28 23:23:50";"DryRun";"F:\Daten\Älter\Bilder\Afrika\IMG-20190917-WA0055.jpg";"E:\OpenCloud\Persönlich (2)\Fotos\Afrika\IMG-20190917-WA0055.jpg";"257504";"66569304CFE798E32F5B86CBAFD2DF78378F45EC7E808FA7DF9DA38FD117AFA3";"66569304CFE798E32F5B86CBAFD2DF78378F45EC7E808FA7DF9DA38FD117AFA3";"Würde gelöscht werden"
"2026-09-28 23:23:50";"DryRun";"F:\Daten\Älter\Bilder\Afrika\IMG-20190917-WA0056.jpg";"E:\OpenCloud\Persönlich (2)\Fotos\Afrika\IMG-20190917-WA0056.jpg";"269519";"80BDAC2E756857892B60974B6B8DC26AFBD0BED36E33083E5B59AE92761E843C";"80BDAC2E756857892B60974B6B8DC26AFBD0BED36E33083E5B59AE92761E843C";"Würde gelöscht werden"
"2026-09-28 23:23:50";"DryRun";"F:\Daten\Älter\Bilder\Afrika\IMG-20190917-WA0057.jpg";"E:\OpenCloud\Persönlich (2)\Fotos\Afrika\IMG-20190917-WA0057.jpg";"263067";"62FBB7025797DEB78739CF60C2D46E74D52C8ED4C04EA362A1415E3B5E2FF170";"62FBB7025797DEB78739CF60C2D46E74D52C8ED4C04EA362A1415E3B5E2FF170";"Würde gelöscht werden"
"2026-09-28 23:23:50";"DryRun";"F:\Daten\Älter\Bilder\Afrika\IMG-20190917-WA0058.jpg";"E:\OpenCloud\Persönlich (2)\Fotos\Afrika\IMG-20190917-WA0058.jpg";"158559";"4A9797B580642D85D42C12AF331E6A75DF4FC458B12E13A79B427354552B6500";"4A9797B580642D85D42C12AF331E6A75DF4FC458B12E13A79B427354552B6500";"Würde gelöscht werden"
"2026-09-28 23:23:50";"DryRun";"F:\Daten\Älter\Bilder\Afrika\IMG-20190917-WA0059.jpg";"E:\OpenCloud\Persönlich (2)\Fotos\Afrika\IMG-20190917-WA0059.jpg";"162552";"6838793BB0DD77D8C4A199720330BAD4C1C971670D494C9ABDA1A6144247EDD1";"6838793BB0DD77D8C4A199720330BAD4C1C971670D494C9ABDA1A6144247EDD1";"Würde gelöscht werden"
"2026-09-28 23:23:50";"DryRun";"F:\Daten\Älter\Bilder\Afrika\IMG-20190917-WA0060.jpg";"E:\OpenCloud\Persönlich (2)\Fotos\Afrika\IMG-20190917-WA0060.jpg";"220902";"E4FCA1AD4A71E4E84E35E7871B5CF9BBD5609073D5F2ED97EA3650935DF34AAF";"E4FCA1AD4A71E4E84E35E7871B5CF9BBD5609073D5F2ED97EA3650935DF34AAF";"Würde gelöscht werden"
"2026-09-28 23:23:50";"DryRun";"F:\Daten\Älter\Bilder\Afrika\IMG-20190917-WA0061.jpg";"E:\OpenCloud\Persönlich (2)\Fotos\Afrika\IMG-20190917-WA0061.jpg";"255229";"9AC72DD219C1263EB7B4DE34C9749975C8AAA6FC446C06A5864D3E859B94F45C";"9AC72DD219C1263EB7B4DE34C9749975C8AAA6FC446C06A5864D3E859B94F45C";"Würde gelöscht werden"
"2026-09-28 23:23:50";"DryRun";"F:\Daten\Älter\Bilder\Afrika\IMG-20190917-WA0062.jpg";"E:\OpenCloud\Persönlich (2)\Fotos\Afrika\IMG-20190917-WA0062.jpg";"145968";"D1FFA1EC8759E61A177822A1DEBEF792B55D87B9275A3689B74A574BD2CBE970";"D1FFA1EC8759E61A177822A1DEBEF792B55D87B9275A3689B74A574BD2CBE970";"Würde gelöscht werden"
"2026-09-28 23:23:50";"DryRun";"F:\Daten\Älter\Bilder\Afrika\IMG-20190917-WA0063.jpg";"E:\OpenCloud\Persönlich (2)\Fotos\Afrika\IMG-20190917-WA0063.jpg";"261553";"487ECC2FA03751741683FAA557685B5F6800FA2F7EFE1BD353AE5796505716B3";"487ECC2FA03751741683FAA557685B5F6800FA2F7EFE1BD353AE5796505716B3";"Würde gelöscht werden"
"2026-09-28 23:23:50";"DryRun";"F:\Daten\Älter\Bilder\Afrika\IMG-20190917-WA0064.jpg";"E:\OpenCloud\Persönlich (2)\Fotos\Afrika\IMG-20190917-WA0064.jpg";"207096";"7FED9C65846E5414966F9AFD94111A37B1032E2327D2DA42CDD4BF2D40E14A07";"7FED9C65846E5414966F9AFD94111A37B1032E2327D2DA42CDD4BF2D40E14A07";"Würde gelöscht werden"
"2026-09-28 23:23:50";"DryRun";"F:\Daten\Älter\Bilder\Afrika\IMG-20190917-WA0065.jpg";"E:\OpenCloud\Persönlich (2)\Fotos\Afrika\IMG-20190917-WA0065.jpg";"152350";"630ACA7A2914F44028DAFB338BA2E4C87D5870796ACC15FB2A5639D969D91FFA";"630ACA7A2914F44028DAFB338BA2E4C87D5870796ACC15FB2A5639D969D91FFA";"Würde gelöscht werden"
"2026-09-28 23:23:50";"DryRun";"F:\Daten\Älter\Bilder\Afrika\IMG-20190917-WA0066.jpg";"E:\OpenCloud\Persönlich (2)\Fotos\Afrika\IMG-20190917-WA0066.jpg";"117188";"8BC1B7387F142164593014E76F64D9BBF8663B4D27EFE48C631DBF41789CB13E";"8BC1B7387F142164593014E76F64D9BBF8663B4D27EFE48C631DBF41789CB13E";"Würde gelöscht werden"
"2026-09-28 23:23:50";"DryRun";"F:\Daten\Älter\Bilder\Afrika\IMG-20190917-WA0067.jpg";"E:\OpenCloud\Persönlich (2)\Fotos\Afrika\IMG-20190917-WA0067.jpg";"202423";"48A8CA97C6F3C3394CEB65C77A2A101F7B1F3B692EC6F3AAC9AD8DC18B7079C2";"48A8CA97C6F3C3394CEB65C77A2A101F7B1F3B692EC6F3AAC9AD8DC18B7079C2";"Würde gelöscht werden"
"2026-09-28 23:23:50";"DryRun";"F:\Daten\Älter\Bilder\Afrika\IMG-20190917-WA0068.jpg";"E:\OpenCloud\Persönlich (2)\Fotos\Afrika\IMG-20190917-WA0068.jpg";"308020";"903F5BD3DBD6D16545083D227B9E7DC58C4C0A87E16833973B6BBD8283BB4396";"903F5BD3DBD6D16545083D227B9E7DC58C4C0A87E16833973B6BBD8283BB4396";"Würde gelöscht werden"
"2026-09-28 23:23:50";"DryRun";"F:\Daten\Älter\Bilder\Afrika\IMG-20190917-WA0069.jpg";"E:\OpenCloud\Persönlich (2)\Fotos\Afrika\IMG-20190917-WA0069.jpg";"254365";"ED5BEC00BCB14A5110D7A640E0AB64E1CB6618204099323D9CCB16EE6CEF51EB";"ED5BEC00BCB14A5110D7A640E0AB64E1CB6618204099323D9CCB16EE6CEF51EB";"Würde gelöscht werden"
"2026-09-28 23:23:50";"DryRun";"F:\Daten\Älter\Bilder\Afrika\IMG-20190917-WA0070.jpg";"E:\OpenCloud\Persönlich (2)\Fotos\Afrika\IMG-20190917-WA0070.jpg";"133534";"8558DCA95814C67F23FBEF76009E571C2F0D45EA98002D9432C565DA6A0AFA7D";"8558DCA95814C67F23FBEF76009E571C2F0D45EA98002D9432C565DA6A0AFA7D";"Würde gelöscht werden"
"2026-09-28 23:23:50";"DryRun";"F:\Daten\Älter\Bilder\Afrika\IMG-20190917-WA0071.jpg";"E:\OpenCloud\Persönlich (2)\Fotos\Afrika\IMG-20190917-WA0071.jpg";"90220";"1862560043B31F715DCA4B69C6DFB539A2424158844FB800E35321AE243F456F";"1862560043B31F715DCA4B69C6DFB539A2424158844FB800E35321AE243F456F";"Würde gelöscht werden"
"2026-09-28 23:23:50";"DryRun";"F:\Daten\Älter\Bilder\Afrika\IMG-20190917-WA0072.jpg";"E:\OpenCloud\Persönlich (2)\Fotos\Afrika\IMG-20190917-WA0072.jpg";"142662";"654596ADD7599B23319F5D42F3EDCF0FF01BDF9D9A9425F75A6C16C0F75976A1";"654596ADD7599B23319F5D42F3EDCF0FF01BDF9D9A9425F75A6C16C0F75976A1";"Würde gelöscht werden"
"2026-09-28 23:23:50";"DryRun";"F:\Daten\Älter\Bilder\Afrika\IMG-20190917-WA0073.jpg";"E:\OpenCloud\Persönlich (2)\Fotos\Afrika\IMG-20190917-WA0073.jpg";"104671";"E00424AE122E4DFC9D2C26AEFBE0B825EE66D70615ECDD9E62AF4089FA3B2749";"E00424AE122E4DFC9D2C26AEFBE0B825EE66D70615ECDD9E62AF4089FA3B2749";"Würde gelöscht werden"
"2026-09-28 23:23:50";"DryRun";"F:\Daten\Älter\Bilder\Afrika\IMG-20190917-WA0074.jpg";"E:\OpenCloud\Persönlich (2)\Fotos\Afrika\IMG-20190917-WA0074.jpg";"139696";"4663F50FE45DBD9ED54B6C6CFBAA7A1BD914D7C58E1AFC71F99350F918FEE9C1";"4663F50FE45DBD9ED54B6C6CFBAA7A1BD914D7C58E1AFC71F99350F918FEE9C1";"Würde gelöscht werden"
"2026-09-28 23:23:50";"DryRun";"F:\Daten\Älter\Bilder\Afrika\IMG-20190917-WA0075.jpg";"E:\OpenCloud\Persönlich (2)\Fotos\Afrika\IMG-20190917-WA0075.jpg";"145719";"34E3D82899D9BF110356AB850139541064F5062C79151D189A36A6F8CB390C53";"34E3D82899D9BF110356AB850139541064F5062C79151D189A36A6F8CB390C53";"Würde gelöscht werden"
"2026-09-28 23:23:50";"DryRun";"F:\Daten\Älter\Bilder\Afrika\IMG-20190917-WA0076.jpg";"E:\OpenCloud\Persönlich (2)\Fotos\Afrika\IMG-20190917-WA0076.jpg";"188605";"3F716FA4B891972138BDB49B42FA36BD57FDF7D03BBD171947032C5BD1A852EF";"3F716FA4B891972138BDB49B42FA36BD57FDF7D03BBD171947032C5BD1A852EF";"Würde gelöscht werden"
"2026-09-28 23:23:50";"DryRun";"F:\Daten\Älter\Bilder\Afrika\IMG-20190917-WA0077.jpg";"E:\OpenCloud\Persönlich (2)\Fotos\Afrika\IMG-20190917-WA0077.jpg";"158181";"DB6FF3B65BB8F1940484BE4CF8886F968AF4133660214D26E84AEC8B800A03EC";"DB6FF3B65BB8F1940484BE4CF8886F968AF4133660214D26E84AEC8B800A03EC";"Würde gelöscht werden"
"2026-09-28 23:23:51";"DryRun";"F:\Daten\Älter\Bilder\Afrika\IMG-20190917-WA0078.jpg";"E:\OpenCloud\Persönlich (2)\Fotos\Afrika\IMG-20190917-WA0078.jpg";"119076";"D3F92A7260CEAF0C1D543F4FE411F1A7349A78DCC1028243CDED04F94114C3CE";"D3F92A7260CEAF0C1D543F4FE411F1A7349A78DCC1028243CDED04F94114C3CE";"Würde gelöscht werden"
"2026-09-28 23:23:51";"DryRun";"F:\Daten\Älter\Bilder\Afrika\IMG-20190917-WA0079.jpg";"E:\OpenCloud\Persönlich (2)\Fotos\Afrika\IMG-20190917-WA0079.jpg";"100681";"875838DE69E3664DBD5E8C89AC88366CB5AE3B8BA08BCF2D0A5D95CB15F92BC8";"875838DE69E3664DBD5E8C89AC88366CB5AE3B8BA08BCF2D0A5D95CB15F92BC8";"Würde gelöscht werden"
"2026-09-28 23:23:51";"DryRun";"F:\Daten\Älter\Bilder\Afrika\IMG-20190917-WA0080.jpg";"E:\OpenCloud\Persönlich (2)\Fotos\Afrika\IMG-20190917-WA0080.jpg";"172079";"1C3D3FAB9324C5928B5F79AD3D6DECDAEA541CBCDA68156A580249AD22B2DF23";"1C3D3FAB9324C5928B5F79AD3D6DECDAEA541CBCDA68156A580249AD22B2DF23";"Würde gelöscht werden"
"2026-09-28 23:23:51";"DryRun";"F:\Daten\Älter\Bilder\Afrika\IMG-20190917-WA0081.jpg";"E:\OpenCloud\Persönlich (2)\Fotos\Afrika\IMG-20190917-WA0081.jpg";"137194";"FC2023D5654F0BAC26D82809C942E4F29FE4B7BC947481B10AB5C5A29233D334";"FC2023D5654F0BAC26D82809C942E4F29FE4B7BC947481B10AB5C5A29233D334";"Würde gelöscht werden"
"2026-09-28 23:23:51";"DryRun";"F:\Daten\Älter\Bilder\Afrika\IMG-20190917-WA0082.jpg";"E:\OpenCloud\Persönlich (2)\Fotos\Afrika\IMG-20190917-WA0082.jpg";"212852";"86C645B8BFEBE8B05D240943FA2DE7728428EB1D0BA7BE0BE945AA409B0C05F3";"86C645B8BFEBE8B05D240943FA2DE7728428EB1D0BA7BE0BE945AA409B0C05F3";"Würde gelöscht werden"
"2026-09-28 23:23:51";"DryRun";"F:\Daten\Älter\Bilder\Afrika\IMG-20190917-WA0083.jpg";"E:\OpenCloud\Persönlich (2)\Fotos\Afrika\IMG-20190917-WA0083.jpg";"129440";"5349051262B9433ED607E00CA7F3163E9DF1B0212B84DEE7C7998D19543EF5AA";"5349051262B9433ED607E00CA7F3163E9DF1B0212B84DEE7C7998D19543EF5AA";"Würde gelöscht werden"
"2026-09-28 23:23:51";"DryRun";"F:\Daten\Älter\Bilder\Afrika\IMG-20190917-WA0084.jpg";"E:\OpenCloud\Persönlich (2)\Fotos\Afrika\IMG-20190917-WA0084.jpg";"232865";"488F5EFD34D8EBCC8E2A890DCF1495D52E7B6DE85EE9333A4FCBD68FBCA6E88F";"488F5EFD34D8EBCC8E2A890DCF1495D52E7B6DE85EE9333A4FCBD68FBCA6E88F";"Würde gelöscht werden"
"2026-09-28 23:23:51";"DryRun";"F:\Daten\Älter\Bilder\Afrika\IMG-20190917-WA0085.jpg";"E:\OpenCloud\Persönlich (2)\Fotos\Afrika\IMG-20190917-WA0085.jpg";"134870";"E6AE1F1A8A2A22718DA3947FF38B079C59C78CD1A9141BC673FED24C22135067";"E6AE1F1A8A2A22718DA3947FF38B079C59C78CD1A9141BC673FED24C22135067";"Würde gelöscht werden"
"2026-09-28 23:23:51";"DryRun";"F:\Daten\Älter\Bilder\Afrika\IMG-20190917-WA0086.jpg";"E:\OpenCloud\Persönlich (2)\Fotos\Afrika\IMG-20190917-WA0086.jpg";"264037";"F437552367F51E4C00E3C9969280B79164344D37E247EB898E325E1D3A10DE23";"F437552367F51E4C00E3C9969280B79164344D37E247EB898E325E1D3A10DE23";"Würde gelöscht werden"
"2026-09-28 23:23:51";"DryRun";"F:\Daten\Älter\Bilder\Afrika\IMG-20190917-WA0087.jpg";"E:\OpenCloud\Persönlich (2)\Fotos\Afrika\IMG-20190917-WA0087.jpg";"231021";"34DCBE8C0785DFE3245869A1AD0E033FBD7FC490E14E66A884B24D826E17C168";"34DCBE8C0785DFE3245869A1AD0E033FBD7FC490E14E66A884B24D826E17C168";"Würde gelöscht werden"
"2026-09-28 23:23:51";"DryRun";"F:\Daten\Älter\Bilder\Afrika\IMG-20190917-WA0088.jpg";"E:\OpenCloud\Persönlich (2)\Fotos\Afrika\IMG-20190917-WA0088.jpg";"196191";"42F2D8DCB8DAC9AEC112B036F7C29276372FA6780DBCED99AABC0048C1388E6B";"42F2D8DCB8DAC9AEC112B036F7C29276372FA6780DBCED99AABC0048C1388E6B";"Würde gelöscht werden"
"2026-09-28 23:23:51";"DryRun";"F:\Daten\Älter\Bilder\Afrika\IMG-20190917-WA0089.jpg";"E:\OpenCloud\Persönlich (2)\Fotos\Afrika\IMG-20190917-WA0089.jpg";"172759";"2E48FD8FDFAEE5C36C5C0B481DA5D4F8D6C34E87DFBE6F9617EF067E7E39F667";"2E48FD8FDFAEE5C36C5C0B481DA5D4F8D6C34E87DFBE6F9617EF067E7E39F667";"Würde gelöscht werden"
"2026-09-28 23:23:51";"DryRun";"F:\Daten\Älter\Bilder\Afrika\IMG-20190917-WA0090.jpg";"E:\OpenCloud\Persönlich (2)\Fotos\Afrika\IMG-20190917-WA0090.jpg";"212263";"8A33EBCCBD7BE0563BA6880AC6072B4F6D1CEED763A68B943E4AEB7176D17048";"8A33EBCCBD7BE0563BA6880AC6072B4F6D1CEED763A68B943E4AEB7176D17048";"Würde gelöscht werden"
"2026-09-28 23:23:52";"DryRun";"F:\Daten\Älter\Bilder\Afrika\IMG-20190917-WA0091.jpg";"E:\OpenCloud\Persönlich (2)\Fotos\Afrika\IMG-20190917-WA0091.jpg";"316046";"5060CC5C8A2A0DBFD209963CFD859C9A7D1FDB3654C973AA54E5E59491A8360B";"5060CC5C8A2A0DBFD209963CFD859C9A7D1FDB3654C973AA54E5E59491A8360B";"Würde gelöscht werden"
"2026-09-28 23:23:52";"DryRun";"F:\Daten\Älter\Bilder\Afrika\IMG-20190917-WA0092.jpg";"E:\OpenCloud\Persönlich (2)\Fotos\Afrika\IMG-20190917-WA0092.jpg";"325858";"10BE74DA69C152E35C20A956679B79CFA66ED8F084A02A79FB4BBCBE00A4F9FB";"10BE74DA69C152E35C20A956679B79CFA66ED8F084A02A79FB4BBCBE00A4F9FB";"Würde gelöscht werden"
"2026-09-28 23:23:52";"DryRun";"F:\Daten\Älter\Bilder\Afrika\IMG-20190917-WA0093.jpg";"E:\OpenCloud\Persönlich (2)\Fotos\Afrika\IMG-20190917-WA0093.jpg";"381588";"6A83054395A1260A9D8A064257D1BC8342E2DF7FE0FBC808B31E5F5A8D8DD44B";"6A83054395A1260A9D8A064257D1BC8342E2DF7FE0FBC808B31E5F5A8D8DD44B";"Würde gelöscht werden"
"2026-09-28 23:23:52";"DryRun";"F:\Daten\Älter\Bilder\Afrika\IMG-20190917-WA0094.jpg";"E:\OpenCloud\Persönlich (2)\Fotos\Afrika\IMG-20190917-WA0094.jpg";"114788";"C80D23912642B47FA3FAAA72AFF491D3377401F57D34F0257E7A87894E48426F";"C80D23912642B47FA3FAAA72AFF491D3377401F57D34F0257E7A87894E48426F";"Würde gelöscht werden"
"2026-09-28 23:23:52";"DryRun";"F:\Daten\Älter\Bilder\Afrika\IMG-20190917-WA0095.jpg";"E:\OpenCloud\Persönlich (2)\Fotos\Afrika\IMG-20190917-WA0095.jpg";"276009";"FCC58A4F78AA72D1E342D637375E03D005EC13117FC84273A133FFD3FEB3CE8B";"FCC58A4F78AA72D1E342D637375E03D005EC13117FC84273A133FFD3FEB3CE8B";"Würde gelöscht werden"
"2026-09-28 23:23:52";"DryRun";"F:\Daten\Älter\Bilder\Afrika\IMG-20190917-WA0096.jpg";"E:\OpenCloud\Persönlich (2)\Fotos\Afrika\IMG-20190917-WA0096.jpg";"276009";"FCC58A4F78AA72D1E342D637375E03D005EC13117FC84273A133FFD3FEB3CE8B";"FCC58A4F78AA72D1E342D637375E03D005EC13117FC84273A133FFD3FEB3CE8B";"Würde gelöscht werden"
"2026-09-28 23:23:52";"DryRun";"F:\Daten\Älter\Bilder\Afrika\IMG-20190917-WA0097.jpg";"E:\OpenCloud\Persönlich (2)\Fotos\Afrika\IMG-20190917-WA0097.jpg";"108569";"53246ADE9AE3ECBCAE7364269A8903E340DCCBA1A2A8FAC2775897878F58B7C2";"53246ADE9AE3ECBCAE7364269A8903E340DCCBA1A2A8FAC2775897878F58B7C2";"Würde gelöscht werden"
"2026-09-28 23:23:53";"DryRun";"F:\Daten\Älter\Bilder\Afrika\IMG-20190917-WA0101.jpeg";"E:\OpenCloud\Persönlich (2)\Fotos\Afrika\IMG-20190917-WA0101.jpeg";"1328949";"1344C7AB88A103248F0C2F31D398A6DFFA3D858BDE852E37760854D0C002CB96";"1344C7AB88A103248F0C2F31D398A6DFFA3D858BDE852E37760854D0C002CB96";"Würde gelöscht werden"
"2026-09-28 23:23:53";"DryRun";"F:\Daten\Älter\Bilder\Afrika\IMG-20190917-WA0111.jpg";"E:\OpenCloud\Persönlich (2)\Fotos\Afrika\IMG-20190917-WA0111.jpg";"99048";"E3C823E42440D57D995F153A9F06CD536BEAAC43725F814CC9696D30B77BF01D";"E3C823E42440D57D995F153A9F06CD536BEAAC43725F814CC9696D30B77BF01D";"Würde gelöscht werden"
"2026-09-28 23:23:53";"DryRun";"F:\Daten\Älter\Bilder\Afrika\IMG-20190917-WA0112.jpg";"E:\OpenCloud\Persönlich (2)\Fotos\Afrika\IMG-20190917-WA0112.jpg";"57089";"6B6910207E3A06C046114E562879C782FF7EF0E8789FBAE180E4F85BE2CBF3A6";"6B6910207E3A06C046114E562879C782FF7EF0E8789FBAE180E4F85BE2CBF3A6";"Würde gelöscht werden"
"2026-09-28 23:23:53";"DryRun";"F:\Daten\Älter\Bilder\Afrika\IMG-20190917-WA0113.jpg";"E:\OpenCloud\Persönlich (2)\Fotos\Afrika\IMG-20190917-WA0113.jpg";"43134";"5BC23537BC39407B49EBB1400A59377759063FA99E0A228F825FB916E57E9CAF";"5BC23537BC39407B49EBB1400A59377759063FA99E0A228F825FB916E57E9CAF";"Würde gelöscht werden"
"2026-09-28 23:23:53";"DryRun";"F:\Daten\Älter\Bilder\Afrika\IMG-20190917-WA0114.jpg";"E:\OpenCloud\Persönlich (2)\Fotos\Afrika\IMG-20190917-WA0114.jpg";"48422";"BF4A02169B0707228BFAFAFE930D06E0619A5BEBD13944696EC2493B411391F5";"BF4A02169B0707228BFAFAFE930D06E0619A5BEBD13944696EC2493B411391F5";"Würde gelöscht werden"
"2026-09-28 23:23:53";"DryRun";"F:\Daten\Älter\Bilder\Afrika\IMG-20190917-WA0115.jpg";"E:\OpenCloud\Persönlich (2)\Fotos\Afrika\IMG-20190917-WA0115.jpg";"142132";"A95920A8158B2C58180A23E9A7B63176A2F9C75B523C775B64B5F486B540F568";"A95920A8158B2C58180A23E9A7B63176A2F9C75B523C775B64B5F486B540F568";"Würde gelöscht werden"
"2026-09-28 23:23:53";"DryRun";"F:\Daten\Älter\Bilder\Afrika\IMG-20190917-WA0116.jpg";"E:\OpenCloud\Persönlich (2)\Fotos\Afrika\IMG-20190917-WA0116.jpg";"138973";"37B68DE68C69FA94EF83ED5EE03887F2E5D2D789684AA2DF5CAFDD9FAA15C0DD";"37B68DE68C69FA94EF83ED5EE03887F2E5D2D789684AA2DF5CAFDD9FAA15C0DD";"Würde gelöscht werden"
"2026-09-28 23:23:53";"DryRun";"F:\Daten\Älter\Bilder\Afrika\IMG-20190917-WA0117.jpg";"E:\OpenCloud\Persönlich (2)\Fotos\Afrika\IMG-20190917-WA0117.jpg";"112743";"B6D78B89C3298151F4749999B0ED20560D945BAB5A43EFE7A1EE2342F43DFC6E";"B6D78B89C3298151F4749999B0ED20560D945BAB5A43EFE7A1EE2342F43DFC6E";"Würde gelöscht werden"
"2026-09-28 23:23:53";"DryRun";"F:\Daten\Älter\Bilder\Afrika\IMG-20190917-WA0118.jpg";"E:\OpenCloud\Persönlich (2)\Fotos\Afrika\IMG-20190917-WA0118.jpg";"110946";"2FF2F87178856581E21AA8DAC277AB499944E90085F3006133113EE543BA3847";"2FF2F87178856581E21AA8DAC277AB499944E90085F3006133113EE543BA3847";"Würde gelöscht werden"
"2026-09-28 23:23:53";"DryRun";"F:\Daten\Älter\Bilder\Afrika\IMG-20190917-WA0119.jpg";"E:\OpenCloud\Persönlich (2)\Fotos\Afrika\IMG-20190917-WA0119.jpg";"113429";"A58184540ABB6EDD8385D7731E7AC2A023C5EC7F77B375B27CF364AB7688ACD1";"A58184540ABB6EDD8385D7731E7AC2A023C5EC7F77B375B27CF364AB7688ACD1";"Würde gelöscht werden"
"2026-09-28 23:23:53";"DryRun";"F:\Daten\Älter\Bilder\Afrika\IMG-20190917-WA0120.jpg";"E:\OpenCloud\Persönlich (2)\Fotos\Afrika\IMG-20190917-WA0120.jpg";"106674";"D6B32033A5CEFDD881F2B220CBF48A8CED317D1D671F149F54685FD8C011AEC5";"D6B32033A5CEFDD881F2B220CBF48A8CED317D1D671F149F54685FD8C011AEC5";"Würde gelöscht werden"
"2026-09-28 23:23:53";"DryRun";"F:\Daten\Älter\Bilder\Afrika\IMG-20190917-WA0138.jpg";"E:\OpenCloud\Persönlich (2)\Fotos\Afrika\IMG-20190917-WA0138.jpg";"171451";"1B4CE9ECE240002F528583A60A1B46BDAA45B268C209E03F7A49F5D2E9ECDEA2";"1B4CE9ECE240002F528583A60A1B46BDAA45B268C209E03F7A49F5D2E9ECDEA2";"Würde gelöscht werden"
"2026-09-28 23:23:53";"DryRun";"F:\Daten\Älter\Bilder\Afrika\IMG-20190917-WA0139.jpg";"E:\OpenCloud\Persönlich (2)\Fotos\Afrika\IMG-20190917-WA0139.jpg";"75611";"8C8D60A1E9CFDABE146456FA8B6CB16EB4304AA43C07CDBE0866A3024C548A0C";"8C8D60A1E9CFDABE146456FA8B6CB16EB4304AA43C07CDBE0866A3024C548A0C";"Würde gelöscht werden"
"2026-09-28 23:23:53";"DryRun";"F:\Daten\Älter\Bilder\Afrika\IMG-20190917-WA0140.jpg";"E:\OpenCloud\Persönlich (2)\Fotos\Afrika\IMG-20190917-WA0140.jpg";"201553";"BAB892CD7BB28160F1D3BAA834551114E3D9F1D3BC1959AA7E6C55D8CDA23AF6";"BAB892CD7BB28160F1D3BAA834551114E3D9F1D3BC1959AA7E6C55D8CDA23AF6";"Würde gelöscht werden"
"2026-09-28 23:23:54";"DryRun";"F:\Daten\Älter\Bilder\Afrika\IMG-20190917-WA0141.jpg";"E:\OpenCloud\Persönlich (2)\Fotos\Afrika\IMG-20190917-WA0141.jpg";"171979";"D1F32DCF415C86A4E775C55A87F4BA2A80B2D47C5B26F9AB6F82574775B70070";"D1F32DCF415C86A4E775C55A87F4BA2A80B2D47C5B26F9AB6F82574775B70070";"Würde gelöscht werden"
"2026-09-28 23:23:54";"DryRun";"F:\Daten\Älter\Bilder\Afrika\IMG-20190917-WA0144.jpg";"E:\OpenCloud\Persönlich (2)\Fotos\Afrika\IMG-20190917-WA0144.jpg";"182784";"76E8EA4A5BDE522A0506D58DB6E1034C449EECA7C70251B3C85179C5FC525C63";"76E8EA4A5BDE522A0506D58DB6E1034C449EECA7C70251B3C85179C5FC525C63";"Würde gelöscht werden"
"2026-09-28 23:23:54";"DryRun";"F:\Daten\Älter\Bilder\Afrika\IMG-20190917-WA0145.jpg";"E:\OpenCloud\Persönlich (2)\Fotos\Afrika\IMG-20190917-WA0145.jpg";"183691";"75BBB6C0987FDB257F0FBFCC363B4D90A5CBDB375B2D93176FA38BD92CE951C6";"75BBB6C0987FDB257F0FBFCC363B4D90A5CBDB375B2D93176FA38BD92CE951C6";"Würde gelöscht werden"
"2026-09-28 23:23:54";"DryRun";"F:\Daten\Älter\Bilder\Afrika\IMG-20190917-WA0148.jpg";"E:\OpenCloud\Persönlich (2)\Fotos\Afrika\IMG-20190917-WA0148.jpg";"95333";"F7ECCF92A31A18A2DC1BBE031099584C928CF5E5A4EDA8986C35E28A736651C9";"F7ECCF92A31A18A2DC1BBE031099584C928CF5E5A4EDA8986C35E28A736651C9";"Würde gelöscht werden"
"2026-09-28 23:23:54";"DryRun";"F:\Daten\Älter\Bilder\Afrika\IMG-20190917-WA0150.jpg";"E:\OpenCloud\Persönlich (2)\Fotos\Afrika\IMG-20190917-WA0150.jpg";"57437";"DF435D99A88F983B708A67A026989ABAE10980D882891EB6C238604A034BB2A2";"DF435D99A88F983B708A67A026989ABAE10980D882891EB6C238604A034BB2A2";"Würde gelöscht werden"
"2026-09-28 23:23:54";"DryRun";"F:\Daten\Älter\Bilder\Afrika\IMG-20190917-WA0151.jpg";"E:\OpenCloud\Persönlich (2)\Fotos\Afrika\IMG-20190917-WA0151.jpg";"51988";"52F7509ABD2C2275AB59942F2838215FEE2B9A4770DC572B8B179486158D519E";"52F7509ABD2C2275AB59942F2838215FEE2B9A4770DC572B8B179486158D519E";"Würde gelöscht werden"
"2026-09-28 23:23:54";"DryRun";"F:\Daten\Älter\Bilder\Afrika\IMG-20190917-WA0152.jpg";"E:\OpenCloud\Persönlich (2)\Fotos\Afrika\IMG-20190917-WA0152.jpg";"154418";"2F8635023946223C7BF9EE6C3464BAEE90B5FC1D86DE372FE3194833B85D4F16";"2F8635023946223C7BF9EE6C3464BAEE90B5FC1D86DE372FE3194833B85D4F16";"Würde gelöscht werden"
"2026-09-28 23:23:54";"DryRun";"F:\Daten\Älter\Bilder\Afrika\IMG-20190917-WA0153.jpg";"E:\OpenCloud\Persönlich (2)\Fotos\Afrika\IMG-20190917-WA0153.jpg";"134310";"1175AE09ACE3AA94BA1E461B36AE3C27AA223C44E2E8B804CD275D41CEB8B004";"1175AE09ACE3AA94BA1E461B36AE3C27AA223C44E2E8B804CD275D41CEB8B004";"Würde gelöscht werden"
"2026-09-28 23:23:54";"DryRun";"F:\Daten\Älter\Bilder\Afrika\IMG-20190917-WA0154.jpg";"E:\OpenCloud\Persönlich (2)\Fotos\Afrika\IMG-20190917-WA0154.jpg";"153297";"C9FE201D64AACCD027BDA5C650FB053002CDF15CFEF3608FFCEAE0D4F1E37C88";"C9FE201D64AACCD027BDA5C650FB053002CDF15CFEF3608FFCEAE0D4F1E37C88";"Würde gelöscht werden"
"2026-09-28 23:23:54";"DryRun";"F:\Daten\Älter\Bilder\Afrika\IMG-20190917-WA0178.jpg";"E:\OpenCloud\Persönlich (2)\Fotos\Afrika\IMG-20190917-WA0178.jpg";"126985";"6E115B1E90E1CA04B10DC2B7C3CDEB1EB3B6032F00D219E3160AD1427A0787DD";"6E115B1E90E1CA04B10DC2B7C3CDEB1EB3B6032F00D219E3160AD1427A0787DD";"Würde gelöscht werden"
"2026-09-28 23:23:54";"DryRun";"F:\Daten\Älter\Bilder\Afrika\IMG-20190917-WA0181.jpg";"E:\OpenCloud\Persönlich (2)\Fotos\Afrika\IMG-20190917-WA0181.jpg";"146335";"C4DB2D15DC3FEA8DB37C3A0E11D0D74A046D099801D8C75B53DF3310FD621B2C";"C4DB2D15DC3FEA8DB37C3A0E11D0D74A046D099801D8C75B53DF3310FD621B2C";"Würde gelöscht werden"
"2026-09-28 23:23:54";"DryRun";"F:\Daten\Älter\Bilder\Afrika\IMG-20190917-WA0182.jpg";"E:\OpenCloud\Persönlich (2)\Fotos\Afrika\IMG-20190917-WA0182.jpg";"124593";"606719FEB1C00DD6F73130FF58573F8BCEED6F725A27D5F0A8E31AF31A3813B6";"606719FEB1C00DD6F73130FF58573F8BCEED6F725A27D5F0A8E31AF31A3813B6";"Würde gelöscht werden"
"2026-09-28 23:23:54";"DryRun";"F:\Daten\Älter\Bilder\Afrika\IMG-20190917-WA0183.jpg";"E:\OpenCloud\Persönlich (2)\Fotos\Afrika\IMG-20190917-WA0183.jpg";"142342";"A4FC279D3D7DCD3B645553F19A152959F11FB95F372ECA747CDB25E91FBF0607";"A4FC279D3D7DCD3B645553F19A152959F11FB95F372ECA747CDB25E91FBF0607";"Würde gelöscht werden"
"2026-09-28 23:23:54";"DryRun";"F:\Daten\Älter\Bilder\Afrika\IMG-20190917-WA0184.jpg";"E:\OpenCloud\Persönlich (2)\Fotos\Afrika\IMG-20190917-WA0184.jpg";"213528";"5ACD8BD09E92232E9A5DA44441D1E82C64784C730FC411B7F5632816C94A59F5";"5ACD8BD09E92232E9A5DA44441D1E82C64784C730FC411B7F5632816C94A59F5";"Würde gelöscht werden"
"2026-09-28 23:23:54";"DryRun";"F:\Daten\Älter\Bilder\Afrika\IMG-20190917-WA0185.jpg";"E:\OpenCloud\Persönlich (2)\Fotos\Afrika\IMG-20190917-WA0185.jpg";"130124";"3DA633F927C7748D0D546C43D4785F2C73C83BEDD1EF050B223B76E40310C4AE";"3DA633F927C7748D0D546C43D4785F2C73C83BEDD1EF050B223B76E40310C4AE";"Würde gelöscht werden"
"2026-09-28 23:23:54";"DryRun";"F:\Daten\Älter\Bilder\Afrika\IMG-20190917-WA0187.jpg";"E:\OpenCloud\Persönlich (2)\Fotos\Afrika\IMG-20190917-WA0187.jpg";"226168";"B1F3F028FFBFB047E571F3C02EAFD8E23CA64920381E83ABE5C489AEB82ABE56";"B1F3F028FFBFB047E571F3C02EAFD8E23CA64920381E83ABE5C489AEB82ABE56";"Würde gelöscht werden"
"2026-09-28 23:23:54";"DryRun";"F:\Daten\Älter\Bilder\Afrika\IMG-20190917-WA0188.jpg";"E:\OpenCloud\Persönlich (2)\Fotos\Afrika\IMG-20190917-WA0188.jpg";"155156";"2A77B4DB88A234B298BB09C3385552860F426F245F557D72875E65E121B66524";"2A77B4DB88A234B298BB09C3385552860F426F245F557D72875E65E121B66524";"Würde gelöscht werden"
"2026-09-28 23:23:54";"DryRun";"F:\Daten\Älter\Bilder\Afrika\IMG-20190917-WA0189.jpg";"E:\OpenCloud\Persönlich (2)\Fotos\Afrika\IMG-20190917-WA0189.jpg";"127438";"9AD334E60AE8C7306A89D76188715D11751D8E413BDADF476894A37637CF0DF6";"9AD334E60AE8C7306A89D76188715D11751D8E413BDADF476894A37637CF0DF6";"Würde gelöscht werden"
"2026-09-28 23:23:54";"DryRun";"F:\Daten\Älter\Bilder\Afrika\IMG-20190917-WA0190.jpg";"E:\OpenCloud\Persönlich (2)\Fotos\Afrika\IMG-20190917-WA0190.jpg";"127435";"8BC97BB700EAA4A11D2964FC7BCC8BBDFE45335C07599488A257EAF2A5076F9C";"8BC97BB700EAA4A11D2964FC7BCC8BBDFE45335C07599488A257EAF2A5076F9C";"Würde gelöscht werden"
"2026-09-28 23:23:54";"DryRun";"F:\Daten\Älter\Bilder\Afrika\IMG-20190917-WA0191.jpg";"E:\OpenCloud\Persönlich (2)\Fotos\Afrika\IMG-20190917-WA0191.jpg";"127256";"5EDB8C582E91B137AD56C4CAA7DC6920AF4EBDE0B82855EAF9F4E1964982A1E4";"5EDB8C582E91B137AD56C4CAA7DC6920AF4EBDE0B82855EAF9F4E1964982A1E4";"Würde gelöscht werden"
"2026-09-28 23:23:55";"DryRun";"F:\Daten\Älter\Bilder\Afrika\IMG-20190917-WA0192.jpg";"E:\OpenCloud\Persönlich (2)\Fotos\Afrika\IMG-20190917-WA0192.jpg";"127512";"74859C7D368BEDEF28AED87DFD170BD97FB811389721BE774EE8F3C8F283FA2F";"74859C7D368BEDEF28AED87DFD170BD97FB811389721BE774EE8F3C8F283FA2F";"Würde gelöscht werden"
"2026-09-28 23:23:55";"DryRun";"F:\Daten\Älter\Bilder\Afrika\IMG-20190917-WA0193.jpg";"E:\OpenCloud\Persönlich (2)\Fotos\Afrika\IMG-20190917-WA0193.jpg";"127554";"57DA5A6E092251522DF809BA4C3F92407C08F19D9905745D9FE256E40173FE5B";"57DA5A6E092251522DF809BA4C3F92407C08F19D9905745D9FE256E40173FE5B";"Würde gelöscht werden"
"2026-09-28 23:23:55";"DryRun";"F:\Daten\Älter\Bilder\Afrika\IMG-20190917-WA0195.jpg";"E:\OpenCloud\Persönlich (2)\Fotos\Afrika\IMG-20190917-WA0195.jpg";"128225";"56CBAF22C3A9345C9FA7AAF50251D40061ED08DD558B534693F7B6359609828E";"56CBAF22C3A9345C9FA7AAF50251D40061ED08DD558B534693F7B6359609828E";"Würde gelöscht werden"
"2026-09-28 23:23:55";"DryRun";"F:\Daten\Älter\Bilder\Afrika\IMG-20190917-WA0196.jpg";"E:\OpenCloud\Persönlich (2)\Fotos\Afrika\IMG-20190917-WA0196.jpg";"130443";"0F1A7248A8D4324C47FE891E9CB7075173D0CCE1601ABF616CE16DD6E654225A";"0F1A7248A8D4324C47FE891E9CB7075173D0CCE1601ABF616CE16DD6E654225A";"Würde gelöscht werden"
"2026-09-28 23:23:55";"DryRun";"F:\Daten\Älter\Bilder\Afrika\IMG-20190917-WA0198.jpg";"E:\OpenCloud\Persönlich (2)\Fotos\Afrika\IMG-20190917-WA0198.jpg";"56860";"445BE7A18BACBDB58E9D3A5082CC5E064A6D8D4B600680942DD968BFDE3F9B5B";"445BE7A18BACBDB58E9D3A5082CC5E064A6D8D4B600680942DD968BFDE3F9B5B";"Würde gelöscht werden"
"2026-09-28 23:23:55";"DryRun";"F:\Daten\Älter\Bilder\Afrika\IMG-20190917-WA0200.jpg";"E:\OpenCloud\Persönlich (2)\Fotos\Afrika\IMG-20190917-WA0200.jpg";"123686";"9922EBF1FEAE6CF143E5DEFDBDD0A72C3DE8BF65FB7BA05B9C28ED2E62D861E8";"9922EBF1FEAE6CF143E5DEFDBDD0A72C3DE8BF65FB7BA05B9C28ED2E62D861E8";"Würde gelöscht werden"
"2026-09-28 23:23:55";"DryRun";"F:\Daten\Älter\Bilder\Afrika\IMG-20190917-WA0205.jpg";"E:\OpenCloud\Persönlich (2)\Fotos\Afrika\IMG-20190917-WA0205.jpg";"132741";"80615144A5DA88A9D88580EEF04265DDCFDD5B48AD4C7610DB223B8419BB5EF2";"80615144A5DA88A9D88580EEF04265DDCFDD5B48AD4C7610DB223B8419BB5EF2";"Würde gelöscht werden"
"2026-09-28 23:23:55";"DryRun";"F:\Daten\Älter\Bilder\Afrika\IMG-20190917-WA0206.jpg";"E:\OpenCloud\Persönlich (2)\Fotos\Afrika\IMG-20190917-WA0206.jpg";"120350";"D479C1E63A94DB0EAE0F4FF2626B2F3157DC14E5997C5F05CF87BD9FB9D14AA6";"D479C1E63A94DB0EAE0F4FF2626B2F3157DC14E5997C5F05CF87BD9FB9D14AA6";"Würde gelöscht werden"
"2026-09-28 23:23:55";"DryRun";"F:\Daten\Älter\Bilder\Afrika\IMG-20190917-WA0207.jpg";"E:\OpenCloud\Persönlich (2)\Fotos\Afrika\IMG-20190917-WA0207.jpg";"134617";"A9C30D50BE925B854D70D4F829A7F8EE81BFEF02BB07C61E5C996C99E27C8A4F";"A9C30D50BE925B854D70D4F829A7F8EE81BFEF02BB07C61E5C996C99E27C8A4F";"Würde gelöscht werden"
"2026-09-28 23:23:55";"DryRun";"F:\Daten\Älter\Bilder\Afrika\IMG-20190917-WA0209.jpg";"E:\OpenCloud\Persönlich (2)\Fotos\Afrika\IMG-20190917-WA0209.jpg";"158595";"352D3A9C8EB18A395CC29B051C17A7BD46D8CD88E270B10A2D0EF09C2ADA2C1A";"352D3A9C8EB18A395CC29B051C17A7BD46D8CD88E270B10A2D0EF09C2ADA2C1A";"Würde gelöscht werden"
"2026-09-28 23:23:55";"DryRun";"F:\Daten\Älter\Bilder\Afrika\IMG-20190917-WA0212.jpg";"E:\OpenCloud\Persönlich (2)\Fotos\Afrika\IMG-20190917-WA0212.jpg";"134927";"8D9B61CCA012AE9B558F4EA67BDF1D80637D4B530B63E8159ED7F015D238246E";"8D9B61CCA012AE9B558F4EA67BDF1D80637D4B530B63E8159ED7F015D238246E";"Würde gelöscht werden"
"2026-09-28 23:23:55";"DryRun";"F:\Daten\Älter\Bilder\Afrika\IMG-20190917-WA0213.jpg";"E:\OpenCloud\Persönlich (2)\Fotos\Afrika\IMG-20190917-WA0213.jpg";"152115";"0BF43194B1241F733CD06D41867C7762CAE4FADBA4D3C8E9F395C784825A5A53";"0BF43194B1241F733CD06D41867C7762CAE4FADBA4D3C8E9F395C784825A5A53";"Würde gelöscht werden"
"2026-09-28 23:23:55";"DryRun";"F:\Daten\Älter\Bilder\Afrika\IMG-20190917-WA0214.jpg";"E:\OpenCloud\Persönlich (2)\Fotos\Afrika\IMG-20190917-WA0214.jpg";"164347";"7D8BA528E3C414C0D3A6527BC511B392D9431A617E31ACE8476AEEED6488AE9A";"7D8BA528E3C414C0D3A6527BC511B392D9431A617E31ACE8476AEEED6488AE9A";"Würde gelöscht werden"
"2026-09-28 23:23:55";"DryRun";"F:\Daten\Älter\Bilder\Afrika\IMG-20190917-WA0216.jpg";"E:\OpenCloud\Persönlich (2)\Fotos\Afrika\IMG-20190917-WA0216.jpg";"143300";"0C4F10FE46EB5DFA8D517F88E088B25D6492AAF0B204165F05D9E5F2CCE6B676";"0C4F10FE46EB5DFA8D517F88E088B25D6492AAF0B204165F05D9E5F2CCE6B676";"Würde gelöscht werden"
"2026-09-28 23:23:55";"DryRun";"F:\Daten\Älter\Bilder\Afrika\IMG-20190917-WA0217.jpg";"E:\OpenCloud\Persönlich (2)\Fotos\Afrika\IMG-20190917-WA0217.jpg";"262532";"DE57588EEFD5ECB2033F116A84830B1F0B06E9E8ED640FC063948C113304E3A7";"DE57588EEFD5ECB2033F116A84830B1F0B06E9E8ED640FC063948C113304E3A7";"Würde gelöscht werden"
"2026-09-28 23:23:55";"DryRun";"F:\Daten\Älter\Bilder\Afrika\IMG-20190917-WA0218.jpg";"E:\OpenCloud\Persönlich (2)\Fotos\Afrika\IMG-20190917-WA0218.jpg";"159631";"59CF14C9FE636B0E587B539F0BB9DB02000AA71B8593163FFC44366B4AB9415B";"59CF14C9FE636B0E587B539F0BB9DB02000AA71B8593163FFC44366B4AB9415B";"Würde gelöscht werden"
"2026-09-28 23:23:55";"DryRun";"F:\Daten\Älter\Bilder\Afrika\IMG-20190917-WA0219.jpg";"E:\OpenCloud\Persönlich (2)\Fotos\Afrika\IMG-20190917-WA0219.jpg";"107848";"882C946CAC2CC075615C0868483B07FA4B5B2201C687A422C19305F4B3575191";"882C946CAC2CC075615C0868483B07FA4B5B2201C687A422C19305F4B3575191";"Würde gelöscht werden"
"2026-09-28 23:23:55";"DryRun";"F:\Daten\Älter\Bilder\Afrika\IMG-20190917-WA0221.jpg";"E:\OpenCloud\Persönlich (2)\Fotos\Afrika\IMG-20190917-WA0221.jpg";"158730";"C6ADF2C603E630100E6E11C8B935FE03CA9232959BC93CB2C3AC37D2C2CB718E";"C6ADF2C603E630100E6E11C8B935FE03CA9232959BC93CB2C3AC37D2C2CB718E";"Würde gelöscht werden"
"2026-09-28 23:23:55";"DryRun";"F:\Daten\Älter\Bilder\Afrika\IMG-20190917-WA0222.jpg";"E:\OpenCloud\Persönlich (2)\Fotos\Afrika\IMG-20190917-WA0222.jpg";"257324";"663536DA25C188B53D91B736DB5E45728321E97289E7728D0963A442F5D79E15";"663536DA25C188B53D91B736DB5E45728321E97289E7728D0963A442F5D79E15";"Würde gelöscht werden"
"2026-09-28 23:23:55";"DryRun";"F:\Daten\Älter\Bilder\Afrika\IMG-20190917-WA0223.jpg";"E:\OpenCloud\Persönlich (2)\Fotos\Afrika\IMG-20190917-WA0223.jpg";"215100";"6D8F19B9B245CC03C672FAB7020614EF1FA521FCD377B517A0994BF98C2AED49";"6D8F19B9B245CC03C672FAB7020614EF1FA521FCD377B517A0994BF98C2AED49";"Würde gelöscht werden"
"2026-09-28 23:23:55";"DryRun";"F:\Daten\Älter\Bilder\Afrika\IMG-20190917-WA0224.jpg";"E:\OpenCloud\Persönlich (2)\Fotos\Afrika\IMG-20190917-WA0224.jpg";"258997";"A8210126C69C4373D047994FAAB3BDDCE39BECFCA15F69D4305D67018D6960F2";"A8210126C69C4373D047994FAAB3BDDCE39BECFCA15F69D4305D67018D6960F2";"Würde gelöscht werden"
"2026-09-28 23:23:56";"DryRun";"F:\Daten\Älter\Bilder\Afrika\IMG-20190917-WA0225.jpg";"E:\OpenCloud\Persönlich (2)\Fotos\Afrika\IMG-20190917-WA0225.jpg";"231550";"54B2833DD24F5F4D17BAAA8ACCC533B6384076FE0587BCED2CE865F8FB4B5F6A";"54B2833DD24F5F4D17BAAA8ACCC533B6384076FE0587BCED2CE865F8FB4B5F6A";"Würde gelöscht werden"
"2026-09-28 23:23:56";"DryRun";"F:\Daten\Älter\Bilder\Afrika\IMG-20190917-WA0226.jpg";"E:\OpenCloud\Persönlich (2)\Fotos\Afrika\IMG-20190917-WA0226.jpg";"240583";"AADFEBED5D2CD63B2B4CD45B8A3FD230151A60F27C5F42197AB508E07CF9F042";"AADFEBED5D2CD63B2B4CD45B8A3FD230151A60F27C5F42197AB508E07CF9F042";"Würde gelöscht werden"
"2026-09-28 23:23:56";"DryRun";"F:\Daten\Älter\Bilder\Afrika\IMG-20190917-WA0228.jpg";"E:\OpenCloud\Persönlich (2)\Fotos\Afrika\IMG-20190917-WA0228.jpg";"280221";"00E9BE41ECD6ADAC166E14DFB0F7F5B2D2C0A34B528D3F164C53A475D4CE1FD5";"00E9BE41ECD6ADAC166E14DFB0F7F5B2D2C0A34B528D3F164C53A475D4CE1FD5";"Würde gelöscht werden"
"2026-09-28 23:23:56";"DryRun";"F:\Daten\Älter\Bilder\Afrika\IMG-20190917-WA0229.jpg";"E:\OpenCloud\Persönlich (2)\Fotos\Afrika\IMG-20190917-WA0229.jpg";"264318";"A21A6B2AA6A198266E326FE9C5EBB9B3E7EAACD1BA178B5042EFAF12BF58C7DB";"A21A6B2AA6A198266E326FE9C5EBB9B3E7EAACD1BA178B5042EFAF12BF58C7DB";"Würde gelöscht werden"
"2026-09-28 23:23:56";"DryRun";"F:\Daten\Älter\Bilder\Afrika\IMG-20190917-WA0231.jpg";"E:\OpenCloud\Persönlich (2)\Fotos\Afrika\IMG-20190917-WA0231.jpg";"283342";"1278BE020333A24928FB03EC9DB7D97BA150FFC6FA060A0E589C8B9782073961";"1278BE020333A24928FB03EC9DB7D97BA150FFC6FA060A0E589C8B9782073961";"Würde gelöscht werden"
"2026-09-28 23:23:56";"DryRun";"F:\Daten\Älter\Bilder\Afrika\IMG-20190917-WA0233.jpg";"E:\OpenCloud\Persönlich (2)\Fotos\Afrika\IMG-20190917-WA0233.jpg";"134115";"5B169E02E37D4F08AA2318AAA54501A70D09C90F777917B416503CF295C7D282";"5B169E02E37D4F08AA2318AAA54501A70D09C90F777917B416503CF295C7D282";"Würde gelöscht werden"
"2026-09-28 23:23:56";"DryRun";"F:\Daten\Älter\Bilder\Afrika\IMG-20190917-WA0234.jpg";"E:\OpenCloud\Persönlich (2)\Fotos\Afrika\IMG-20190917-WA0234.jpg";"279370";"743A8346033BAAA29489A4349D583EA608EEE9F45AF29C276D1B8462F3B6280A";"743A8346033BAAA29489A4349D583EA608EEE9F45AF29C276D1B8462F3B6280A";"Würde gelöscht werden"
"2026-09-28 23:23:56";"DryRun";"F:\Daten\Älter\Bilder\Afrika\IMG-20190917-WA0237.jpg";"E:\OpenCloud\Persönlich (2)\Fotos\Afrika\IMG-20190917-WA0237.jpg";"266371";"2EFC5ED7AAA98A79D76F03C01CA5AE280C7513E929D4F6A1B7D29DEC8D1A20C1";"2EFC5ED7AAA98A79D76F03C01CA5AE280C7513E929D4F6A1B7D29DEC8D1A20C1";"Würde gelöscht werden"
"2026-09-28 23:23:57";"DryRun";"F:\Daten\Älter\Bilder\Afrika\IMG-20190917-WA0239.jpg";"E:\OpenCloud\Persönlich (2)\Fotos\Afrika\IMG-20190917-WA0239.jpg";"272034";"94CADEC0924F083BAA61E4DEF6711C53DBA99A8C6B015042BD6938D8D134E085";"94CADEC0924F083BAA61E4DEF6711C53DBA99A8C6B015042BD6938D8D134E085";"Würde gelöscht werden"
"2026-09-28 23:23:57";"DryRun";"F:\Daten\Älter\Bilder\Afrika\IMG-20190917-WA0241.jpg";"E:\OpenCloud\Persönlich (2)\Fotos\Afrika\IMG-20190917-WA0241.jpg";"160946";"ABE38720DE204927EE584B0F45B6B601CCCFE54B5D997DD0AD35CF953A20D915";"ABE38720DE204927EE584B0F45B6B601CCCFE54B5D997DD0AD35CF953A20D915";"Würde gelöscht werden"
"2026-09-28 23:23:57";"DryRun";"F:\Daten\Älter\Bilder\Afrika\IMG-20190917-WA0242.jpg";"E:\OpenCloud\Persönlich (2)\Fotos\Afrika\IMG-20190917-WA0242.jpg";"190775";"38681688DB7EE0762CFAFFB1CF4B22C88306FEEB027C9E4AFAE1C10720745AFD";"38681688DB7EE0762CFAFFB1CF4B22C88306FEEB027C9E4AFAE1C10720745AFD";"Würde gelöscht werden"
"2026-09-28 23:23:57";"DryRun";"F:\Daten\Älter\Bilder\Afrika\IMG-20190917-WA0243.jpg";"E:\OpenCloud\Persönlich (2)\Fotos\Afrika\IMG-20190917-WA0243.jpg";"161419";"8C5BE831491B72D411251D1249116FA7F47C8E78271FBDD053E5F23DD70B52BB";"8C5BE831491B72D411251D1249116FA7F47C8E78271FBDD053E5F23DD70B52BB";"Würde gelöscht werden"
"2026-09-28 23:23:57";"DryRun";"F:\Daten\Älter\Bilder\Afrika\IMG-20190917-WA0246.jpg";"E:\OpenCloud\Persönlich (2)\Fotos\Afrika\IMG-20190917-WA0246.jpg";"153153";"05863307D003BB58EBD3B30B4452FBD81F4D25EBD502BB9707F08167035C6DBD";"05863307D003BB58EBD3B30B4452FBD81F4D25EBD502BB9707F08167035C6DBD";"Würde gelöscht werden"
"2026-09-28 23:23:58";"DryRun";"F:\Daten\Älter\Bilder\Afrika\IMG-20190917-WA0247.jpg";"E:\OpenCloud\Persönlich (2)\Fotos\Afrika\IMG-20190917-WA0247.jpg";"115945";"146344B906C56C4B4851F75E29F109432F80B696622E431A84327A1E1800E0F6";"146344B906C56C4B4851F75E29F109432F80B696622E431A84327A1E1800E0F6";"Würde gelöscht werden"
"2026-09-28 23:23:58";"DryRun";"F:\Daten\Älter\Bilder\Afrika\IMG-20190917-WA0251.jpg";"E:\OpenCloud\Persönlich (2)\Fotos\Afrika\IMG-20190917-WA0251.jpg";"184420";"B6FB4264D4ABE4D738553264561FEDE8FE76930E0D25F222F806C3ABEC391C8F";"B6FB4264D4ABE4D738553264561FEDE8FE76930E0D25F222F806C3ABEC391C8F";"Würde gelöscht werden"
"2026-09-28 23:23:59";"DryRun";"F:\Daten\Älter\Bilder\Afrika\IMG-20190917-WA0252.jpg";"E:\OpenCloud\Persönlich (2)\Fotos\Afrika\IMG-20190917-WA0252.jpg";"292982";"907AC3EC3D3E9AC7C40E53BBEC8AD23A117E7734FC9186F76B306E29B1B33271";"907AC3EC3D3E9AC7C40E53BBEC8AD23A117E7734FC9186F76B306E29B1B33271";"Würde gelöscht werden"
"2026-09-28 23:23:59";"DryRun";"F:\Daten\Älter\Bilder\Afrika\IMG-20190917-WA0253.jpg";"E:\OpenCloud\Persönlich (2)\Fotos\Afrika\IMG-20190917-WA0253.jpg";"122032";"3B81299EEA41FA7D6273AB8E3B53890723B50C2FF8CA840F7CC9ED6AA21F6BC7";"3B81299EEA41FA7D6273AB8E3B53890723B50C2FF8CA840F7CC9ED6AA21F6BC7";"Würde gelöscht werden"
"2026-09-28 23:23:59";"DryRun";"F:\Daten\Älter\Bilder\Afrika\IMG-20190917-WA0254.jpg";"E:\OpenCloud\Persönlich (2)\Fotos\Afrika\IMG-20190917-WA0254.jpg";"110532";"1DE4240004EF272C29CB2FFFFC968415C12381A14890B8C4CFC1FA0DCEF6E8FD";"1DE4240004EF272C29CB2FFFFC968415C12381A14890B8C4CFC1FA0DCEF6E8FD";"Würde gelöscht werden"
"2026-09-28 23:23:59";"DryRun";"F:\Daten\Älter\Bilder\Afrika\IMG-20190917-WA0255.jpg";"E:\OpenCloud\Persönlich (2)\Fotos\Afrika\IMG-20190917-WA0255.jpg";"294323";"7C1750DCAB417674E07675F51605A6D869F4266908E1AB183E2C422D0522DE82";"7C1750DCAB417674E07675F51605A6D869F4266908E1AB183E2C422D0522DE82";"Würde gelöscht werden"
"2026-09-28 23:23:59";"DryRun";"F:\Daten\Älter\Bilder\Afrika\IMG-20190917-WA0256.jpg";"E:\OpenCloud\Persönlich (2)\Fotos\Afrika\IMG-20190917-WA0256.jpg";"141779";"91DF9D24B948ED4EC4805EC2AE708DBC6F223AB700C1B14E3DF664C7D0100F7C";"91DF9D24B948ED4EC4805EC2AE708DBC6F223AB700C1B14E3DF664C7D0100F7C";"Würde gelöscht werden"
"2026-09-28 23:23:59";"DryRun";"F:\Daten\Älter\Bilder\Afrika\IMG-20190917-WA0257.jpg";"E:\OpenCloud\Persönlich (2)\Fotos\Afrika\IMG-20190917-WA0257.jpg";"124406";"4AC31BFE0EDDAFBFFEA53C17E18ECD9994937E0C45CD883D97E17E2EE8455D6F";"4AC31BFE0EDDAFBFFEA53C17E18ECD9994937E0C45CD883D97E17E2EE8455D6F";"Würde gelöscht werden"
"2026-09-28 23:23:59";"DryRun";"F:\Daten\Älter\Bilder\Afrika\IMG-20190917-WA0258.jpg";"E:\OpenCloud\Persönlich (2)\Fotos\Afrika\IMG-20190917-WA0258.jpg";"121403";"ACA08AD605912B0ECD57FEB6BEB0A0C3918167AD7DC1F2FF0AEF8DC1E9140B1F";"ACA08AD605912B0ECD57FEB6BEB0A0C3918167AD7DC1F2FF0AEF8DC1E9140B1F";"Würde gelöscht werden"
"2026-09-28 23:23:59";"DryRun";"F:\Daten\Älter\Bilder\Afrika\IMG-20190917-WA0259.jpg";"E:\OpenCloud\Persönlich (2)\Fotos\Afrika\IMG-20190917-WA0259.jpg";"272240";"7D4ECD3C0319CFD615D94059A59A80F8861CAE25CA3D47A34699E1B83B74BA85";"7D4ECD3C0319CFD615D94059A59A80F8861CAE25CA3D47A34699E1B83B74BA85";"Würde gelöscht werden"
"2026-09-28 23:24:00";"DryRun";"F:\Daten\Älter\Bilder\Afrika\IMG-20190917-WA0260.jpg";"E:\OpenCloud\Persönlich (2)\Fotos\Afrika\IMG-20190917-WA0260.jpg";"130229";"86F00A1C93E7A7E267EB2250C7A0B9B082C121876194D9A2B2C9DAC07AFA09B1";"86F00A1C93E7A7E267EB2250C7A0B9B082C121876194D9A2B2C9DAC07AFA09B1";"Würde gelöscht werden"
"2026-09-28 23:24:00";"DryRun";"F:\Daten\Älter\Bilder\Afrika\IMG-20190917-WA0261.jpg";"E:\OpenCloud\Persönlich (2)\Fotos\Afrika\IMG-20190917-WA0261.jpg";"294583";"1D1A891043BCB039E95F44AA12E91906CAAEAEF514A572D6014ADDA50C1EF12C";"1D1A891043BCB039E95F44AA12E91906CAAEAEF514A572D6014ADDA50C1EF12C";"Würde gelöscht werden"
"2026-09-28 23:24:00";"DryRun";"F:\Daten\Älter\Bilder\Afrika\IMG-20190917-WA0262.jpg";"E:\OpenCloud\Persönlich (2)\Fotos\Afrika\IMG-20190917-WA0262.jpg";"126852";"F2FCFA07DA9B54DD056938E41988D4957A23B5B04749829CCC5756647FB1D09D";"F2FCFA07DA9B54DD056938E41988D4957A23B5B04749829CCC5756647FB1D09D";"Würde gelöscht werden"
"2026-09-28 23:24:00";"DryRun";"F:\Daten\Älter\Bilder\Afrika\IMG-20190917-WA0263.jpg";"E:\OpenCloud\Persönlich (2)\Fotos\Afrika\IMG-20190917-WA0263.jpg";"252606";"11D5E64B2BB346F27AC1B94D94842A57014C5BC5C7AA41B8BFA4704F437D34AE";"11D5E64B2BB346F27AC1B94D94842A57014C5BC5C7AA41B8BFA4704F437D34AE";"Würde gelöscht werden"
"2026-09-28 23:24:00";"DryRun";"F:\Daten\Älter\Bilder\Afrika\IMG-20190917-WA0264.jpg";"E:\OpenCloud\Persönlich (2)\Fotos\Afrika\IMG-20190917-WA0264.jpg";"327054";"3FC4F1394B5B9E2956290D96ECAACBA51D15FCB8058DBB5EFEAB9BFF16759AB2";"3FC4F1394B5B9E2956290D96ECAACBA51D15FCB8058DBB5EFEAB9BFF16759AB2";"Würde gelöscht werden"
"2026-09-28 23:24:00";"DryRun";"F:\Daten\Älter\Bilder\Afrika\IMG-20190917-WA0265.jpg";"E:\OpenCloud\Persönlich (2)\Fotos\Afrika\IMG-20190917-WA0265.jpg";"200014";"E9547FC2D790812AA380251EF1603255B379EF1D114E1197C5336A61549A5896";"E9547FC2D790812AA380251EF1603255B379EF1D114E1197C5336A61549A5896";"Würde gelöscht werden"
"2026-09-28 23:24:00";"DryRun";"F:\Daten\Älter\Bilder\Afrika\IMG-20190917-WA0266.jpg";"E:\OpenCloud\Persönlich (2)\Fotos\Afrika\IMG-20190917-WA0266.jpg";"140937";"EFA24FF4C5A31BF27BF6232D2EF341E9D4AF9EA64A1072A95B1CCE61A7A83F62";"EFA24FF4C5A31BF27BF6232D2EF341E9D4AF9EA64A1072A95B1CCE61A7A83F62";"Würde gelöscht werden"
"2026-09-28 23:24:00";"DryRun";"F:\Daten\Älter\Bilder\Afrika\IMG-20190917-WA0267.jpg";"E:\OpenCloud\Persönlich (2)\Fotos\Afrika\IMG-20190917-WA0267.jpg";"191514";"89EA730FEC27C48569FB397DF20A85CEC5EA8477DF086AECB1895440EEB5DD59";"89EA730FEC27C48569FB397DF20A85CEC5EA8477DF086AECB1895440EEB5DD59";"Würde gelöscht werden"
"2026-09-28 23:24:00";"DryRun";"F:\Daten\Älter\Bilder\Afrika\IMG-20190917-WA0268.jpg";"E:\OpenCloud\Persönlich (2)\Fotos\Afrika\IMG-20190917-WA0268.jpg";"161570";"42F1C9444E548B2EF321D90D212D8584820C1EA3924F06FF84468136D94B30DD";"42F1C9444E548B2EF321D90D212D8584820C1EA3924F06FF84468136D94B30DD";"Würde gelöscht werden"
"2026-09-28 23:24:00";"DryRun";"F:\Daten\Älter\Bilder\Afrika\IMG-20190917-WA0269.jpg";"E:\OpenCloud\Persönlich (2)\Fotos\Afrika\IMG-20190917-WA0269.jpg";"278460";"C00C2BD4E83EDC5A9398613707B8AE237990E6847C5D8205599F37EBDBB6035E";"C00C2BD4E83EDC5A9398613707B8AE237990E6847C5D8205599F37EBDBB6035E";"Würde gelöscht werden"
"2026-09-28 23:24:00";"DryRun";"F:\Daten\Älter\Bilder\Afrika\IMG-20190917-WA0270.jpg";"E:\OpenCloud\Persönlich (2)\Fotos\Afrika\IMG-20190917-WA0270.jpg";"173682";"AB14C52DA7F03302808436EEC2313A53152B57CB791DA5795F3A57962FECECC0";"AB14C52DA7F03302808436EEC2313A53152B57CB791DA5795F3A57962FECECC0";"Würde gelöscht werden"
"2026-09-28 23:24:00";"DryRun";"F:\Daten\Älter\Bilder\Afrika\IMG-20190917-WA0271.jpg";"E:\OpenCloud\Persönlich (2)\Fotos\Afrika\IMG-20190917-WA0271.jpg";"165190";"796643C59F197CF615899324E8B334A5F032F9DDD20E2E09F11267109FB8B271";"796643C59F197CF615899324E8B334A5F032F9DDD20E2E09F11267109FB8B271";"Würde gelöscht werden"
"2026-09-28 23:24:01";"DryRun";"F:\Daten\Älter\Bilder\Afrika\IMG-20190917-WA0272.jpg";"E:\OpenCloud\Persönlich (2)\Fotos\Afrika\IMG-20190917-WA0272.jpg";"250327";"20EE3076A43E87249CC779A0D9517A4A6CFBE8CE62B7592F1E13B9A246477039";"20EE3076A43E87249CC779A0D9517A4A6CFBE8CE62B7592F1E13B9A246477039";"Würde gelöscht werden"
"2026-09-28 23:24:01";"DryRun";"F:\Daten\Älter\Bilder\Afrika\IMG-20190917-WA0274.jpg";"E:\OpenCloud\Persönlich (2)\Fotos\Afrika\IMG-20190917-WA0274.jpg";"261578";"27E4C3400BBB3398A39CA7C8814A977A8C02E18628568DCBE56481CBD900F4AC";"27E4C3400BBB3398A39CA7C8814A977A8C02E18628568DCBE56481CBD900F4AC";"Würde gelöscht werden"
"2026-09-28 23:24:01";"DryRun";"F:\Daten\Älter\Bilder\Afrika\IMG-20190917-WA0275.jpg";"E:\OpenCloud\Persönlich (2)\Fotos\Afrika\IMG-20190917-WA0275.jpg";"224428";"97DB409B408442AFAA2B3D066FAEE77D90FD2639D7D784B55D01B66B99DFB83F";"97DB409B408442AFAA2B3D066FAEE77D90FD2639D7D784B55D01B66B99DFB83F";"Würde gelöscht werden"
"2026-09-28 23:24:02";"DryRun";"F:\Daten\Älter\Bilder\Afrika\IMG-20190917-WA0276.jpg";"E:\OpenCloud\Persönlich (2)\Fotos\Afrika\IMG-20190917-WA0276.jpg";"256054";"E33D81481F2048738949D082C406E7DF1D9E2C99CA99B6136358AEEAD98226EB";"E33D81481F2048738949D082C406E7DF1D9E2C99CA99B6136358AEEAD98226EB";"Würde gelöscht werden"
"2026-09-28 23:24:02";"DryRun";"F:\Daten\Älter\Bilder\Afrika\IMG-20190917-WA0277.jpg";"E:\OpenCloud\Persönlich (2)\Fotos\Afrika\IMG-20190917-WA0277.jpg";"244876";"A8F78A7C61968CAFCB68F18028D6BFED0B70DDD4ACA318D4987CB7B2F0F25EEF";"A8F78A7C61968CAFCB68F18028D6BFED0B70DDD4ACA318D4987CB7B2F0F25EEF";"Würde gelöscht werden"
"2026-09-28 23:24:02";"DryRun";"F:\Daten\Älter\Bilder\Afrika\IMG-20190917-WA0278.jpg";"E:\OpenCloud\Persönlich (2)\Fotos\Afrika\IMG-20190917-WA0278.jpg";"188857";"3F948927C76CEBAD65FF0FD5FE9C1F794E41F7AB4D1AFE72F3BC7304062DEDB1";"3F948927C76CEBAD65FF0FD5FE9C1F794E41F7AB4D1AFE72F3BC7304062DEDB1";"Würde gelöscht werden"
"2026-09-28 23:24:02";"DryRun";"F:\Daten\Älter\Bilder\Afrika\IMG-20190917-WA0279.jpg";"E:\OpenCloud\Persönlich (2)\Fotos\Afrika\IMG-20190917-WA0279.jpg";"337314";"1CBA3B34DC6C724B930B451047DD3348C938ED0BA9556AA70F64DB02A0B0380E";"1CBA3B34DC6C724B930B451047DD3348C938ED0BA9556AA70F64DB02A0B0380E";"Würde gelöscht werden"
"2026-09-28 23:24:02";"DryRun";"F:\Daten\Älter\Bilder\Afrika\IMG-20190917-WA0280.jpg";"E:\OpenCloud\Persönlich (2)\Fotos\Afrika\IMG-20190917-WA0280.jpg";"108298";"40AD33B9EA19CED83E0C2488AD90203D33B2B12316C24F49A5C781F8CF79A957";"40AD33B9EA19CED83E0C2488AD90203D33B2B12316C24F49A5C781F8CF79A957";"Würde gelöscht werden"
"2026-09-28 23:24:02";"DryRun";"F:\Daten\Älter\Bilder\Afrika\IMG-20190917-WA0281.jpg";"E:\OpenCloud\Persönlich (2)\Fotos\Afrika\IMG-20190917-WA0281.jpg";"262460";"5F8108880D73A2F0AF07F984387FC87014BEC95094FF4F1F04D1AB270E88AB73";"5F8108880D73A2F0AF07F984387FC87014BEC95094FF4F1F04D1AB270E88AB73";"Würde gelöscht werden"
"2026-09-28 23:24:02";"DryRun";"F:\Daten\Älter\Bilder\Afrika\IMG-20190917-WA0282.jpg";"E:\OpenCloud\Persönlich (2)\Fotos\Afrika\IMG-20190917-WA0282.jpg";"201320";"A7B1F4B2777E9604734D389F8E1ACF24F59D976E0BD6D8BE1313126088B8695E";"A7B1F4B2777E9604734D389F8E1ACF24F59D976E0BD6D8BE1313126088B8695E";"Würde gelöscht werden"
"2026-09-28 23:24:02";"DryRun";"F:\Daten\Älter\Bilder\Afrika\IMG-20190917-WA0283.jpg";"E:\OpenCloud\Persönlich (2)\Fotos\Afrika\IMG-20190917-WA0283.jpg";"219528";"01B5DC4468F335304822A4F85810FF566C23EFEF46618F6104E6CC7819A56AEF";"01B5DC4468F335304822A4F85810FF566C23EFEF46618F6104E6CC7819A56AEF";"Würde gelöscht werden"
"2026-09-28 23:24:02";"DryRun";"F:\Daten\Älter\Bilder\Afrika\IMG-20190917-WA0285.jpg";"E:\OpenCloud\Persönlich (2)\Fotos\Afrika\IMG-20190917-WA0285.jpg";"159703";"46BC5FDA9E245CCD289AC95104E1F198D5D432BCC9E96A4FD22269A370822C70";"46BC5FDA9E245CCD289AC95104E1F198D5D432BCC9E96A4FD22269A370822C70";"Würde gelöscht werden"
"2026-09-28 23:24:02";"DryRun";"F:\Daten\Älter\Bilder\Afrika\IMG-20190917-WA0286.jpg";"E:\OpenCloud\Persönlich (2)\Fotos\Afrika\IMG-20190917-WA0286.jpg";"314397";"6371472168B8BCD98FA6A579702F587F414FE0918C7CA4F65F1C4D3BDB087CF3";"6371472168B8BCD98FA6A579702F587F414FE0918C7CA4F65F1C4D3BDB087CF3";"Würde gelöscht werden"
"2026-09-28 23:24:02";"DryRun";"F:\Daten\Älter\Bilder\Afrika\IMG-20190917-WA0287.jpg";"E:\OpenCloud\Persönlich (2)\Fotos\Afrika\IMG-20190917-WA0287.jpg";"179117";"99DF5C2178F183C5835B2254EB988B721876BD237D33CAC0B3BD25BAC4248A48";"99DF5C2178F183C5835B2254EB988B721876BD237D33CAC0B3BD25BAC4248A48";"Würde gelöscht werden"
"2026-09-28 23:24:02";"DryRun";"F:\Daten\Älter\Bilder\Afrika\IMG-20190917-WA0288.jpg";"E:\OpenCloud\Persönlich (2)\Fotos\Afrika\IMG-20190917-WA0288.jpg";"267746";"282A47A3AF2912D59B0D7F3524B29E428B51DFD4B3F6A9F36C93A2FCDCA6DD9E";"282A47A3AF2912D59B0D7F3524B29E428B51DFD4B3F6A9F36C93A2FCDCA6DD9E";"Würde gelöscht werden"
"2026-09-28 23:24:02";"DryRun";"F:\Daten\Älter\Bilder\Afrika\IMG-20190917-WA0289.jpg";"E:\OpenCloud\Persönlich (2)\Fotos\Afrika\IMG-20190917-WA0289.jpg";"259346";"9CF43FE3F07CC9336CC117FDC7C7922C6BEC6BA691793F6B72E81BFFE985E6E2";"9CF43FE3F07CC9336CC117FDC7C7922C6BEC6BA691793F6B72E81BFFE985E6E2";"Würde gelöscht werden"
"2026-09-28 23:24:02";"DryRun";"F:\Daten\Älter\Bilder\Afrika\IMG-20190917-WA0290.jpg";"E:\OpenCloud\Persönlich (2)\Fotos\Afrika\IMG-20190917-WA0290.jpg";"273100";"E210DC23089142717250F5CF0FBC0ED645A5567F743085DFBE516E9065691FB0";"E210DC23089142717250F5CF0FBC0ED645A5567F743085DFBE516E9065691FB0";"Würde gelöscht werden"
"2026-09-28 23:24:02";"DryRun";"F:\Daten\Älter\Bilder\Afrika\IMG-20190917-WA0291.jpg";"E:\OpenCloud\Persönlich (2)\Fotos\Afrika\IMG-20190917-WA0291.jpg";"127387";"A3FBC2912781AB4272D2401EE3AD8FD7DDEC49597BC3B8F1DD354C625A4B9BEF";"A3FBC2912781AB4272D2401EE3AD8FD7DDEC49597BC3B8F1DD354C625A4B9BEF";"Würde gelöscht werden"
"2026-09-28 23:24:02";"DryRun";"F:\Daten\Älter\Bilder\Afrika\IMG-20190917-WA0292.jpg";"E:\OpenCloud\Persönlich (2)\Fotos\Afrika\IMG-20190917-WA0292.jpg";"238228";"F6EEA4420416E89A9578FDDB288B3767F077018713AB23CA6A9CE2B1F494CD50";"F6EEA4420416E89A9578FDDB288B3767F077018713AB23CA6A9CE2B1F494CD50";"Würde gelöscht werden"
"2026-09-28 23:24:02";"DryRun";"F:\Daten\Älter\Bilder\Afrika\IMG-20190917-WA0293.jpg";"E:\OpenCloud\Persönlich (2)\Fotos\Afrika\IMG-20190917-WA0293.jpg";"128637";"10EE302F56CCCB6BC408705910F50619AE0741E254E0680D53C03704D92C79E5";"10EE302F56CCCB6BC408705910F50619AE0741E254E0680D53C03704D92C79E5";"Würde gelöscht werden"
"2026-09-28 23:24:02";"DryRun";"F:\Daten\Älter\Bilder\Afrika\IMG-20190917-WA0294.jpg";"E:\OpenCloud\Persönlich (2)\Fotos\Afrika\IMG-20190917-WA0294.jpg";"309367";"6243EDA7C3491E287FA7F570F7E945BD777049B35847B99AE4F457AA3959E5F3";"6243EDA7C3491E287FA7F570F7E945BD777049B35847B99AE4F457AA3959E5F3";"Würde gelöscht werden"
"2026-09-28 23:24:02";"DryRun";"F:\Daten\Älter\Bilder\Afrika\IMG-20190917-WA0295.jpg";"E:\OpenCloud\Persönlich (2)\Fotos\Afrika\IMG-20190917-WA0295.jpg";"107457";"03F8B25C0BC3D56E6B8C9A701E88AEDDC4B23C1DD59B23C755A212C10292EDE6";"03F8B25C0BC3D56E6B8C9A701E88AEDDC4B23C1DD59B23C755A212C10292EDE6";"Würde gelöscht werden"
"2026-09-28 23:24:02";"DryRun";"F:\Daten\Älter\Bilder\Afrika\IMG-20190917-WA0296.jpg";"E:\OpenCloud\Persönlich (2)\Fotos\Afrika\IMG-20190917-WA0296.jpg";"140075";"0F44FED534D5D04A9107FB92D60289D416EBCF823230E65564FCC8DD62395C19";"0F44FED534D5D04A9107FB92D60289D416EBCF823230E65564FCC8DD62395C19";"Würde gelöscht werden"
"2026-09-28 23:24:02";"DryRun";"F:\Daten\Älter\Bilder\Afrika\IMG-20190917-WA0297.jpg";"E:\OpenCloud\Persönlich (2)\Fotos\Afrika\IMG-20190917-WA0297.jpg";"245047";"5E1A497DD8172D889CB3CB7BE438A3830DECB04468D7C9FF5BD4862F68C7CE20";"5E1A497DD8172D889CB3CB7BE438A3830DECB04468D7C9FF5BD4862F68C7CE20";"Würde gelöscht werden"
"2026-09-28 23:24:02";"DryRun";"F:\Daten\Älter\Bilder\Afrika\IMG-20190917-WA0298.jpg";"E:\OpenCloud\Persönlich (2)\Fotos\Afrika\IMG-20190917-WA0298.jpg";"208675";"EEEE231FEF5DEB0BDC6392050D1C695423E5CC85D5BCB66AC8BB1DC6DEDA17DA";"EEEE231FEF5DEB0BDC6392050D1C695423E5CC85D5BCB66AC8BB1DC6DEDA17DA";"Würde gelöscht werden"
"2026-09-28 23:24:03";"DryRun";"F:\Daten\Älter\Bilder\Afrika\IMG-20190917-WA0299.jpg";"E:\OpenCloud\Persönlich (2)\Fotos\Afrika\IMG-20190917-WA0299.jpg";"390309";"3797776223B8458B3CF8A169C56C02804895D7A2791F2B1030BE7A5DF185E543";"3797776223B8458B3CF8A169C56C02804895D7A2791F2B1030BE7A5DF185E543";"Würde gelöscht werden"
"2026-09-28 23:24:03";"DryRun";"F:\Daten\Älter\Bilder\Afrika\IMG-20190917-WA0300.jpg";"E:\OpenCloud\Persönlich (2)\Fotos\Afrika\IMG-20190917-WA0300.jpg";"309728";"3B5038458472DBA7913A074C69BC045475BB6A5E3AEC4AC99568B9065EC199BE";"3B5038458472DBA7913A074C69BC045475BB6A5E3AEC4AC99568B9065EC199BE";"Würde gelöscht werden"
"2026-09-28 23:24:03";"DryRun";"F:\Daten\Älter\Bilder\Afrika\IMG-20190917-WA0301.jpg";"E:\OpenCloud\Persönlich (2)\Fotos\Afrika\IMG-20190917-WA0301.jpg";"230303";"C4ABE4A7D8337F50BB09DC5C0392DF297A0CFB6FB1EAA0100838CFCA6DBE0B33";"C4ABE4A7D8337F50BB09DC5C0392DF297A0CFB6FB1EAA0100838CFCA6DBE0B33";"Würde gelöscht werden"
"2026-09-28 23:24:03";"DryRun";"F:\Daten\Älter\Bilder\Afrika\IMG-20190917-WA0302.jpg";"E:\OpenCloud\Persönlich (2)\Fotos\Afrika\IMG-20190917-WA0302.jpg";"270407";"0B855FF9A66D3E366110AB83963D181C0302482FB66D795C88F590944C75D2B3";"0B855FF9A66D3E366110AB83963D181C0302482FB66D795C88F590944C75D2B3";"Würde gelöscht werden"
"2026-09-28 23:24:03";"DryRun";"F:\Daten\Älter\Bilder\Afrika\IMG-20190917-WA0303.jpg";"E:\OpenCloud\Persönlich (2)\Fotos\Afrika\IMG-20190917-WA0303.jpg";"318437";"244A7A4672375F9E8DA325EAD5719C48C11D6795D6DAC24F27A3727DB0CB639C";"244A7A4672375F9E8DA325EAD5719C48C11D6795D6DAC24F27A3727DB0CB639C";"Würde gelöscht werden"
"2026-09-28 23:24:03";"DryRun";"F:\Daten\Älter\Bilder\Afrika\IMG-20190917-WA0304.jpg";"E:\OpenCloud\Persönlich (2)\Fotos\Afrika\IMG-20190917-WA0304.jpg";"139443";"B0A4FD6AE2539DFCC0392FF6F3BD229902B2F63E627D80D1B0DEA54A3D250117";"B0A4FD6AE2539DFCC0392FF6F3BD229902B2F63E627D80D1B0DEA54A3D250117";"Würde gelöscht werden"
"2026-09-28 23:24:03";"DryRun";"F:\Daten\Älter\Bilder\Afrika\IMG-20190917-WA0305.jpg";"E:\OpenCloud\Persönlich (2)\Fotos\Afrika\IMG-20190917-WA0305.jpg";"765889";"199A80D119D9FDD4C9C3425FFC89525B144D411ED4B9853188E4518460BB3ED0";"199A80D119D9FDD4C9C3425FFC89525B144D411ED4B9853188E4518460BB3ED0";"Würde gelöscht werden"
"2026-09-28 23:24:03";"DryRun";"F:\Daten\Älter\Bilder\Afrika\IMG-20190917-WA0306.jpg";"E:\OpenCloud\Persönlich (2)\Fotos\Afrika\IMG-20190917-WA0306.jpg";"220018";"E3DDAED38439DB98FC36DC77B20AA8B8005639BA84E9FADB89ECC91161EFAB1E";"E3DDAED38439DB98FC36DC77B20AA8B8005639BA84E9FADB89ECC91161EFAB1E";"Würde gelöscht werden"
"2026-09-28 23:24:03";"DryRun";"F:\Daten\Älter\Bilder\Afrika\IMG-20190917-WA0307.jpg";"E:\OpenCloud\Persönlich (2)\Fotos\Afrika\IMG-20190917-WA0307.jpg";"179907";"5E83E82E4E2C2444EB124033B9EDB0A7C998FE5F329529D505E13098654FCFE4";"5E83E82E4E2C2444EB124033B9EDB0A7C998FE5F329529D505E13098654FCFE4";"Würde gelöscht werden"
"2026-09-28 23:24:03";"DryRun";"F:\Daten\Älter\Bilder\Afrika\IMG-20190917-WA0308.jpg";"E:\OpenCloud\Persönlich (2)\Fotos\Afrika\IMG-20190917-WA0308.jpg";"166722";"4B06420A3A64D30D4E4F561419C4275C327872D7DFBF1C9F4F276C83B3A8DC6F";"4B06420A3A64D30D4E4F561419C4275C327872D7DFBF1C9F4F276C83B3A8DC6F";"Würde gelöscht werden"
"2026-09-28 23:24:03";"DryRun";"F:\Daten\Älter\Bilder\Afrika\IMG-20190917-WA0309.jpg";"E:\OpenCloud\Persönlich (2)\Fotos\Afrika\IMG-20190917-WA0309.jpg";"226495";"A0A0ED540E2A4AE27AB5786AF5B686AA2D7F13419E5F1FDEAC906BBE4A036519";"A0A0ED540E2A4AE27AB5786AF5B686AA2D7F13419E5F1FDEAC906BBE4A036519";"Würde gelöscht werden"
"2026-09-28 23:24:03";"DryRun";"F:\Daten\Älter\Bilder\Afrika\IMG-20190917-WA0310.jpg";"E:\OpenCloud\Persönlich (2)\Fotos\Afrika\IMG-20190917-WA0310.jpg";"446273";"887118D16D5DD5624D83FF356B2DF01A2C5D7818349E7B77FFC33BD53467B713";"887118D16D5DD5624D83FF356B2DF01A2C5D7818349E7B77FFC33BD53467B713";"Würde gelöscht werden"
"2026-09-28 23:24:03";"DryRun";"F:\Daten\Älter\Bilder\Afrika\IMG-20190917-WA0311.jpg";"E:\OpenCloud\Persönlich (2)\Fotos\Afrika\IMG-20190917-WA0311.jpg";"157676";"CD0577BE2E87D53EBF7953B3A7E5822C67B0D6E9E9769E3266A8C9CF8348122B";"CD0577BE2E87D53EBF7953B3A7E5822C67B0D6E9E9769E3266A8C9CF8348122B";"Würde gelöscht werden"
"2026-09-28 23:24:03";"DryRun";"F:\Daten\Älter\Bilder\Afrika\IMG-20190917-WA0312.jpg";"E:\OpenCloud\Persönlich (2)\Fotos\Afrika\IMG-20190917-WA0312.jpg";"178436";"3608D0D789DE59032733D355DE48E8A7D3BECF386FE9372AB7ACE1FC739A5CDD";"3608D0D789DE59032733D355DE48E8A7D3BECF386FE9372AB7ACE1FC739A5CDD";"Würde gelöscht werden"
"2026-09-28 23:24:03";"DryRun";"F:\Daten\Älter\Bilder\Afrika\IMG-20190917-WA0313.jpg";"E:\OpenCloud\Persönlich (2)\Fotos\Afrika\IMG-20190917-WA0313.jpg";"175985";"375DA7EA5CD30C7CEDBA59BAB8C63712A97776DBE287F999231FB796A2048CCC";"375DA7EA5CD30C7CEDBA59BAB8C63712A97776DBE287F999231FB796A2048CCC";"Würde gelöscht werden"
"2026-09-28 23:24:03";"DryRun";"F:\Daten\Älter\Bilder\Afrika\IMG-20190917-WA0314.jpg";"E:\OpenCloud\Persönlich (2)\Fotos\Afrika\IMG-20190917-WA0314.jpg";"229994";"BC924668011E18DC0445BB60ABFDBCE4BD3C50B1D063BE6A2272CE14E41D4FE7";"BC924668011E18DC0445BB60ABFDBCE4BD3C50B1D063BE6A2272CE14E41D4FE7";"Würde gelöscht werden"
"2026-09-28 23:24:03";"DryRun";"F:\Daten\Älter\Bilder\Afrika\IMG-20190917-WA0315.jpg";"E:\OpenCloud\Persönlich (2)\Fotos\Afrika\Kapstadt\Robben Island\Selfies\IMG-20190917-WA0206.jpg";"171361";"81AAE2742AFB596F53CBF149E3EF03EF70AC65D40BA4349C2F19DEBC1ABD1682";"81AAE2742AFB596F53CBF149E3EF03EF70AC65D40BA4349C2F19DEBC1ABD1682";"Würde gelöscht werden"
"2026-09-28 23:24:03";"DryRun";"F:\Daten\Älter\Bilder\Afrika\IMG-20190917-WA0316.jpg";"E:\OpenCloud\Persönlich (2)\Fotos\Afrika\Kapstadt\Robben Island\IMG-20190917-WA0202.jpg";"310865";"9789BE3A0A87F6316691BE45D0155B18BB680F3BB4CDC7025328BD31E96C7460";"9789BE3A0A87F6316691BE45D0155B18BB680F3BB4CDC7025328BD31E96C7460";"Würde gelöscht werden"
"2026-09-28 23:24:04";"DryRun";"F:\Daten\Älter\Bilder\Afrika\IMG-20190917-WA0317.jpg";"E:\OpenCloud\Persönlich (2)\Fotos\Afrika\Kapstadt\Robben Island\Selfies\IMG-20190917-WA0203.jpg";"178212";"C060D494E49486EA3909FBAD6572520F851E83803DB55FEFA3CC194BD84E6679";"C060D494E49486EA3909FBAD6572520F851E83803DB55FEFA3CC194BD84E6679";"Würde gelöscht werden"
"2026-09-28 23:24:04";"DryRun";"F:\Daten\Älter\Bilder\Afrika\IMG-20190917-WA0318.jpg";"E:\OpenCloud\Persönlich (2)\Fotos\Afrika\Kapstadt\Robben Island\IMG-20190917-WA0204.jpg";"331422";"C19E03B84FF394F73A7ADD7561DA7B9ACB0428B325D2ED6EC7DBE43A82139F7B";"C19E03B84FF394F73A7ADD7561DA7B9ACB0428B325D2ED6EC7DBE43A82139F7B";"Würde gelöscht werden"
"2026-09-28 23:24:04";"DryRun";"F:\Daten\Älter\Bilder\Afrika\IMG-20190917-WA0319.jpg";"E:\OpenCloud\Persönlich (2)\Fotos\Afrika\Kapstadt\Robben Island\Selfies\IMG-20190917-WA0200.jpg";"160276";"74410B782E3382DFF152D97E4F43C7E703DAF45648CF92BCB5DE7369A9DD9896";"74410B782E3382DFF152D97E4F43C7E703DAF45648CF92BCB5DE7369A9DD9896";"Würde gelöscht werden"
"2026-09-28 23:24:04";"DryRun";"F:\Daten\Älter\Bilder\Afrika\IMG-20190917-WA0327.jpg";"E:\OpenCloud\Persönlich (2)\Fotos\Afrika\IMG-20190917-WA0239.jpg";"272034";"94CADEC0924F083BAA61E4DEF6711C53DBA99A8C6B015042BD6938D8D134E085";"94CADEC0924F083BAA61E4DEF6711C53DBA99A8C6B015042BD6938D8D134E085";"Würde gelöscht werden"
"2026-09-28 23:24:04";"DryRun";"F:\Daten\Älter\Bilder\Afrika\IMG-20190919-WA0000.jpg";"E:\OpenCloud\Persönlich (2)\Fotos\Afrika\Kapstadt\Kap der guten Hoffnung\IMG-20190919-WA0000.jpg";"823473";"63C09B36079A5A1677C7AE53DC60AC2CB9547AC30B2B287E026A33EBCDE4E286";"63C09B36079A5A1677C7AE53DC60AC2CB9547AC30B2B287E026A33EBCDE4E286";"Würde gelöscht werden"
"2026-09-28 23:24:04";"DryRun";"F:\Daten\Älter\Bilder\Afrika\IMG-20190919-WA0052.jpg";"E:\OpenCloud\Persönlich (2)\Fotos\Afrika\Kapstadt\Kap der guten Hoffnung\IMG-20190919-WA0000.jpg";"823473";"63C09B36079A5A1677C7AE53DC60AC2CB9547AC30B2B287E026A33EBCDE4E286";"63C09B36079A5A1677C7AE53DC60AC2CB9547AC30B2B287E026A33EBCDE4E286";"Würde gelöscht werden"
"2026-09-28 23:24:04";"DryRun";"F:\Daten\Älter\Bilder\Afrika\IMG-20190919-WA0055.jpg";"E:\OpenCloud\Persönlich (2)\Fotos\Afrika\Kapstadt\Kap der guten Hoffnung\IMG-20190920-WA0183.jpg";"97715";"E1209DAE340D5712857C2BE34EAE9A9071601B30D70147D25E20282B674DB179";"E1209DAE340D5712857C2BE34EAE9A9071601B30D70147D25E20282B674DB179";"Würde gelöscht werden"
"2026-09-28 23:24:04";"DryRun";"F:\Daten\Älter\Bilder\Afrika\IMG-20190920-WA0025.jpg";"E:\OpenCloud\Persönlich (2)\Fotos\Afrika\IMG-20190917-WA0084.jpg";"232865";"488F5EFD34D8EBCC8E2A890DCF1495D52E7B6DE85EE9333A4FCBD68FBCA6E88F";"488F5EFD34D8EBCC8E2A890DCF1495D52E7B6DE85EE9333A4FCBD68FBCA6E88F";"Würde gelöscht werden"
"2026-09-28 23:24:04";"DryRun";"F:\Daten\Älter\Bilder\Afrika\IMG-20190920-WA0026.jpg";"E:\OpenCloud\Persönlich (2)\Fotos\Afrika\IMG-20190917-WA0089.jpg";"172759";"2E48FD8FDFAEE5C36C5C0B481DA5D4F8D6C34E87DFBE6F9617EF067E7E39F667";"2E48FD8FDFAEE5C36C5C0B481DA5D4F8D6C34E87DFBE6F9617EF067E7E39F667";"Würde gelöscht werden"
"2026-09-28 23:24:04";"DryRun";"F:\Daten\Älter\Bilder\Afrika\IMG-20190920-WA0027.jpg";"E:\OpenCloud\Persönlich (2)\Fotos\Afrika\IMG-20190917-WA0076.jpg";"188605";"3F716FA4B891972138BDB49B42FA36BD57FDF7D03BBD171947032C5BD1A852EF";"3F716FA4B891972138BDB49B42FA36BD57FDF7D03BBD171947032C5BD1A852EF";"Würde gelöscht werden"
"2026-09-28 23:24:04";"DryRun";"F:\Daten\Älter\Bilder\Afrika\IMG-20190920-WA0028.jpg";"E:\OpenCloud\Persönlich (2)\Fotos\Afrika\IMG-20190917-WA0060.jpg";"220902";"E4FCA1AD4A71E4E84E35E7871B5CF9BBD5609073D5F2ED97EA3650935DF34AAF";"E4FCA1AD4A71E4E84E35E7871B5CF9BBD5609073D5F2ED97EA3650935DF34AAF";"Würde gelöscht werden"
"2026-09-28 23:24:04";"DryRun";"F:\Daten\Älter\Bilder\Afrika\IMG-20190920-WA0029.jpg";"E:\OpenCloud\Persönlich (2)\Fotos\Afrika\IMG-20190917-WA0088.jpg";"196191";"42F2D8DCB8DAC9AEC112B036F7C29276372FA6780DBCED99AABC0048C1388E6B";"42F2D8DCB8DAC9AEC112B036F7C29276372FA6780DBCED99AABC0048C1388E6B";"Würde gelöscht werden"
"2026-09-28 23:24:04";"DryRun";"F:\Daten\Älter\Bilder\Afrika\IMG-20190920-WA0030.jpg";"E:\OpenCloud\Persönlich (2)\Fotos\Afrika\IMG-20190917-WA0079.jpg";"100681";"875838DE69E3664DBD5E8C89AC88366CB5AE3B8BA08BCF2D0A5D95CB15F92BC8";"875838DE69E3664DBD5E8C89AC88366CB5AE3B8BA08BCF2D0A5D95CB15F92BC8";"Würde gelöscht werden"
"2026-09-28 23:24:04";"DryRun";"F:\Daten\Älter\Bilder\Afrika\IMG-20190920-WA0031.jpg";"E:\OpenCloud\Persönlich (2)\Fotos\Afrika\IMG-20190917-WA0090.jpg";"212263";"8A33EBCCBD7BE0563BA6880AC6072B4F6D1CEED763A68B943E4AEB7176D17048";"8A33EBCCBD7BE0563BA6880AC6072B4F6D1CEED763A68B943E4AEB7176D17048";"Würde gelöscht werden"
"2026-09-28 23:24:04";"DryRun";"F:\Daten\Älter\Bilder\Afrika\IMG-20190920-WA0032.jpg";"E:\OpenCloud\Persönlich (2)\Fotos\Afrika\IMG-20190917-WA0064.jpg";"207096";"7FED9C65846E5414966F9AFD94111A37B1032E2327D2DA42CDD4BF2D40E14A07";"7FED9C65846E5414966F9AFD94111A37B1032E2327D2DA42CDD4BF2D40E14A07";"Würde gelöscht werden"
"2026-09-28 23:24:04";"DryRun";"F:\Daten\Älter\Bilder\Afrika\IMG-20190920-WA0033.jpg";"E:\OpenCloud\Persönlich (2)\Fotos\Afrika\IMG-20190917-WA0075.jpg";"145719";"34E3D82899D9BF110356AB850139541064F5062C79151D189A36A6F8CB390C53";"34E3D82899D9BF110356AB850139541064F5062C79151D189A36A6F8CB390C53";"Würde gelöscht werden"
"2026-09-28 23:24:04";"DryRun";"F:\Daten\Älter\Bilder\Afrika\IMG-20190920-WA0035.jpg";"E:\OpenCloud\Persönlich (2)\Fotos\Afrika\IMG-20190917-WA0078.jpg";"119076";"D3F92A7260CEAF0C1D543F4FE411F1A7349A78DCC1028243CDED04F94114C3CE";"D3F92A7260CEAF0C1D543F4FE411F1A7349A78DCC1028243CDED04F94114C3CE";"Würde gelöscht werden"
"2026-09-28 23:24:04";"DryRun";"F:\Daten\Älter\Bilder\Afrika\IMG-20190920-WA0047.jpg";"E:\OpenCloud\Persönlich (2)\Fotos\Afrika\IMG-20190917-WA0070.jpg";"133534";"8558DCA95814C67F23FBEF76009E571C2F0D45EA98002D9432C565DA6A0AFA7D";"8558DCA95814C67F23FBEF76009E571C2F0D45EA98002D9432C565DA6A0AFA7D";"Würde gelöscht werden"
"2026-09-28 23:24:04";"DryRun";"F:\Daten\Älter\Bilder\Afrika\IMG-20190920-WA0048.jpg";"E:\OpenCloud\Persönlich (2)\Fotos\Afrika\IMG-20190917-WA0065.jpg";"152350";"630ACA7A2914F44028DAFB338BA2E4C87D5870796ACC15FB2A5639D969D91FFA";"630ACA7A2914F44028DAFB338BA2E4C87D5870796ACC15FB2A5639D969D91FFA";"Würde gelöscht werden"
"2026-09-28 23:24:04";"DryRun";"F:\Daten\Älter\Bilder\Afrika\IMG-20190920-WA0049.jpg";"E:\OpenCloud\Persönlich (2)\Fotos\Afrika\IMG-20190917-WA0074.jpg";"139696";"4663F50FE45DBD9ED54B6C6CFBAA7A1BD914D7C58E1AFC71F99350F918FEE9C1";"4663F50FE45DBD9ED54B6C6CFBAA7A1BD914D7C58E1AFC71F99350F918FEE9C1";"Würde gelöscht werden"
"2026-09-28 23:24:04";"DryRun";"F:\Daten\Älter\Bilder\Afrika\IMG-20190920-WA0050.jpg";"E:\OpenCloud\Persönlich (2)\Fotos\Afrika\IMG-20190917-WA0054.jpg";"189205";"DA39E060E29915B089855AAC31BAE2A6B588BE85A7192A9F57D50B60C2C2369A";"DA39E060E29915B089855AAC31BAE2A6B588BE85A7192A9F57D50B60C2C2369A";"Würde gelöscht werden"
"2026-09-28 23:24:04";"DryRun";"F:\Daten\Älter\Bilder\Afrika\IMG-20190920-WA0051.jpg";"E:\OpenCloud\Persönlich (2)\Fotos\Afrika\IMG-20190917-WA0092.jpg";"325858";"10BE74DA69C152E35C20A956679B79CFA66ED8F084A02A79FB4BBCBE00A4F9FB";"10BE74DA69C152E35C20A956679B79CFA66ED8F084A02A79FB4BBCBE00A4F9FB";"Würde gelöscht werden"
"2026-09-28 23:24:04";"DryRun";"F:\Daten\Älter\Bilder\Afrika\IMG-20190920-WA0052.jpg";"E:\OpenCloud\Persönlich (2)\Fotos\Afrika\IMG-20190917-WA0053.jpg";"227169";"EA03863C6BD487BDA9B008917E10E297873E705C6A630433F8B0E8AC3CE6C509";"EA03863C6BD487BDA9B008917E10E297873E705C6A630433F8B0E8AC3CE6C509";"Würde gelöscht werden"
"2026-09-28 23:24:04";"DryRun";"F:\Daten\Älter\Bilder\Afrika\IMG-20190920-WA0053.jpg";"E:\OpenCloud\Persönlich (2)\Fotos\Afrika\IMG-20190917-WA0077.jpg";"158181";"DB6FF3B65BB8F1940484BE4CF8886F968AF4133660214D26E84AEC8B800A03EC";"DB6FF3B65BB8F1940484BE4CF8886F968AF4133660214D26E84AEC8B800A03EC";"Würde gelöscht werden"
"2026-09-28 23:24:04";"DryRun";"F:\Daten\Älter\Bilder\Afrika\IMG-20190920-WA0054.jpg";"E:\OpenCloud\Persönlich (2)\Fotos\Afrika\IMG-20190917-WA0091.jpg";"316046";"5060CC5C8A2A0DBFD209963CFD859C9A7D1FDB3654C973AA54E5E59491A8360B";"5060CC5C8A2A0DBFD209963CFD859C9A7D1FDB3654C973AA54E5E59491A8360B";"Würde gelöscht werden"
"2026-09-28 23:24:04";"DryRun";"F:\Daten\Älter\Bilder\Afrika\IMG-20190920-WA0060.jpg";"E:\OpenCloud\Persönlich (2)\Fotos\Afrika\IMG-20190917-WA0066.jpg";"117188";"8BC1B7387F142164593014E76F64D9BBF8663B4D27EFE48C631DBF41789CB13E";"8BC1B7387F142164593014E76F64D9BBF8663B4D27EFE48C631DBF41789CB13E";"Würde gelöscht werden"
"2026-09-28 23:24:04";"DryRun";"F:\Daten\Älter\Bilder\Afrika\IMG-20190920-WA0061.jpg";"E:\OpenCloud\Persönlich (2)\Fotos\Afrika\IMG-20190917-WA0087.jpg";"231021";"34DCBE8C0785DFE3245869A1AD0E033FBD7FC490E14E66A884B24D826E17C168";"34DCBE8C0785DFE3245869A1AD0E033FBD7FC490E14E66A884B24D826E17C168";"Würde gelöscht werden"
"2026-09-28 23:24:04";"DryRun";"F:\Daten\Älter\Bilder\Afrika\IMG-20190920-WA0082.jpg";"E:\OpenCloud\Persönlich (2)\Fotos\Afrika\IMG-20190917-WA0085.jpg";"134870";"E6AE1F1A8A2A22718DA3947FF38B079C59C78CD1A9141BC673FED24C22135067";"E6AE1F1A8A2A22718DA3947FF38B079C59C78CD1A9141BC673FED24C22135067";"Würde gelöscht werden"
"2026-09-28 23:24:04";"DryRun";"F:\Daten\Älter\Bilder\Afrika\IMG-20190921-WA0079.jpg";"E:\OpenCloud\Persönlich (2)\Fotos\Afrika\IMG-20190917-WA0082.jpg";"212852";"86C645B8BFEBE8B05D240943FA2DE7728428EB1D0BA7BE0BE945AA409B0C05F3";"86C645B8BFEBE8B05D240943FA2DE7728428EB1D0BA7BE0BE945AA409B0C05F3";"Würde gelöscht werden"
"2026-09-28 23:24:04";"DryRun";"F:\Daten\Älter\Bilder\Afrika\IMG-20190921-WA0083.jpg";"E:\OpenCloud\Persönlich (2)\Fotos\Afrika\IMG-20190917-WA0083.jpg";"129440";"5349051262B9433ED607E00CA7F3163E9DF1B0212B84DEE7C7998D19543EF5AA";"5349051262B9433ED607E00CA7F3163E9DF1B0212B84DEE7C7998D19543EF5AA";"Würde gelöscht werden"
"2026-09-28 23:24:04";"DryRun";"F:\Daten\Älter\Bilder\Afrika\IMG-20190921-WA0088.jpg";"E:\OpenCloud\Persönlich (2)\Fotos\Afrika\IMG-20190917-WA0068.jpg";"308020";"903F5BD3DBD6D16545083D227B9E7DC58C4C0A87E16833973B6BBD8283BB4396";"903F5BD3DBD6D16545083D227B9E7DC58C4C0A87E16833973B6BBD8283BB4396";"Würde gelöscht werden"
"2026-09-28 23:24:04";"DryRun";"F:\Daten\Älter\Bilder\Afrika\IMG-20190921-WA0138.jpg";"E:\OpenCloud\Persönlich (2)\Fotos\Afrika\Südafrika\IMG-20190921-WA0010.jpg";"171331";"1FCC9723200891559266EF0ED6E17DE57AEBD3846EBA900A98674FB7446F12E3";"1FCC9723200891559266EF0ED6E17DE57AEBD3846EBA900A98674FB7446F12E3";"Würde gelöscht werden"
"2026-09-28 23:24:04";"DryRun";"F:\Daten\Älter\Bilder\Afrika\IMG-20190923-WA0021-1.jpg";"E:\OpenCloud\Persönlich (2)\Fotos\Afrika\Dana Bay\Ostrich Farm\IMG-20190923-WA0002.jpg";"228241";"416ACEF3D4467C21D0CBB40194E84F0B4E04DF483A0FE1E4B3F9EFB8AFF9AFF8";"416ACEF3D4467C21D0CBB40194E84F0B4E04DF483A0FE1E4B3F9EFB8AFF9AFF8";"Würde gelöscht werden"
"2026-09-28 23:24:04";"DryRun";"F:\Daten\Älter\Bilder\Afrika\IMG-20190923-WA0021.jpg";"E:\OpenCloud\Persönlich (2)\Fotos\Afrika\Dana Bay\Ostrich Farm\IMG-20190923-WA0002.jpg";"228241";"416ACEF3D4467C21D0CBB40194E84F0B4E04DF483A0FE1E4B3F9EFB8AFF9AFF8";"416ACEF3D4467C21D0CBB40194E84F0B4E04DF483A0FE1E4B3F9EFB8AFF9AFF8";"Würde gelöscht werden"
"2026-09-28 23:24:04";"DryRun";"F:\Daten\Älter\Bilder\Afrika\IMG-20190924-WA0051.jpg";"E:\OpenCloud\Persönlich (2)\Fotos\Afrika\Addo Elephant Park\IMG-20190924-WA0059.jpg";"155789";"AEBDF04342AB3AA81402851618D894B1DBE15946DBC38504DA017DDA390A963B";"AEBDF04342AB3AA81402851618D894B1DBE15946DBC38504DA017DDA390A963B";"Würde gelöscht werden"
"2026-09-28 23:24:04";"DryRun";"F:\Daten\Älter\Bilder\Afrika\IMG-20190924-WA0052.jpg";"E:\OpenCloud\Persönlich (2)\Fotos\Afrika\Addo Elephant Park\IMG-20190924-WA0060.jpg";"153111";"D2E3A1EB4670878CE332ACFF3557C664DE5882FC47F105460AE5BC5FBCF13D9F";"D2E3A1EB4670878CE332ACFF3557C664DE5882FC47F105460AE5BC5FBCF13D9F";"Würde gelöscht werden"
"2026-09-28 23:24:04";"DryRun";"F:\Daten\Älter\Bilder\Afrika\IMG-20190924-WA0053.jpg";"E:\OpenCloud\Persönlich (2)\Fotos\Afrika\Addo Elephant Park\IMG-20190924-WA0074.jpg";"179862";"BB48DBF822043A9C6EAECFF33A47A1B1B491EE0934286E7E5D22D3E14966BF86";"BB48DBF822043A9C6EAECFF33A47A1B1B491EE0934286E7E5D22D3E14966BF86";"Würde gelöscht werden"
"2026-09-28 23:24:04";"DryRun";"F:\Daten\Älter\Bilder\Afrika\IMG-20190924-WA0054.jpg";"E:\OpenCloud\Persönlich (2)\Fotos\Afrika\Addo Elephant Park\IMG-20190924-WA0075.jpg";"149136";"4D2505AEA0979927DF837E91C256FEF819C89D248137DCB142865718A6AD75CF";"4D2505AEA0979927DF837E91C256FEF819C89D248137DCB142865718A6AD75CF";"Würde gelöscht werden"
"2026-09-28 23:24:04";"DryRun";"F:\Daten\Älter\Bilder\Afrika\IMG-20190924-WA0067.jpg";"E:\OpenCloud\Persönlich (2)\Fotos\Afrika\Addo Elephant Park\IMG-20190924-WA0101.jpg";"71041";"030A0452D3CD48C7DBE3163E965E083B20666243C770B357E6457016E815BC60";"030A0452D3CD48C7DBE3163E965E083B20666243C770B357E6457016E815BC60";"Würde gelöscht werden"
"2026-09-28 23:24:04";"DryRun";"F:\Daten\Älter\Bilder\Afrika\IMG-20190924-WA0072.jpg";"E:\OpenCloud\Persönlich (2)\Fotos\Afrika\Addo Elephant Park\IMG-20190924-WA0106.jpg";"131172";"A1F8FF9C23F48F0C93430BDAB5D25D9105EE71A4A04FC1C699FC3E7C34CF7D66";"A1F8FF9C23F48F0C93430BDAB5D25D9105EE71A4A04FC1C699FC3E7C34CF7D66";"Würde gelöscht werden"
"2026-09-28 23:24:04";"DryRun";"F:\Daten\Älter\Bilder\Afrika\IMG-20190924-WA0073.jpg";"E:\OpenCloud\Persönlich (2)\Fotos\Afrika\Dana Bay\Knysna\IMG-20190924-WA0107.jpg";"106511";"BC02D0D53837BF6D4C68D304D44003E03FA828C0731CB54AB3FB449F803A904F";"BC02D0D53837BF6D4C68D304D44003E03FA828C0731CB54AB3FB449F803A904F";"Würde gelöscht werden"
"2026-09-28 23:24:04";"DryRun";"F:\Daten\Älter\Bilder\Afrika\IMG-20190924-WA0074.jpg";"E:\OpenCloud\Persönlich (2)\Fotos\Afrika\Dana Bay\Knysna\IMG-20190924-WA0108.jpg";"129391";"CE168C2536962289D000517739A7A4E38C6048D2E03648522E8961AD185EB02A";"CE168C2536962289D000517739A7A4E38C6048D2E03648522E8961AD185EB02A";"Würde gelöscht werden"
"2026-09-28 23:24:04";"DryRun";"F:\Daten\Älter\Bilder\Afrika\IMG-20190924-WA0075.jpg";"E:\OpenCloud\Persönlich (2)\Fotos\Afrika\Dana Bay\Knysna\IMG-20190924-WA0109.jpg";"120226";"0C877C757297B467819D859DF5511842BCF64DF65193768598396333845C23C6";"0C877C757297B467819D859DF5511842BCF64DF65193768598396333845C23C6";"Würde gelöscht werden"
"2026-09-28 23:24:04";"DryRun";"F:\Daten\Älter\Bilder\Afrika\IMG-20190924-WA0076.jpg";"E:\OpenCloud\Persönlich (2)\Fotos\Afrika\Dana Bay\Knysna\IMG-20190924-WA0110.jpg";"130895";"F4A55072F597D3E220C0D90F415065C277066C17FBED9F5397CACB6611E59BBE";"F4A55072F597D3E220C0D90F415065C277066C17FBED9F5397CACB6611E59BBE";"Würde gelöscht werden"
"2026-09-28 23:24:04";"DryRun";"F:\Daten\Älter\Bilder\Afrika\IMG-20190924-WA0077.jpg";"E:\OpenCloud\Persönlich (2)\Fotos\Afrika\Dana Bay\Knysna\IMG-20190924-WA0111.jpg";"127420";"BB20EED94BCD07B80614C0764AC963ED6BBFECBC23BD8B2AB87AB2860A1BD39C";"BB20EED94BCD07B80614C0764AC963ED6BBFECBC23BD8B2AB87AB2860A1BD39C";"Würde gelöscht werden"
"2026-09-28 23:24:04";"DryRun";"F:\Daten\Älter\Bilder\Afrika\IMG-20190924-WA0078.jpg";"E:\OpenCloud\Persönlich (2)\Fotos\Afrika\Addo Elephant Park\IMG-20190924-WA0112.jpg";"146693";"54005931AEA930E441AE64DAA68CB73F35DC9E56F1A49ABC4C79F5B8B6DA5CDA";"54005931AEA930E441AE64DAA68CB73F35DC9E56F1A49ABC4C79F5B8B6DA5CDA";"Würde gelöscht werden"
"2026-09-28 23:24:04";"DryRun";"F:\Daten\Älter\Bilder\Afrika\IMG-20190924-WA0079.jpg";"E:\OpenCloud\Persönlich (2)\Fotos\Afrika\Dana Bay\Safari Katzenpark\IMG-20190924-WA0113.jpg";"284053";"44A4798624CDF63DAE942D1E97D660A80C5E9D969DCDD3749636711EE30DEE92";"44A4798624CDF63DAE942D1E97D660A80C5E9D969DCDD3749636711EE30DEE92";"Würde gelöscht werden"
"2026-09-28 23:24:04";"DryRun";"F:\Daten\Älter\Bilder\Afrika\IMG-20190924-WA0080.jpg";"E:\OpenCloud\Persönlich (2)\Fotos\Afrika\Dana Bay\Safari Katzenpark\IMG-20190924-WA0114.jpg";"363776";"0EC7CDB64B1ACAD5A839212D248EB37BAAFB83E031F5632598B62D8CBF545E82";"0EC7CDB64B1ACAD5A839212D248EB37BAAFB83E031F5632598B62D8CBF545E82";"Würde gelöscht werden"
"2026-09-28 23:24:04";"DryRun";"F:\Daten\Älter\Bilder\Afrika\IMG-20190924-WA0081.jpg";"E:\OpenCloud\Persönlich (2)\Fotos\Afrika\Dana Bay\Safari Katzenpark\IMG-20190924-WA0115.jpg";"374335";"9D3DB0C80E5D0DBAC2B3A7F7CCB94D344C1CDE000FFDF531FB6D54CC6158A896";"9D3DB0C80E5D0DBAC2B3A7F7CCB94D344C1CDE000FFDF531FB6D54CC6158A896";"Würde gelöscht werden"
"2026-09-28 23:24:05";"DryRun";"F:\Daten\Älter\Bilder\Afrika\IMG-20190924-WA0082.jpg";"E:\OpenCloud\Persönlich (2)\Fotos\Afrika\Dana Bay\Safari Katzenpark\IMG-20190924-WA0119.jpg";"328348";"B7A9C57932C07BF317D8624FDA9D46E840734A4D6FD84946D1A67CAFD6C14B24";"B7A9C57932C07BF317D8624FDA9D46E840734A4D6FD84946D1A67CAFD6C14B24";"Würde gelöscht werden"
"2026-09-28 23:24:05";"DryRun";"F:\Daten\Älter\Bilder\Afrika\IMG-20190924-WA0083.jpg";"E:\OpenCloud\Persönlich (2)\Fotos\Afrika\Dana Bay\Safari Katzenpark\IMG-20190924-WA0118.jpg";"280331";"B8563142F070BE7FBD7E588CF951263355241D0D88D484EC96143B2F7C167C87";"B8563142F070BE7FBD7E588CF951263355241D0D88D484EC96143B2F7C167C87";"Würde gelöscht werden"
"2026-09-28 23:24:05";"DryRun";"F:\Daten\Älter\Bilder\Afrika\IMG-20190924-WA0084.jpg";"E:\OpenCloud\Persönlich (2)\Fotos\Afrika\Dana Bay\Safari Katzenpark\IMG-20190924-WA0116.jpg";"316993";"8EA21500C74ACB8A8CFEA6836126F745DAFFB7C03A94E801D7DDBCF1268E6149";"8EA21500C74ACB8A8CFEA6836126F745DAFFB7C03A94E801D7DDBCF1268E6149";"Würde gelöscht werden"
"2026-09-28 23:24:05";"DryRun";"F:\Daten\Älter\Bilder\Afrika\IMG-20190924-WA0085.jpg";"E:\OpenCloud\Persönlich (2)\Fotos\Afrika\Dana Bay\Safari Katzenpark\IMG-20190924-WA0117.jpg";"382930";"6A337F9FE662144B657986F8D0D62B1FBCA6F4DCF52F46B0B6765BA521D396D0";"6A337F9FE662144B657986F8D0D62B1FBCA6F4DCF52F46B0B6765BA521D396D0";"Würde gelöscht werden"
"2026-09-28 23:24:05";"DryRun";"F:\Daten\Älter\Bilder\Afrika\IMG-20190924-WA0086.jpg";"E:\OpenCloud\Persönlich (2)\Fotos\Afrika\Dana Bay\Safari Katzenpark\IMG-20190924-WA0120.jpg";"356290";"FBEC64A64670C7D87F66349377C8F8E42CFB0AD16DEEEEFFEEB36E80FD12126D";"FBEC64A64670C7D87F66349377C8F8E42CFB0AD16DEEEEFFEEB36E80FD12126D";"Würde gelöscht werden"
"2026-09-28 23:24:05";"DryRun";"F:\Daten\Älter\Bilder\Afrika\IMG-20190924-WA0087.jpg";"E:\OpenCloud\Persönlich (2)\Fotos\Afrika\Dana Bay\Safari Katzenpark\IMG-20190924-WA0122.jpg";"401068";"4129E4FEEFDB57848AFAFBB0900E2A3BF6D1F80EC5D9C9548F7AF85B828B3F74";"4129E4FEEFDB57848AFAFBB0900E2A3BF6D1F80EC5D9C9548F7AF85B828B3F74";"Würde gelöscht werden"
"2026-09-28 23:24:05";"DryRun";"F:\Daten\Älter\Bilder\Afrika\IMG-20190924-WA0088.jpg";"E:\OpenCloud\Persönlich (2)\Fotos\Afrika\Dana Bay\Safari Katzenpark\IMG-20190924-WA0121.jpg";"378642";"D3155F4EA587213287B7EEE7A1E4C14DA460D8642AFEFCA09BB29A981CEB57BE";"D3155F4EA587213287B7EEE7A1E4C14DA460D8642AFEFCA09BB29A981CEB57BE";"Würde gelöscht werden"
"2026-09-28 23:24:05";"DryRun";"F:\Daten\Älter\Bilder\Afrika\IMG-20190924-WA0089.jpg";"E:\OpenCloud\Persönlich (2)\Fotos\Afrika\Addo Elephant Park\IMG-20190924-WA0140.jpg";"210219";"5F80D0D453CA1B785C7622151705D5E0E354147695D6D02C5A6DA8FF45996E82";"5F80D0D453CA1B785C7622151705D5E0E354147695D6D02C5A6DA8FF45996E82";"Würde gelöscht werden"
"2026-09-28 23:24:05";"DryRun";"F:\Daten\Älter\Bilder\Afrika\IMG-20190924-WA0091.jpg";"E:\OpenCloud\Persönlich (2)\Fotos\Afrika\Addo Elephant Park\IMG-20190924-WA0138.jpg";"182955";"D81C6449E9B9D297378CE079B3F297567A2ACE1984B2A719454446DF8D3894BD";"D81C6449E9B9D297378CE079B3F297567A2ACE1984B2A719454446DF8D3894BD";"Würde gelöscht werden"
"2026-09-28 23:24:05";"DryRun";"F:\Daten\Älter\Bilder\Afrika\IMG-20190925-WA0004.jpg";"E:\OpenCloud\Persönlich (2)\Fotos\Afrika\Addo Elephant Park\IMG-20190925-WA0008.jpg";"120221";"15971A38A9AF99F99A2CDA2E5F223AD33BB1590814BB53464913D5C170B505C2";"15971A38A9AF99F99A2CDA2E5F223AD33BB1590814BB53464913D5C170B505C2";"Würde gelöscht werden"
"2026-09-28 23:24:05";"DryRun";"F:\Daten\Älter\Bilder\Afrika\IMG-20190925-WA0006.jpg";"E:\OpenCloud\Persönlich (2)\Fotos\Afrika\Addo Elephant Park\IMG-20190925-WA0012.jpg";"223372";"4C33C93B6D9D68B4DB53929044CB9152A7A4CAB8A019544B85D948B22EDB5809";"4C33C93B6D9D68B4DB53929044CB9152A7A4CAB8A019544B85D948B22EDB5809";"Würde gelöscht werden"
"2026-09-28 23:24:05";"DryRun";"F:\Daten\Älter\Bilder\Afrika\IMG-20190925-WA0008.jpg";"E:\OpenCloud\Persönlich (2)\Fotos\Afrika\Addo Elephant Park\IMG-20190925-WA0014.jpg";"221280";"BF84795B67C7B936DC9268AA104F016023FE92A59D9CB9F33AC679F09AF78BE3";"BF84795B67C7B936DC9268AA104F016023FE92A59D9CB9F33AC679F09AF78BE3";"Würde gelöscht werden"
"2026-09-28 23:24:05";"DryRun";"F:\Daten\Älter\Bilder\Afrika\IMG-20190925-WA0009.jpg";"E:\OpenCloud\Persönlich (2)\Fotos\Afrika\Addo Elephant Park\IMG-20190925-WA0018.jpg";"178049";"0C06187121B05E9E5C1E6F253857B1FE7D7D0DF06D68BF3D7C20BE509BA3D69D";"0C06187121B05E9E5C1E6F253857B1FE7D7D0DF06D68BF3D7C20BE509BA3D69D";"Würde gelöscht werden"
"2026-09-28 23:24:05";"DryRun";"F:\Daten\Älter\Bilder\Afrika\IMG-20190925-WA0010.jpg";"E:\OpenCloud\Persönlich (2)\Fotos\Afrika\Addo Elephant Park\IMG-20190925-WA0019.jpg";"257701";"3176A6E808114A93E18D8F9FF5FD0F1DCBB1FBC63848396CE6780670C60F7412";"3176A6E808114A93E18D8F9FF5FD0F1DCBB1FBC63848396CE6780670C60F7412";"Würde gelöscht werden"
"2026-09-28 23:24:05";"DryRun";"F:\Daten\Älter\Bilder\Afrika\IMG-20190925-WA0012.jpg";"E:\OpenCloud\Persönlich (2)\Fotos\Afrika\Addo Elephant Park\IMG-20190925-WA0024.jpg";"143409";"C11ABEE11FB482FB2B3AA6B469ACE2385DC6144E0F0A5B7336F68553D0F0FD2A";"C11ABEE11FB482FB2B3AA6B469ACE2385DC6144E0F0A5B7336F68553D0F0FD2A";"Würde gelöscht werden"
"2026-09-28 23:24:05";"DryRun";"F:\Daten\Älter\Bilder\Afrika\IMG-20190926-WA0001.jpg";"E:\OpenCloud\Persönlich (2)\Fotos\Afrika\Durban\IMG-20190926-WA0007.jpg";"119035";"85F2C0FB7F1E563DDC9FF677F94C2EB0EC394B54F1EC853EE966C76D01222367";"85F2C0FB7F1E563DDC9FF677F94C2EB0EC394B54F1EC853EE966C76D01222367";"Würde gelöscht werden"
"2026-09-28 23:24:05";"DryRun";"F:\Daten\Älter\Bilder\Afrika\IMG-20190926-WA0003.jpg";"E:\OpenCloud\Persönlich (2)\Fotos\Afrika\Durban\IMG-20190926-WA0009.jpg";"93254";"BE26DCDE93F93AB784AD819864B160F4D6919F3C9F7DE776FBE2EE2995D9AB80";"BE26DCDE93F93AB784AD819864B160F4D6919F3C9F7DE776FBE2EE2995D9AB80";"Würde gelöscht werden"
"2026-09-28 23:24:05";"DryRun";"F:\Daten\Älter\Bilder\Afrika\IMG-20190926-WA0004.jpg";"E:\OpenCloud\Persönlich (2)\Fotos\Afrika\Durban\IMG-20190926-WA0010.jpg";"148731";"5BB0C96BC0C50F94AD0962CB30BAEAA396432A2C985279FF897732B10B815713";"5BB0C96BC0C50F94AD0962CB30BAEAA396432A2C985279FF897732B10B815713";"Würde gelöscht werden"
"2026-09-28 23:24:05";"DryRun";"F:\Daten\Älter\Bilder\Afrika\IMG-20190926-WA0006.jpg";"E:\OpenCloud\Persönlich (2)\Fotos\Afrika\Durban\IMG-20190926-WA0013.jpg";"88087";"B4E0D599B8BC10D55B4838E0BB5E5FF3763F478CDDFE90058796FFD58F255EAD";"B4E0D599B8BC10D55B4838E0BB5E5FF3763F478CDDFE90058796FFD58F255EAD";"Würde gelöscht werden"
"2026-09-28 23:24:05";"DryRun";"F:\Daten\Älter\Bilder\Afrika\IMG-20190926-WA0007.jpg";"E:\OpenCloud\Persönlich (2)\Fotos\Afrika\Durban\IMG-20190926-WA0015.jpg";"89828";"EAD852C10CAA5441D7ACC874E00FD03CEF0D998A9DE9D24714842F9E4996B778";"EAD852C10CAA5441D7ACC874E00FD03CEF0D998A9DE9D24714842F9E4996B778";"Würde gelöscht werden"
"2026-09-28 23:24:05";"DryRun";"F:\Daten\Älter\Bilder\Afrika\IMG-20190926-WA0008.jpg";"E:\OpenCloud\Persönlich (2)\Fotos\Afrika\Durban\IMG-20190926-WA0016.jpg";"134212";"79316526A322174EC0953644F9D07A65CDB513381B7FB5C6C741C353F4F4299E";"79316526A322174EC0953644F9D07A65CDB513381B7FB5C6C741C353F4F4299E";"Würde gelöscht werden"
"2026-09-28 23:24:05";"DryRun";"F:\Daten\Älter\Bilder\Afrika\IMG-20190926-WA0009.jpg";"E:\OpenCloud\Persönlich (2)\Fotos\Afrika\Durban\IMG-20190926-WA0019.jpg";"151174";"46F2ADFF23C57733F32BF9CEDE106972C3D59B0DC4E5C84F6007319B2065CDB4";"46F2ADFF23C57733F32BF9CEDE106972C3D59B0DC4E5C84F6007319B2065CDB4";"Würde gelöscht werden"
"2026-09-28 23:24:05";"DryRun";"F:\Daten\Älter\Bilder\Afrika\IMG-20190926-WA0010.jpg";"E:\OpenCloud\Persönlich (2)\Fotos\Afrika\Durban\IMG-20190926-WA0021.jpg";"138911";"99F57FBC03383F044973A2747CE9EFDB557A97795D1E8198788BB706A1470BEF";"99F57FBC03383F044973A2747CE9EFDB557A97795D1E8198788BB706A1470BEF";"Würde gelöscht werden"
"2026-09-28 23:24:05";"DryRun";"F:\Daten\Älter\Bilder\Afrika\IMG-20190926-WA0011.jpg";"E:\OpenCloud\Persönlich (2)\Fotos\Afrika\Durban\IMG-20190926-WA0022.jpg";"120661";"AC4CA8A9F4D527B90F855CF1B256091584DC49AD49ACF0C1460C0C7CC81807B2";"AC4CA8A9F4D527B90F855CF1B256091584DC49AD49ACF0C1460C0C7CC81807B2";"Würde gelöscht werden"
"2026-09-28 23:24:05";"DryRun";"F:\Daten\Älter\Bilder\Afrika\IMG-20190926-WA0013.jpg";"E:\OpenCloud\Persönlich (2)\Fotos\Afrika\Durban\IMG-20190926-WA0024.jpg";"109099";"BB37535204951593A6EB14B8A08FBE4E16A303E23898076AB38BC93EB3B9D95D";"BB37535204951593A6EB14B8A08FBE4E16A303E23898076AB38BC93EB3B9D95D";"Würde gelöscht werden"
"2026-09-28 23:24:06";"DryRun";"F:\Daten\Älter\Bilder\Afrika\IMG-20190926-WA0014.jpg";"E:\OpenCloud\Persönlich (2)\Fotos\Afrika\Durban\IMG-20190926-WA0026.jpg";"120226";"54B564FC5BAA851E88723D856A87B28078C3F9995B565ED5DC7BFF8A1EEFCC1F";"54B564FC5BAA851E88723D856A87B28078C3F9995B565ED5DC7BFF8A1EEFCC1F";"Würde gelöscht werden"
"2026-09-28 23:24:06";"DryRun";"F:\Daten\Älter\Bilder\Afrika\IMG-20190926-WA0016.jpg";"E:\OpenCloud\Persönlich (2)\Fotos\Afrika\Durban\IMG-20190926-WA0028.jpg";"95010";"949C9784D100F17F4180CFA9C14E1013896616FD22AA057C0562FBE18652C64D";"949C9784D100F17F4180CFA9C14E1013896616FD22AA057C0562FBE18652C64D";"Würde gelöscht werden"
"2026-09-28 23:24:06";"DryRun";"F:\Daten\Älter\Bilder\Afrika\IMG-20190926-WA0019.jpg";"E:\OpenCloud\Persönlich (2)\Fotos\Afrika\Durban\IMG-20190927-WA0125.jpg";"179995";"546E9F5F35CD5794345873CBF53AA9432ADFED3DA801B5377C280F1E297E6274";"546E9F5F35CD5794345873CBF53AA9432ADFED3DA801B5377C280F1E297E6274";"Würde gelöscht werden"
"2026-09-28 23:24:06";"DryRun";"F:\Daten\Älter\Bilder\Afrika\IMG-20190926-WA0022.jpg";"E:\OpenCloud\Persönlich (2)\Fotos\Afrika\Durban\IMG-20190927-WA0129.jpg";"161703";"2E51EA94FA6D0FD7EE5F03D70D35EFB25EB175295A9ACCF004008ABDC227FE09";"2E51EA94FA6D0FD7EE5F03D70D35EFB25EB175295A9ACCF004008ABDC227FE09";"Würde gelöscht werden"
"2026-09-28 23:24:06";"DryRun";"F:\Daten\Älter\Bilder\Afrika\IMG-20190926-WA0030.jpg";"E:\OpenCloud\Persönlich (2)\Fotos\Afrika\Durban\IMG-20190926-WA0004.jpg";"143057";"8C337E0679F511741DED78865995321DB7B4FF3E7CB70F05BD025FD492D93A92";"8C337E0679F511741DED78865995321DB7B4FF3E7CB70F05BD025FD492D93A92";"Würde gelöscht werden"
"2026-09-28 23:24:06";"DryRun";"F:\Daten\Älter\Bilder\Afrika\IMG-20190926-WA0036.jpg";"E:\OpenCloud\Persönlich (2)\Fotos\Afrika\Durban\IMG-20190926-WA0001.jpg";"183100";"5DA1502E110FB97B93CC91BE4335D5E90ABAA6F8FA0FD21B27DDADEA0A59CFC1";"5DA1502E110FB97B93CC91BE4335D5E90ABAA6F8FA0FD21B27DDADEA0A59CFC1";"Würde gelöscht werden"
"2026-09-28 23:24:06";"DryRun";"F:\Daten\Älter\Bilder\Afrika\IMG-20190927-WA0000.jpg";"E:\OpenCloud\Persönlich (2)\Fotos\Afrika\Durban\Private Game Reserve\IMG-20190927-WA0000.jpg";"106347";"EBF0B82B0B237DE454FA176D29902F47E3A556785A5C85E48C216576CEC77BC1";"EBF0B82B0B237DE454FA176D29902F47E3A556785A5C85E48C216576CEC77BC1";"Würde gelöscht werden"
"2026-09-28 23:24:06";"DryRun";"F:\Daten\Älter\Bilder\Afrika\IMG-20190927-WA0003.jpg";"E:\OpenCloud\Persönlich (2)\Fotos\Afrika\Durban\Private Game Reserve\Schmarnbilder\IMG-20190927-WA0027.jpg";"206095";"78B75C705B87E37347D064C8AD1B2CF7CFC2F04DEE3BE41339677C013D93D4DE";"78B75C705B87E37347D064C8AD1B2CF7CFC2F04DEE3BE41339677C013D93D4DE";"Würde gelöscht werden"
"2026-09-28 23:24:06";"DryRun";"F:\Daten\Älter\Bilder\Afrika\IMG-20190927-WA0005.jpg";"E:\OpenCloud\Persönlich (2)\Fotos\Afrika\Durban\Private Game Reserve\IMG-20190927-WA0012.jpg";"146301";"F38EC3D0C6B31F7AE0F53C9A257889F7D2BF7B6D49A6B6795E4713536EF6FA6F";"F38EC3D0C6B31F7AE0F53C9A257889F7D2BF7B6D49A6B6795E4713536EF6FA6F";"Würde gelöscht werden"
"2026-09-28 23:24:06";"DryRun";"F:\Daten\Älter\Bilder\Afrika\IMG-20190927-WA0006.jpg";"E:\OpenCloud\Persönlich (2)\Fotos\Afrika\Durban\Private Game Reserve\IMG-20190927-WA0011.jpg";"88148";"3F89D8E7F07B6C60FF778996636A4F1A1D5657C61C056C57B49E94D0368DA160";"3F89D8E7F07B6C60FF778996636A4F1A1D5657C61C056C57B49E94D0368DA160";"Würde gelöscht werden"
"2026-09-28 23:24:06";"DryRun";"F:\Daten\Älter\Bilder\Afrika\IMG-20190927-WA0007.jpg";"E:\OpenCloud\Persönlich (2)\Fotos\Afrika\Durban\Private Game Reserve\Schmarnbilder\IMG-20190927-WA0009.jpg";"238474";"6C2D8843E9B490302C39BB172F6F702C2E939991A0633F6CA9A3ABA55585E268";"6C2D8843E9B490302C39BB172F6F702C2E939991A0633F6CA9A3ABA55585E268";"Würde gelöscht werden"
"2026-09-28 23:24:06";"DryRun";"F:\Daten\Älter\Bilder\Afrika\IMG-20190927-WA0008.jpg";"E:\OpenCloud\Persönlich (2)\Fotos\Afrika\Durban\Private Game Reserve\Schmarnbilder\IMG-20190927-WA0008.jpg";"120399";"B9A9C2E1644D080096FF2273CAAF5FF9D1B11089A07D3D69CD7BBA991B67D05A";"B9A9C2E1644D080096FF2273CAAF5FF9D1B11089A07D3D69CD7BBA991B67D05A";"Würde gelöscht werden"
"2026-09-28 23:24:06";"DryRun";"F:\Daten\Älter\Bilder\Afrika\IMG-20190927-WA0009.jpg";"E:\OpenCloud\Persönlich (2)\Fotos\Afrika\Durban\Private Game Reserve\Schmarnbilder\IMG-20190927-WA0007.jpg";"222153";"66D9F9FCB80463288E5E4F93A95FC6B10680602ADFA5A7693456C081B53596F5";"66D9F9FCB80463288E5E4F93A95FC6B10680602ADFA5A7693456C081B53596F5";"Würde gelöscht werden"
"2026-09-28 23:24:06";"DryRun";"F:\Daten\Älter\Bilder\Afrika\IMG-20190927-WA0010.jpg";"E:\OpenCloud\Persönlich (2)\Fotos\Afrika\Durban\Private Game Reserve\Schmarnbilder\IMG-20190927-WA0006.jpg";"165660";"FDD42034BB1432FDD9C9DF8A877E7BD1509E7682F89B3E054D9ACC85809AB78C";"FDD42034BB1432FDD9C9DF8A877E7BD1509E7682F89B3E054D9ACC85809AB78C";"Würde gelöscht werden"
"2026-09-28 23:24:06";"DryRun";"F:\Daten\Älter\Bilder\Afrika\IMG-20190927-WA0011.jpg";"E:\OpenCloud\Persönlich (2)\Fotos\Afrika\Durban\Private Game Reserve\IMG-20190927-WA0005.jpg";"73799";"34B8A3B6C0F56C3532691F35345BACB8D6DCC02F47759025031D6DC26DF0C84D";"34B8A3B6C0F56C3532691F35345BACB8D6DCC02F47759025031D6DC26DF0C84D";"Würde gelöscht werden"
"2026-09-28 23:24:06";"DryRun";"F:\Daten\Älter\Bilder\Afrika\IMG-20190927-WA0012.jpg";"E:\OpenCloud\Persönlich (2)\Fotos\Afrika\Durban\Private Game Reserve\IMG-20190927-WA0004.jpg";"205207";"948EE03C607D542404B3C13B79940001EF9C5F311E694ECE24507BA61A6E253E";"948EE03C607D542404B3C13B79940001EF9C5F311E694ECE24507BA61A6E253E";"Würde gelöscht werden"
"2026-09-28 23:24:06";"DryRun";"F:\Daten\Älter\Bilder\Afrika\IMG-20190927-WA0013.jpg";"E:\OpenCloud\Persönlich (2)\Fotos\Afrika\Durban\Private Game Reserve\IMG-20190927-WA0010.jpg";"242690";"1D9A4A437D97E572BE28C45FEB31EBD58C1F95168FDB81638D9A627396CFB3C6";"1D9A4A437D97E572BE28C45FEB31EBD58C1F95168FDB81638D9A627396CFB3C6";"Würde gelöscht werden"
"2026-09-28 23:24:06";"DryRun";"F:\Daten\Älter\Bilder\Afrika\IMG-20190927-WA0014.jpg";"E:\OpenCloud\Persönlich (2)\Fotos\Afrika\Durban\Private Game Reserve\IMG-20190927-WA0026.jpg";"269343";"BEAE4214ED0A648F2187D41E55A6922A81271839D79921A292A97027ADCBF3B0";"BEAE4214ED0A648F2187D41E55A6922A81271839D79921A292A97027ADCBF3B0";"Würde gelöscht werden"
"2026-09-28 23:24:07";"DryRun";"F:\Daten\Älter\Bilder\Afrika\IMG-20190927-WA0015.jpg";"E:\OpenCloud\Persönlich (2)\Fotos\Afrika\Durban\Private Game Reserve\IMG-20190927-WA0019.jpg";"243210";"7F3D5496D7F5A167B264B998029E3116B5DD7C38424B61B5DBF720513C5EEE89";"7F3D5496D7F5A167B264B998029E3116B5DD7C38424B61B5DBF720513C5EEE89";"Würde gelöscht werden"
"2026-09-28 23:24:07";"DryRun";"F:\Daten\Älter\Bilder\Afrika\IMG-20190927-WA0016.jpg";"E:\OpenCloud\Persönlich (2)\Fotos\Afrika\Durban\Private Game Reserve\IMG-20190927-WA0017.jpg";"253919";"443BD950D3A3E3324002EE257E450E941E232F0BBA2E84DFD325FFB7DC2B4DE5";"443BD950D3A3E3324002EE257E450E941E232F0BBA2E84DFD325FFB7DC2B4DE5";"Würde gelöscht werden"
"2026-09-28 23:24:07";"DryRun";"F:\Daten\Älter\Bilder\Afrika\IMG-20190927-WA0017.jpg";"E:\OpenCloud\Persönlich (2)\Fotos\Afrika\Durban\Private Game Reserve\IMG-20190927-WA0018.jpg";"96205";"C085283F87EF62E635BEC07D9C1BD8F10AA5D0D5CF4CF7443B89CE79E3D1BC92";"C085283F87EF62E635BEC07D9C1BD8F10AA5D0D5CF4CF7443B89CE79E3D1BC92";"Würde gelöscht werden"
"2026-09-28 23:24:07";"DryRun";"F:\Daten\Älter\Bilder\Afrika\IMG-20190927-WA0018.jpg";"E:\OpenCloud\Persönlich (2)\Fotos\Afrika\Durban\Private Game Reserve\IMG-20190927-WA0016.jpg";"254306";"EC8252C4BA782D6C6CECC6CC50E2F7D015301AF48D86DE07FECBD0051FF75C2D";"EC8252C4BA782D6C6CECC6CC50E2F7D015301AF48D86DE07FECBD0051FF75C2D";"Würde gelöscht werden"
"2026-09-28 23:24:07";"DryRun";"F:\Daten\Älter\Bilder\Afrika\IMG-20190927-WA0019.jpg";"E:\OpenCloud\Persönlich (2)\Fotos\Afrika\Durban\Private Game Reserve\IMG-20190927-WA0020.jpg";"240841";"983CE1E94069B6EE5A0832A97D4F8680A8BBBB72A1BDE4C2976440B0902EA250";"983CE1E94069B6EE5A0832A97D4F8680A8BBBB72A1BDE4C2976440B0902EA250";"Würde gelöscht werden"
"2026-09-28 23:24:07";"DryRun";"F:\Daten\Älter\Bilder\Afrika\IMG-20190927-WA0020.jpg";"E:\OpenCloud\Persönlich (2)\Fotos\Afrika\Durban\Private Game Reserve\Schmarnbilder\IMG-20190927-WA0015.jpg";"77595";"DBA36275F21E787F9FEAC5EDEAB113A1FFC10AA4145413FE771D0BA1F3BF3B4B";"DBA36275F21E787F9FEAC5EDEAB113A1FFC10AA4145413FE771D0BA1F3BF3B4B";"Würde gelöscht werden"
"2026-09-28 23:24:07";"DryRun";"F:\Daten\Älter\Bilder\Afrika\IMG-20190927-WA0021.jpg";"E:\OpenCloud\Persönlich (2)\Fotos\Afrika\Durban\Private Game Reserve\IMG-20190927-WA0014.jpg";"89850";"85DDD2B9939BA155C039743150931F600FCBA73ABFAB08D98FEEEA9553C5A67E";"85DDD2B9939BA155C039743150931F600FCBA73ABFAB08D98FEEEA9553C5A67E";"Würde gelöscht werden"
"2026-09-28 23:24:07";"DryRun";"F:\Daten\Älter\Bilder\Afrika\IMG-20190927-WA0022.jpg";"E:\OpenCloud\Persönlich (2)\Fotos\Afrika\Durban\Private Game Reserve\IMG-20190927-WA0024.jpg";"234590";"AFA6B210397BDD093305C8640DFC99DE4999E43422129F4D6067C952E7342727";"AFA6B210397BDD093305C8640DFC99DE4999E43422129F4D6067C952E7342727";"Würde gelöscht werden"
"2026-09-28 23:24:08";"DryRun";"F:\Daten\Älter\Bilder\Afrika\IMG-20190927-WA0023.jpg";"E:\OpenCloud\Persönlich (2)\Fotos\Afrika\Durban\Private Game Reserve\IMG-20190927-WA0023.jpg";"106115";"A6BB0A2A2FD78B6E0ABC092DF988B29428BA085562F80E65A960274BBC8E87C6";"A6BB0A2A2FD78B6E0ABC092DF988B29428BA085562F80E65A960274BBC8E87C6";"Würde gelöscht werden"
"2026-09-28 23:24:08";"DryRun";"F:\Daten\Älter\Bilder\Afrika\IMG-20190927-WA0024.jpg";"E:\OpenCloud\Persönlich (2)\Fotos\Afrika\Durban\Private Game Reserve\Schmarnbilder\IMG-20190927-WA0021.jpg";"265521";"2A0BABA0BC304ADBFB3253CF9F6CE4209EAE94416B1A10AA330E9B93DE587827";"2A0BABA0BC304ADBFB3253CF9F6CE4209EAE94416B1A10AA330E9B93DE587827";"Würde gelöscht werden"
"2026-09-28 23:24:08";"DryRun";"F:\Daten\Älter\Bilder\Afrika\IMG-20190927-WA0025.jpg";"E:\OpenCloud\Persönlich (2)\Fotos\Afrika\Durban\Private Game Reserve\IMG-20190927-WA0029.jpg";"302588";"260DF964D7D4F6160D4EF511F9B89EC8FD62E7A8FD1EE143C501C8A7F6170D3C";"260DF964D7D4F6160D4EF511F9B89EC8FD62E7A8FD1EE143C501C8A7F6170D3C";"Würde gelöscht werden"
"2026-09-28 23:24:08";"DryRun";"F:\Daten\Älter\Bilder\Afrika\IMG-20190927-WA0026.jpg";"E:\OpenCloud\Persönlich (2)\Fotos\Afrika\Durban\Private Game Reserve\IMG-20190927-WA0037.jpg";"305136";"507ACEB43B2700414A05AEA55555D34E17563ABE1AD9212150E8124C6B3BF07D";"507ACEB43B2700414A05AEA55555D34E17563ABE1AD9212150E8124C6B3BF07D";"Würde gelöscht werden"
"2026-09-28 23:24:08";"DryRun";"F:\Daten\Älter\Bilder\Afrika\IMG-20190927-WA0027.jpg";"E:\OpenCloud\Persönlich (2)\Fotos\Afrika\Durban\Private Game Reserve\IMG-20190927-WA0034.jpg";"278242";"C287292D3833B4C3AEBD08DFC4C6ECBBE1BE369778C73C31958EE53771652CEF";"C287292D3833B4C3AEBD08DFC4C6ECBBE1BE369778C73C31958EE53771652CEF";"Würde gelöscht werden"
"2026-09-28 23:24:08";"DryRun";"F:\Daten\Älter\Bilder\Afrika\IMG-20190927-WA0028.jpg";"E:\OpenCloud\Persönlich (2)\Fotos\Afrika\Durban\Private Game Reserve\IMG-20190927-WA0035.jpg";"201696";"3126333CAF8A5186CFDFD9DBBA484F36B84F4E45471FE19E2B2671C396A57F83";"3126333CAF8A5186CFDFD9DBBA484F36B84F4E45471FE19E2B2671C396A57F83";"Würde gelöscht werden"
"2026-09-28 23:24:08";"DryRun";"F:\Daten\Älter\Bilder\Afrika\IMG-20190927-WA0029.jpg";"E:\OpenCloud\Persönlich (2)\Fotos\Afrika\Durban\Private Game Reserve\IMG-20190927-WA0036.jpg";"315601";"9235F52C0704F3E505B52F2705BE28CDA2EC98E163CADA2C52A25D7FF1AAEA0E";"9235F52C0704F3E505B52F2705BE28CDA2EC98E163CADA2C52A25D7FF1AAEA0E";"Würde gelöscht werden"
"2026-09-28 23:24:08";"DryRun";"F:\Daten\Älter\Bilder\Afrika\IMG-20190927-WA0030.jpg";"E:\OpenCloud\Persönlich (2)\Fotos\Afrika\Durban\Private Game Reserve\IMG-20190927-WA0038.jpg";"238797";"BD95629F4D0C80AAF7934D79B8E12C1EA4BFBBE829711CF0F016F1B618BE66B9";"BD95629F4D0C80AAF7934D79B8E12C1EA4BFBBE829711CF0F016F1B618BE66B9";"Würde gelöscht werden"
"2026-09-28 23:24:09";"DryRun";"F:\Daten\Älter\Bilder\Afrika\IMG-20190927-WA0049.jpg";"E:\OpenCloud\Persönlich (2)\Fotos\Afrika\Durban\Private Game Reserve\IMG-20190927-WA0079.jpg";"365571";"0E11506F667D7DD20614DBEA413D912DFE85421F4EC40D619F4D13634D2EE652";"0E11506F667D7DD20614DBEA413D912DFE85421F4EC40D619F4D13634D2EE652";"Würde gelöscht werden"
"2026-09-28 23:24:09";"DryRun";"F:\Daten\Älter\Bilder\Afrika\IMG-20190927-WA0050.jpg";"E:\OpenCloud\Persönlich (2)\Fotos\Afrika\Durban\Private Game Reserve\IMG-20190927-WA0080.jpg";"218283";"6A6EF4A69C6C9B87D5B5891ADCB3E182EB5C9F6DDE1F08AE851BD4383351FA11";"6A6EF4A69C6C9B87D5B5891ADCB3E182EB5C9F6DDE1F08AE851BD4383351FA11";"Würde gelöscht werden"
"2026-09-28 23:24:09";"DryRun";"F:\Daten\Älter\Bilder\Afrika\IMG-20190927-WA0054.jpg";"E:\OpenCloud\Persönlich (2)\Fotos\Afrika\Durban\Private Game Reserve\Schmarnbilder\IMG-20190927-WA0065.jpg";"210921";"1B1817406BF546128AE72ADEE7EDA451E7BD9A338443C1A2D1518B416BC80716";"1B1817406BF546128AE72ADEE7EDA451E7BD9A338443C1A2D1518B416BC80716";"Würde gelöscht werden"
"2026-09-28 23:24:09";"DryRun";"F:\Daten\Älter\Bilder\Afrika\IMG-20190927-WA0058.jpg";"E:\OpenCloud\Persönlich (2)\Fotos\Afrika\Durban\Private Game Reserve\IMG-20190927-WA0071.jpg";"176878";"75576797951282D29497F45BCC5A14DFBF954C04C04B57D0FE87A5B50A9B0B31";"75576797951282D29497F45BCC5A14DFBF954C04C04B57D0FE87A5B50A9B0B31";"Würde gelöscht werden"
"2026-09-28 23:24:09";"DryRun";"F:\Daten\Älter\Bilder\Afrika\IMG-20190927-WA0059.jpg";"E:\OpenCloud\Persönlich (2)\Fotos\Afrika\Durban\Private Game Reserve\IMG-20190927-WA0072.jpg";"276284";"55302EB1E29074967CF6FD657350E8B4E04F172518348D6E68F053849D0C2E50";"55302EB1E29074967CF6FD657350E8B4E04F172518348D6E68F053849D0C2E50";"Würde gelöscht werden"
"2026-09-28 23:24:09";"DryRun";"F:\Daten\Älter\Bilder\Afrika\IMG-20190927-WA0088.jpg";"E:\OpenCloud\Persönlich (2)\Fotos\Afrika\Durban\Private Game Reserve\IMG-20190927-WA0100.jpg";"320168";"BC89BCB36281D00E7E4A9224C70F92CE02205EBDF1A3BA1B0DC871186B562351";"BC89BCB36281D00E7E4A9224C70F92CE02205EBDF1A3BA1B0DC871186B562351";"Würde gelöscht werden"
"2026-09-28 23:24:09";"DryRun";"F:\Daten\Älter\Bilder\Afrika\IMG-20190927-WA0103.jpg";"E:\OpenCloud\Persönlich (2)\Fotos\Afrika\Durban\Private Game Reserve\IMG-20190927-WA0117.jpg";"311490";"675C3F0DF8569E643FBF22DFD53217DE6746ED7BD75BAC295000E0702D0D9CA5";"675C3F0DF8569E643FBF22DFD53217DE6746ED7BD75BAC295000E0702D0D9CA5";"Würde gelöscht werden"
"2026-09-28 23:24:10";"DryRun";"F:\Daten\Älter\Bilder\Afrika\IMG-20190927-WA0107.jpg";"E:\OpenCloud\Persönlich (2)\Fotos\Afrika\Durban\IMG-20190926-WA0028.jpg";"95010";"949C9784D100F17F4180CFA9C14E1013896616FD22AA057C0562FBE18652C64D";"949C9784D100F17F4180CFA9C14E1013896616FD22AA057C0562FBE18652C64D";"Würde gelöscht werden"
"2026-09-28 23:24:10";"DryRun";"F:\Daten\Älter\Bilder\Afrika\IMG-20190927-WA0111.jpg";"E:\OpenCloud\Persönlich (2)\Fotos\Afrika\Durban\IMG-20190927-WA0125.jpg";"179995";"546E9F5F35CD5794345873CBF53AA9432ADFED3DA801B5377C280F1E297E6274";"546E9F5F35CD5794345873CBF53AA9432ADFED3DA801B5377C280F1E297E6274";"Würde gelöscht werden"
"2026-09-28 23:24:10";"DryRun";"F:\Daten\Älter\Bilder\Afrika\IMG-20190927-WA0113.jpg";"E:\OpenCloud\Persönlich (2)\Fotos\Afrika\Durban\Private Game Reserve\IMG-20190927-WA0127.jpg";"365233";"CDD8C66BCED6ECAAB0114EEA4846CDE7B7797697B3DE65A2A9B31B112B9BD7CA";"CDD8C66BCED6ECAAB0114EEA4846CDE7B7797697B3DE65A2A9B31B112B9BD7CA";"Würde gelöscht werden"
"2026-09-28 23:24:10";"DryRun";"F:\Daten\Älter\Bilder\Afrika\IMG-20190927-WA0115.jpg";"E:\OpenCloud\Persönlich (2)\Fotos\Afrika\Durban\IMG-20190927-WA0129.jpg";"161703";"2E51EA94FA6D0FD7EE5F03D70D35EFB25EB175295A9ACCF004008ABDC227FE09";"2E51EA94FA6D0FD7EE5F03D70D35EFB25EB175295A9ACCF004008ABDC227FE09";"Würde gelöscht werden"
"2026-09-28 23:24:10";"DryRun";"F:\Daten\Älter\Bilder\Afrika\IMG-20190928-WA0003.jpg";"E:\OpenCloud\Persönlich (2)\Fotos\Afrika\Durban\Private Game Reserve\Schmarnbilder\IMG-20190927-WA0008.jpg";"120399";"B9A9C2E1644D080096FF2273CAAF5FF9D1B11089A07D3D69CD7BBA991B67D05A";"B9A9C2E1644D080096FF2273CAAF5FF9D1B11089A07D3D69CD7BBA991B67D05A";"Würde gelöscht werden"
"2026-09-28 23:24:10";"DryRun";"F:\Daten\Älter\Bilder\AI Art\1744203937821.jpg";"E:\OpenCloud\Persönlich (2)\Fotos\AI Art\Ai Generated\1744203937821.jpg";"631888";"F0141B414CF91BEBE2DB7CA2ACDB8CD48A6FC18E273D4AB51A20C91E5839329F";"F0141B414CF91BEBE2DB7CA2ACDB8CD48A6FC18E273D4AB51A20C91E5839329F";"Würde gelöscht werden"
"2026-09-28 23:24:10";"DryRun";"F:\Daten\Älter\Bilder\AI Art\1744206073985.jpg";"E:\OpenCloud\Persönlich (2)\Fotos\AI Art\Ai Generated\1744206073985.jpg";"361813";"63E15599A8F4C2A3857AF1E3129195F69F05B4F0645E5E6C5D057E6DC33ADBA5";"63E15599A8F4C2A3857AF1E3129195F69F05B4F0645E5E6C5D057E6DC33ADBA5";"Würde gelöscht werden"
"2026-09-28 23:24:10";"DryRun";"F:\Daten\Älter\Bilder\AI Art\1744206143257.jpg";"E:\OpenCloud\Persönlich (2)\Fotos\AI Art\Ai Generated\1744206143257.jpg";"403787";"1BF08E4F1AC3635C2BA250EB8B60C7F74D3E9365A7F62B0F13DE45560A5AE2A2";"1BF08E4F1AC3635C2BA250EB8B60C7F74D3E9365A7F62B0F13DE45560A5AE2A2";"Würde gelöscht werden"
"2026-09-28 23:24:11";"DryRun";"F:\Daten\Älter\Bilder\Ai Generated\013b5fa3-3b34-42c8-95f3-eef4b2f09cb5.jpeg";"E:\OpenCloud\Persönlich (2)\Fotos\AI Art\Ai Generated\013b5fa3-3b34-42c8-95f3-eef4b2f09cb5.jpeg";"80250";"7CA4BC5DA5E134727CCFB4625971243ABC5466D0178651F3347E5A6D87016105";"7CA4BC5DA5E134727CCFB4625971243ABC5466D0178651F3347E5A6D87016105";"Würde gelöscht werden"
"2026-09-28 23:24:11";"DryRun";"F:\Daten\Älter\Bilder\Ai Generated\02.06.2024 (10).png";"E:\OpenCloud\Persönlich (2)\Fotos\AI Art\Ai Generated\02.06.2024 (10).png";"3007940";"C287D66335F80D65A3E3A97D02FF3B5DB7D54C0BD478EB1226A811F480158DF1";"C287D66335F80D65A3E3A97D02FF3B5DB7D54C0BD478EB1226A811F480158DF1";"Würde gelöscht werden"
"2026-09-28 23:24:12";"DryRun";"F:\Daten\Älter\Bilder\Ai Generated\02.06.2024 (11).png";"E:\OpenCloud\Persönlich (2)\Fotos\AI Art\Ai Generated\02.06.2024 (11).png";"3031860";"05F5EC7150AA8812AEE66A09EA89588E9015A11BA89EE4FE6CB3E36FC7749195";"05F5EC7150AA8812AEE66A09EA89588E9015A11BA89EE4FE6CB3E36FC7749195";"Würde gelöscht werden"
"2026-09-28 23:24:13";"DryRun";"F:\Daten\Älter\Bilder\Ai Generated\02.06.2024 (12).png";"E:\OpenCloud\Persönlich (2)\Fotos\AI Art\Ai Generated\02.06.2024 (12).png";"2973343";"ADD8818CE2DF39B669448BF540D526C0D0F6EED2125F2A7D2B4D230DB7EA8381";"ADD8818CE2DF39B669448BF540D526C0D0F6EED2125F2A7D2B4D230DB7EA8381";"Würde gelöscht werden"
"2026-09-28 23:24:14";"DryRun";"F:\Daten\Älter\Bilder\Ai Generated\02.06.2024 (13).png";"E:\OpenCloud\Persönlich (2)\Fotos\AI Art\Ai Generated\02.06.2024 (13).png";"2973343";"ADD8818CE2DF39B669448BF540D526C0D0F6EED2125F2A7D2B4D230DB7EA8381";"ADD8818CE2DF39B669448BF540D526C0D0F6EED2125F2A7D2B4D230DB7EA8381";"Würde gelöscht werden"
"2026-09-28 23:24:14";"DryRun";"F:\Daten\Älter\Bilder\Ai Generated\02.06.2024 (14).png";"E:\OpenCloud\Persönlich (2)\Fotos\AI Art\Ai Generated\02.06.2024 (14).png";"2852358";"1BF8EFEE67933EC906F1030125D1301894A123E5BAB05786EC34C66D9E6F4561";"1BF8EFEE67933EC906F1030125D1301894A123E5BAB05786EC34C66D9E6F4561";"Würde gelöscht werden"
"2026-09-28 23:24:14";"DryRun";"F:\Daten\Älter\Bilder\Ai Generated\02.06.2024 (15).png";"E:\OpenCloud\Persönlich (2)\Fotos\AI Art\Ai Generated\02.06.2024 (15).png";"2952304";"2D349854EA7D79B2197D852ECE690D87584904FE019E01D756D1B7430B4ED021";"2D349854EA7D79B2197D852ECE690D87584904FE019E01D756D1B7430B4ED021";"Würde gelöscht werden"
"2026-09-28 23:24:15";"DryRun";"F:\Daten\Älter\Bilder\Ai Generated\02.06.2024 (16).png";"E:\OpenCloud\Persönlich (2)\Fotos\AI Art\Ai Generated\02.06.2024 (16).png";"3006238";"C9784BBBF4BB0B9B994CB92B1BC7FF00BD12F25ABA8854ECFF3B6CC1D80FA402";"C9784BBBF4BB0B9B994CB92B1BC7FF00BD12F25ABA8854ECFF3B6CC1D80FA402";"Würde gelöscht werden"
"2026-09-28 23:24:15";"DryRun";"F:\Daten\Älter\Bilder\Ai Generated\02.06.2024 (17).png";"E:\OpenCloud\Persönlich (2)\Fotos\AI Art\Ai Generated\02.06.2024 (17).png";"2835021";"6D725DC56D5415D620CFDB873724C2F285B2DA4607DE36D5F3C39FC4836FD64D";"6D725DC56D5415D620CFDB873724C2F285B2DA4607DE36D5F3C39FC4836FD64D";"Würde gelöscht werden"
"2026-09-28 23:24:15";"DryRun";"F:\Daten\Älter\Bilder\Ai Generated\02.06.2024 (18).png";"E:\OpenCloud\Persönlich (2)\Fotos\AI Art\Ai Generated\02.06.2024 (18).png";"2740580";"CC32DB453352DA49DD0D3A9E72099B2D36CC9864386BE37468A085A8F425DE65";"CC32DB453352DA49DD0D3A9E72099B2D36CC9864386BE37468A085A8F425DE65";"Würde gelöscht werden"
"2026-09-28 23:24:15";"DryRun";"F:\Daten\Älter\Bilder\Ai Generated\02.06.2024 (19).png";"E:\OpenCloud\Persönlich (2)\Fotos\AI Art\Ai Generated\02.06.2024 (19).png";"2601368";"149D1ED42AC6EFC4658759BE9F7D3610795B04FBA35CBE53E6573686F02650B8";"149D1ED42AC6EFC4658759BE9F7D3610795B04FBA35CBE53E6573686F02650B8";"Würde gelöscht werden"
"2026-09-28 23:24:15";"DryRun";"F:\Daten\Älter\Bilder\Ai Generated\02.06.2024 (20).png";"E:\OpenCloud\Persönlich (2)\Fotos\AI Art\Ai Generated\02.06.2024 (20).png";"2709027";"3C2493F0916BD2876D2623B9A5CCEEBFEF4B35D94EE8A6A2290E74296A9D8305";"3C2493F0916BD2876D2623B9A5CCEEBFEF4B35D94EE8A6A2290E74296A9D8305";"Würde gelöscht werden"
"2026-09-28 23:24:15";"DryRun";"F:\Daten\Älter\Bilder\Ai Generated\02.06.2024 (21).png";"E:\OpenCloud\Persönlich (2)\Fotos\AI Art\Ai Generated\02.06.2024 (21).png";"2730840";"F0B67572AD472214C143736D099E29C2B88592CA5415B190897138C5EC7B4826";"F0B67572AD472214C143736D099E29C2B88592CA5415B190897138C5EC7B4826";"Würde gelöscht werden"
"2026-09-28 23:24:15";"DryRun";"F:\Daten\Älter\Bilder\Ai Generated\02.06.2024 (22).png";"E:\OpenCloud\Persönlich (2)\Fotos\AI Art\Ai Generated\02.06.2024 (22).png";"2677471";"5BFB62AAEC39F47A34CACAEC2C9C89C617C448C05E062C8B4ADC24953B4956F1";"5BFB62AAEC39F47A34CACAEC2C9C89C617C448C05E062C8B4ADC24953B4956F1";"Würde gelöscht werden"
"2026-09-28 23:24:15";"DryRun";"F:\Daten\Älter\Bilder\Ai Generated\02.06.2024 (23).png";"E:\OpenCloud\Persönlich (2)\Fotos\AI Art\Ai Generated\02.06.2024 (23).png";"2711485";"030115B5B4C811D15F9E90ED70987CBD70A800CCD42036C689A797AFA9498E82";"030115B5B4C811D15F9E90ED70987CBD70A800CCD42036C689A797AFA9498E82";"Würde gelöscht werden"
"2026-09-28 23:24:15";"DryRun";"F:\Daten\Älter\Bilder\Ai Generated\02.06.2024 (24).png";"E:\OpenCloud\Persönlich (2)\Fotos\AI Art\Ai Generated\02.06.2024 (24).png";"2696458";"C4161D9B20E0CCB89110787E4F2CE7E93D702B004B1BBC9473600242D8DD2520";"C4161D9B20E0CCB89110787E4F2CE7E93D702B004B1BBC9473600242D8DD2520";"Würde gelöscht werden"
"2026-09-28 23:24:15";"DryRun";"F:\Daten\Älter\Bilder\Ai Generated\02.06.2024 (25).png";"E:\OpenCloud\Persönlich (2)\Fotos\AI Art\Ai Generated\02.06.2024 (25).png";"2581174";"18EFF68DD46DD2601EECDE3863944F1AD7F9DD930F1BE857D8269D38B7694097";"18EFF68DD46DD2601EECDE3863944F1AD7F9DD930F1BE857D8269D38B7694097";"Würde gelöscht werden"
"2026-09-28 23:24:15";"DryRun";"F:\Daten\Älter\Bilder\Ai Generated\02.06.2024 (26).png";"E:\OpenCloud\Persönlich (2)\Fotos\AI Art\Ai Generated\02.06.2024 (26).png";"2585048";"8707F6E0ACF6E92C5AB8AE42D4FBD14F9C9DF8E74EF3365DDBBAF2799AB5DB19";"8707F6E0ACF6E92C5AB8AE42D4FBD14F9C9DF8E74EF3365DDBBAF2799AB5DB19";"Würde gelöscht werden"
"2026-09-28 23:24:15";"DryRun";"F:\Daten\Älter\Bilder\Ai Generated\02.06.2024 (27).png";"E:\OpenCloud\Persönlich (2)\Fotos\AI Art\Ai Generated\02.06.2024 (27).png";"2791214";"5764AE2AA65F131B7BAE9B377E5EF5AEFC73B8FD9732DE8EA359616DAA310316";"5764AE2AA65F131B7BAE9B377E5EF5AEFC73B8FD9732DE8EA359616DAA310316";"Würde gelöscht werden"
"2026-09-28 23:24:15";"DryRun";"F:\Daten\Älter\Bilder\Ai Generated\02.06.2024 (28).png";"E:\OpenCloud\Persönlich (2)\Fotos\AI Art\Ai Generated\02.06.2024 (28).png";"2722373";"9400819FDFAD5359C6D9B56A5BCF00C71B05551AA15492DF239973570E506E57";"9400819FDFAD5359C6D9B56A5BCF00C71B05551AA15492DF239973570E506E57";"Würde gelöscht werden"
"2026-09-28 23:24:15";"DryRun";"F:\Daten\Älter\Bilder\Ai Generated\02.06.2024 (29).png";"E:\OpenCloud\Persönlich (2)\Fotos\AI Art\Ai Generated\02.06.2024 (29).png";"2683438";"546217AAB5A3FE3DEC6D108337E320A01D1AED33ADCA674914031269F4F1FB84";"546217AAB5A3FE3DEC6D108337E320A01D1AED33ADCA674914031269F4F1FB84";"Würde gelöscht werden"
"2026-09-28 23:24:15";"DryRun";"F:\Daten\Älter\Bilder\Ai Generated\02.06.2024 (3).png";"E:\OpenCloud\Persönlich (2)\Fotos\AI Art\Ai Generated\02.06.2024 (3).png";"3002920";"74D3B67A7820CD41EAC6150082CD9D0D78CE05E3FE8555AA2D834A029B29A900";"74D3B67A7820CD41EAC6150082CD9D0D78CE05E3FE8555AA2D834A029B29A900";"Würde gelöscht werden"
"2026-09-28 23:24:15";"DryRun";"F:\Daten\Älter\Bilder\Ai Generated\02.06.2024 (30).png";"E:\OpenCloud\Persönlich (2)\Fotos\AI Art\Ai Generated\02.06.2024 (30).png";"2907653";"791904ABF9B9D35325CBC688B3CF285E8F7CDE48F13EEA20E1690F40CC5B9178";"791904ABF9B9D35325CBC688B3CF285E8F7CDE48F13EEA20E1690F40CC5B9178";"Würde gelöscht werden"
"2026-09-28 23:24:16";"DryRun";"F:\Daten\Älter\Bilder\Ai Generated\02.06.2024 (31).png";"E:\OpenCloud\Persönlich (2)\Fotos\AI Art\Ai Generated\02.06.2024 (31).png";"2838127";"8A3846C752626A278EDC1D369EE06813853F304B45244BAD6E6F52C09B147AC8";"8A3846C752626A278EDC1D369EE06813853F304B45244BAD6E6F52C09B147AC8";"Würde gelöscht werden"
"2026-09-28 23:24:16";"DryRun";"F:\Daten\Älter\Bilder\Ai Generated\02.06.2024 (32).png";"E:\OpenCloud\Persönlich (2)\Fotos\AI Art\Ai Generated\02.06.2024 (32).png";"2746542";"EAB7AF2D5FE18E5883795BE2C527784301CB20AF28456B95C3E0301C6C13E973";"EAB7AF2D5FE18E5883795BE2C527784301CB20AF28456B95C3E0301C6C13E973";"Würde gelöscht werden"
"2026-09-28 23:24:16";"DryRun";"F:\Daten\Älter\Bilder\Ai Generated\02.06.2024 (33).png";"E:\OpenCloud\Persönlich (2)\Fotos\AI Art\Ai Generated\02.06.2024 (33).png";"2673506";"757FEB0330EF79138148698AD8BAC59F247F1A09A685EFD9A1BF491A728193ED";"757FEB0330EF79138148698AD8BAC59F247F1A09A685EFD9A1BF491A728193ED";"Würde gelöscht werden"
"2026-09-28 23:24:16";"DryRun";"F:\Daten\Älter\Bilder\Ai Generated\02.06.2024 (34).png";"E:\OpenCloud\Persönlich (2)\Fotos\AI Art\Ai Generated\02.06.2024 (34).png";"2853673";"BE6A64578BCEFC30109A79F92B6C8C93EACDAEE2005873A2AC01D946C8198385";"BE6A64578BCEFC30109A79F92B6C8C93EACDAEE2005873A2AC01D946C8198385";"Würde gelöscht werden"
"2026-09-28 23:24:16";"DryRun";"F:\Daten\Älter\Bilder\Ai Generated\02.06.2024 (35).png";"E:\OpenCloud\Persönlich (2)\Fotos\AI Art\Ai Generated\02.06.2024 (35).png";"2821935";"78A30A807886552289268DFDFCBADA3231794D2CB5426B9F621F2BF7E382E534";"78A30A807886552289268DFDFCBADA3231794D2CB5426B9F621F2BF7E382E534";"Würde gelöscht werden"
"2026-09-28 23:24:16";"DryRun";"F:\Daten\Älter\Bilder\Ai Generated\02.06.2024 (36).png";"E:\OpenCloud\Persönlich (2)\Fotos\AI Art\Ai Generated\02.06.2024 (36).png";"2310151";"2F9E6ECFB88E4E206CD8A40127052600AD1E1CEC1AF372AE97ABD56FC71FD118";"2F9E6ECFB88E4E206CD8A40127052600AD1E1CEC1AF372AE97ABD56FC71FD118";"Würde gelöscht werden"
"2026-09-28 23:24:16";"DryRun";"F:\Daten\Älter\Bilder\Ai Generated\02.06.2024 (37).png";"E:\OpenCloud\Persönlich (2)\Fotos\AI Art\Ai Generated\02.06.2024 (37).png";"2929704";"064BFBBF7092C3B59B2382BBD4C42F95191ABD7FD32A50FEF9225D2DF250EFAB";"064BFBBF7092C3B59B2382BBD4C42F95191ABD7FD32A50FEF9225D2DF250EFAB";"Würde gelöscht werden"
"2026-09-28 23:24:16";"DryRun";"F:\Daten\Älter\Bilder\Ai Generated\02.06.2024 (38).png";"E:\OpenCloud\Persönlich (2)\Fotos\AI Art\Ai Generated\02.06.2024 (38).png";"2972372";"3A9D97F65F9A1DF3C8A79426E9ECE9B3A0A0FB507832DB63FD983A710751CAE6";"3A9D97F65F9A1DF3C8A79426E9ECE9B3A0A0FB507832DB63FD983A710751CAE6";"Würde gelöscht werden"
"2026-09-28 23:24:16";"DryRun";"F:\Daten\Älter\Bilder\Ai Generated\02.06.2024 (39).png";"E:\OpenCloud\Persönlich (2)\Fotos\AI Art\Ai Generated\02.06.2024 (39).png";"2470304";"5359F57EE71966399F30F6EB5AA69215F5856A24D2CC2751CFDED5C577A090BE";"5359F57EE71966399F30F6EB5AA69215F5856A24D2CC2751CFDED5C577A090BE";"Würde gelöscht werden"
"2026-09-28 23:24:16";"DryRun";"F:\Daten\Älter\Bilder\Ai Generated\02.06.2024 (40).png";"E:\OpenCloud\Persönlich (2)\Fotos\AI Art\Ai Generated\02.06.2024 (40).png";"2849995";"631D6AFADE086B19B3916D7EEF9EF7623CE9B157150239D9A41179766C214CDE";"631D6AFADE086B19B3916D7EEF9EF7623CE9B157150239D9A41179766C214CDE";"Würde gelöscht werden"
"2026-09-28 23:24:16";"DryRun";"F:\Daten\Älter\Bilder\Ai Generated\02.06.2024 (41).png";"E:\OpenCloud\Persönlich (2)\Fotos\AI Art\Ai Generated\02.06.2024 (41).png";"2853963";"0559A01DA1F9A94C152AA07D5D93F24C27B547C45BFFFAA48C8C2F59FCAD7A98";"0559A01DA1F9A94C152AA07D5D93F24C27B547C45BFFFAA48C8C2F59FCAD7A98";"Würde gelöscht werden"
"2026-09-28 23:24:16";"DryRun";"F:\Daten\Älter\Bilder\Ai Generated\02.06.2024 (42).png";"E:\OpenCloud\Persönlich (2)\Fotos\AI Art\Ai Generated\02.06.2024 (42).png";"2845582";"5D4C297D98D44E369E8DD735EBB3406E1E52EE269229E19825CDB35F4EEEC9DB";"5D4C297D98D44E369E8DD735EBB3406E1E52EE269229E19825CDB35F4EEEC9DB";"Würde gelöscht werden"
"2026-09-28 23:24:16";"DryRun";"F:\Daten\Älter\Bilder\Ai Generated\02.06.2024 (43).png";"E:\OpenCloud\Persönlich (2)\Fotos\AI Art\Ai Generated\02.06.2024 (43).png";"2691127";"4932F3093D497A134D43559650D5ABBBE142FDB74CC4F236B14A56DFD6D058C4";"4932F3093D497A134D43559650D5ABBBE142FDB74CC4F236B14A56DFD6D058C4";"Würde gelöscht werden"
"2026-09-28 23:24:16";"DryRun";"F:\Daten\Älter\Bilder\Ai Generated\02.06.2024 (44).png";"E:\OpenCloud\Persönlich (2)\Fotos\AI Art\Ai Generated\02.06.2024 (44).png";"2825226";"948F12DE3F7CA9C91E26243034C612D07250878998BE16AAECF11D5EC82689C5";"948F12DE3F7CA9C91E26243034C612D07250878998BE16AAECF11D5EC82689C5";"Würde gelöscht werden"
"2026-09-28 23:24:16";"DryRun";"F:\Daten\Älter\Bilder\Ai Generated\02.06.2024 (45).png";"E:\OpenCloud\Persönlich (2)\Fotos\AI Art\Ai Generated\02.06.2024 (45).png";"2884501";"862FC379E644D4D649EA20F68DAD88366F925AEAD71C10A25F8A04A28C3063CA";"862FC379E644D4D649EA20F68DAD88366F925AEAD71C10A25F8A04A28C3063CA";"Würde gelöscht werden"
"2026-09-28 23:24:16";"DryRun";"F:\Daten\Älter\Bilder\Ai Generated\02.06.2024 (46).png";"E:\OpenCloud\Persönlich (2)\Fotos\AI Art\Ai Generated\02.06.2024 (46).png";"2731656";"3EDFA80A09FD70D4BFFC5607C4DDA077553909CBEA1ADE8A43403453B38E0A92";"3EDFA80A09FD70D4BFFC5607C4DDA077553909CBEA1ADE8A43403453B38E0A92";"Würde gelöscht werden"
"2026-09-28 23:24:17";"DryRun";"F:\Daten\Älter\Bilder\Ai Generated\02.06.2024 (47).png";"E:\OpenCloud\Persönlich (2)\Fotos\AI Art\Ai Generated\02.06.2024 (47).png";"2972175";"D1FFF04D9CB71EC9C132831D6C7E9C636EBE9A3649D3BC68A397F50A55D958CD";"D1FFF04D9CB71EC9C132831D6C7E9C636EBE9A3649D3BC68A397F50A55D958CD";"Würde gelöscht werden"
"2026-09-28 23:24:17";"DryRun";"F:\Daten\Älter\Bilder\Ai Generated\02.06.2024 (5).png";"E:\OpenCloud\Persönlich (2)\Fotos\AI Art\Ai Generated\02.06.2024 (5).png";"3042364";"2D8AE1E80D37B836D5D9EF17295E4FD53679A1BDE07E80DF743BE1E8F62532BC";"2D8AE1E80D37B836D5D9EF17295E4FD53679A1BDE07E80DF743BE1E8F62532BC";"Würde gelöscht werden"
"2026-09-28 23:24:17";"DryRun";"F:\Daten\Älter\Bilder\Ai Generated\02.06.2024 (6).png";"E:\OpenCloud\Persönlich (2)\Fotos\AI Art\Ai Generated\02.06.2024 (6).png";"2986302";"B718AFE975B05DB506A3DDFD1B8024558994F0B5214193C530D5A5C7A8516BBC";"B718AFE975B05DB506A3DDFD1B8024558994F0B5214193C530D5A5C7A8516BBC";"Würde gelöscht werden"
"2026-09-28 23:24:17";"DryRun";"F:\Daten\Älter\Bilder\Ai Generated\02.06.2024 (8).png";"E:\OpenCloud\Persönlich (2)\Fotos\AI Art\Ai Generated\02.06.2024 (8).png";"3016489";"8CC8C407ADC8A014743C928896066356954F6A9FEDC59EF9D374BED08B6A8AFD";"8CC8C407ADC8A014743C928896066356954F6A9FEDC59EF9D374BED08B6A8AFD";"Würde gelöscht werden"
"2026-09-28 23:24:17";"DryRun";"F:\Daten\Älter\Bilder\Ai Generated\02.06.2024 (9).png";"E:\OpenCloud\Persönlich (2)\Fotos\AI Art\Ai Generated\02.06.2024 (9).png";"3047859";"EE9DB90B89CB3D2C023B3E7854246F82455A8A6F36A709842766341434C44D0B";"EE9DB90B89CB3D2C023B3E7854246F82455A8A6F36A709842766341434C44D0B";"Würde gelöscht werden"
"2026-09-28 23:24:17";"DryRun";"F:\Daten\Älter\Bilder\Ai Generated\02196a5c-c1fd-4c3f-a923-787d8d80b32f.jpeg";"E:\OpenCloud\Persönlich (2)\Fotos\AI Art\Ai Generated\02196a5c-c1fd-4c3f-a923-787d8d80b32f.jpeg";"110910";"EADC089E3359E5F6A5656D51E1E701DCFEF7455C666C0F98772C74DAE924852D";"EADC089E3359E5F6A5656D51E1E701DCFEF7455C666C0F98772C74DAE924852D";"Würde gelöscht werden"
"2026-09-28 23:24:17";"DryRun";"F:\Daten\Älter\Bilder\Ai Generated\0495d6ba-3d7d-4add-b6e9-c4188bcf07a6.jpeg";"E:\OpenCloud\Persönlich (2)\Fotos\AI Art\Ai Generated\0495d6ba-3d7d-4add-b6e9-c4188bcf07a6.jpeg";"83372";"8EB20D6F27CDA49127168080B073000492142E3D66F75ED0845A833F3721FEF1";"8EB20D6F27CDA49127168080B073000492142E3D66F75ED0845A833F3721FEF1";"Würde gelöscht werden"
"2026-09-28 23:24:17";"DryRun";"F:\Daten\Älter\Bilder\Ai Generated\07114863-e7de-4553-b2e4-c08b8ba564ea.jpeg";"E:\OpenCloud\Persönlich (2)\Fotos\AI Art\Ai Generated\07114863-e7de-4553-b2e4-c08b8ba564ea.jpeg";"82915";"78A95C683C2D68DFED018E20742FD05ABB922DCC096A15619B31A4BBA06930CB";"78A95C683C2D68DFED018E20742FD05ABB922DCC096A15619B31A4BBA06930CB";"Würde gelöscht werden"
"2026-09-28 23:24:17";"DryRun";"F:\Daten\Älter\Bilder\Ai Generated\09.05.2024 (10).png";"E:\OpenCloud\Persönlich (2)\Fotos\AI Art\Ai Generated\09.05.2024 (10).png";"2792096";"C1469E719CAE430043528B0ABE8C83A5DCDADDD65433107E98863735C252ED54";"C1469E719CAE430043528B0ABE8C83A5DCDADDD65433107E98863735C252ED54";"Würde gelöscht werden"
"2026-09-28 23:24:17";"DryRun";"F:\Daten\Älter\Bilder\Ai Generated\09.05.2024 (11).png";"E:\OpenCloud\Persönlich (2)\Fotos\AI Art\Ai Generated\09.05.2024 (11).png";"2679959";"9BAF1B866325F3896EB2053A1EF991EB4AA718E51B04A0B19B952420AEC6A836";"9BAF1B866325F3896EB2053A1EF991EB4AA718E51B04A0B19B952420AEC6A836";"Würde gelöscht werden"
"2026-09-28 23:24:17";"DryRun";"F:\Daten\Älter\Bilder\Ai Generated\09.05.2024 (12).png";"E:\OpenCloud\Persönlich (2)\Fotos\AI Art\Ai Generated\09.05.2024 (12).png";"2751558";"EC8B48EE945A973118922BEA96BA0AEE0515FAE9741AEA1250BCAA31F6C59A48";"EC8B48EE945A973118922BEA96BA0AEE0515FAE9741AEA1250BCAA31F6C59A48";"Würde gelöscht werden"
"2026-09-28 23:24:17";"DryRun";"F:\Daten\Älter\Bilder\Ai Generated\09.05.2024 (13).png";"E:\OpenCloud\Persönlich (2)\Fotos\AI Art\Ai Generated\09.05.2024 (13).png";"2802677";"884CA6201E38A1128D9AE4CBD54F5CDF78F56184FCA2E3FFF035F082CEB75A25";"884CA6201E38A1128D9AE4CBD54F5CDF78F56184FCA2E3FFF035F082CEB75A25";"Würde gelöscht werden"
"2026-09-28 23:24:17";"DryRun";"F:\Daten\Älter\Bilder\Ai Generated\09.05.2024 (14).png";"E:\OpenCloud\Persönlich (2)\Fotos\AI Art\Ai Generated\09.05.2024 (14).png";"2813837";"1694D400C4CFB054EEBE132D6FABFC24E59C0EA981B061586180AC493F86DB92";"1694D400C4CFB054EEBE132D6FABFC24E59C0EA981B061586180AC493F86DB92";"Würde gelöscht werden"
"2026-09-28 23:24:17";"DryRun";"F:\Daten\Älter\Bilder\Ai Generated\09.05.2024 (15).png";"E:\OpenCloud\Persönlich (2)\Fotos\AI Art\Ai Generated\09.05.2024 (15).png";"2914587";"4146745125A41E1F3A3F83FA7156CD47DB5F493C95C4EA6BD2696FE2EA04D88B";"4146745125A41E1F3A3F83FA7156CD47DB5F493C95C4EA6BD2696FE2EA04D88B";"Würde gelöscht werden"
"2026-09-28 23:24:17";"DryRun";"F:\Daten\Älter\Bilder\Ai Generated\09.05.2024 (16).png";"E:\OpenCloud\Persönlich (2)\Fotos\AI Art\Ai Generated\09.05.2024 (16).png";"2816548";"F2FB29761280C9E0D4E252BC63982B7CD7438D774176DF3ACEEE91258915A09B";"F2FB29761280C9E0D4E252BC63982B7CD7438D774176DF3ACEEE91258915A09B";"Würde gelöscht werden"
"2026-09-28 23:24:17";"DryRun";"F:\Daten\Älter\Bilder\Ai Generated\09.05.2024 (17).png";"E:\OpenCloud\Persönlich (2)\Fotos\AI Art\Ai Generated\09.05.2024 (17).png";"3092517";"0A8EB3A486B7A0886BC1ED5CB5403039B397898165C415BFE6D53848CC73DECC";"0A8EB3A486B7A0886BC1ED5CB5403039B397898165C415BFE6D53848CC73DECC";"Würde gelöscht werden"
"2026-09-28 23:24:17";"DryRun";"F:\Daten\Älter\Bilder\Ai Generated\09.05.2024 (18).png";"E:\OpenCloud\Persönlich (2)\Fotos\AI Art\Ai Generated\09.05.2024 (18).png";"2863476";"7FA7802F4EE8148E85D082DCBB7C8E3CB1B3906B8899DE27F8328480A8F7D1D9";"7FA7802F4EE8148E85D082DCBB7C8E3CB1B3906B8899DE27F8328480A8F7D1D9";"Würde gelöscht werden"
"2026-09-28 23:24:18";"DryRun";"F:\Daten\Älter\Bilder\Ai Generated\09.05.2024 (19).png";"E:\OpenCloud\Persönlich (2)\Fotos\AI Art\Ai Generated\09.05.2024 (19).png";"3077996";"5F3C67B290D81E7177776E4499E88A9B749624733D8488E661B2C8E22F0415F3";"5F3C67B290D81E7177776E4499E88A9B749624733D8488E661B2C8E22F0415F3";"Würde gelöscht werden"
"2026-09-28 23:24:18";"DryRun";"F:\Daten\Älter\Bilder\Ai Generated\09.05.2024 (20).png";"E:\OpenCloud\Persönlich (2)\Fotos\AI Art\Ai Generated\09.05.2024 (20).png";"2850088";"4FDFD38E27C9720756212A4A70025D00A5DE05EB3B9C6A5FC177AB6D76B28ACA";"4FDFD38E27C9720756212A4A70025D00A5DE05EB3B9C6A5FC177AB6D76B28ACA";"Würde gelöscht werden"
"2026-09-28 23:24:18";"DryRun";"F:\Daten\Älter\Bilder\Ai Generated\09.05.2024 (21).png";"E:\OpenCloud\Persönlich (2)\Fotos\AI Art\Ai Generated\09.05.2024 (21).png";"3114646";"2D4768C65549C3254E5BFFA6C3A16CA6F4120BE4F77EA69A4339FCA3C6A68673";"2D4768C65549C3254E5BFFA6C3A16CA6F4120BE4F77EA69A4339FCA3C6A68673";"Würde gelöscht werden"
"2026-09-28 23:24:18";"DryRun";"F:\Daten\Älter\Bilder\Ai Generated\09.05.2024 (22).png";"E:\OpenCloud\Persönlich (2)\Fotos\AI Art\Ai Generated\09.05.2024 (22).png";"2910774";"22121B0C96403562317432A96E776E71B091802BC4752026F8F75F91CF59E895";"22121B0C96403562317432A96E776E71B091802BC4752026F8F75F91CF59E895";"Würde gelöscht werden"
"2026-09-28 23:24:18";"DryRun";"F:\Daten\Älter\Bilder\Ai Generated\09.05.2024 (23).png";"E:\OpenCloud\Persönlich (2)\Fotos\AI Art\Ai Generated\09.05.2024 (23).png";"3060022";"F573B97E1717778A21A281251FB03BF6EAB066391C8417D3B77A4B024DB25BA3";"F573B97E1717778A21A281251FB03BF6EAB066391C8417D3B77A4B024DB25BA3";"Würde gelöscht werden"
"2026-09-28 23:24:18";"DryRun";"F:\Daten\Älter\Bilder\Ai Generated\09.05.2024 (24).png";"E:\OpenCloud\Persönlich (2)\Fotos\AI Art\Ai Generated\09.05.2024 (24).png";"3233920";"0C08B1D29858E4168E97EABE71BA2C0C7669800B760DBE70CD14BF7383A1CB84";"0C08B1D29858E4168E97EABE71BA2C0C7669800B760DBE70CD14BF7383A1CB84";"Würde gelöscht werden"
"2026-09-28 23:24:18";"DryRun";"F:\Daten\Älter\Bilder\Ai Generated\09.05.2024 (25).png";"E:\OpenCloud\Persönlich (2)\Fotos\AI Art\Ai Generated\09.05.2024 (25).png";"3115797";"D19836F647205E8677D4B6B89EA07D468985A7D89E6D4C5BBCCC1C7A25D8DDF1";"D19836F647205E8677D4B6B89EA07D468985A7D89E6D4C5BBCCC1C7A25D8DDF1";"Würde gelöscht werden"
"2026-09-28 23:24:18";"DryRun";"F:\Daten\Älter\Bilder\Ai Generated\09.05.2024 (26).png";"E:\OpenCloud\Persönlich (2)\Fotos\AI Art\Ai Generated\09.05.2024 (26).png";"2989345";"41C4593342BF2B9ECE9629981A6B242A6D780CB02A3AF03FEFF49A19CEE9A7FF";"41C4593342BF2B9ECE9629981A6B242A6D780CB02A3AF03FEFF49A19CEE9A7FF";"Würde gelöscht werden"
"2026-09-28 23:24:18";"DryRun";"F:\Daten\Älter\Bilder\Ai Generated\09.05.2024 (27).png";"E:\OpenCloud\Persönlich (2)\Fotos\AI Art\Ai Generated\09.05.2024 (27).png";"2957777";"77EE1915E7A018262356DA0B8D8F891FCF004A781760112FE9D14AF72C275790";"77EE1915E7A018262356DA0B8D8F891FCF004A781760112FE9D14AF72C275790";"Würde gelöscht werden"
"2026-09-28 23:24:18";"DryRun";"F:\Daten\Älter\Bilder\Ai Generated\09.05.2024 (28).png";"E:\OpenCloud\Persönlich (2)\Fotos\AI Art\Ai Generated\09.05.2024 (28).png";"2816007";"E949F3271D3DC3FAE315E52E61825319AF625C9C05440CC3D951305FB648D9B8";"E949F3271D3DC3FAE315E52E61825319AF625C9C05440CC3D951305FB648D9B8";"Würde gelöscht werden"
"2026-09-28 23:24:18";"DryRun";"F:\Daten\Älter\Bilder\Ai Generated\09.05.2024 (29).png";"E:\OpenCloud\Persönlich (2)\Fotos\AI Art\Ai Generated\09.05.2024 (29).png";"2917565";"38210EA8D2F21883BB09B382F0E32447751D69B1887FFABE5B4B20A8301348B1";"38210EA8D2F21883BB09B382F0E32447751D69B1887FFABE5B4B20A8301348B1";"Würde gelöscht werden"
"2026-09-28 23:24:18";"DryRun";"F:\Daten\Älter\Bilder\Ai Generated\09.05.2024 (30).png";"E:\OpenCloud\Persönlich (2)\Fotos\AI Art\Ai Generated\09.05.2024 (30).png";"2950777";"EA7BBB16CD954B9CE45DCD2F8933F6F9A96F33A19CE171CB9F60078FDBD45738";"EA7BBB16CD954B9CE45DCD2F8933F6F9A96F33A19CE171CB9F60078FDBD45738";"Würde gelöscht werden"
"2026-09-28 23:24:18";"DryRun";"F:\Daten\Älter\Bilder\Ai Generated\09.05.2024 (31).png";"E:\OpenCloud\Persönlich (2)\Fotos\AI Art\Ai Generated\09.05.2024 (31).png";"2948524";"00A189692C9141FB22110C4F225C25506AA16EC7B3B6EEF7B0F7EB8966894B4C";"00A189692C9141FB22110C4F225C25506AA16EC7B3B6EEF7B0F7EB8966894B4C";"Würde gelöscht werden"
"2026-09-28 23:24:18";"DryRun";"F:\Daten\Älter\Bilder\Ai Generated\09.05.2024 (32).png";"E:\OpenCloud\Persönlich (2)\Fotos\AI Art\Ai Generated\09.05.2024 (32).png";"1948394";"37109305180330E960381719338F11F5D75F0C997C3926F664558006CECA8EC0";"37109305180330E960381719338F11F5D75F0C997C3926F664558006CECA8EC0";"Würde gelöscht werden"
"2026-09-28 23:24:19";"DryRun";"F:\Daten\Älter\Bilder\Ai Generated\09.05.2024 (33).png";"E:\OpenCloud\Persönlich (2)\Fotos\AI Art\Ai Generated\09.05.2024 (33).png";"2893857";"184A14AD073C1BEF0A4A9CD918E92244EEE35BFE86F3FFBC30A56C8C31614485";"184A14AD073C1BEF0A4A9CD918E92244EEE35BFE86F3FFBC30A56C8C31614485";"Würde gelöscht werden"
"2026-09-28 23:24:19";"DryRun";"F:\Daten\Älter\Bilder\Ai Generated\09.05.2024 (34).png";"E:\OpenCloud\Persönlich (2)\Fotos\AI Art\Ai Generated\09.05.2024 (34).png";"2896203";"013F133C5BDA7E95327CE1449C0BFFCC1FC2975C23C066EBBFAF466BE6ABA517";"013F133C5BDA7E95327CE1449C0BFFCC1FC2975C23C066EBBFAF466BE6ABA517";"Würde gelöscht werden"
"2026-09-28 23:24:19";"DryRun";"F:\Daten\Älter\Bilder\Ai Generated\09.05.2024 (35).png";"E:\OpenCloud\Persönlich (2)\Fotos\AI Art\Ai Generated\09.05.2024 (35).png";"2913648";"0282AE675CD8A8E9B8D1338AC87FEF5218A7017890C46DCC2CFB09985E78D6EC";"0282AE675CD8A8E9B8D1338AC87FEF5218A7017890C46DCC2CFB09985E78D6EC";"Würde gelöscht werden"
"2026-09-28 23:24:19";"DryRun";"F:\Daten\Älter\Bilder\Ai Generated\09.05.2024 (36).png";"E:\OpenCloud\Persönlich (2)\Fotos\AI Art\Ai Generated\09.05.2024 (36).png";"2825274";"289B610F4426D36BB43B2528A743A8270AFD40767817B5AAD8DCB4E449C47B40";"289B610F4426D36BB43B2528A743A8270AFD40767817B5AAD8DCB4E449C47B40";"Würde gelöscht werden"
"2026-09-28 23:24:19";"DryRun";"F:\Daten\Älter\Bilder\Ai Generated\09.05.2024 (37).png";"E:\OpenCloud\Persönlich (2)\Fotos\AI Art\Ai Generated\09.05.2024 (37).png";"2666325";"1A6BFAB24E49318AF854D8D55A74A1253564536E91B8BB7F6DFC7E277A31FEBF";"1A6BFAB24E49318AF854D8D55A74A1253564536E91B8BB7F6DFC7E277A31FEBF";"Würde gelöscht werden"
"2026-09-28 23:24:19";"DryRun";"F:\Daten\Älter\Bilder\Ai Generated\09.05.2024 (5).png";"E:\OpenCloud\Persönlich (2)\Fotos\AI Art\Ai Generated\09.05.2024 (5).png";"2814180";"16C660ADD6A583FD3C5759AE0338F6FD4117ACCDDB5604DA8577281445166182";"16C660ADD6A583FD3C5759AE0338F6FD4117ACCDDB5604DA8577281445166182";"Würde gelöscht werden"
"2026-09-28 23:24:19";"DryRun";"F:\Daten\Älter\Bilder\Ai Generated\09.05.2024 (6).png";"E:\OpenCloud\Persönlich (2)\Fotos\AI Art\Ai Generated\09.05.2024 (6).png";"2852925";"A00CBF54113DF26F165B9BCEC1E7FDB65AAF08121772266DD393E597098F87B7";"A00CBF54113DF26F165B9BCEC1E7FDB65AAF08121772266DD393E597098F87B7";"Würde gelöscht werden"
"2026-09-28 23:24:19";"DryRun";"F:\Daten\Älter\Bilder\Ai Generated\09.05.2024 (7).png";"E:\OpenCloud\Persönlich (2)\Fotos\AI Art\Ai Generated\09.05.2024 (7).png";"2656040";"16F7948BCF77388A99A2ED21046F9BC61BF150C495B4A9F4548CD3B71CCDA09E";"16F7948BCF77388A99A2ED21046F9BC61BF150C495B4A9F4548CD3B71CCDA09E";"Würde gelöscht werden"
"2026-09-28 23:24:19";"DryRun";"F:\Daten\Älter\Bilder\Ai Generated\09.05.2024 (8).png";"E:\OpenCloud\Persönlich (2)\Fotos\AI Art\Ai Generated\09.05.2024 (8).png";"2809208";"9C92435212750080C28F6C6F5699BA163355DA4C84406A5AB0456CF531BBD03A";"9C92435212750080C28F6C6F5699BA163355DA4C84406A5AB0456CF531BBD03A";"Würde gelöscht werden"
"2026-09-28 23:24:19";"DryRun";"F:\Daten\Älter\Bilder\Ai Generated\09.05.2024 (9).png";"E:\OpenCloud\Persönlich (2)\Fotos\AI Art\Ai Generated\09.05.2024 (9).png";"2679959";"9BAF1B866325F3896EB2053A1EF991EB4AA718E51B04A0B19B952420AEC6A836";"9BAF1B866325F3896EB2053A1EF991EB4AA718E51B04A0B19B952420AEC6A836";"Würde gelöscht werden"
"2026-09-28 23:24:19";"DryRun";"F:\Daten\Älter\Bilder\Ai Generated\0beafe98-9801-4dc8-80cb-52abfad5cfb6.jpeg";"E:\OpenCloud\Persönlich (2)\Fotos\AI Art\Ai Generated\0beafe98-9801-4dc8-80cb-52abfad5cfb6.jpeg";"65367";"353E900A32F282E6643D0E8342A529F9489867D24BEE6E361DD50B8AA4055C93";"353E900A32F282E6643D0E8342A529F9489867D24BEE6E361DD50B8AA4055C93";"Würde gelöscht werden"
"2026-09-28 23:24:19";"DryRun";"F:\Daten\Älter\Bilder\Ai Generated\0dc0949c-45fd-490f-ba85-8b6cd16c8415.jpeg";"E:\OpenCloud\Persönlich (2)\Fotos\AI Art\Ai Generated\0dc0949c-45fd-490f-ba85-8b6cd16c8415.jpeg";"73962";"86C5F66911EFCC42E81AE2DB115AE3038226864A70C5CE1BAB43114DF2336406";"86C5F66911EFCC42E81AE2DB115AE3038226864A70C5CE1BAB43114DF2336406";"Würde gelöscht werden"
"2026-09-28 23:24:19";"DryRun";"F:\Daten\Älter\Bilder\Ai Generated\1 (10).png";"E:\OpenCloud\Persönlich (2)\Fotos\AI Art\Ai Generated\1 (10).png";"2860908";"B0E7D9A37B9F35D083DC9D6795966CC929266FAEFAFDA7EF81A162D115118E98";"B0E7D9A37B9F35D083DC9D6795966CC929266FAEFAFDA7EF81A162D115118E98";"Würde gelöscht werden"
"2026-09-28 23:24:19";"DryRun";"F:\Daten\Älter\Bilder\Ai Generated\1 (100).png";"E:\OpenCloud\Persönlich (2)\Fotos\AI Art\Ai Generated\1 (100).png";"3700607";"0CB77CF1DEF121D3A7F0DC4647FBF8FC9B99DA78231DC26A61988BB86E16A9B2";"0CB77CF1DEF121D3A7F0DC4647FBF8FC9B99DA78231DC26A61988BB86E16A9B2";"Würde gelöscht werden"
"2026-09-28 23:24:19";"DryRun";"F:\Daten\Älter\Bilder\Ai Generated\1 (101).png";"E:\OpenCloud\Persönlich (2)\Fotos\AI Art\Ai Generated\1 (101).png";"3038891";"78AB8F622D5401CEC96113520FC437E8C86AE338105F96B17587BB2A911E55FA";"78AB8F622D5401CEC96113520FC437E8C86AE338105F96B17587BB2A911E55FA";"Würde gelöscht werden"
"2026-09-28 23:24:19";"DryRun";"F:\Daten\Älter\Bilder\Ai Generated\1 (104).png";"E:\OpenCloud\Persönlich (2)\Fotos\AI Art\Ai Generated\1 (104).png";"2744910";"E4C87B6FC4B978CD3F980982910EB9D0843DDC210F447CE68EE0BCB3EACC13F8";"E4C87B6FC4B978CD3F980982910EB9D0843DDC210F447CE68EE0BCB3EACC13F8";"Würde gelöscht werden"
"2026-09-28 23:24:19";"DryRun";"F:\Daten\Älter\Bilder\Ai Generated\1 (105).png";"E:\OpenCloud\Persönlich (2)\Fotos\AI Art\Ai Generated\1 (105).png";"3047496";"D41D5F46E0EFCEA9357B2769EA721174806C09FCC3737ACDE37333F3AAB03B81";"D41D5F46E0EFCEA9357B2769EA721174806C09FCC3737ACDE37333F3AAB03B81";"Würde gelöscht werden"
"2026-09-28 23:24:20";"DryRun";"F:\Daten\Älter\Bilder\Ai Generated\1 (107).png";"E:\OpenCloud\Persönlich (2)\Fotos\AI Art\Ai Generated\1 (107).png";"3022969";"B80DE8D69DBC414EA7D29BB9D0FDDD0AD71106AE7E783AF555E3B25FC8F90A6D";"B80DE8D69DBC414EA7D29BB9D0FDDD0AD71106AE7E783AF555E3B25FC8F90A6D";"Würde gelöscht werden"
"2026-09-28 23:24:20";"DryRun";"F:\Daten\Älter\Bilder\Ai Generated\1 (109).png";"E:\OpenCloud\Persönlich (2)\Fotos\AI Art\Ai Generated\1 (109).png";"2891419";"B9A2E7624D22DC43A3AC6B6445FF8FC62D31E5D23AC23B6A845F1E766301273A";"B9A2E7624D22DC43A3AC6B6445FF8FC62D31E5D23AC23B6A845F1E766301273A";"Würde gelöscht werden"
"2026-09-28 23:24:20";"DryRun";"F:\Daten\Älter\Bilder\Ai Generated\1 (111).png";"E:\OpenCloud\Persönlich (2)\Fotos\AI Art\Ai Generated\1 (111).png";"3059773";"C150CE434684A511D1A24CD04D6B49425F1B5B8765FB818CEF677E1CEC5AA3DB";"C150CE434684A511D1A24CD04D6B49425F1B5B8765FB818CEF677E1CEC5AA3DB";"Würde gelöscht werden"
"2026-09-28 23:24:20";"DryRun";"F:\Daten\Älter\Bilder\Ai Generated\1 (112).png";"E:\OpenCloud\Persönlich (2)\Fotos\AI Art\Ai Generated\1 (112).png";"3614780";"46E517A115AE8EC5D9A94B2E7E03E7888AD7FEF71079C5D79679A5C0552D1247";"46E517A115AE8EC5D9A94B2E7E03E7888AD7FEF71079C5D79679A5C0552D1247";"Würde gelöscht werden"
"2026-09-28 23:24:20";"DryRun";"F:\Daten\Älter\Bilder\Ai Generated\1 (113).png";"E:\OpenCloud\Persönlich (2)\Fotos\AI Art\Ai Generated\1 (113).png";"3254198";"414E4BEB83857F635ED6B8580B785805FAEE51AA29137601277E8A39EA2386E3";"414E4BEB83857F635ED6B8580B785805FAEE51AA29137601277E8A39EA2386E3";"Würde gelöscht werden"
"2026-09-28 23:24:20";"DryRun";"F:\Daten\Älter\Bilder\Ai Generated\1 (115).png";"E:\OpenCloud\Persönlich (2)\Fotos\AI Art\Ai Generated\1 (115).png";"2737838";"EEA5360B0792D2AA891991D6C01D2C114EA1C76C915B837C72836FDE1A54F1F1";"EEA5360B0792D2AA891991D6C01D2C114EA1C76C915B837C72836FDE1A54F1F1";"Würde gelöscht werden"
"2026-09-28 23:24:20";"DryRun";"F:\Daten\Älter\Bilder\Ai Generated\1 (118).png";"E:\OpenCloud\Persönlich (2)\Fotos\AI Art\Ai Generated\1 (118).png";"2612610";"DB030C2C6A9618DF8E99169045F021BACDFCDF71CCE8C6921EF43F0FB936636F";"DB030C2C6A9618DF8E99169045F021BACDFCDF71CCE8C6921EF43F0FB936636F";"Würde gelöscht werden"
"2026-09-28 23:24:20";"DryRun";"F:\Daten\Älter\Bilder\Ai Generated\1 (119).png";"E:\OpenCloud\Persönlich (2)\Fotos\AI Art\Ai Generated\1 (119).png";"2759200";"4CF9494255E0C8BC0909FC202A6A31223531CF219A10C7A8D0619EFEF6541B49";"4CF9494255E0C8BC0909FC202A6A31223531CF219A10C7A8D0619EFEF6541B49";"Würde gelöscht werden"
"2026-09-28 23:24:20";"DryRun";"F:\Daten\Älter\Bilder\Ai Generated\1 (12).png";"E:\OpenCloud\Persönlich (2)\Fotos\AI Art\Ai Generated\1 (12).png";"2756761";"9B5E91FB01E64A77CF65E052D2C5710C7E9182BBF4D2B4B7018063888B529548";"9B5E91FB01E64A77CF65E052D2C5710C7E9182BBF4D2B4B7018063888B529548";"Würde gelöscht werden"
"2026-09-28 23:24:20";"DryRun";"F:\Daten\Älter\Bilder\Ai Generated\1 (121).png";"E:\OpenCloud\Persönlich (2)\Fotos\AI Art\Ai Generated\1 (121).png";"2628135";"7B4C3761D91E796E7E906A03FD3D01EBEACD9F49AD41994802C2335C6B599F68";"7B4C3761D91E796E7E906A03FD3D01EBEACD9F49AD41994802C2335C6B599F68";"Würde gelöscht werden"
"2026-09-28 23:24:20";"DryRun";"F:\Daten\Älter\Bilder\Ai Generated\1 (122).png";"E:\OpenCloud\Persönlich (2)\Fotos\AI Art\Ai Generated\1 (122).png";"2578801";"50438BBB3E2C214275685061556D9AA52927C81A2D7C0C63D489F191DB9B677A";"50438BBB3E2C214275685061556D9AA52927C81A2D7C0C63D489F191DB9B677A";"Würde gelöscht werden"
"2026-09-28 23:24:20";"DryRun";"F:\Daten\Älter\Bilder\Ai Generated\1 (123).png";"E:\OpenCloud\Persönlich (2)\Fotos\AI Art\Ai Generated\1 (123).png";"2922973";"090444A712A89CE4C68BFCF6FC72F15BA50D6CD31D9EE80904BA70148B33E0B3";"090444A712A89CE4C68BFCF6FC72F15BA50D6CD31D9EE80904BA70148B33E0B3";"Würde gelöscht werden"
"2026-09-28 23:24:20";"DryRun";"F:\Daten\Älter\Bilder\Ai Generated\1 (124).png";"E:\OpenCloud\Persönlich (2)\Fotos\AI Art\Ai Generated\1 (124).png";"3014482";"D99F5580AB91129D158FE52CE7F027E569560C4CAF0C28C5BC77F5AC96936098";"D99F5580AB91129D158FE52CE7F027E569560C4CAF0C28C5BC77F5AC96936098";"Würde gelöscht werden"
"2026-09-28 23:24:20";"DryRun";"F:\Daten\Älter\Bilder\Ai Generated\1 (125).png";"E:\OpenCloud\Persönlich (2)\Fotos\AI Art\Ai Generated\1 (125).png";"3117271";"2B02397DB5F6775CB7CAB7715EC77DBE815DB4EE0D4981A88CAEE94687AFE547";"2B02397DB5F6775CB7CAB7715EC77DBE815DB4EE0D4981A88CAEE94687AFE547";"Würde gelöscht werden"
"2026-09-28 23:24:21";"DryRun";"F:\Daten\Älter\Bilder\Ai Generated\1 (126).png";"E:\OpenCloud\Persönlich (2)\Fotos\AI Art\Ai Generated\1 (126).png";"3002144";"472902D675C7275DD8558E5B57F08AA866701D04C58DEDE6563BC3247266B847";"472902D675C7275DD8558E5B57F08AA866701D04C58DEDE6563BC3247266B847";"Würde gelöscht werden"
"2026-09-28 23:24:21";"DryRun";"F:\Daten\Älter\Bilder\Ai Generated\1 (127).png";"E:\OpenCloud\Persönlich (2)\Fotos\AI Art\Ai Generated\1 (127).png";"3017411";"0C000F671229AA7BFF251DEF98D5797550EACDAA490A518B4452EA10007B37BE";"0C000F671229AA7BFF251DEF98D5797550EACDAA490A518B4452EA10007B37BE";"Würde gelöscht werden"
"2026-09-28 23:24:21";"DryRun";"F:\Daten\Älter\Bilder\Ai Generated\1 (128).png";"E:\OpenCloud\Persönlich (2)\Fotos\AI Art\Ai Generated\1 (128).png";"2993150";"45D5833D549C5AE7D5E0D171F9B0BEC4F4AA3F368CCEAA28F1B7388A19ED4006";"45D5833D549C5AE7D5E0D171F9B0BEC4F4AA3F368CCEAA28F1B7388A19ED4006";"Würde gelöscht werden"
"2026-09-28 23:24:21";"DryRun";"F:\Daten\Älter\Bilder\Ai Generated\1 (129).png";"E:\OpenCloud\Persönlich (2)\Fotos\AI Art\Ai Generated\1 (129).png";"3041105";"A172699A01F4B23D5A6564640D115D366AD16C9153F2A2ECD47CA5A575B171E1";"A172699A01F4B23D5A6564640D115D366AD16C9153F2A2ECD47CA5A575B171E1";"Würde gelöscht werden"
"2026-09-28 23:24:21";"DryRun";"F:\Daten\Älter\Bilder\Ai Generated\1 (130).png";"E:\OpenCloud\Persönlich (2)\Fotos\AI Art\Ai Generated\1 (130).png";"2905056";"9A19F4E78FEE518D01812481F65D98EBF2A9FA8CA08DB641211393145206FECE";"9A19F4E78FEE518D01812481F65D98EBF2A9FA8CA08DB641211393145206FECE";"Würde gelöscht werden"
"2026-09-28 23:24:21";"DryRun";"F:\Daten\Älter\Bilder\Ai Generated\1 (131).png";"E:\OpenCloud\Persönlich (2)\Fotos\AI Art\Ai Generated\1 (131).png";"2872384";"CE5328272078B76CB078E09951C7A2C51209FA211DE19EC4B7955CF73BB1D977";"CE5328272078B76CB078E09951C7A2C51209FA211DE19EC4B7955CF73BB1D977";"Würde gelöscht werden"
"2026-09-28 23:24:21";"DryRun";"F:\Daten\Älter\Bilder\Ai Generated\1 (132).png";"E:\OpenCloud\Persönlich (2)\Fotos\AI Art\Ai Generated\1 (132).png";"2958329";"FD05FF910DC61D6C2837C47E941377759BB105885D75C9B92B8C73FD6E8BA9DB";"FD05FF910DC61D6C2837C47E941377759BB105885D75C9B92B8C73FD6E8BA9DB";"Würde gelöscht werden"
"2026-09-28 23:24:21";"DryRun";"F:\Daten\Älter\Bilder\Ai Generated\1 (133).png";"E:\OpenCloud\Persönlich (2)\Fotos\AI Art\Ai Generated\1 (133).png";"3164879";"9400DC97C8AB7F287B1044ECD6B98106B19A745393770F37414551AFE987EA49";"9400DC97C8AB7F287B1044ECD6B98106B19A745393770F37414551AFE987EA49";"Würde gelöscht werden"
"2026-09-28 23:24:21";"DryRun";"F:\Daten\Älter\Bilder\Ai Generated\1 (134).png";"E:\OpenCloud\Persönlich (2)\Fotos\AI Art\Ai Generated\1 (134).png";"3320962";"C006ECE608D60FD1B8FA51C1CE75F34189354B2F26F08D5D3AC137A545AA5E3D";"C006ECE608D60FD1B8FA51C1CE75F34189354B2F26F08D5D3AC137A545AA5E3D";"Würde gelöscht werden"
"2026-09-28 23:24:21";"DryRun";"F:\Daten\Älter\Bilder\Ai Generated\1 (135).png";"E:\OpenCloud\Persönlich (2)\Fotos\AI Art\Ai Generated\1 (135).png";"3177224";"D28C3C1DD4DAF2A2FDAD9F32748A5E3947504ADF319301AB19E401078C14A436";"D28C3C1DD4DAF2A2FDAD9F32748A5E3947504ADF319301AB19E401078C14A436";"Würde gelöscht werden"
"2026-09-28 23:24:21";"DryRun";"F:\Daten\Älter\Bilder\Ai Generated\1 (136).png";"E:\OpenCloud\Persönlich (2)\Fotos\AI Art\Ai Generated\1 (136).png";"3066745";"7C88359A4B1F9C26481A0A2023F405962523CCA15B870CD01E002C586D96F800";"7C88359A4B1F9C26481A0A2023F405962523CCA15B870CD01E002C586D96F800";"Würde gelöscht werden"
"2026-09-28 23:24:21";"DryRun";"F:\Daten\Älter\Bilder\Ai Generated\1 (137).png";"E:\OpenCloud\Persönlich (2)\Fotos\AI Art\Ai Generated\1 (137).png";"3162800";"97ABB23A52884CB3CFAE62CA5DAFA9E782AD02200E4F8C249E0C8BACC405C795";"97ABB23A52884CB3CFAE62CA5DAFA9E782AD02200E4F8C249E0C8BACC405C795";"Würde gelöscht werden"
"2026-09-28 23:24:21";"DryRun";"F:\Daten\Älter\Bilder\Ai Generated\1 (138).png";"E:\OpenCloud\Persönlich (2)\Fotos\AI Art\Ai Generated\1 (138).png";"3387970";"DD5724889B365F7CA45B5013676E734F2BF429C8E88FEC97364527982891B141";"DD5724889B365F7CA45B5013676E734F2BF429C8E88FEC97364527982891B141";"Würde gelöscht werden"
"2026-09-28 23:24:21";"DryRun";"F:\Daten\Älter\Bilder\Ai Generated\1 (139).png";"E:\OpenCloud\Persönlich (2)\Fotos\AI Art\Ai Generated\1 (139).png";"3145554";"AB6BBC0A875EFE79AE2F76BC1E0CBAAB0FC9759A61CCA949BBF517A2F38408F3";"AB6BBC0A875EFE79AE2F76BC1E0CBAAB0FC9759A61CCA949BBF517A2F38408F3";"Würde gelöscht werden"
"2026-09-28 23:24:21";"DryRun";"F:\Daten\Älter\Bilder\Ai Generated\1 (14).png";"E:\OpenCloud\Persönlich (2)\Fotos\AI Art\Ai Generated\1 (14).png";"3367162";"BA82153558D4EB31A64852F07CE8B55A753873E1C04552ED0F82FD886A44BE18";"BA82153558D4EB31A64852F07CE8B55A753873E1C04552ED0F82FD886A44BE18";"Würde gelöscht werden"
"2026-09-28 23:24:21";"DryRun";"F:\Daten\Älter\Bilder\Ai Generated\1 (140).png";"E:\OpenCloud\Persönlich (2)\Fotos\AI Art\Ai Generated\1 (140).png";"2735475";"DE733867AE26DCFA9FDAF8A2331D4C1BB1A138A12CB13D3CFFDB70996C5B538C";"DE733867AE26DCFA9FDAF8A2331D4C1BB1A138A12CB13D3CFFDB70996C5B538C";"Würde gelöscht werden"
"2026-09-28 23:24:22";"DryRun";"F:\Daten\Älter\Bilder\Ai Generated\1 (145).png";"E:\OpenCloud\Persönlich (2)\Fotos\AI Art\Ai Generated\1 (145).png";"2643659";"E0D24FDE818F38708CB7C1B523D641559D7933FEA76A3D036C31FC99028D07B1";"E0D24FDE818F38708CB7C1B523D641559D7933FEA76A3D036C31FC99028D07B1";"Würde gelöscht werden"
"2026-09-28 23:24:22";"DryRun";"F:\Daten\Älter\Bilder\Ai Generated\1 (146).png";"E:\OpenCloud\Persönlich (2)\Fotos\AI Art\Ai Generated\1 (146).png";"2777089";"78222DA1AB67D254979FB753EFA30C375A105F7DDE266CFC8B0BB8348313C12F";"78222DA1AB67D254979FB753EFA30C375A105F7DDE266CFC8B0BB8348313C12F";"Würde gelöscht werden"
"2026-09-28 23:24:22";"DryRun";"F:\Daten\Älter\Bilder\Ai Generated\1 (147).png";"E:\OpenCloud\Persönlich (2)\Fotos\AI Art\Ai Generated\1 (147).png";"2516837";"95A192B8B8FF8EFC2047D5192D516D7F07BF7A9679FF090B957ACA641DCF9CC9";"95A192B8B8FF8EFC2047D5192D516D7F07BF7A9679FF090B957ACA641DCF9CC9";"Würde gelöscht werden"
"2026-09-28 23:24:22";"DryRun";"F:\Daten\Älter\Bilder\Ai Generated\1 (148).png";"E:\OpenCloud\Persönlich (2)\Fotos\AI Art\Ai Generated\1 (148).png";"2659866";"22A7138B747C3702C63F907AD0F732F0D248C317EFDBF12325620C6223752F52";"22A7138B747C3702C63F907AD0F732F0D248C317EFDBF12325620C6223752F52";"Würde gelöscht werden"
"2026-09-28 23:24:22";"DryRun";"F:\Daten\Älter\Bilder\Ai Generated\1 (149).png";"E:\OpenCloud\Persönlich (2)\Fotos\AI Art\Ai Generated\1 (149).png";"3880222";"365DC2D22F3DFD4C07C77A40D375B3511037C50D4AC4B49B8B3C3D53DAD6956B";"365DC2D22F3DFD4C07C77A40D375B3511037C50D4AC4B49B8B3C3D53DAD6956B";"Würde gelöscht werden"
"2026-09-28 23:24:22";"DryRun";"F:\Daten\Älter\Bilder\Ai Generated\1 (150).png";"E:\OpenCloud\Persönlich (2)\Fotos\AI Art\Ai Generated\1 (150).png";"3809978";"BEF2A390CE355C0B0D2282CD80C30FA13FD09694D832DF13F9FB3C0292082F17";"BEF2A390CE355C0B0D2282CD80C30FA13FD09694D832DF13F9FB3C0292082F17";"Würde gelöscht werden"
"2026-09-28 23:24:22";"DryRun";"F:\Daten\Älter\Bilder\Ai Generated\1 (151).png";"E:\OpenCloud\Persönlich (2)\Fotos\AI Art\Ai Generated\1 (151).png";"4129522";"43FEA1A7E83F904EF2757F67DFC88639856AC8BB6DFB43B9CBB8B32DBE6160A6";"43FEA1A7E83F904EF2757F67DFC88639856AC8BB6DFB43B9CBB8B32DBE6160A6";"Würde gelöscht werden"
"2026-09-28 23:24:22";"DryRun";"F:\Daten\Älter\Bilder\Ai Generated\1 (154).png";"E:\OpenCloud\Persönlich (2)\Fotos\AI Art\Ai Generated\1 (154).png";"2378352";"AF971A223BC28D55A08818C5A5F4D84D6EFF98B2A399028F66708F434B052180";"AF971A223BC28D55A08818C5A5F4D84D6EFF98B2A399028F66708F434B052180";"Würde gelöscht werden"
"2026-09-28 23:24:22";"DryRun";"F:\Daten\Älter\Bilder\Ai Generated\1 (156).png";"E:\OpenCloud\Persönlich (2)\Fotos\AI Art\Ai Generated\1 (156).png";"2436727";"6764142D316255246497BFB4742BF42E60726C89BC7BA923F6AF99F8915DC231";"6764142D316255246497BFB4742BF42E60726C89BC7BA923F6AF99F8915DC231";"Würde gelöscht werden"
"2026-09-28 23:24:22";"DryRun";"F:\Daten\Älter\Bilder\Ai Generated\1 (157).png";"E:\OpenCloud\Persönlich (2)\Fotos\AI Art\Ai Generated\1 (157).png";"2588429";"7B9511CD73B825F70A3817BA2B7CA4348AA4442A8F1DA058C94A38B80DC17FDA";"7B9511CD73B825F70A3817BA2B7CA4348AA4442A8F1DA058C94A38B80DC17FDA";"Würde gelöscht werden"
"2026-09-28 23:24:22";"DryRun";"F:\Daten\Älter\Bilder\Ai Generated\1 (158).png";"E:\OpenCloud\Persönlich (2)\Fotos\AI Art\Ai Generated\1 (158).png";"2940562";"7D02A601CDFEB94CF88CD72EAC8ECD239DE0306794232B6A2AD3780EE0D3A768";"7D02A601CDFEB94CF88CD72EAC8ECD239DE0306794232B6A2AD3780EE0D3A768";"Würde gelöscht werden"
"2026-09-28 23:24:22";"DryRun";"F:\Daten\Älter\Bilder\Ai Generated\1 (159).png";"E:\OpenCloud\Persönlich (2)\Fotos\AI Art\Ai Generated\1 (159).png";"2978306";"E16456A7D0C8AC2B2F07FEF24281FC3CDDBD21C3C0C00003FC706DA5BBD33343";"E16456A7D0C8AC2B2F07FEF24281FC3CDDBD21C3C0C00003FC706DA5BBD33343";"Würde gelöscht werden"
"2026-09-28 23:24:23";"DryRun";"F:\Daten\Älter\Bilder\Ai Generated\1 (162).png";"E:\OpenCloud\Persönlich (2)\Fotos\AI Art\Ai Generated\1 (162).png";"3880222";"365DC2D22F3DFD4C07C77A40D375B3511037C50D4AC4B49B8B3C3D53DAD6956B";"365DC2D22F3DFD4C07C77A40D375B3511037C50D4AC4B49B8B3C3D53DAD6956B";"Würde gelöscht werden"
"2026-09-28 23:24:23";"DryRun";"F:\Daten\Älter\Bilder\Ai Generated\1 (163).png";"E:\OpenCloud\Persönlich (2)\Fotos\AI Art\Ai Generated\1 (163).png";"2957340";"BC423A5C74B522AD6EB9C944A3A7FE375D3B74278E5890920FD1372FBA22DCAE";"BC423A5C74B522AD6EB9C944A3A7FE375D3B74278E5890920FD1372FBA22DCAE";"Würde gelöscht werden"
"2026-09-28 23:24:23";"DryRun";"F:\Daten\Älter\Bilder\Ai Generated\1 (164).png";"E:\OpenCloud\Persönlich (2)\Fotos\AI Art\Ai Generated\1 (164).png";"3077439";"79D308EE1668C15C2D98C5BDD242327FD95EB0F755F36A469B172F46E13A3D6C";"79D308EE1668C15C2D98C5BDD242327FD95EB0F755F36A469B172F46E13A3D6C";"Würde gelöscht werden"
"2026-09-28 23:24:23";"DryRun";"F:\Daten\Älter\Bilder\Ai Generated\1 (165).png";"E:\OpenCloud\Persönlich (2)\Fotos\AI Art\Ai Generated\1 (165).png";"2919693";"C5F22B035C448741CD408453455865F9B52A73D5FA966F4D46EEB8201CA23553";"C5F22B035C448741CD408453455865F9B52A73D5FA966F4D46EEB8201CA23553";"Würde gelöscht werden"
"2026-09-28 23:24:23";"DryRun";"F:\Daten\Älter\Bilder\Ai Generated\1 (166).png";"E:\OpenCloud\Persönlich (2)\Fotos\AI Art\Ai Generated\1 (166).png";"2919251";"6D9B2DE6F71B6E9E915D7CDF1178DD9D53CE8F1BF507D5F160331CB1896BCE9F";"6D9B2DE6F71B6E9E915D7CDF1178DD9D53CE8F1BF507D5F160331CB1896BCE9F";"Würde gelöscht werden"
"2026-09-28 23:24:23";"DryRun";"F:\Daten\Älter\Bilder\Ai Generated\1 (17).png";"E:\OpenCloud\Persönlich (2)\Fotos\AI Art\Ai Generated\1 (17).png";"2775170";"30CD17300BFF324C0EBA23F3C366DB148E3F12150C537F8867DABFA4F13F56B1";"30CD17300BFF324C0EBA23F3C366DB148E3F12150C537F8867DABFA4F13F56B1";"Würde gelöscht werden"
"2026-09-28 23:24:23";"DryRun";"F:\Daten\Älter\Bilder\Ai Generated\1 (185).png";"E:\OpenCloud\Persönlich (2)\Fotos\AI Art\Ai Generated\1 (185).png";"2578801";"50438BBB3E2C214275685061556D9AA52927C81A2D7C0C63D489F191DB9B677A";"50438BBB3E2C214275685061556D9AA52927C81A2D7C0C63D489F191DB9B677A";"Würde gelöscht werden"
"2026-09-28 23:24:23";"DryRun";"F:\Daten\Älter\Bilder\Ai Generated\1 (186).png";"E:\OpenCloud\Persönlich (2)\Fotos\AI Art\Ai Generated\1 (186).png";"2628135";"7B4C3761D91E796E7E906A03FD3D01EBEACD9F49AD41994802C2335C6B599F68";"7B4C3761D91E796E7E906A03FD3D01EBEACD9F49AD41994802C2335C6B599F68";"Würde gelöscht werden"
"2026-09-28 23:24:24";"DryRun";"F:\Daten\Älter\Bilder\Ai Generated\1 (187).png";"E:\OpenCloud\Persönlich (2)\Fotos\AI Art\Ai Generated\1 (187).png";"2628135";"7B4C3761D91E796E7E906A03FD3D01EBEACD9F49AD41994802C2335C6B599F68";"7B4C3761D91E796E7E906A03FD3D01EBEACD9F49AD41994802C2335C6B599F68";"Würde gelöscht werden"
"2026-09-28 23:24:24";"DryRun";"F:\Daten\Älter\Bilder\Ai Generated\1 (19).png";"E:\OpenCloud\Persönlich (2)\Fotos\AI Art\Ai Generated\1 (19).png";"2344805";"72A75BF01666A72574FC4D31A9579983B58DFEB97096DD8F82AAD2891EEB4708";"72A75BF01666A72574FC4D31A9579983B58DFEB97096DD8F82AAD2891EEB4708";"Würde gelöscht werden"
"2026-09-28 23:24:24";"DryRun";"F:\Daten\Älter\Bilder\Ai Generated\1 (190).png";"E:\OpenCloud\Persönlich (2)\Fotos\AI Art\Ai Generated\1 (190).png";"2713770";"B6AE45E8B24B837D96C2E9BFB18E5C5E506930B4EA08E18871E13A0DA41F5567";"B6AE45E8B24B837D96C2E9BFB18E5C5E506930B4EA08E18871E13A0DA41F5567";"Würde gelöscht werden"
"2026-09-28 23:24:24";"DryRun";"F:\Daten\Älter\Bilder\Ai Generated\1 (191).png";"E:\OpenCloud\Persönlich (2)\Fotos\AI Art\Ai Generated\1 (191).png";"2571666";"2E3883632DD4DACEDB8C62E4BB3BCEFFB1AC41F5ADEEC0724764912B2CAC9D08";"2E3883632DD4DACEDB8C62E4BB3BCEFFB1AC41F5ADEEC0724764912B2CAC9D08";"Würde gelöscht werden"
"2026-09-28 23:24:24";"DryRun";"F:\Daten\Älter\Bilder\Ai Generated\1 (193).png";"E:\OpenCloud\Persönlich (2)\Fotos\AI Art\Ai Generated\1 (193).png";"1188094";"584A8540F257CDF8BFC92894155FE37C8DDF0E8388B3F04E928884F2B8544AEA";"584A8540F257CDF8BFC92894155FE37C8DDF0E8388B3F04E928884F2B8544AEA";"Würde gelöscht werden"
"2026-09-28 23:24:24";"DryRun";"F:\Daten\Älter\Bilder\Ai Generated\1 (195).png";"E:\OpenCloud\Persönlich (2)\Fotos\AI Art\Ai Generated\1 (195).png";"3614780";"46E517A115AE8EC5D9A94B2E7E03E7888AD7FEF71079C5D79679A5C0552D1247";"46E517A115AE8EC5D9A94B2E7E03E7888AD7FEF71079C5D79679A5C0552D1247";"Würde gelöscht werden"
"2026-09-28 23:24:24";"DryRun";"F:\Daten\Älter\Bilder\Ai Generated\1 (197).png";"E:\OpenCloud\Persönlich (2)\Fotos\AI Art\Ai Generated\1 (197).png";"2996291";"E233DB91E4A34541AE8367E506BE1763A7C91D2CF9BD5D61AEAB01BB07EC0CEC";"E233DB91E4A34541AE8367E506BE1763A7C91D2CF9BD5D61AEAB01BB07EC0CEC";"Würde gelöscht werden"
"2026-09-28 23:24:24";"DryRun";"F:\Daten\Älter\Bilder\Ai Generated\1 (199).png";"E:\OpenCloud\Persönlich (2)\Fotos\AI Art\Ai Generated\1 (199).png";"2876013";"20ED2F92E7E78BBADB6D70D2A68BAF7CFDD812A39B74946E6BB574DB03495020";"20ED2F92E7E78BBADB6D70D2A68BAF7CFDD812A39B74946E6BB574DB03495020";"Würde gelöscht werden"
"2026-09-28 23:24:24";"DryRun";"F:\Daten\Älter\Bilder\Ai Generated\1 (20).png";"E:\OpenCloud\Persönlich (2)\Fotos\AI Art\Ai Generated\1 (20).png";"3679033";"523164F380FBB0C4721D5BE789A0A25DC781B47ADCD5634CB04659DA32D5F9EE";"523164F380FBB0C4721D5BE789A0A25DC781B47ADCD5634CB04659DA32D5F9EE";"Würde gelöscht werden"
"2026-09-28 23:24:24";"DryRun";"F:\Daten\Älter\Bilder\Ai Generated\1 (204).png";"E:\OpenCloud\Persönlich (2)\Fotos\AI Art\Ai Generated\1 (204).png";"2758122";"A43035272D27277E74007516C563F5E46F84C840B9456A93F88E082421E91043";"A43035272D27277E74007516C563F5E46F84C840B9456A93F88E082421E91043";"Würde gelöscht werden"
"2026-09-28 23:24:24";"DryRun";"F:\Daten\Älter\Bilder\Ai Generated\1 (205).png";"E:\OpenCloud\Persönlich (2)\Fotos\AI Art\Ai Generated\1 (205).png";"3249069";"7445FD15C3528D370ED1E498232BAEFA3A93A6B899DEBC506868B976BFF0ABC1";"7445FD15C3528D370ED1E498232BAEFA3A93A6B899DEBC506868B976BFF0ABC1";"Würde gelöscht werden"
"2026-09-28 23:24:24";"DryRun";"F:\Daten\Älter\Bilder\Ai Generated\1 (206).png";"E:\OpenCloud\Persönlich (2)\Fotos\AI Art\Ai Generated\1 (206).png";"3038891";"78AB8F622D5401CEC96113520FC437E8C86AE338105F96B17587BB2A911E55FA";"78AB8F622D5401CEC96113520FC437E8C86AE338105F96B17587BB2A911E55FA";"Würde gelöscht werden"
"2026-09-28 23:24:24";"DryRun";"F:\Daten\Älter\Bilder\Ai Generated\1 (208).png";"E:\OpenCloud\Persönlich (2)\Fotos\AI Art\Ai Generated\1 (208).png";"2845664";"64E85633F1E62CA2FA9C9EB9677BE244A2388E0A021941CD8FCE65914C52A5A0";"64E85633F1E62CA2FA9C9EB9677BE244A2388E0A021941CD8FCE65914C52A5A0";"Würde gelöscht werden"
"2026-09-28 23:24:24";"DryRun";"F:\Daten\Älter\Bilder\Ai Generated\1 (209).png";"E:\OpenCloud\Persönlich (2)\Fotos\AI Art\Ai Generated\1 (209).png";"2860398";"C8E4A6EBE4DF4CA23BBD8CC58DCD90491F4424141E2B551733DC76357FCD921E";"C8E4A6EBE4DF4CA23BBD8CC58DCD90491F4424141E2B551733DC76357FCD921E";"Würde gelöscht werden"
"2026-09-28 23:24:24";"DryRun";"F:\Daten\Älter\Bilder\Ai Generated\1 (21).png";"E:\OpenCloud\Persönlich (2)\Fotos\AI Art\Ai Generated\1 (21).png";"3104597";"05EE4A23790FFD0D0FCA7D3A37108073F39721BC0ECEB8D7B2462E67A385591F";"05EE4A23790FFD0D0FCA7D3A37108073F39721BC0ECEB8D7B2462E67A385591F";"Würde gelöscht werden"
"2026-09-28 23:24:25";"DryRun";"F:\Daten\Älter\Bilder\Ai Generated\1 (211).png";"E:\OpenCloud\Persönlich (2)\Fotos\AI Art\Ai Generated\1 (211).png";"2961884";"F27E113103599B9C23EB84A6A655D1FBBFD920E1DBD804ADEF12AB61724DC77A";"F27E113103599B9C23EB84A6A655D1FBBFD920E1DBD804ADEF12AB61724DC77A";"Würde gelöscht werden"
"2026-09-28 23:24:25";"DryRun";"F:\Daten\Älter\Bilder\Ai Generated\1 (212).png";"E:\OpenCloud\Persönlich (2)\Fotos\AI Art\Ai Generated\1 (212).png";"2786133";"26D706B7D679B68D2337FBE6E547DB5814A849DE46E53958F681D4D52A91AE1F";"26D706B7D679B68D2337FBE6E547DB5814A849DE46E53958F681D4D52A91AE1F";"Würde gelöscht werden"
"2026-09-28 23:24:25";"DryRun";"F:\Daten\Älter\Bilder\Ai Generated\1 (213).png";"E:\OpenCloud\Persönlich (2)\Fotos\AI Art\Ai Generated\1 (213).png";"2963830";"382DBA7BBA80484E7C71A225095193752A06A37BF411CDFFC91D59F37D082C76";"382DBA7BBA80484E7C71A225095193752A06A37BF411CDFFC91D59F37D082C76";"Würde gelöscht werden"
"2026-09-28 23:24:25";"DryRun";"F:\Daten\Älter\Bilder\Ai Generated\1 (214).png";"E:\OpenCloud\Persönlich (2)\Fotos\AI Art\Ai Generated\1 (214).png";"2870153";"C053411AD8564A4F0FFB36DF9746F807A53873775F307ABD4E47BBB6E78E5A2A";"C053411AD8564A4F0FFB36DF9746F807A53873775F307ABD4E47BBB6E78E5A2A";"Würde gelöscht werden"
"2026-09-28 23:24:25";"DryRun";"F:\Daten\Älter\Bilder\Ai Generated\1 (215).png";"E:\OpenCloud\Persönlich (2)\Fotos\AI Art\Ai Generated\1 (215).png";"2898509";"7C7551EFC53C67E773BDFC9209D7DFC3D5CA982E6A20E694934812526CAAB9E9";"7C7551EFC53C67E773BDFC9209D7DFC3D5CA982E6A20E694934812526CAAB9E9";"Würde gelöscht werden"
"2026-09-28 23:24:25";"DryRun";"F:\Daten\Älter\Bilder\Ai Generated\1 (217).png";"E:\OpenCloud\Persönlich (2)\Fotos\AI Art\Ai Generated\1 (217).png";"2894643";"C3A9EB976B79C1427DFA7B3AF3D52153CBA0E1D1951F02296E3AFDC697D06030";"C3A9EB976B79C1427DFA7B3AF3D52153CBA0E1D1951F02296E3AFDC697D06030";"Würde gelöscht werden"
"2026-09-28 23:24:25";"DryRun";"F:\Daten\Älter\Bilder\Ai Generated\1 (22).png";"E:\OpenCloud\Persönlich (2)\Fotos\AI Art\Ai Generated\1 (22).png";"3253713";"DF3C1D77289443B9B8FA4EEF311634AAF8EB97AABE300D9128A1A1057437C511";"DF3C1D77289443B9B8FA4EEF311634AAF8EB97AABE300D9128A1A1057437C511";"Würde gelöscht werden"
"2026-09-28 23:24:25";"DryRun";"F:\Daten\Älter\Bilder\Ai Generated\1 (221).png";"E:\OpenCloud\Persönlich (2)\Fotos\AI Art\Ai Generated\1 (221).png";"2905590";"7A38DB9171C6107F01B2267461B0A94257DE703EBF56262A6335227F52947656";"7A38DB9171C6107F01B2267461B0A94257DE703EBF56262A6335227F52947656";"Würde gelöscht werden"
"2026-09-28 23:24:25";"DryRun";"F:\Daten\Älter\Bilder\Ai Generated\1 (224).png";"E:\OpenCloud\Persönlich (2)\Fotos\AI Art\Ai Generated\1 (224).png";"3076934";"A4C2C02EFFD3DDA0D6D5904A49F35C100A1DB13FDE0865905E82D6E29A934EBD";"A4C2C02EFFD3DDA0D6D5904A49F35C100A1DB13FDE0865905E82D6E29A934EBD";"Würde gelöscht werden"
"2026-09-28 23:24:25";"DryRun";"F:\Daten\Älter\Bilder\Ai Generated\1 (226).png";"E:\OpenCloud\Persönlich (2)\Fotos\AI Art\Ai Generated\1 (226).png";"2800585";"1287A9A7C3A0546C6A0AA2408FF834DD401373E9315D17E87F065045C9116232";"1287A9A7C3A0546C6A0AA2408FF834DD401373E9315D17E87F065045C9116232";"Würde gelöscht werden"
"2026-09-28 23:24:25";"DryRun";"F:\Daten\Älter\Bilder\Ai Generated\1 (228).png";"E:\OpenCloud\Persönlich (2)\Fotos\AI Art\Ai Generated\1 (228).png";"2924044";"AB46D9D7C6A3B50269840F313EE85437C2EAC3FC4C757B63994F678A19CC71BB";"AB46D9D7C6A3B50269840F313EE85437C2EAC3FC4C757B63994F678A19CC71BB";"Würde gelöscht werden"
"2026-09-28 23:24:25";"DryRun";"F:\Daten\Älter\Bilder\Ai Generated\1 (23).png";"E:\OpenCloud\Persönlich (2)\Fotos\AI Art\Ai Generated\1 (23).png";"2519556";"41647F92F338B9F6F76902FBBCB6898CBAF07D9673DC995CC665303BAA50377B";"41647F92F338B9F6F76902FBBCB6898CBAF07D9673DC995CC665303BAA50377B";"Würde gelöscht werden"
"2026-09-28 23:24:25";"DryRun";"F:\Daten\Älter\Bilder\Ai Generated\1 (231).png";"E:\OpenCloud\Persönlich (2)\Fotos\AI Art\Ai Generated\1 (231).png";"2725344";"0506FDD07A159A381EE679014C4038FCC89D936D9BFD517C6855024B4C3621D5";"0506FDD07A159A381EE679014C4038FCC89D936D9BFD517C6855024B4C3621D5";"Würde gelöscht werden"
"2026-09-28 23:24:25";"DryRun";"F:\Daten\Älter\Bilder\Ai Generated\1 (232).png";"E:\OpenCloud\Persönlich (2)\Fotos\AI Art\Ai Generated\1 (232).png";"2933736";"42D08EF93AE14720242E8511A233258BDBCF698B0E75CEA2DF80B5C20DEA388D";"42D08EF93AE14720242E8511A233258BDBCF698B0E75CEA2DF80B5C20DEA388D";"Würde gelöscht werden"
"2026-09-28 23:24:25";"DryRun";"F:\Daten\Älter\Bilder\Ai Generated\1 (234).png";"E:\OpenCloud\Persönlich (2)\Fotos\AI Art\Ai Generated\1 (234).png";"3103057";"6EFC55E651381733BD0C9DA22FD717972630A29EDA0B54EE465F5AD2DCBEFB2A";"6EFC55E651381733BD0C9DA22FD717972630A29EDA0B54EE465F5AD2DCBEFB2A";"Würde gelöscht werden"
"2026-09-28 23:24:26";"DryRun";"F:\Daten\Älter\Bilder\Ai Generated\1 (237).png";"E:\OpenCloud\Persönlich (2)\Fotos\AI Art\Ai Generated\1 (237).png";"2700462";"07CB14014925D5E90A9EB63D51544CDEABE2376CF9E0AE1F81AD2B1AF8E39469";"07CB14014925D5E90A9EB63D51544CDEABE2376CF9E0AE1F81AD2B1AF8E39469";"Würde gelöscht werden"
"2026-09-28 23:24:26";"DryRun";"F:\Daten\Älter\Bilder\Ai Generated\1 (239).png";"E:\OpenCloud\Persönlich (2)\Fotos\AI Art\Ai Generated\1 (239).png";"2999342";"2CF6A9ED73D2E58DF1EF6D109091CC6681AACA64827F442B6D88E62381ACF4C3";"2CF6A9ED73D2E58DF1EF6D109091CC6681AACA64827F442B6D88E62381ACF4C3";"Würde gelöscht werden"
"2026-09-28 23:24:26";"DryRun";"F:\Daten\Älter\Bilder\Ai Generated\1 (24).png";"E:\OpenCloud\Persönlich (2)\Fotos\AI Art\Ai Generated\1 (24).png";"3112711";"00E01C327EA83133F1FF9A1D91A13FD732B10BCFA5F9102ACBBE1C8776569BDE";"00E01C327EA83133F1FF9A1D91A13FD732B10BCFA5F9102ACBBE1C8776569BDE";"Würde gelöscht werden"
"2026-09-28 23:24:26";"DryRun";"F:\Daten\Älter\Bilder\Ai Generated\1 (241).png";"E:\OpenCloud\Persönlich (2)\Fotos\AI Art\Ai Generated\1 (241).png";"3016514";"346030C57B130F876B9DFB2CC7C058762DD31DF949CB480D5AE936B3FCBD46E9";"346030C57B130F876B9DFB2CC7C058762DD31DF949CB480D5AE936B3FCBD46E9";"Würde gelöscht werden"
"2026-09-28 23:24:26";"DryRun";"F:\Daten\Älter\Bilder\Ai Generated\1 (243).png";"E:\OpenCloud\Persönlich (2)\Fotos\AI Art\Ai Generated\1 (243).png";"2511198";"E7956AB5BDF21D1EAD1E5CDE0BD01D6644BB6F2BEBD746311F73AE36C077E07B";"E7956AB5BDF21D1EAD1E5CDE0BD01D6644BB6F2BEBD746311F73AE36C077E07B";"Würde gelöscht werden"
"2026-09-28 23:24:26";"DryRun";"F:\Daten\Älter\Bilder\Ai Generated\1 (244).png";"E:\OpenCloud\Persönlich (2)\Fotos\AI Art\Ai Generated\1 (244).png";"2942540";"504C0A0AD6DAA724E7228A7035153B9F654DA5974F707C5067105E7A05C8A201";"504C0A0AD6DAA724E7228A7035153B9F654DA5974F707C5067105E7A05C8A201";"Würde gelöscht werden"
"2026-09-28 23:24:26";"DryRun";"F:\Daten\Älter\Bilder\Ai Generated\1 (245).png";"E:\OpenCloud\Persönlich (2)\Fotos\AI Art\Ai Generated\1 (245).png";"2663869";"17377B0A20405065151F297B36D1FEEE4BA5FF465B9A9DEFA605B8DEBBF56A83";"17377B0A20405065151F297B36D1FEEE4BA5FF465B9A9DEFA605B8DEBBF56A83";"Würde gelöscht werden"
"2026-09-28 23:24:26";"DryRun";"F:\Daten\Älter\Bilder\Ai Generated\1 (246).png";"E:\OpenCloud\Persönlich (2)\Fotos\AI Art\Ai Generated\1 (246).png";"2907384";"8301D714FEFC26E16FBEECE46C5A20D0725A6633AFD93BF3B848C016B1574DB7";"8301D714FEFC26E16FBEECE46C5A20D0725A6633AFD93BF3B848C016B1574DB7";"Würde gelöscht werden"
"2026-09-28 23:24:26";"DryRun";"F:\Daten\Älter\Bilder\Ai Generated\1 (25).png";"E:\OpenCloud\Persönlich (2)\Fotos\AI Art\Ai Generated\1 (25).png";"3081678";"B28C6FAFA1624FACD7A53DDF5989BACE754E8F722863B3E082D4FD30E03BF14A";"B28C6FAFA1624FACD7A53DDF5989BACE754E8F722863B3E082D4FD30E03BF14A";"Würde gelöscht werden"
"2026-09-28 23:24:26";"DryRun";"F:\Daten\Älter\Bilder\Ai Generated\1 (250).png";"E:\OpenCloud\Persönlich (2)\Fotos\AI Art\Ai Generated\1 (250).png";"3076973";"E9B5482FDF6587352698D7923440370E88FA087F3C63B418BE897011BDDBE8BF";"E9B5482FDF6587352698D7923440370E88FA087F3C63B418BE897011BDDBE8BF";"Würde gelöscht werden"
"2026-09-28 23:24:26";"DryRun";"F:\Daten\Älter\Bilder\Ai Generated\1 (252).png";"E:\OpenCloud\Persönlich (2)\Fotos\AI Art\Ai Generated\1 (252).png";"3426062";"04FE9254173947F8CE903468F0B28FE03D688255646A41F2246EB11274F52CB8";"04FE9254173947F8CE903468F0B28FE03D688255646A41F2246EB11274F52CB8";"Würde gelöscht werden"
"2026-09-28 23:24:26";"DryRun";"F:\Daten\Älter\Bilder\Ai Generated\1 (255).png";"E:\OpenCloud\Persönlich (2)\Fotos\AI Art\Ai Generated\1 (255).png";"2919828";"3BCDD8872323DCF9D7E1C5CBC24CE1236699F6842DAD9F059A7CD5B3AFEEB441";"3BCDD8872323DCF9D7E1C5CBC24CE1236699F6842DAD9F059A7CD5B3AFEEB441";"Würde gelöscht werden"
"2026-09-28 23:24:26";"DryRun";"F:\Daten\Älter\Bilder\Ai Generated\1 (256).png";"E:\OpenCloud\Persönlich (2)\Fotos\AI Art\Ai Generated\1 (256).png";"2883321";"616E5C83561B3B4524D39892154658C2364CBD3421AC85E7FF1A7C54E8B5B755";"616E5C83561B3B4524D39892154658C2364CBD3421AC85E7FF1A7C54E8B5B755";"Würde gelöscht werden"
"2026-09-28 23:24:27";"DryRun";"F:\Daten\Älter\Bilder\Ai Generated\1 (259).png";"E:\OpenCloud\Persönlich (2)\Fotos\AI Art\Ai Generated\1 (259).png";"2733359";"112C64D3A5042640E889483A5B88C4FB7FD06F260C6BB20C17C2094B51FF6EBD";"112C64D3A5042640E889483A5B88C4FB7FD06F260C6BB20C17C2094B51FF6EBD";"Würde gelöscht werden"
"2026-09-28 23:24:27";"DryRun";"F:\Daten\Älter\Bilder\Ai Generated\1 (26).png";"E:\OpenCloud\Persönlich (2)\Fotos\AI Art\Ai Generated\1 (26).png";"3907244";"5B90C18504E483E0DBD2D577B813F5BDDB0ED5F9914C36D219E15EF9D2D89852";"5B90C18504E483E0DBD2D577B813F5BDDB0ED5F9914C36D219E15EF9D2D89852";"Würde gelöscht werden"
"2026-09-28 23:24:27";"DryRun";"F:\Daten\Älter\Bilder\Ai Generated\1 (260).png";"E:\OpenCloud\Persönlich (2)\Fotos\AI Art\Ai Generated\1 (260).png";"2595640";"F8F33727854B48B140D3CDBD945C27425425BC0C57684AE92EBB88B2C7B9D2D7";"F8F33727854B48B140D3CDBD945C27425425BC0C57684AE92EBB88B2C7B9D2D7";"Würde gelöscht werden"
"2026-09-28 23:24:27";"DryRun";"F:\Daten\Älter\Bilder\Ai Generated\1 (261).png";"E:\OpenCloud\Persönlich (2)\Fotos\AI Art\Ai Generated\1 (261).png";"2060613";"39BED17A26BA26017FD95AFD24316DCBCB5A0DF8C288044D006B0A5D8A665808";"39BED17A26BA26017FD95AFD24316DCBCB5A0DF8C288044D006B0A5D8A665808";"Würde gelöscht werden"
"2026-09-28 23:24:27";"DryRun";"F:\Daten\Älter\Bilder\Ai Generated\1 (263).png";"E:\OpenCloud\Persönlich (2)\Fotos\AI Art\Ai Generated\1 (263).png";"2638730";"51033B4BCC221452C46C3D111F3C345C9A60EB4B2AA72C24D2E4E88AA69D703E";"51033B4BCC221452C46C3D111F3C345C9A60EB4B2AA72C24D2E4E88AA69D703E";"Würde gelöscht werden"
"2026-09-28 23:24:27";"DryRun";"F:\Daten\Älter\Bilder\Ai Generated\1 (265).png";"E:\OpenCloud\Persönlich (2)\Fotos\AI Art\Ai Generated\1 (265).png";"2896814";"1500FE96C17D8CEF7E8375BC904D604DFED667E81657A78395AAE56FFD3B3309";"1500FE96C17D8CEF7E8375BC904D604DFED667E81657A78395AAE56FFD3B3309";"Würde gelöscht werden"
"2026-09-28 23:24:27";"DryRun";"F:\Daten\Älter\Bilder\Ai Generated\1 (266).png";"E:\OpenCloud\Persönlich (2)\Fotos\AI Art\Ai Generated\1 (266).png";"2947012";"EC9F8B9A4ACD8A89E9BCB943E9060B5DB2E467191B6809DE4E4F8543FB80BBE5";"EC9F8B9A4ACD8A89E9BCB943E9060B5DB2E467191B6809DE4E4F8543FB80BBE5";"Würde gelöscht werden"
"2026-09-28 23:24:27";"DryRun";"F:\Daten\Älter\Bilder\Ai Generated\1 (267).png";"E:\OpenCloud\Persönlich (2)\Fotos\AI Art\Ai Generated\1 (267).png";"3137000";"B6DD9E4C617D7B5C606E059F143AC7A7D236E3C46946F0891E708BBACD874465";"B6DD9E4C617D7B5C606E059F143AC7A7D236E3C46946F0891E708BBACD874465";"Würde gelöscht werden"
"2026-09-28 23:24:27";"DryRun";"F:\Daten\Älter\Bilder\Ai Generated\1 (268).png";"E:\OpenCloud\Persönlich (2)\Fotos\AI Art\Ai Generated\1 (268).png";"3129671";"111881F40820A12D819CE3A49412062FA25ACE7DDD9D0BA9BBA69D66A8441E6E";"111881F40820A12D819CE3A49412062FA25ACE7DDD9D0BA9BBA69D66A8441E6E";"Würde gelöscht werden"
"2026-09-28 23:24:27";"DryRun";"F:\Daten\Älter\Bilder\Ai Generated\1 (27).png";"E:\OpenCloud\Persönlich (2)\Fotos\AI Art\Ai Generated\1 (27).png";"6191457";"D8DC4B5C100B491BA3B3F1D146FECE0DA932ED9495CF1AE65D7ACB6591C8B069";"D8DC4B5C100B491BA3B3F1D146FECE0DA932ED9495CF1AE65D7ACB6591C8B069";"Würde gelöscht werden"
"2026-09-28 23:24:27";"DryRun";"F:\Daten\Älter\Bilder\Ai Generated\1 (271).png";"E:\OpenCloud\Persönlich (2)\Fotos\AI Art\Ai Generated\1 (271).png";"2935257";"A7E43B779BC742623E9C4C3EBB58B713FDFD6FF11E3B6C7AE33143667C36900B";"A7E43B779BC742623E9C4C3EBB58B713FDFD6FF11E3B6C7AE33143667C36900B";"Würde gelöscht werden"
"2026-09-28 23:24:27";"DryRun";"F:\Daten\Älter\Bilder\Ai Generated\1 (272).png";"E:\OpenCloud\Persönlich (2)\Fotos\AI Art\Ai Generated\1 (272).png";"3099725";"7B90F38B60D37C4F40D0972C93CE624F2CD3C2FDE90628C4E4F7B27DFE68AE79";"7B90F38B60D37C4F40D0972C93CE624F2CD3C2FDE90628C4E4F7B27DFE68AE79";"Würde gelöscht werden"
"2026-09-28 23:24:27";"DryRun";"F:\Daten\Älter\Bilder\Ai Generated\1 (273).png";"E:\OpenCloud\Persönlich (2)\Fotos\AI Art\Ai Generated\1 (273).png";"3485732";"1D3F54EFA90A6F472AEB35E6C6703BF12FB49C1A1B4C774E90A0247DD4A0145D";"1D3F54EFA90A6F472AEB35E6C6703BF12FB49C1A1B4C774E90A0247DD4A0145D";"Würde gelöscht werden"
"2026-09-28 23:24:27";"DryRun";"F:\Daten\Älter\Bilder\Ai Generated\1 (274).png";"E:\OpenCloud\Persönlich (2)\Fotos\AI Art\Ai Generated\1 (274).png";"2725512";"95901D2BE77C414E4B1E8C83B769C2E890ED07F48E068D855B99A66E4B347702";"95901D2BE77C414E4B1E8C83B769C2E890ED07F48E068D855B99A66E4B347702";"Würde gelöscht werden"
"2026-09-28 23:24:28";"DryRun";"F:\Daten\Älter\Bilder\Ai Generated\1 (275).png";"E:\OpenCloud\Persönlich (2)\Fotos\AI Art\Ai Generated\1 (275).png";"2890581";"15631AF02B43D307B92BB008FACF4EFE9BE475DE330D740C31B0EDF74326C243";"15631AF02B43D307B92BB008FACF4EFE9BE475DE330D740C31B0EDF74326C243";"Würde gelöscht werden"
"2026-09-28 23:24:28";"DryRun";"F:\Daten\Älter\Bilder\Ai Generated\1 (276).png";"E:\OpenCloud\Persönlich (2)\Fotos\AI Art\Ai Generated\1 (276).png";"2708550";"417F40933F8DE07D0AE48279AE08FE0A4BB8BDB41C714A8FA73A9A8C8124E854";"417F40933F8DE07D0AE48279AE08FE0A4BB8BDB41C714A8FA73A9A8C8124E854";"Würde gelöscht werden"
"2026-09-28 23:24:28";"DryRun";"F:\Daten\Älter\Bilder\Ai Generated\1 (277).png";"E:\OpenCloud\Persönlich (2)\Fotos\AI Art\Ai Generated\1 (277).png";"2793643";"10819E2DC9F997967F8F93A1C579903AC7FF645EE32D15761E498668D02D9E88";"10819E2DC9F997967F8F93A1C579903AC7FF645EE32D15761E498668D02D9E88";"Würde gelöscht werden"
"2026-09-28 23:24:28";"DryRun";"F:\Daten\Älter\Bilder\Ai Generated\1 (279).png";"E:\OpenCloud\Persönlich (2)\Fotos\AI Art\Ai Generated\1 (279).png";"2787259";"E4C8280D75D37C81666C25688203EAC120F3DBE92CEBE6F23799435EA2B9532E";"E4C8280D75D37C81666C25688203EAC120F3DBE92CEBE6F23799435EA2B9532E";"Würde gelöscht werden"
"2026-09-28 23:24:28";"DryRun";"F:\Daten\Älter\Bilder\Ai Generated\1 (280).png";"E:\OpenCloud\Persönlich (2)\Fotos\AI Art\Ai Generated\1 (280).png";"2709306";"1F024BBCB6C1F2085EC454C1D636D5EF8BCE42542FC33C873AA4D2069FF02D67";"1F024BBCB6C1F2085EC454C1D636D5EF8BCE42542FC33C873AA4D2069FF02D67";"Würde gelöscht werden"
"2026-09-28 23:24:28";"DryRun";"F:\Daten\Älter\Bilder\Ai Generated\1 (281).png";"E:\OpenCloud\Persönlich (2)\Fotos\AI Art\Ai Generated\1 (281).png";"2727995";"28FB7B780B7F3F3F0B1FC926D7CC774C2193F98A7574A3AEBAF6F41BBB95FE92";"28FB7B780B7F3F3F0B1FC926D7CC774C2193F98A7574A3AEBAF6F41BBB95FE92";"Würde gelöscht werden"
"2026-09-28 23:24:28";"DryRun";"F:\Daten\Älter\Bilder\Ai Generated\1 (282).png";"E:\OpenCloud\Persönlich (2)\Fotos\AI Art\Ai Generated\1 (282).png";"3017783";"DDBF3E522AD37338299315E5F75CA3263041AA842D6E1E26ED3D5BB0E82F6EB7";"DDBF3E522AD37338299315E5F75CA3263041AA842D6E1E26ED3D5BB0E82F6EB7";"Würde gelöscht werden"
"2026-09-28 23:24:28";"DryRun";"F:\Daten\Älter\Bilder\Ai Generated\1 (283).png";"E:\OpenCloud\Persönlich (2)\Fotos\AI Art\Ai Generated\1 (283).png";"3314601";"1002F6624733A827BDD63FE440755FEFD72D30BB72FB97317E092DFE18DA5E11";"1002F6624733A827BDD63FE440755FEFD72D30BB72FB97317E092DFE18DA5E11";"Würde gelöscht werden"
"2026-09-28 23:24:28";"DryRun";"F:\Daten\Älter\Bilder\Ai Generated\1 (284).png";"E:\OpenCloud\Persönlich (2)\Fotos\AI Art\Ai Generated\1 (284).png";"2910182";"CCD1F757B8F374889A4BEA9A9EC75A6286618644F31CC0A3F93839E20B49176A";"CCD1F757B8F374889A4BEA9A9EC75A6286618644F31CC0A3F93839E20B49176A";"Würde gelöscht werden"
"2026-09-28 23:24:28";"DryRun";"F:\Daten\Älter\Bilder\Ai Generated\1 (285).png";"E:\OpenCloud\Persönlich (2)\Fotos\AI Art\Ai Generated\1 (285).png";"3969831";"02FABDB731BE615D77C700A607CDE8969F22E72EE6A79004C4F789DF0EE15BF2";"02FABDB731BE615D77C700A607CDE8969F22E72EE6A79004C4F789DF0EE15BF2";"Würde gelöscht werden"
"2026-09-28 23:24:28";"DryRun";"F:\Daten\Älter\Bilder\Ai Generated\1 (286).png";"E:\OpenCloud\Persönlich (2)\Fotos\AI Art\Ai Generated\1 (286).png";"4443661";"EF8EB309A917C360AA4390E4C6D20CAF30BACD48D4ACED7BB2B2B331F5652521";"EF8EB309A917C360AA4390E4C6D20CAF30BACD48D4ACED7BB2B2B331F5652521";"Würde gelöscht werden"
"2026-09-28 23:24:28";"DryRun";"F:\Daten\Älter\Bilder\Ai Generated\1 (287).png";"E:\OpenCloud\Persönlich (2)\Fotos\AI Art\Ai Generated\1 (287).png";"8636769";"1B12F70AABC6F5E363CC2209AD5B21327C26600548CA9C625093D96B1533392A";"1B12F70AABC6F5E363CC2209AD5B21327C26600548CA9C625093D96B1533392A";"Würde gelöscht werden"
"2026-09-28 23:24:28";"DryRun";"F:\Daten\Älter\Bilder\Ai Generated\1 (288).png";"E:\OpenCloud\Persönlich (2)\Fotos\AI Art\Ai Generated\1 (288).png";"1279412";"26B630223A96E43CD3528E9447539C2189B60DADB344326E655C22C659973C2E";"26B630223A96E43CD3528E9447539C2189B60DADB344326E655C22C659973C2E";"Würde gelöscht werden"
"2026-09-28 23:24:29";"DryRun";"F:\Daten\Älter\Bilder\Ai Generated\1 (289).png";"E:\OpenCloud\Persönlich (2)\Fotos\AI Art\Ai Generated\1 (289).png";"1405269";"3898018F7C1FF3A4B4168026A634CE54597CCCE5F322CEBE442C844F084620B8";"3898018F7C1FF3A4B4168026A634CE54597CCCE5F322CEBE442C844F084620B8";"Würde gelöscht werden"
"2026-09-28 23:24:29";"DryRun";"F:\Daten\Älter\Bilder\Ai Generated\1 (29).png";"E:\OpenCloud\Persönlich (2)\Fotos\AI Art\Ai Generated\1 (29).png";"2891892";"FFBADA608FC7357852A540C460A5DCFB148CF7E87ED1C7F615AB60FE6BDAD47A";"FFBADA608FC7357852A540C460A5DCFB148CF7E87ED1C7F615AB60FE6BDAD47A";"Würde gelöscht werden"
"2026-09-28 23:24:29";"DryRun";"F:\Daten\Älter\Bilder\Ai Generated\1 (290).png";"E:\OpenCloud\Persönlich (2)\Fotos\AI Art\Ai Generated\1 (290).png";"3194858";"2FEAB83312E58AFD7C8D57F167D6E8F5F9EF6199686EA875CE4CC445580CE562";"2FEAB83312E58AFD7C8D57F167D6E8F5F9EF6199686EA875CE4CC445580CE562";"Würde gelöscht werden"
"2026-09-28 23:24:29";"DryRun";"F:\Daten\Älter\Bilder\Ai Generated\1 (291).png";"E:\OpenCloud\Persönlich (2)\Fotos\AI Art\Ai Generated\1 (291).png";"2877668";"5D2DD1F47E2DD31D4232B113F9C17CCF5362006C08E9FC496F54D11C80AA3768";"5D2DD1F47E2DD31D4232B113F9C17CCF5362006C08E9FC496F54D11C80AA3768";"Würde gelöscht werden"
"2026-09-28 23:24:29";"DryRun";"F:\Daten\Älter\Bilder\Ai Generated\1 (293).png";"E:\OpenCloud\Persönlich (2)\Fotos\AI Art\Ai Generated\1 (293).png";"2703854";"4C1F51863197824DE68A491E3E60A907431B277CBA648D5C563BDB3A954701A7";"4C1F51863197824DE68A491E3E60A907431B277CBA648D5C563BDB3A954701A7";"Würde gelöscht werden"
"2026-09-28 23:24:29";"DryRun";"F:\Daten\Älter\Bilder\Ai Generated\1 (295).png";"E:\OpenCloud\Persönlich (2)\Fotos\AI Art\Ai Generated\1 (295).png";"1484375";"51F47DA1DFB2E5CF30ED98D5D1EF8775233DC8EE2A0A0E59300DAA1A013B7941";"51F47DA1DFB2E5CF30ED98D5D1EF8775233DC8EE2A0A0E59300DAA1A013B7941";"Würde gelöscht werden"
"2026-09-28 23:24:29";"DryRun";"F:\Daten\Älter\Bilder\Ai Generated\1 (296).png";"E:\OpenCloud\Persönlich (2)\Fotos\AI Art\Ai Generated\1 (296).png";"1636231";"8848031592CE1EABA01BAB57E7A702E8103311507BA470323E56B79484934267";"8848031592CE1EABA01BAB57E7A702E8103311507BA470323E56B79484934267";"Würde gelöscht werden"
"2026-09-28 23:24:29";"DryRun";"F:\Daten\Älter\Bilder\Ai Generated\1 (297).png";"E:\OpenCloud\Persönlich (2)\Fotos\AI Art\Ai Generated\1 (297).png";"3169965";"3863BCBEC292668C6CA8C41F24F4F7D0A13EBFFE31FE1EF29B930F1E31CF49FC";"3863BCBEC292668C6CA8C41F24F4F7D0A13EBFFE31FE1EF29B930F1E31CF49FC";"Würde gelöscht werden"
"2026-09-28 23:24:29";"DryRun";"F:\Daten\Älter\Bilder\Ai Generated\1 (298).png";"E:\OpenCloud\Persönlich (2)\Fotos\AI Art\Ai Generated\1 (298).png";"115036";"20A5A2EF86DFE6748A51F23F7C2DBFBBA5C143DBDBDD3367EF432EC95D8CAB80";"20A5A2EF86DFE6748A51F23F7C2DBFBBA5C143DBDBDD3367EF432EC95D8CAB80";"Würde gelöscht werden"
"2026-09-28 23:24:29";"DryRun";"F:\Daten\Älter\Bilder\Ai Generated\1 (299).png";"E:\OpenCloud\Persönlich (2)\Fotos\AI Art\Ai Generated\1 (299).png";"2768664";"7ACB814BF1E8CD4B4F8CD30B37FBE422F01741615FC501F8FBA4450BD81DCC18";"7ACB814BF1E8CD4B4F8CD30B37FBE422F01741615FC501F8FBA4450BD81DCC18";"Würde gelöscht werden"
"2026-09-28 23:24:29";"DryRun";"F:\Daten\Älter\Bilder\Ai Generated\1 (3).png";"E:\OpenCloud\Persönlich (2)\Fotos\AI Art\Ai Generated\1 (3).png";"2664833";"BB9737803A6543E10073F869FFD8DEA596FEB33E697691FBB51402732FDB7A37";"BB9737803A6543E10073F869FFD8DEA596FEB33E697691FBB51402732FDB7A37";"Würde gelöscht werden"
"2026-09-28 23:24:29";"DryRun";"F:\Daten\Älter\Bilder\Ai Generated\1 (30).png";"E:\OpenCloud\Persönlich (2)\Fotos\AI Art\Ai Generated\1 (30).png";"3111673";"0189EA9C95FA76461B28E22DA5AAC5845798F86EE7CAFA2B584093034FBA2D8F";"0189EA9C95FA76461B28E22DA5AAC5845798F86EE7CAFA2B584093034FBA2D8F";"Würde gelöscht werden"
"2026-09-28 23:24:29";"DryRun";"F:\Daten\Älter\Bilder\Ai Generated\1 (300).png";"E:\OpenCloud\Persönlich (2)\Fotos\AI Art\Ai Generated\1 (300).png";"2986732";"63069970361A1B055E17A05C0A03AC5C841B88A5125B38BF94F3755E851C889E";"63069970361A1B055E17A05C0A03AC5C841B88A5125B38BF94F3755E851C889E";"Würde gelöscht werden"
"2026-09-28 23:24:29";"DryRun";"F:\Daten\Älter\Bilder\Ai Generated\1 (302).png";"E:\OpenCloud\Persönlich (2)\Fotos\AI Art\Ai Generated\1 (302).png";"2937437";"950048975D25A7D4B86DAB2130A1449752021C6E3865FF6C7B98BB8E0E4745DA";"950048975D25A7D4B86DAB2130A1449752021C6E3865FF6C7B98BB8E0E4745DA";"Würde gelöscht werden"
"2026-09-28 23:24:30";"DryRun";"F:\Daten\Älter\Bilder\Ai Generated\1 (304).png";"E:\OpenCloud\Persönlich (2)\Fotos\AI Art\Ai Generated\1 (304).png";"2881231";"5D30F2AB9F09DF8931A21E8F7104874F99083E18C78B9D4D1C1502AA47EDFB79";"5D30F2AB9F09DF8931A21E8F7104874F99083E18C78B9D4D1C1502AA47EDFB79";"Würde gelöscht werden"
"2026-09-28 23:24:30";"DryRun";"F:\Daten\Älter\Bilder\Ai Generated\1 (305).png";"E:\OpenCloud\Persönlich (2)\Fotos\AI Art\Ai Generated\1 (305).png";"2951770";"BFDCB1E4161C54D367B76DD46CAA1B6B00993EDB45AB4BEDC491E82A56F10C3A";"BFDCB1E4161C54D367B76DD46CAA1B6B00993EDB45AB4BEDC491E82A56F10C3A";"Würde gelöscht werden"
"2026-09-28 23:24:30";"DryRun";"F:\Daten\Älter\Bilder\Ai Generated\1 (306).png";"E:\OpenCloud\Persönlich (2)\Fotos\AI Art\Ai Generated\1 (306).png";"1439036";"114510A8312B7BBC0A3E1FDEBA35D1E84638BCED83EF70222116BD355821C4D2";"114510A8312B7BBC0A3E1FDEBA35D1E84638BCED83EF70222116BD355821C4D2";"Würde gelöscht werden"
"2026-09-28 23:24:30";"DryRun";"F:\Daten\Älter\Bilder\Ai Generated\1 (307).png";"E:\OpenCloud\Persönlich (2)\Fotos\AI Art\Ai Generated\1 (307).png";"2999020";"F0043C02D48A4217F72651C1B6AF914CBF4242DA53C98E741AAE5959E5422A89";"F0043C02D48A4217F72651C1B6AF914CBF4242DA53C98E741AAE5959E5422A89";"Würde gelöscht werden"
"2026-09-28 23:24:30";"DryRun";"F:\Daten\Älter\Bilder\Ai Generated\1 (308).png";"E:\OpenCloud\Persönlich (2)\Fotos\AI Art\Ai Generated\1 (308).png";"3300006";"3982C45B3A83EBEC4A95A81E89D74335220F6784FFA8184376F3EB9F0348A00A";"3982C45B3A83EBEC4A95A81E89D74335220F6784FFA8184376F3EB9F0348A00A";"Würde gelöscht werden"
"2026-09-28 23:24:30";"DryRun";"F:\Daten\Älter\Bilder\Ai Generated\1 (309).png";"E:\OpenCloud\Persönlich (2)\Fotos\AI Art\Ai Generated\1 (309).png";"2989894";"3CBF68EA4CAB2DFE5D367B51770FEE231023BDB843867FD68EFE0BCAB0B89909";"3CBF68EA4CAB2DFE5D367B51770FEE231023BDB843867FD68EFE0BCAB0B89909";"Würde gelöscht werden"
"2026-09-28 23:24:30";"DryRun";"F:\Daten\Älter\Bilder\Ai Generated\1 (310).png";"E:\OpenCloud\Persönlich (2)\Fotos\AI Art\Ai Generated\1 (310).png";"2785706";"45C4C0E3B0D63F6913E90CC348724BB5AEED079461A44AEC2CEAF260CC24BDC8";"45C4C0E3B0D63F6913E90CC348724BB5AEED079461A44AEC2CEAF260CC24BDC8";"Würde gelöscht werden"
"2026-09-28 23:24:30";"DryRun";"F:\Daten\Älter\Bilder\Ai Generated\1 (311).png";"E:\OpenCloud\Persönlich (2)\Fotos\AI Art\Ai Generated\1 (311).png";"2616126";"E4131879072DA61110F458B8745EB103B08F3B4BB1FB3E97ECA2730CDA5A17EF";"E4131879072DA61110F458B8745EB103B08F3B4BB1FB3E97ECA2730CDA5A17EF";"Würde gelöscht werden"
"2026-09-28 23:24:30";"DryRun";"F:\Daten\Älter\Bilder\Ai Generated\1 (312).png";"E:\OpenCloud\Persönlich (2)\Fotos\AI Art\Ai Generated\1 (312).png";"2789408";"DAF8BFE341AFC046DF4C365DB0D306640C59FF101F688D4CC40952BC236A5945";"DAF8BFE341AFC046DF4C365DB0D306640C59FF101F688D4CC40952BC236A5945";"Würde gelöscht werden"
"2026-09-28 23:24:30";"DryRun";"F:\Daten\Älter\Bilder\Ai Generated\1 (313).png";"E:\OpenCloud\Persönlich (2)\Fotos\AI Art\Ai Generated\1 (313).png";"3231250";"2EB5D916A61F62CA958001DCB1A0BA6CB02BF2D04B7848A9E7946F7F7709B5E1";"2EB5D916A61F62CA958001DCB1A0BA6CB02BF2D04B7848A9E7946F7F7709B5E1";"Würde gelöscht werden"
"2026-09-28 23:24:30";"DryRun";"F:\Daten\Älter\Bilder\Ai Generated\1 (314).png";"E:\OpenCloud\Persönlich (2)\Fotos\AI Art\Ai Generated\1 (314).png";"2884608";"AD4F999533E3FE2A60C67E0815518A52D665723E2DCB98E0781B60D085A4145A";"AD4F999533E3FE2A60C67E0815518A52D665723E2DCB98E0781B60D085A4145A";"Würde gelöscht werden"
"2026-09-28 23:24:30";"DryRun";"F:\Daten\Älter\Bilder\Ai Generated\1 (315).png";"E:\OpenCloud\Persönlich (2)\Fotos\AI Art\Ai Generated\1 (315).png";"1719510";"379E137B6217AAAED7C5F694EF91CC61C48ABDEBBE19C409CB32F24D58163EEC";"379E137B6217AAAED7C5F694EF91CC61C48ABDEBBE19C409CB32F24D58163EEC";"Würde gelöscht werden"
"2026-09-28 23:24:30";"DryRun";"F:\Daten\Älter\Bilder\Ai Generated\1 (316).png";"E:\OpenCloud\Persönlich (2)\Fotos\AI Art\Ai Generated\1 (316).png";"2507682";"9C3BF74267B7B3DA82BD71697B7C0304BA876FF3076AF8239F0495AE197C9D3C";"9C3BF74267B7B3DA82BD71697B7C0304BA876FF3076AF8239F0495AE197C9D3C";"Würde gelöscht werden"
"2026-09-28 23:24:30";"DryRun";"F:\Daten\Älter\Bilder\Ai Generated\1 (317).png";"E:\OpenCloud\Persönlich (2)\Fotos\AI Art\Ai Generated\1 (317).png";"2641307";"E5B34C218E7C60286554406183035152661E2F062F66A5EE28DFDBB502D677F5";"E5B34C218E7C60286554406183035152661E2F062F66A5EE28DFDBB502D677F5";"Würde gelöscht werden"
"2026-09-28 23:24:30";"DryRun";"F:\Daten\Älter\Bilder\Ai Generated\1 (318).png";"E:\OpenCloud\Persönlich (2)\Fotos\AI Art\Ai Generated\1 (318).png";"2724340";"F5B126451BEAD5CE29E77CED3BE87C36F67126D92C60E0460615326EC7DAEE3F";"F5B126451BEAD5CE29E77CED3BE87C36F67126D92C60E0460615326EC7DAEE3F";"Würde gelöscht werden"
"2026-09-28 23:24:31";"DryRun";"F:\Daten\Älter\Bilder\Ai Generated\1 (321).png";"E:\OpenCloud\Persönlich (2)\Fotos\AI Art\Ai Generated\1 (321).png";"2531994";"F7B52DFB3DDA448A41712874399722D715654E362BCDB6B8C32C8155256FC3A0";"F7B52DFB3DDA448A41712874399722D715654E362BCDB6B8C32C8155256FC3A0";"Würde gelöscht werden"
"2026-09-28 23:24:31";"DryRun";"F:\Daten\Älter\Bilder\Ai Generated\1 (324).png";"E:\OpenCloud\Persönlich (2)\Fotos\AI Art\Ai Generated\1 (324).png";"2777084";"37F6792036EB5B1FD2D46036BA0C21C3998CE8D225495BC7C4E61B22962BC71E";"37F6792036EB5B1FD2D46036BA0C21C3998CE8D225495BC7C4E61B22962BC71E";"Würde gelöscht werden"
"2026-09-28 23:24:31";"DryRun";"F:\Daten\Älter\Bilder\Ai Generated\1 (328).png";"E:\OpenCloud\Persönlich (2)\Fotos\AI Art\Ai Generated\1 (328).png";"1188698";"9D75219A5136D807501C9D34C59BC376721F52E9FACFD10B346C15A184E6CB89";"9D75219A5136D807501C9D34C59BC376721F52E9FACFD10B346C15A184E6CB89";"Würde gelöscht werden"
"2026-09-28 23:24:31";"DryRun";"F:\Daten\Älter\Bilder\Ai Generated\1 (332).png";"E:\OpenCloud\Persönlich (2)\Fotos\AI Art\Ai Generated\1 (332).png";"2587206";"D1013E39833A870D5AECE2E833AADDFA88781ABFD561A0C11624D84B6198194B";"D1013E39833A870D5AECE2E833AADDFA88781ABFD561A0C11624D84B6198194B";"Würde gelöscht werden"
"2026-09-28 23:24:31";"DryRun";"F:\Daten\Älter\Bilder\Ai Generated\1 (335).png";"E:\OpenCloud\Persönlich (2)\Fotos\AI Art\Ai Generated\1 (335).png";"3088707";"66EEC6A2CC5BF5FD9598D873737A6AB184D35472827A54D5C36D90E44C878E18";"66EEC6A2CC5BF5FD9598D873737A6AB184D35472827A54D5C36D90E44C878E18";"Würde gelöscht werden"
"2026-09-28 23:24:31";"DryRun";"F:\Daten\Älter\Bilder\Ai Generated\1 (336).png";"E:\OpenCloud\Persönlich (2)\Fotos\AI Art\Ai Generated\1 (336).png";"2928710";"AB55B188846D412ED7C965839E7B99E08A0E6DEA6FD0D8EC403A9611402491E7";"AB55B188846D412ED7C965839E7B99E08A0E6DEA6FD0D8EC403A9611402491E7";"Würde gelöscht werden"
"2026-09-28 23:24:31";"DryRun";"F:\Daten\Älter\Bilder\Ai Generated\1 (338).png";"E:\OpenCloud\Persönlich (2)\Fotos\AI Art\Ai Generated\1 (338).png";"3104969";"BF19C2178A9D6C04E36102AF0AEC6BFAAA640C24097D03F09C492CC5D1537152";"BF19C2178A9D6C04E36102AF0AEC6BFAAA640C24097D03F09C492CC5D1537152";"Würde gelöscht werden"
"2026-09-28 23:24:31";"DryRun";"F:\Daten\Älter\Bilder\Ai Generated\1 (34).png";"E:\OpenCloud\Persönlich (2)\Fotos\AI Art\Ai Generated\1 (34).png";"2511198";"E7956AB5BDF21D1EAD1E5CDE0BD01D6644BB6F2BEBD746311F73AE36C077E07B";"E7956AB5BDF21D1EAD1E5CDE0BD01D6644BB6F2BEBD746311F73AE36C077E07B";"Würde gelöscht werden"
"2026-09-28 23:24:31";"DryRun";"F:\Daten\Älter\Bilder\Ai Generated\1 (341).png";"E:\OpenCloud\Persönlich (2)\Fotos\AI Art\Ai Generated\1 (341).png";"1082140";"955C28A44CBECB6142D80CBCAB1DAF228555F5E6EB541701C0406555CC1714AD";"955C28A44CBECB6142D80CBCAB1DAF228555F5E6EB541701C0406555CC1714AD";"Würde gelöscht werden"
"2026-09-28 23:24:31";"DryRun";"F:\Daten\Älter\Bilder\Ai Generated\1 (346).png";"E:\OpenCloud\Persönlich (2)\Fotos\AI Art\Ai Generated\1 (346).png";"2608367";"F0C74A64CB7386C3CC59678744FDB5E877F65AB3F705273C98733DBB0316C264";"F0C74A64CB7386C3CC59678744FDB5E877F65AB3F705273C98733DBB0316C264";"Würde gelöscht werden"
"2026-09-28 23:24:31";"DryRun";"F:\Daten\Älter\Bilder\Ai Generated\1 (349).png";"E:\OpenCloud\Persönlich (2)\Fotos\AI Art\Ai Generated\1 (349).png";"2626994";"45092663F14ACA1553C842A9849B1A8C56A1A09CB461A0175F9B4FAAEB3D088F";"45092663F14ACA1553C842A9849B1A8C56A1A09CB461A0175F9B4FAAEB3D088F";"Würde gelöscht werden"
"2026-09-28 23:24:31";"DryRun";"F:\Daten\Älter\Bilder\Ai Generated\1 (35).png";"E:\OpenCloud\Persönlich (2)\Fotos\AI Art\Ai Generated\1 (35).png";"2966793";"DEE33E3EC23CB0597E48D630EFE7EA86D773DFF029892893183C90E9396F7F68";"DEE33E3EC23CB0597E48D630EFE7EA86D773DFF029892893183C90E9396F7F68";"Würde gelöscht werden"
"2026-09-28 23:24:31";"DryRun";"F:\Daten\Älter\Bilder\Ai Generated\1 (350).png";"E:\OpenCloud\Persönlich (2)\Fotos\AI Art\Ai Generated\1 (350).png";"2840076";"7753D863A27E18B7EED1FB83C0045F8FA58AFE6006B22EAC8BD87AC33FC8748A";"7753D863A27E18B7EED1FB83C0045F8FA58AFE6006B22EAC8BD87AC33FC8748A";"Würde gelöscht werden"
"2026-09-28 23:24:31";"DryRun";"F:\Daten\Älter\Bilder\Ai Generated\1 (351).png";"E:\OpenCloud\Persönlich (2)\Fotos\AI Art\Ai Generated\1 (351).png";"3099469";"9F3F649B28413B5D7E69F2640D561EE999FA12D4AEC9853FC803350620B3BDEE";"9F3F649B28413B5D7E69F2640D561EE999FA12D4AEC9853FC803350620B3BDEE";"Würde gelöscht werden"
"2026-09-28 23:24:31";"DryRun";"F:\Daten\Älter\Bilder\Ai Generated\1 (352).png";"E:\OpenCloud\Persönlich (2)\Fotos\AI Art\Ai Generated\1 (352).png";"2896893";"40AE7DC0F0BD856171AC5B8ECE343857A2B329664A992985F1EC5858E3834060";"40AE7DC0F0BD856171AC5B8ECE343857A2B329664A992985F1EC5858E3834060";"Würde gelöscht werden"
"2026-09-28 23:24:31";"DryRun";"F:\Daten\Älter\Bilder\Ai Generated\1 (353).png";"E:\OpenCloud\Persönlich (2)\Fotos\AI Art\Ai Generated\1 (353).png";"2804656";"ADED4591FD734951FA0FE4F7BF917617A3B31BA6FE991D45A8E88093CF58D957";"ADED4591FD734951FA0FE4F7BF917617A3B31BA6FE991D45A8E88093CF58D957";"Würde gelöscht werden"
"2026-09-28 23:24:31";"DryRun";"F:\Daten\Älter\Bilder\Ai Generated\1 (354).png";"E:\OpenCloud\Persönlich (2)\Fotos\AI Art\Ai Generated\1 (354).png";"1357814";"B10B3DD94D2A632751A724162587D0C4E5FFA4EA59220A4137A964A5F520EA2A";"B10B3DD94D2A632751A724162587D0C4E5FFA4EA59220A4137A964A5F520EA2A";"Würde gelöscht werden"
"2026-09-28 23:24:32";"DryRun";"F:\Daten\Älter\Bilder\Ai Generated\1 (355).png";"E:\OpenCloud\Persönlich (2)\Fotos\AI Art\Ai Generated\1 (355).png";"2707251";"D20933DAED6F70CAE1809058017CBF5AE10D6ABA8DA854EBB993AE40794BD568";"D20933DAED6F70CAE1809058017CBF5AE10D6ABA8DA854EBB993AE40794BD568";"Würde gelöscht werden"
"2026-09-28 23:24:32";"DryRun";"F:\Daten\Älter\Bilder\Ai Generated\1 (356).png";"E:\OpenCloud\Persönlich (2)\Fotos\AI Art\Ai Generated\1 (356).png";"2739585";"20F27B33C0C9A9BB006F29FFC1FA29C903136992DA9FDA0976134DEC4E5AA49D";"20F27B33C0C9A9BB006F29FFC1FA29C903136992DA9FDA0976134DEC4E5AA49D";"Würde gelöscht werden"
"2026-09-28 23:24:32";"DryRun";"F:\Daten\Älter\Bilder\Ai Generated\1 (362).png";"E:\OpenCloud\Persönlich (2)\Fotos\AI Art\Ai Generated\1 (362).png";"2984434";"7F505B52A91F72F4FAD91FC88A733844AB9FF89FD011B4307A60F5CC50536DAB";"7F505B52A91F72F4FAD91FC88A733844AB9FF89FD011B4307A60F5CC50536DAB";"Würde gelöscht werden"
"2026-09-28 23:24:32";"DryRun";"F:\Daten\Älter\Bilder\Ai Generated\1 (363).png";"E:\OpenCloud\Persönlich (2)\Fotos\AI Art\Ai Generated\1 (363).png";"2802677";"593157AD07FF07DEE611A10ACE33A0A222E51F136C7874E26F3E1DA8704603AD";"593157AD07FF07DEE611A10ACE33A0A222E51F136C7874E26F3E1DA8704603AD";"Würde gelöscht werden"
"2026-09-28 23:24:32";"DryRun";"F:\Daten\Älter\Bilder\Ai Generated\1 (364).png";"E:\OpenCloud\Persönlich (2)\Fotos\AI Art\Ai Generated\1 (364).png";"2895635";"044633AAC53541CBEF69F71CD540B80A65FC5438A8D36E68004D34F36BBB16E0";"044633AAC53541CBEF69F71CD540B80A65FC5438A8D36E68004D34F36BBB16E0";"Würde gelöscht werden"
"2026-09-28 23:24:32";"DryRun";"F:\Daten\Älter\Bilder\Ai Generated\1 (365).png";"E:\OpenCloud\Persönlich (2)\Fotos\AI Art\Ai Generated\1 (365).png";"2946290";"26B4E9F1941775D784706E0F497537B8D74C4F323DAF539A36F5D6526E11B571";"26B4E9F1941775D784706E0F497537B8D74C4F323DAF539A36F5D6526E11B571";"Würde gelöscht werden"
"2026-09-28 23:24:32";"DryRun";"F:\Daten\Älter\Bilder\Ai Generated\1 (366).png";"E:\OpenCloud\Persönlich (2)\Fotos\AI Art\Ai Generated\1 (366).png";"2215106";"E8DBAA1AE11D81A652E5C3269F2F3304D29389AF448A3CBDC6432A3C469F39CD";"E8DBAA1AE11D81A652E5C3269F2F3304D29389AF448A3CBDC6432A3C469F39CD";"Würde gelöscht werden"
"2026-09-28 23:24:32";"DryRun";"F:\Daten\Älter\Bilder\Ai Generated\1 (367).png";"E:\OpenCloud\Persönlich (2)\Fotos\AI Art\Ai Generated\1 (367).png";"2623974";"C83AFE83C3B88D111848F0717062B29BBA29018DC5B0659A176D6BBFBD7CCAB6";"C83AFE83C3B88D111848F0717062B29BBA29018DC5B0659A176D6BBFBD7CCAB6";"Würde gelöscht werden"
"2026-09-28 23:24:32";"DryRun";"F:\Daten\Älter\Bilder\Ai Generated\1 (368).png";"E:\OpenCloud\Persönlich (2)\Fotos\AI Art\Ai Generated\1 (368).png";"2801462";"D418C47CD85020CBF5526B0CBD3C309618596DD912201D3F15B43AEC04FDA736";"D418C47CD85020CBF5526B0CBD3C309618596DD912201D3F15B43AEC04FDA736";"Würde gelöscht werden"
"2026-09-28 23:24:32";"DryRun";"F:\Daten\Älter\Bilder\Ai Generated\1 (369).png";"E:\OpenCloud\Persönlich (2)\Fotos\AI Art\Ai Generated\1 (369).png";"2769410";"CDC0C290B0781ABBF523351956060020838FA8A3D038FBDF5DF8EBB4D2963AF3";"CDC0C290B0781ABBF523351956060020838FA8A3D038FBDF5DF8EBB4D2963AF3";"Würde gelöscht werden"
"2026-09-28 23:24:32";"DryRun";"F:\Daten\Älter\Bilder\Ai Generated\1 (370).png";"E:\OpenCloud\Persönlich (2)\Fotos\AI Art\Ai Generated\1 (370).png";"2726173";"60AC2CAFCDFDB30FB0F5A4FF80CFB92E3C2DE3BBAD32557079722766420DFF90";"60AC2CAFCDFDB30FB0F5A4FF80CFB92E3C2DE3BBAD32557079722766420DFF90";"Würde gelöscht werden"
"2026-09-28 23:24:32";"DryRun";"F:\Daten\Älter\Bilder\Ai Generated\1 (371).png";"E:\OpenCloud\Persönlich (2)\Fotos\AI Art\Ai Generated\1 (371).png";"3096732";"96B3612F5BD54A9A4605C392D87ABF5CB1A2EDEC2EAA069B14B7EF6D08E139C4";"96B3612F5BD54A9A4605C392D87ABF5CB1A2EDEC2EAA069B14B7EF6D08E139C4";"Würde gelöscht werden"
"2026-09-28 23:24:32";"DryRun";"F:\Daten\Älter\Bilder\Ai Generated\1 (372).png";"E:\OpenCloud\Persönlich (2)\Fotos\AI Art\Ai Generated\1 (372).png";"3262896";"A31A6B18E7BB2A99598614F6904679C94B500D732E99622237D3BC8AD5F60139";"A31A6B18E7BB2A99598614F6904679C94B500D732E99622237D3BC8AD5F60139";"Würde gelöscht werden"
"2026-09-28 23:24:32";"DryRun";"F:\Daten\Älter\Bilder\Ai Generated\1 (373).png";"E:\OpenCloud\Persönlich (2)\Fotos\AI Art\Ai Generated\1 (373).png";"2760003";"8148CC5029EC18E5595800E59CBAA603AB4F6EE7E5EC942B1A4BDE20949EA6AF";"8148CC5029EC18E5595800E59CBAA603AB4F6EE7E5EC942B1A4BDE20949EA6AF";"Würde gelöscht werden"
"2026-09-28 23:24:32";"DryRun";"F:\Daten\Älter\Bilder\Ai Generated\1 (374).png";"E:\OpenCloud\Persönlich (2)\Fotos\AI Art\Ai Generated\1 (374).png";"2728679";"3FD4371A1E32EA3BFA3EB86B978E09960EAC5F1A23006C861A877FF615A7F9E9";"3FD4371A1E32EA3BFA3EB86B978E09960EAC5F1A23006C861A877FF615A7F9E9";"Würde gelöscht werden"
"2026-09-28 23:24:32";"DryRun";"F:\Daten\Älter\Bilder\Ai Generated\1 (376).png";"E:\OpenCloud\Persönlich (2)\Fotos\AI Art\Ai Generated\1 (376).png";"2826375";"995B11323D3FDD2352A5169D9756F498824BD7B3CC1E24C380F4329AAA49D00C";"995B11323D3FDD2352A5169D9756F498824BD7B3CC1E24C380F4329AAA49D00C";"Würde gelöscht werden"
"2026-09-28 23:24:33";"DryRun";"F:\Daten\Älter\Bilder\Ai Generated\1 (377).png";"E:\OpenCloud\Persönlich (2)\Fotos\AI Art\Ai Generated\1 (377).png";"3137498";"69F87B28B38642D51D38F37F571399031CB25C9CFA0DCA2886CB58076C490D80";"69F87B28B38642D51D38F37F571399031CB25C9CFA0DCA2886CB58076C490D80";"Würde gelöscht werden"
"2026-09-28 23:24:33";"DryRun";"F:\Daten\Älter\Bilder\Ai Generated\1 (378).png";"E:\OpenCloud\Persönlich (2)\Fotos\AI Art\Ai Generated\1 (378).png";"3040443";"34F71E59A1E4D49387A203D8DF62BF55F80285756BBCFC81786BAB2DD93A98A7";"34F71E59A1E4D49387A203D8DF62BF55F80285756BBCFC81786BAB2DD93A98A7";"Würde gelöscht werden"
"2026-09-28 23:24:33";"DryRun";"F:\Daten\Älter\Bilder\Ai Generated\1 (379).png";"E:\OpenCloud\Persönlich (2)\Fotos\AI Art\Ai Generated\1 (379).png";"2944813";"6231EFE70364A94EB9274433729703F2FB2A47AD88C2094A7AE219746EB21434";"6231EFE70364A94EB9274433729703F2FB2A47AD88C2094A7AE219746EB21434";"Würde gelöscht werden"
"2026-09-28 23:24:33";"DryRun";"F:\Daten\Älter\Bilder\Ai Generated\1 (380).png";"E:\OpenCloud\Persönlich (2)\Fotos\AI Art\Ai Generated\1 (380).png";"3021040";"8B514B54DA1B390A208EA7F1F659AAC6A3BAB6D3BA33823BB0ED303D9E44BB80";"8B514B54DA1B390A208EA7F1F659AAC6A3BAB6D3BA33823BB0ED303D9E44BB80";"Würde gelöscht werden"
"2026-09-28 23:24:33";"DryRun";"F:\Daten\Älter\Bilder\Ai Generated\1 (381).png";"E:\OpenCloud\Persönlich (2)\Fotos\AI Art\Ai Generated\1 (381).png";"3001904";"63CC0392DE5E857F047BB3884CE14B699F8E15E8005DDD4B196C020BDFD08B8A";"63CC0392DE5E857F047BB3884CE14B699F8E15E8005DDD4B196C020BDFD08B8A";"Würde gelöscht werden"
"2026-09-28 23:24:33";"DryRun";"F:\Daten\Älter\Bilder\Ai Generated\1 (382).png";"E:\OpenCloud\Persönlich (2)\Fotos\AI Art\Ai Generated\1 (382).png";"3659718";"F30098EB8B319EE1A947C2523D7D7A36E4CBCCFEBE2ACCD05227CB4E59A15C0F";"F30098EB8B319EE1A947C2523D7D7A36E4CBCCFEBE2ACCD05227CB4E59A15C0F";"Würde gelöscht werden"
"2026-09-28 23:24:33";"DryRun";"F:\Daten\Älter\Bilder\Ai Generated\1 (383).png";"E:\OpenCloud\Persönlich (2)\Fotos\AI Art\Ai Generated\1 (383).png";"2820655";"68B59742407BCDCA2EFF0E078F45C4EB3F93FB9A21834B7E8F1324313E7FED27";"68B59742407BCDCA2EFF0E078F45C4EB3F93FB9A21834B7E8F1324313E7FED27";"Würde gelöscht werden"
"2026-09-28 23:24:33";"DryRun";"F:\Daten\Älter\Bilder\Ai Generated\1 (384).png";"E:\OpenCloud\Persönlich (2)\Fotos\AI Art\Ai Generated\1 (384).png";"3858187";"DA2DCB3B4FF6874A0CAD9525D0DEEF3BD9FA6B5A2769CF679046712B097CE1F2";"DA2DCB3B4FF6874A0CAD9525D0DEEF3BD9FA6B5A2769CF679046712B097CE1F2";"Würde gelöscht werden"
"2026-09-28 23:24:33";"DryRun";"F:\Daten\Älter\Bilder\Ai Generated\1 (385).png";"E:\OpenCloud\Persönlich (2)\Fotos\AI Art\Ai Generated\1 (385).png";"3465687";"2E60927DF3B71C8606517B83E3192B670FAD43FA2FEFA2911AFE56D7941D52BD";"2E60927DF3B71C8606517B83E3192B670FAD43FA2FEFA2911AFE56D7941D52BD";"Würde gelöscht werden"
"2026-09-28 23:24:33";"DryRun";"F:\Daten\Älter\Bilder\Ai Generated\1 (386).png";"E:\OpenCloud\Persönlich (2)\Fotos\AI Art\Ai Generated\1 (386).png";"3680107";"A8999B3D88D23C78B96EF42D8BC10CEA879CDFA5F10EAE6CEAEB20CC682B78B5";"A8999B3D88D23C78B96EF42D8BC10CEA879CDFA5F10EAE6CEAEB20CC682B78B5";"Würde gelöscht werden"
"2026-09-28 23:24:33";"DryRun";"F:\Daten\Älter\Bilder\Ai Generated\1 (387).png";"E:\OpenCloud\Persönlich (2)\Fotos\AI Art\Ai Generated\1 (387).png";"3140056";"5E26B6A2C2B686F95D0B7236656EB8AA129CAB13D4C63FA7F7D3D18B9E345142";"5E26B6A2C2B686F95D0B7236656EB8AA129CAB13D4C63FA7F7D3D18B9E345142";"Würde gelöscht werden"
"2026-09-28 23:24:33";"DryRun";"F:\Daten\Älter\Bilder\Ai Generated\1 (388).png";"E:\OpenCloud\Persönlich (2)\Fotos\AI Art\Ai Generated\1 (388).png";"3080915";"26C3DAD56E0A1AE1F97AF485545B36BEF90760EBF4FDAE4906261722E81F9705";"26C3DAD56E0A1AE1F97AF485545B36BEF90760EBF4FDAE4906261722E81F9705";"Würde gelöscht werden"
"2026-09-28 23:24:33";"DryRun";"F:\Daten\Älter\Bilder\Ai Generated\1 (389).png";"E:\OpenCloud\Persönlich (2)\Fotos\AI Art\Ai Generated\1 (389).png";"3116169";"951AB0B28157875DC2B174969E6EF69CC76247F836CA19BC6603972D3488D9FD";"951AB0B28157875DC2B174969E6EF69CC76247F836CA19BC6603972D3488D9FD";"Würde gelöscht werden"
"2026-09-28 23:24:33";"DryRun";"F:\Daten\Älter\Bilder\Ai Generated\1 (39).png";"E:\OpenCloud\Persönlich (2)\Fotos\AI Art\Ai Generated\1 (39).png";"3037856";"22A80142BEE69312A702C99B3AA765D4E4EA70588A5BB8C3FD48032C7D1160F5";"22A80142BEE69312A702C99B3AA765D4E4EA70588A5BB8C3FD48032C7D1160F5";"Würde gelöscht werden"
"2026-09-28 23:24:33";"DryRun";"F:\Daten\Älter\Bilder\Ai Generated\1 (390).png";"E:\OpenCloud\Persönlich (2)\Fotos\AI Art\Ai Generated\1 (390).png";"3236116";"E168D2071628452BB2DE23206D57BF893053651EDE2D0BAF7DE1AB2A3BE8DDE2";"E168D2071628452BB2DE23206D57BF893053651EDE2D0BAF7DE1AB2A3BE8DDE2";"Würde gelöscht werden"
"2026-09-28 23:24:33";"DryRun";"F:\Daten\Älter\Bilder\Ai Generated\1 (392).png";"E:\OpenCloud\Persönlich (2)\Fotos\AI Art\Ai Generated\1 (392).png";"3191905";"DD5AC36AF758256629D22F157623B7F4CE6F9737F12AA450E8F0D511C5BD5E99";"DD5AC36AF758256629D22F157623B7F4CE6F9737F12AA450E8F0D511C5BD5E99";"Würde gelöscht werden"
"2026-09-28 23:24:33";"DryRun";"F:\Daten\Älter\Bilder\Ai Generated\1 (393).png";"E:\OpenCloud\Persönlich (2)\Fotos\AI Art\Ai Generated\1 (393).png";"2948113";"0FD0941EC3EE082F1B1276F1F5607217E872A41AD67F17DD040C29BF102D06E9";"0FD0941EC3EE082F1B1276F1F5607217E872A41AD67F17DD040C29BF102D06E9";"Würde gelöscht werden"
"2026-09-28 23:24:33";"DryRun";"F:\Daten\Älter\Bilder\Ai Generated\1 (394).png";"E:\OpenCloud\Persönlich (2)\Fotos\AI Art\Ai Generated\1 (394).png";"2203848";"4257CD7B7C8625A4F4B9D9EB27A9A9FD6038E8A5A6AD0100D82B31556DFBA116";"4257CD7B7C8625A4F4B9D9EB27A9A9FD6038E8A5A6AD0100D82B31556DFBA116";"Würde gelöscht werden"
"2026-09-28 23:24:33";"DryRun";"F:\Daten\Älter\Bilder\Ai Generated\1 (395).png";"E:\OpenCloud\Persönlich (2)\Fotos\AI Art\Ai Generated\1 (395).png";"2336751";"601D8B2D300B93379AB25286048E47E27BA6111D28187FD8161777210A60F1A5";"601D8B2D300B93379AB25286048E47E27BA6111D28187FD8161777210A60F1A5";"Würde gelöscht werden"
"2026-09-28 23:24:34";"DryRun";"F:\Daten\Älter\Bilder\Ai Generated\1 (396).png";"E:\OpenCloud\Persönlich (2)\Fotos\AI Art\Ai Generated\1 (396).png";"2947493";"BCF1B6D2980082ED39DBE23E3BAEB8BE422CEABD1C3D95971B998E71B2068832";"BCF1B6D2980082ED39DBE23E3BAEB8BE422CEABD1C3D95971B998E71B2068832";"Würde gelöscht werden"
"2026-09-28 23:24:34";"DryRun";"F:\Daten\Älter\Bilder\Ai Generated\1 (397).png";"E:\OpenCloud\Persönlich (2)\Fotos\AI Art\Ai Generated\1 (397).png";"2902050";"C9766E56D6B8C04E79B71D74D8F40F4CF8B9B76373E0F0EA6901384A40596AD6";"C9766E56D6B8C04E79B71D74D8F40F4CF8B9B76373E0F0EA6901384A40596AD6";"Würde gelöscht werden"
"2026-09-28 23:24:34";"DryRun";"F:\Daten\Älter\Bilder\Ai Generated\1 (398).png";"E:\OpenCloud\Persönlich (2)\Fotos\AI Art\Ai Generated\1 (398).png";"3079941";"84167B8FC08B60628C5A9DBD8E566F392599A6160A7367BF4B9320C0BA14FF3B";"84167B8FC08B60628C5A9DBD8E566F392599A6160A7367BF4B9320C0BA14FF3B";"Würde gelöscht werden"
"2026-09-28 23:24:34";"DryRun";"F:\Daten\Älter\Bilder\Ai Generated\1 (399).png";"E:\OpenCloud\Persönlich (2)\Fotos\AI Art\Ai Generated\1 (399).png";"2687655";"5DE7E7E57BA06EBA6AF96257728DA66CF3DC8279F9C76FC0BD79363A5021A9DC";"5DE7E7E57BA06EBA6AF96257728DA66CF3DC8279F9C76FC0BD79363A5021A9DC";"Würde gelöscht werden"
"2026-09-28 23:24:34";"DryRun";"F:\Daten\Älter\Bilder\Ai Generated\1 (4).png";"E:\OpenCloud\Persönlich (2)\Fotos\AI Art\Ai Generated\1 (4).png";"2597142";"BD3A344EB12B91D56FB11EEEEB5ACED1434265B71AC600D958CA07665ABAC4B9";"BD3A344EB12B91D56FB11EEEEB5ACED1434265B71AC600D958CA07665ABAC4B9";"Würde gelöscht werden"
"2026-09-28 23:24:34";"DryRun";"F:\Daten\Älter\Bilder\Ai Generated\1 (40).png";"E:\OpenCloud\Persönlich (2)\Fotos\AI Art\Ai Generated\1 (40).png";"3129671";"111881F40820A12D819CE3A49412062FA25ACE7DDD9D0BA9BBA69D66A8441E6E";"111881F40820A12D819CE3A49412062FA25ACE7DDD9D0BA9BBA69D66A8441E6E";"Würde gelöscht werden"
"2026-09-28 23:24:34";"DryRun";"F:\Daten\Älter\Bilder\Ai Generated\1 (400).png";"E:\OpenCloud\Persönlich (2)\Fotos\AI Art\Ai Generated\1 (400).png";"3166704";"EA61F4A379205DFB7DD9734D38D0DC55711D35B1DA13658ABAD99AD82D58E675";"EA61F4A379205DFB7DD9734D38D0DC55711D35B1DA13658ABAD99AD82D58E675";"Würde gelöscht werden"
"2026-09-28 23:24:34";"DryRun";"F:\Daten\Älter\Bilder\Ai Generated\1 (401).png";"E:\OpenCloud\Persönlich (2)\Fotos\AI Art\Ai Generated\1 (401).png";"3905841";"E508377B2A508F38138436B8CBCF4413158A20F8FE567FEA75A05DF2CA4ADC71";"E508377B2A508F38138436B8CBCF4413158A20F8FE567FEA75A05DF2CA4ADC71";"Würde gelöscht werden"
"2026-09-28 23:24:34";"DryRun";"F:\Daten\Älter\Bilder\Ai Generated\1 (402).png";"E:\OpenCloud\Persönlich (2)\Fotos\AI Art\Ai Generated\1 (402).png";"2870590";"659E613EC87B4AA2E9582895C218308CC46BAF028477A5B93BD18920F5E0E9D3";"659E613EC87B4AA2E9582895C218308CC46BAF028477A5B93BD18920F5E0E9D3";"Würde gelöscht werden"
"2026-09-28 23:24:34";"DryRun";"F:\Daten\Älter\Bilder\Ai Generated\1 (403).png";"E:\OpenCloud\Persönlich (2)\Fotos\AI Art\Ai Generated\1 (403).png";"2574195";"684FCF029836951CF0417A43DB22FC385331D8A1871C728671905581692FF692";"684FCF029836951CF0417A43DB22FC385331D8A1871C728671905581692FF692";"Würde gelöscht werden"
"2026-09-28 23:24:34";"DryRun";"F:\Daten\Älter\Bilder\Ai Generated\1 (404).png";"E:\OpenCloud\Persönlich (2)\Fotos\AI Art\Ai Generated\1 (404).png";"2727837";"5A14DFC44DB2272D6507B0A7310532BADC59ECFDCC85205EE0A86AF94B7D20BB";"5A14DFC44DB2272D6507B0A7310532BADC59ECFDCC85205EE0A86AF94B7D20BB";"Würde gelöscht werden"
"2026-09-28 23:24:34";"DryRun";"F:\Daten\Älter\Bilder\Ai Generated\1 (405).png";"E:\OpenCloud\Persönlich (2)\Fotos\AI Art\Ai Generated\1 (405).png";"2774038";"56D4D5BF02AC1FEC38606C96A05AE6B64B0384F03050A82EDA97EED0870F04BF";"56D4D5BF02AC1FEC38606C96A05AE6B64B0384F03050A82EDA97EED0870F04BF";"Würde gelöscht werden"
"2026-09-28 23:24:34";"DryRun";"F:\Daten\Älter\Bilder\Ai Generated\1 (406).png";"E:\OpenCloud\Persönlich (2)\Fotos\AI Art\Ai Generated\1 (406).png";"2789859";"3EF77F1F2699FBD4BDC115BF719D5A63A810D51ACB1C5D2B18D8CB816476B00C";"3EF77F1F2699FBD4BDC115BF719D5A63A810D51ACB1C5D2B18D8CB816476B00C";"Würde gelöscht werden"
"2026-09-28 23:24:34";"DryRun";"F:\Daten\Älter\Bilder\Ai Generated\1 (407).png";"E:\OpenCloud\Persönlich (2)\Fotos\AI Art\Ai Generated\1 (407).png";"2779887";"10868D817132F04D6F2D0CD4286256754FCA55D408359AD52E44B5A938166A0D";"10868D817132F04D6F2D0CD4286256754FCA55D408359AD52E44B5A938166A0D";"Würde gelöscht werden"
"2026-09-28 23:24:34";"DryRun";"F:\Daten\Älter\Bilder\Ai Generated\1 (408).png";"E:\OpenCloud\Persönlich (2)\Fotos\AI Art\Ai Generated\1 (408).png";"2590838";"CD41AE7F22D77BC86BA2BE2D580D8DBDC3BC9F26EE0AF9BD0C8314213A1CF7CE";"CD41AE7F22D77BC86BA2BE2D580D8DBDC3BC9F26EE0AF9BD0C8314213A1CF7CE";"Würde gelöscht werden"
"2026-09-28 23:24:34";"DryRun";"F:\Daten\Älter\Bilder\Ai Generated\1 (409).png";"E:\OpenCloud\Persönlich (2)\Fotos\AI Art\Ai Generated\1 (409).png";"9076280";"9A464315B66F2C709F7DEFB548173C3D5894C8B0D609218A0C690FC1BE3A6157";"9A464315B66F2C709F7DEFB548173C3D5894C8B0D609218A0C690FC1BE3A6157";"Würde gelöscht werden"
"2026-09-28 23:24:34";"DryRun";"F:\Daten\Älter\Bilder\Ai Generated\1 (410).png";"E:\OpenCloud\Persönlich (2)\Fotos\AI Art\Ai Generated\1 (410).png";"2864892";"E524853EBCDB0B1560B88E3F714D0928DCD9D7142C41D9F70ADA7A19296D7B4A";"E524853EBCDB0B1560B88E3F714D0928DCD9D7142C41D9F70ADA7A19296D7B4A";"Würde gelöscht werden"
"2026-09-28 23:24:34";"DryRun";"F:\Daten\Älter\Bilder\Ai Generated\1 (411).png";"E:\OpenCloud\Persönlich (2)\Fotos\AI Art\Ai Generated\1 (411).png";"2949577";"2C0B0988B96146D855B366748EC664277D9A6D567BFB21B36479DF8DB5BB4015";"2C0B0988B96146D855B366748EC664277D9A6D567BFB21B36479DF8DB5BB4015";"Würde gelöscht werden"
"2026-09-28 23:24:35";"DryRun";"F:\Daten\Älter\Bilder\Ai Generated\1 (42).png";"E:\OpenCloud\Persönlich (2)\Fotos\AI Art\Ai Generated\1 (42).png";"2947012";"EC9F8B9A4ACD8A89E9BCB943E9060B5DB2E467191B6809DE4E4F8543FB80BBE5";"EC9F8B9A4ACD8A89E9BCB943E9060B5DB2E467191B6809DE4E4F8543FB80BBE5";"Würde gelöscht werden"
"2026-09-28 23:24:35";"DryRun";"F:\Daten\Älter\Bilder\Ai Generated\1 (424).png";"E:\OpenCloud\Persönlich (2)\Fotos\AI Art\Ai Generated\1 (424).png";"3680107";"A8999B3D88D23C78B96EF42D8BC10CEA879CDFA5F10EAE6CEAEB20CC682B78B5";"A8999B3D88D23C78B96EF42D8BC10CEA879CDFA5F10EAE6CEAEB20CC682B78B5";"Würde gelöscht werden"
"2026-09-28 23:24:35";"DryRun";"F:\Daten\Älter\Bilder\Ai Generated\1 (429).png";"E:\OpenCloud\Persönlich (2)\Fotos\AI Art\Ai Generated\1 (429).png";"3637434";"DCC4E03A4A9CC2E4AA2FF46769DAD6651830C8F53164CA6CDC0BFA0FF4DACCD4";"DCC4E03A4A9CC2E4AA2FF46769DAD6651830C8F53164CA6CDC0BFA0FF4DACCD4";"Würde gelöscht werden"
"2026-09-28 23:24:35";"DryRun";"F:\Daten\Älter\Bilder\Ai Generated\1 (430).png";"E:\OpenCloud\Persönlich (2)\Fotos\AI Art\Ai Generated\1 (430).png";"3403138";"F21E89DB0FC9A47EA279AB250592A9DB31F832BB341F80F623180624E7519DBC";"F21E89DB0FC9A47EA279AB250592A9DB31F832BB341F80F623180624E7519DBC";"Würde gelöscht werden"
"2026-09-28 23:24:35";"DryRun";"F:\Daten\Älter\Bilder\Ai Generated\1 (432).png";"E:\OpenCloud\Persönlich (2)\Fotos\AI Art\Ai Generated\1 (432).png";"2925268";"A3CCCD00C8B83DF5CD5896B92BE780451020B2755D6F9D9123BA456768A00805";"A3CCCD00C8B83DF5CD5896B92BE780451020B2755D6F9D9123BA456768A00805";"Würde gelöscht werden"
"2026-09-28 23:24:35";"DryRun";"F:\Daten\Älter\Bilder\Ai Generated\1 (433).png";"E:\OpenCloud\Persönlich (2)\Fotos\AI Art\Ai Generated\1 (433).png";"3089502";"D09BF3579F8FF801BF54C7E3CF176DA461B333FA0F8AD6293F3670680D4A89D2";"D09BF3579F8FF801BF54C7E3CF176DA461B333FA0F8AD6293F3670680D4A89D2";"Würde gelöscht werden"
"2026-09-28 23:24:35";"DryRun";"F:\Daten\Älter\Bilder\Ai Generated\1 (434).png";"E:\OpenCloud\Persönlich (2)\Fotos\AI Art\Ai Generated\1 (434).png";"2777214";"C00D6880183E74F145CAF9D09169F3ED3CA273A33C0A6B824C72705E4FEFC9DA";"C00D6880183E74F145CAF9D09169F3ED3CA273A33C0A6B824C72705E4FEFC9DA";"Würde gelöscht werden"
"2026-09-28 23:24:35";"DryRun";"F:\Daten\Älter\Bilder\Ai Generated\1 (435).png";"E:\OpenCloud\Persönlich (2)\Fotos\AI Art\Ai Generated\1 (435).png";"2851786";"CD339D3C7D308D41BC694A824F4766A868DA65AE280B0693353D2401A72C0E2D";"CD339D3C7D308D41BC694A824F4766A868DA65AE280B0693353D2401A72C0E2D";"Würde gelöscht werden"
"2026-09-28 23:24:35";"DryRun";"F:\Daten\Älter\Bilder\Ai Generated\1 (436).png";"E:\OpenCloud\Persönlich (2)\Fotos\AI Art\Ai Generated\1 (436).png";"3146455";"B0D52F9380B916FDD19FBB9A9EC6461B3702373603221F3C9EAB6EC46F901187";"B0D52F9380B916FDD19FBB9A9EC6461B3702373603221F3C9EAB6EC46F901187";"Würde gelöscht werden"
"2026-09-28 23:24:35";"DryRun";"F:\Daten\Älter\Bilder\Ai Generated\1 (437).png";"E:\OpenCloud\Persönlich (2)\Fotos\AI Art\Ai Generated\1 (437).png";"2581955";"9BE3B816821FB8687F0FC8F74281D80A0A564BB1B8B3B739DE5165788C477DD4";"9BE3B816821FB8687F0FC8F74281D80A0A564BB1B8B3B739DE5165788C477DD4";"Würde gelöscht werden"
"2026-09-28 23:24:35";"DryRun";"F:\Daten\Älter\Bilder\Ai Generated\1 (438).png";"E:\OpenCloud\Persönlich (2)\Fotos\AI Art\Ai Generated\1 (438).png";"2147345";"0600B8BB0D34C73DD336FCEF56EA10BF330F062D9B9310A94B2046185E0869C0";"0600B8BB0D34C73DD336FCEF56EA10BF330F062D9B9310A94B2046185E0869C0";"Würde gelöscht werden"
"2026-09-28 23:24:35";"DryRun";"F:\Daten\Älter\Bilder\Ai Generated\1 (44).png";"E:\OpenCloud\Persönlich (2)\Fotos\AI Art\Ai Generated\1 (44).png";"2524976";"4B0FB5D0A2BF3E377D92DA9031B96147E2668C89BA056633789CA71C34EA17DB";"4B0FB5D0A2BF3E377D92DA9031B96147E2668C89BA056633789CA71C34EA17DB";"Würde gelöscht werden"
"2026-09-28 23:24:35";"DryRun";"F:\Daten\Älter\Bilder\Ai Generated\1 (440).png";"E:\OpenCloud\Persönlich (2)\Fotos\AI Art\Ai Generated\1 (440).png";"2855835";"4811DF6555ADA31F39F17C92708020383F46EF31A65F803D4B366A9D88CBCC3C";"4811DF6555ADA31F39F17C92708020383F46EF31A65F803D4B366A9D88CBCC3C";"Würde gelöscht werden"
"2026-09-28 23:24:35";"DryRun";"F:\Daten\Älter\Bilder\Ai Generated\1 (441).png";"E:\OpenCloud\Persönlich (2)\Fotos\AI Art\Ai Generated\1 (441).png";"2826605";"E50E8D3CEC71E0610E4A5E929336FBA7C08B79A4E4B3E3F74923652053BDBA0F";"E50E8D3CEC71E0610E4A5E929336FBA7C08B79A4E4B3E3F74923652053BDBA0F";"Würde gelöscht werden"
"2026-09-28 23:24:35";"DryRun";"F:\Daten\Älter\Bilder\Ai Generated\1 (449).png";"E:\OpenCloud\Persönlich (2)\Fotos\AI Art\Ai Generated\1 (449).png";"2727410";"AFCBBD194D6C3F9F734305D3AEABAF0741FB845ABBD9EBAF1C675F35AE911DB8";"AFCBBD194D6C3F9F734305D3AEABAF0741FB845ABBD9EBAF1C675F35AE911DB8";"Würde gelöscht werden"
"2026-09-28 23:24:35";"DryRun";"F:\Daten\Älter\Bilder\Ai Generated\1 (450).png";"E:\OpenCloud\Persönlich (2)\Fotos\AI Art\Ai Generated\1 (450).png";"1299133";"8599749D90B313F3FB7750132294274EB701C654B58A4ED7572A4F5E335090BB";"8599749D90B313F3FB7750132294274EB701C654B58A4ED7572A4F5E335090BB";"Würde gelöscht werden"
"2026-09-28 23:24:35";"DryRun";"F:\Daten\Älter\Bilder\Ai Generated\1 (451).png";"E:\OpenCloud\Persönlich (2)\Fotos\AI Art\Ai Generated\1 (451).png";"3032915";"6A6BCECD3798D55C2E86490901425CB2E7222BB6D1C34E5620C1603BE8491428";"6A6BCECD3798D55C2E86490901425CB2E7222BB6D1C34E5620C1603BE8491428";"Würde gelöscht werden"
"2026-09-28 23:24:36";"DryRun";"F:\Daten\Älter\Bilder\Ai Generated\1 (452).png";"E:\OpenCloud\Persönlich (2)\Fotos\AI Art\Ai Generated\1 (452).png";"2996871";"0F48ED2010735E1DFCA8A09680152766659E213384D990FB48A1ED4BBBD02E85";"0F48ED2010735E1DFCA8A09680152766659E213384D990FB48A1ED4BBBD02E85";"Würde gelöscht werden"
"2026-09-28 23:24:36";"DryRun";"F:\Daten\Älter\Bilder\Ai Generated\1 (453).png";"E:\OpenCloud\Persönlich (2)\Fotos\AI Art\Ai Generated\1 (453).png";"2937087";"4E7C45B6A941A9F4A3F51431539728C325AD80D0BE747D0292F545D74D6AA9E1";"4E7C45B6A941A9F4A3F51431539728C325AD80D0BE747D0292F545D74D6AA9E1";"Würde gelöscht werden"
"2026-09-28 23:24:36";"DryRun";"F:\Daten\Älter\Bilder\Ai Generated\1 (454).png";"E:\OpenCloud\Persönlich (2)\Fotos\AI Art\Ai Generated\1 (454).png";"2984434";"7F505B52A91F72F4FAD91FC88A733844AB9FF89FD011B4307A60F5CC50536DAB";"7F505B52A91F72F4FAD91FC88A733844AB9FF89FD011B4307A60F5CC50536DAB";"Würde gelöscht werden"
"2026-09-28 23:24:36";"DryRun";"F:\Daten\Älter\Bilder\Ai Generated\1 (455).png";"E:\OpenCloud\Persönlich (2)\Fotos\AI Art\Ai Generated\1 (455).png";"2461571";"7756E8AD83C28CF5BDF42FD822ED479FE356B48FB2A6EDE79CBD0C4B23A1439A";"7756E8AD83C28CF5BDF42FD822ED479FE356B48FB2A6EDE79CBD0C4B23A1439A";"Würde gelöscht werden"
"2026-09-28 23:24:36";"DryRun";"F:\Daten\Älter\Bilder\Ai Generated\1 (456).png";"E:\OpenCloud\Persönlich (2)\Fotos\AI Art\Ai Generated\1 (456).png";"2893359";"3A5BEFCF795AFE43DCC3322BAEAA8732AF5B99F7E3CD588AAB1DF61B759DFCF5";"3A5BEFCF795AFE43DCC3322BAEAA8732AF5B99F7E3CD588AAB1DF61B759DFCF5";"Würde gelöscht werden"
"2026-09-28 23:24:36";"DryRun";"F:\Daten\Älter\Bilder\Ai Generated\1 (457).png";"E:\OpenCloud\Persönlich (2)\Fotos\AI Art\Ai Generated\1 (457).png";"2781236";"7EB1F8BC68C97B37E2F9D0236843A8F7CC6D4C17759B9A5EEFD2D708F3A140FD";"7EB1F8BC68C97B37E2F9D0236843A8F7CC6D4C17759B9A5EEFD2D708F3A140FD";"Würde gelöscht werden"
"2026-09-28 23:24:36";"DryRun";"F:\Daten\Älter\Bilder\Ai Generated\1 (458).png";"E:\OpenCloud\Persönlich (2)\Fotos\AI Art\Ai Generated\1 (458).png";"3033213";"274915A8BB38391C475E2D0E81851D78E2ACF3826607359C3BC5B77A835BD451";"274915A8BB38391C475E2D0E81851D78E2ACF3826607359C3BC5B77A835BD451";"Würde gelöscht werden"
"2026-09-28 23:24:36";"DryRun";"F:\Daten\Älter\Bilder\Ai Generated\1 (459).png";"E:\OpenCloud\Persönlich (2)\Fotos\AI Art\Ai Generated\1 (459).png";"3203272";"56A7A9DD538774F9372D99E158113E361B30C6C2EB464A9FA871EB3D6A7702CF";"56A7A9DD538774F9372D99E158113E361B30C6C2EB464A9FA871EB3D6A7702CF";"Würde gelöscht werden"
"2026-09-28 23:24:36";"DryRun";"F:\Daten\Älter\Bilder\Ai Generated\1 (460).png";"E:\OpenCloud\Persönlich (2)\Fotos\AI Art\Ai Generated\1 (460).png";"3889511";"CC1F3F2990F3F10000ABA2CDAF8737B57BD994B7BBD7DB9BFE83F2BBC8ABAD73";"CC1F3F2990F3F10000ABA2CDAF8737B57BD994B7BBD7DB9BFE83F2BBC8ABAD73";"Würde gelöscht werden"
"2026-09-28 23:24:36";"DryRun";"F:\Daten\Älter\Bilder\Ai Generated\1 (461).png";"E:\OpenCloud\Persönlich (2)\Fotos\AI Art\Ai Generated\1 (461).png";"3125717";"8ACEABAA77326080AE8FE7EEA61B0970492AFF1D7B577BCE98CEB0E525A3E7FB";"8ACEABAA77326080AE8FE7EEA61B0970492AFF1D7B577BCE98CEB0E525A3E7FB";"Würde gelöscht werden"
"2026-09-28 23:24:36";"DryRun";"F:\Daten\Älter\Bilder\Ai Generated\1 (463).png";"E:\OpenCloud\Persönlich (2)\Fotos\AI Art\Ai Generated\1 (463).png";"3659718";"F30098EB8B319EE1A947C2523D7D7A36E4CBCCFEBE2ACCD05227CB4E59A15C0F";"F30098EB8B319EE1A947C2523D7D7A36E4CBCCFEBE2ACCD05227CB4E59A15C0F";"Würde gelöscht werden"
"2026-09-28 23:24:36";"DryRun";"F:\Daten\Älter\Bilder\Ai Generated\1 (464).png";"E:\OpenCloud\Persönlich (2)\Fotos\AI Art\Ai Generated\1 (464).png";"2590838";"CD41AE7F22D77BC86BA2BE2D580D8DBDC3BC9F26EE0AF9BD0C8314213A1CF7CE";"CD41AE7F22D77BC86BA2BE2D580D8DBDC3BC9F26EE0AF9BD0C8314213A1CF7CE";"Würde gelöscht werden"
"2026-09-28 23:24:36";"DryRun";"F:\Daten\Älter\Bilder\Ai Generated\1 (469).png";"E:\OpenCloud\Persönlich (2)\Fotos\AI Art\Ai Generated\1 (469).png";"2592902";"F35EFB376E2BF84F018E2E3255DDC5F7606098EDB38BFEAAA4B54502F93598A8";"F35EFB376E2BF84F018E2E3255DDC5F7606098EDB38BFEAAA4B54502F93598A8";"Würde gelöscht werden"
"2026-09-28 23:24:36";"DryRun";"F:\Daten\Älter\Bilder\Ai Generated\1 (47).png";"E:\OpenCloud\Persönlich (2)\Fotos\AI Art\Ai Generated\1 (47).png";"2060613";"39BED17A26BA26017FD95AFD24316DCBCB5A0DF8C288044D006B0A5D8A665808";"39BED17A26BA26017FD95AFD24316DCBCB5A0DF8C288044D006B0A5D8A665808";"Würde gelöscht werden"
"2026-09-28 23:24:36";"DryRun";"F:\Daten\Älter\Bilder\Ai Generated\1 (475).png";"E:\OpenCloud\Persönlich (2)\Fotos\AI Art\Ai Generated\1 (475).png";"115036";"20A5A2EF86DFE6748A51F23F7C2DBFBBA5C143DBDBDD3367EF432EC95D8CAB80";"20A5A2EF86DFE6748A51F23F7C2DBFBBA5C143DBDBDD3367EF432EC95D8CAB80";"Würde gelöscht werden"
"2026-09-28 23:24:36";"DryRun";"F:\Daten\Älter\Bilder\Ai Generated\1 (478).png";"E:\OpenCloud\Persönlich (2)\Fotos\AI Art\Ai Generated\1 (478).png";"2912828";"D2ADF0BCC09044E477C50EE9106A9A822C06719408041BF6E0433A0735CE040E";"D2ADF0BCC09044E477C50EE9106A9A822C06719408041BF6E0433A0735CE040E";"Würde gelöscht werden"
"2026-09-28 23:24:36";"DryRun";"F:\Daten\Älter\Bilder\Ai Generated\1 (480).png";"E:\OpenCloud\Persönlich (2)\Fotos\AI Art\Ai Generated\1 (480).png";"2633854";"E12BC27E3FEDDDF76EC119B0A128ECA525034EDCAA08CF5E9861D1531FF75D4F";"E12BC27E3FEDDDF76EC119B0A128ECA525034EDCAA08CF5E9861D1531FF75D4F";"Würde gelöscht werden"
"2026-09-28 23:24:36";"DryRun";"F:\Daten\Älter\Bilder\Ai Generated\1 (482).png";"E:\OpenCloud\Persönlich (2)\Fotos\AI Art\Ai Generated\1 (482).png";"2951770";"BFDCB1E4161C54D367B76DD46CAA1B6B00993EDB45AB4BEDC491E82A56F10C3A";"BFDCB1E4161C54D367B76DD46CAA1B6B00993EDB45AB4BEDC491E82A56F10C3A";"Würde gelöscht werden"
"2026-09-28 23:24:36";"DryRun";"F:\Daten\Älter\Bilder\Ai Generated\1 (483).png";"E:\OpenCloud\Persönlich (2)\Fotos\AI Art\Ai Generated\1 (483).png";"2847163";"C8F53696A2D719BF70A956F18F69A2BFC11F12538F019EF228D33C1277DC3D8D";"C8F53696A2D719BF70A956F18F69A2BFC11F12538F019EF228D33C1277DC3D8D";"Würde gelöscht werden"
"2026-09-28 23:24:36";"DryRun";"F:\Daten\Älter\Bilder\Ai Generated\1 (485).png";"E:\OpenCloud\Persönlich (2)\Fotos\AI Art\Ai Generated\1 (485).png";"2531994";"F7B52DFB3DDA448A41712874399722D715654E362BCDB6B8C32C8155256FC3A0";"F7B52DFB3DDA448A41712874399722D715654E362BCDB6B8C32C8155256FC3A0";"Würde gelöscht werden"
"2026-09-28 23:24:36";"DryRun";"F:\Daten\Älter\Bilder\Ai Generated\1 (487).png";"E:\OpenCloud\Persönlich (2)\Fotos\AI Art\Ai Generated\1 (487).png";"1305441";"9B8531401AC650769E44AF0D2B162165A10604AF80945078A60EFBAF858DEC48";"9B8531401AC650769E44AF0D2B162165A10604AF80945078A60EFBAF858DEC48";"Würde gelöscht werden"
"2026-09-28 23:24:37";"DryRun";"F:\Daten\Älter\Bilder\Ai Generated\1 (49).png";"E:\OpenCloud\Persönlich (2)\Fotos\AI Art\Ai Generated\1 (49).png";"2733359";"112C64D3A5042640E889483A5B88C4FB7FD06F260C6BB20C17C2094B51FF6EBD";"112C64D3A5042640E889483A5B88C4FB7FD06F260C6BB20C17C2094B51FF6EBD";"Würde gelöscht werden"
"2026-09-28 23:24:37";"DryRun";"F:\Daten\Älter\Bilder\Ai Generated\1 (490).png";"E:\OpenCloud\Persönlich (2)\Fotos\AI Art\Ai Generated\1 (490).png";"2470669";"677A3EFAA48A1C2A23196F5ED0C318A678C12AEEBA2EEEBF201FC5304FBCDD16";"677A3EFAA48A1C2A23196F5ED0C318A678C12AEEBA2EEEBF201FC5304FBCDD16";"Würde gelöscht werden"
"2026-09-28 23:24:37";"DryRun";"F:\Daten\Älter\Bilder\Ai Generated\1 (491).png";"E:\OpenCloud\Persönlich (2)\Fotos\AI Art\Ai Generated\1 (491).png";"2890342";"C50F5F62D75F4850D716273A3E642796BECA1375987D36D034321AE5ABA06D2D";"C50F5F62D75F4850D716273A3E642796BECA1375987D36D034321AE5ABA06D2D";"Würde gelöscht werden"
"2026-09-28 23:24:37";"DryRun";"F:\Daten\Älter\Bilder\Ai Generated\1 (493).png";"E:\OpenCloud\Persönlich (2)\Fotos\AI Art\Ai Generated\1 (493).png";"1130849";"FB0DFEC7877011FDFD089F4F5E7CF39E528C4475ACADA0F2D8AE73F6B7B4FF92";"FB0DFEC7877011FDFD089F4F5E7CF39E528C4475ACADA0F2D8AE73F6B7B4FF92";"Würde gelöscht werden"
"2026-09-28 23:24:37";"DryRun";"F:\Daten\Älter\Bilder\Ai Generated\1 (497).png";"E:\OpenCloud\Persönlich (2)\Fotos\AI Art\Ai Generated\1 (497).png";"2403076";"031EBC7DCCDCEF7648A75F1349C4E76B98197138312E00D30EA8D1680E433F52";"031EBC7DCCDCEF7648A75F1349C4E76B98197138312E00D30EA8D1680E433F52";"Würde gelöscht werden"
"2026-09-28 23:24:37";"DryRun";"F:\Daten\Älter\Bilder\Ai Generated\1 (498).png";"E:\OpenCloud\Persönlich (2)\Fotos\AI Art\Ai Generated\1 (498).png";"3005119";"E35DCB639C8EE873B188B8BF7C8E4A366F0D44914A69289D55750BD6A8498DCE";"E35DCB639C8EE873B188B8BF7C8E4A366F0D44914A69289D55750BD6A8498DCE";"Würde gelöscht werden"
"2026-09-28 23:24:37";"DryRun";"F:\Daten\Älter\Bilder\Ai Generated\1 (503).png";"E:\OpenCloud\Persönlich (2)\Fotos\AI Art\Ai Generated\1 (503).png";"2523746";"CF58ED264AC78B74D4CDD8E795EC2DC4E7FC85BDEC28BC23E31608C42525FC77";"CF58ED264AC78B74D4CDD8E795EC2DC4E7FC85BDEC28BC23E31608C42525FC77";"Würde gelöscht werden"
"2026-09-28 23:24:37";"DryRun";"F:\Daten\Älter\Bilder\Ai Generated\1 (508).png";"E:\OpenCloud\Persönlich (2)\Fotos\AI Art\Ai Generated\1 (508).png";"1432996";"3FF3041016B740B3A98DB1752668097137B7F9AC3ADAB08E4F568C8ED22DC22B";"3FF3041016B740B3A98DB1752668097137B7F9AC3ADAB08E4F568C8ED22DC22B";"Würde gelöscht werden"
"2026-09-28 23:24:37";"DryRun";"F:\Daten\Älter\Bilder\Ai Generated\1 (511).png";"E:\OpenCloud\Persönlich (2)\Fotos\AI Art\Ai Generated\1 (511).png";"3098335";"F304DBE454A5BA27188F29FE5A617A397DE959F540D6C4F90024739E22D8441A";"F304DBE454A5BA27188F29FE5A617A397DE959F540D6C4F90024739E22D8441A";"Würde gelöscht werden"
"2026-09-28 23:24:37";"DryRun";"F:\Daten\Älter\Bilder\Ai Generated\1 (512).png";"E:\OpenCloud\Persönlich (2)\Fotos\AI Art\Ai Generated\1 (512).png";"2921353";"A4E8E6A5ED3AD38DFFB4834837B856FB2EC6976BA17684CEF9F9309DE3741A65";"A4E8E6A5ED3AD38DFFB4834837B856FB2EC6976BA17684CEF9F9309DE3741A65";"Würde gelöscht werden"
"2026-09-28 23:24:37";"DryRun";"F:\Daten\Älter\Bilder\Ai Generated\1 (514).png";"E:\OpenCloud\Persönlich (2)\Fotos\AI Art\Ai Generated\1 (514).png";"3677160";"3AA7BB02764AFBB93FD2746508B303C7E03DD4BF961036DA54C02862A023B3A0";"3AA7BB02764AFBB93FD2746508B303C7E03DD4BF961036DA54C02862A023B3A0";"Würde gelöscht werden"
"2026-09-28 23:24:37";"DryRun";"F:\Daten\Älter\Bilder\Ai Generated\1 (515).png";"E:\OpenCloud\Persönlich (2)\Fotos\AI Art\Ai Generated\1 (515).png";"3038007";"CB4F17F3B9A2029575CF548BB5CB89BCBF47CDD8556D2E692E7BFED3B2D7AE58";"CB4F17F3B9A2029575CF548BB5CB89BCBF47CDD8556D2E692E7BFED3B2D7AE58";"Würde gelöscht werden"
"2026-09-28 23:24:37";"DryRun";"F:\Daten\Älter\Bilder\Ai Generated\1 (516).png";"E:\OpenCloud\Persönlich (2)\Fotos\AI Art\Ai Generated\1 (516).png";"2915685";"F53002A73C3566891C20301DC7E546EC5CD92B82F058DF0428B2930E881B23D2";"F53002A73C3566891C20301DC7E546EC5CD92B82F058DF0428B2930E881B23D2";"Würde gelöscht werden"
"2026-09-28 23:24:37";"DryRun";"F:\Daten\Älter\Bilder\Ai Generated\1 (519).png";"E:\OpenCloud\Persönlich (2)\Fotos\AI Art\Ai Generated\1 (519).png";"1689611";"06D02EFC2628BC000CF8BCFB9C19A22B668F458FE61433A28AB045C4BB0B92FE";"06D02EFC2628BC000CF8BCFB9C19A22B668F458FE61433A28AB045C4BB0B92FE";"Würde gelöscht werden"
"2026-09-28 23:24:37";"DryRun";"F:\Daten\Älter\Bilder\Ai Generated\1 (521).png";"E:\OpenCloud\Persönlich (2)\Fotos\AI Art\Ai Generated\1 (521).png";"2776490";"383F0E0D5EAD0A7BE32961E96AF4E37EFDD3927C161EDA132B0C5665B58F15DD";"383F0E0D5EAD0A7BE32961E96AF4E37EFDD3927C161EDA132B0C5665B58F15DD";"Würde gelöscht werden"
"2026-09-28 23:24:37";"DryRun";"F:\Daten\Älter\Bilder\Ai Generated\1 (522).png";"E:\OpenCloud\Persönlich (2)\Fotos\AI Art\Ai Generated\1 (522).png";"3015459";"545ABEFA16C789AC6DA69510BBBCF806EAB7DE333EE545B65E00809C55C18D23";"545ABEFA16C789AC6DA69510BBBCF806EAB7DE333EE545B65E00809C55C18D23";"Würde gelöscht werden"
"2026-09-28 23:24:37";"DryRun";"F:\Daten\Älter\Bilder\Ai Generated\1 (523).png";"E:\OpenCloud\Persönlich (2)\Fotos\AI Art\Ai Generated\1 (523).png";"1197637";"5AEEF99D3B06997FFE6E48C5EE09E387969E1F4D881B6D9FDC29B7732A16689B";"5AEEF99D3B06997FFE6E48C5EE09E387969E1F4D881B6D9FDC29B7732A16689B";"Würde gelöscht werden"
"2026-09-28 23:24:37";"DryRun";"F:\Daten\Älter\Bilder\Ai Generated\1 (524).png";"E:\OpenCloud\Persönlich (2)\Fotos\AI Art\Ai Generated\1 (524).png";"1329837";"10536860CDE3EA0892DAD7C79DA95EEE1770F512A07ADE0A0090371997E7B30A";"10536860CDE3EA0892DAD7C79DA95EEE1770F512A07ADE0A0090371997E7B30A";"Würde gelöscht werden"
"2026-09-28 23:24:37";"DryRun";"F:\Daten\Älter\Bilder\Ai Generated\1 (525).png";"E:\OpenCloud\Persönlich (2)\Fotos\AI Art\Ai Generated\1 (525).png";"1084803";"CA2AB0292C08DBFA2707B053A1117BBD84E756D27EF7FD156A9C0ED42E885922";"CA2AB0292C08DBFA2707B053A1117BBD84E756D27EF7FD156A9C0ED42E885922";"Würde gelöscht werden"
"2026-09-28 23:24:37";"DryRun";"F:\Daten\Älter\Bilder\Ai Generated\1 (526).png";"E:\OpenCloud\Persönlich (2)\Fotos\AI Art\Ai Generated\1 (526).png";"1310856";"CBB0F075C5CCD9F40F167A8702084DAF57F3FE9B0C29F27ED84181D9023BF309";"CBB0F075C5CCD9F40F167A8702084DAF57F3FE9B0C29F27ED84181D9023BF309";"Würde gelöscht werden"
"2026-09-28 23:24:37";"DryRun";"F:\Daten\Älter\Bilder\Ai Generated\1 (527).png";"E:\OpenCloud\Persönlich (2)\Fotos\AI Art\Ai Generated\1 (527).png";"1306782";"3E2D966CF14BCD38CDD96DFC1B5424EA5BF26471DA3860CCAB4A37551A5C65E5";"3E2D966CF14BCD38CDD96DFC1B5424EA5BF26471DA3860CCAB4A37551A5C65E5";"Würde gelöscht werden"
"2026-09-28 23:24:38";"DryRun";"F:\Daten\Älter\Bilder\Ai Generated\1 (528).png";"E:\OpenCloud\Persönlich (2)\Fotos\AI Art\Ai Generated\1 (528).png";"1239174";"BE4C800444E857E07E5DDBE71E7D3BFBDFC0A81EEDF9FD1517C1CA6E36ED5E2F";"BE4C800444E857E07E5DDBE71E7D3BFBDFC0A81EEDF9FD1517C1CA6E36ED5E2F";"Würde gelöscht werden"
"2026-09-28 23:24:38";"DryRun";"F:\Daten\Älter\Bilder\Ai Generated\1 (530).png";"E:\OpenCloud\Persönlich (2)\Fotos\AI Art\Ai Generated\1 (530).png";"1384734";"BD68D099B2E6452C951A4F3F0CB2223FBEFC55EDA56A1C541184BD158E706303";"BD68D099B2E6452C951A4F3F0CB2223FBEFC55EDA56A1C541184BD158E706303";"Würde gelöscht werden"
"2026-09-28 23:24:38";"DryRun";"F:\Daten\Älter\Bilder\Ai Generated\1 (531).png";"E:\OpenCloud\Persönlich (2)\Fotos\AI Art\Ai Generated\1 (531).png";"2698114";"0648E4BD934163EB6116A4E8C29A0AE184B1E38D4B7E2DC5DC5CD57E86A217C9";"0648E4BD934163EB6116A4E8C29A0AE184B1E38D4B7E2DC5DC5CD57E86A217C9";"Würde gelöscht werden"
"2026-09-28 23:24:38";"DryRun";"F:\Daten\Älter\Bilder\Ai Generated\1 (533).png";"E:\OpenCloud\Persönlich (2)\Fotos\AI Art\Ai Generated\1 (533).png";"1107327";"F833B44EB213F0280596E72D690E02BB52A705563839146F2D975148FB4935FB";"F833B44EB213F0280596E72D690E02BB52A705563839146F2D975148FB4935FB";"Würde gelöscht werden"
"2026-09-28 23:24:38";"DryRun";"F:\Daten\Älter\Bilder\Ai Generated\1 (535).png";"E:\OpenCloud\Persönlich (2)\Fotos\AI Art\Ai Generated\1 (535).png";"955744";"F0432D8131F7EC42383AF7ADF8701E9F88CEC61A805CB6AB2FE6763245F62A92";"F0432D8131F7EC42383AF7ADF8701E9F88CEC61A805CB6AB2FE6763245F62A92";"Würde gelöscht werden"
"2026-09-28 23:24:38";"DryRun";"F:\Daten\Älter\Bilder\Ai Generated\1 (536).png";"E:\OpenCloud\Persönlich (2)\Fotos\AI Art\Ai Generated\1 (536).png";"2841643";"F9490817DB43047B382DA91D70A403C83A78BC23F274BE41026A724ACC671D0A";"F9490817DB43047B382DA91D70A403C83A78BC23F274BE41026A724ACC671D0A";"Würde gelöscht werden"
"2026-09-28 23:24:38";"DryRun";"F:\Daten\Älter\Bilder\Ai Generated\1 (537).png";"E:\OpenCloud\Persönlich (2)\Fotos\AI Art\Ai Generated\1 (537).png";"2897430";"0840F5B0542CBF5C239DE3BF67E30F0412A5576A64739DF76BC7A738F719C6D1";"0840F5B0542CBF5C239DE3BF67E30F0412A5576A64739DF76BC7A738F719C6D1";"Würde gelöscht werden"
"2026-09-28 23:24:38";"DryRun";"F:\Daten\Älter\Bilder\Ai Generated\1 (539).png";"E:\OpenCloud\Persönlich (2)\Fotos\AI Art\Ai Generated\1 (539).png";"2905816";"4C882C4E9075094D5DDA01B7EA4679E3C0A7601695C867057CDBDC1AB1D8C404";"4C882C4E9075094D5DDA01B7EA4679E3C0A7601695C867057CDBDC1AB1D8C404";"Würde gelöscht werden"
"2026-09-28 23:24:38";"DryRun";"F:\Daten\Älter\Bilder\Ai Generated\1 (54).png";"E:\OpenCloud\Persönlich (2)\Fotos\AI Art\Ai Generated\1 (54).png";"3085968";"B389A4D76A8ED50EC95774F454FAF7276706A6C299332B1518ACC78C0394883E";"B389A4D76A8ED50EC95774F454FAF7276706A6C299332B1518ACC78C0394883E";"Würde gelöscht werden"
"2026-09-28 23:24:38";"DryRun";"F:\Daten\Älter\Bilder\Ai Generated\1 (540).png";"E:\OpenCloud\Persönlich (2)\Fotos\AI Art\Ai Generated\1 (540).png";"1926391";"8DE1056CE56C2A4BE037C619517860FA0A365078D94A4FF267E6DC7E3A93FBE2";"8DE1056CE56C2A4BE037C619517860FA0A365078D94A4FF267E6DC7E3A93FBE2";"Würde gelöscht werden"
"2026-09-28 23:24:38";"DryRun";"F:\Daten\Älter\Bilder\Ai Generated\1 (541).png";"E:\OpenCloud\Persönlich (2)\Fotos\AI Art\Ai Generated\1 (541).png";"1373811";"471CDB92C8ABA757D1B79A581AE2D42131F9BAA7429C93457ECBC71DEB0EF080";"471CDB92C8ABA757D1B79A581AE2D42131F9BAA7429C93457ECBC71DEB0EF080";"Würde gelöscht werden"
"2026-09-28 23:24:38";"DryRun";"F:\Daten\Älter\Bilder\Ai Generated\1 (542).png";"E:\OpenCloud\Persönlich (2)\Fotos\AI Art\Ai Generated\1 (542).png";"1398252";"31336D46663039DBB981CA646DE24D897DB233A18E8AFEC4EF11DF885C1F98B9";"31336D46663039DBB981CA646DE24D897DB233A18E8AFEC4EF11DF885C1F98B9";"Würde gelöscht werden"
"2026-09-28 23:24:38";"DryRun";"F:\Daten\Älter\Bilder\Ai Generated\1 (544).png";"E:\OpenCloud\Persönlich (2)\Fotos\AI Art\Ai Generated\1 (544).png";"2114277";"58AEE577C4C4D9187A876D5431ADFA3170C12C03A7C4911A1AA5EEF5127FCE13";"58AEE577C4C4D9187A876D5431ADFA3170C12C03A7C4911A1AA5EEF5127FCE13";"Würde gelöscht werden"
"2026-09-28 23:24:38";"DryRun";"F:\Daten\Älter\Bilder\Ai Generated\1 (545).png";"E:\OpenCloud\Persönlich (2)\Fotos\AI Art\Ai Generated\1 (545).png";"3047378";"014AC3AFCF736760FD2AD8A626A062A62E85006F4E7C8F926D341BA99E8C0B72";"014AC3AFCF736760FD2AD8A626A062A62E85006F4E7C8F926D341BA99E8C0B72";"Würde gelöscht werden"
"2026-09-28 23:24:38";"DryRun";"F:\Daten\Älter\Bilder\Ai Generated\1 (546).png";"E:\OpenCloud\Persönlich (2)\Fotos\AI Art\Ai Generated\1 (546).png";"2934439";"EC481D1F5F2050C72DC2C2514185961A498CB2983092037AF70A54B216F43610";"EC481D1F5F2050C72DC2C2514185961A498CB2983092037AF70A54B216F43610";"Würde gelöscht werden"
"2026-09-28 23:24:38";"DryRun";"F:\Daten\Älter\Bilder\Ai Generated\1 (547).png";"E:\OpenCloud\Persönlich (2)\Fotos\AI Art\Ai Generated\1 (547).png";"2909587";"1CA3868086C886540A4B976B04B14C2FCE8DC1FE3ECBD584F8B22F008A52D419";"1CA3868086C886540A4B976B04B14C2FCE8DC1FE3ECBD584F8B22F008A52D419";"Würde gelöscht werden"
"2026-09-28 23:24:38";"DryRun";"F:\Daten\Älter\Bilder\Ai Generated\1 (548).png";"E:\OpenCloud\Persönlich (2)\Fotos\AI Art\Ai Generated\1 (548).png";"2935506";"715480A2C220410938C48A374059E83DF52E7001191CAAE78C2D60581B92BE37";"715480A2C220410938C48A374059E83DF52E7001191CAAE78C2D60581B92BE37";"Würde gelöscht werden"
"2026-09-28 23:24:38";"DryRun";"F:\Daten\Älter\Bilder\Ai Generated\1 (549).png";"E:\OpenCloud\Persönlich (2)\Fotos\AI Art\Ai Generated\1 (549).png";"2715621";"89CF220A1BD38C89E3E5C1505750285960EA7F53AD5F5B4499497B11E0FAFFBD";"89CF220A1BD38C89E3E5C1505750285960EA7F53AD5F5B4499497B11E0FAFFBD";"Würde gelöscht werden"
"2026-09-28 23:24:38";"DryRun";"F:\Daten\Älter\Bilder\Ai Generated\1 (55).png";"E:\OpenCloud\Persönlich (2)\Fotos\AI Art\Ai Generated\1 (55).png";"3292361";"9002C96D14B1831118193F15BBAB624989B97EFBE7ABFE0C61570A52E59E4EEB";"9002C96D14B1831118193F15BBAB624989B97EFBE7ABFE0C61570A52E59E4EEB";"Würde gelöscht werden"
"2026-09-28 23:24:38";"DryRun";"F:\Daten\Älter\Bilder\Ai Generated\1 (550).png";"E:\OpenCloud\Persönlich (2)\Fotos\AI Art\Ai Generated\1 (550).png";"2725963";"2A68E753063F0C17BF1C44333166F7F834A35698D7A83023010A2164AC5EB78E";"2A68E753063F0C17BF1C44333166F7F834A35698D7A83023010A2164AC5EB78E";"Würde gelöscht werden"
"2026-09-28 23:24:38";"DryRun";"F:\Daten\Älter\Bilder\Ai Generated\1 (551).png";"E:\OpenCloud\Persönlich (2)\Fotos\AI Art\Ai Generated\1 (551).png";"2817674";"1754165E6E7BFAFEEC7DEB79CA19F36F358D228FC2CBA15F634FD5BDEECF692A";"1754165E6E7BFAFEEC7DEB79CA19F36F358D228FC2CBA15F634FD5BDEECF692A";"Würde gelöscht werden"
"2026-09-28 23:24:38";"DryRun";"F:\Daten\Älter\Bilder\Ai Generated\1 (552).png";"E:\OpenCloud\Persönlich (2)\Fotos\AI Art\Ai Generated\1 (552).png";"2777830";"C9E4EFC00951CE95A73316DFFB6799E64C6475CB2928D62DBC8FBD953066D736";"C9E4EFC00951CE95A73316DFFB6799E64C6475CB2928D62DBC8FBD953066D736";"Würde gelöscht werden"
"2026-09-28 23:24:39";"DryRun";"F:\Daten\Älter\Bilder\Ai Generated\1 (553).png";"E:\OpenCloud\Persönlich (2)\Fotos\AI Art\Ai Generated\1 (553).png";"2784616";"D70371AAD46B1BBDB09068281C4312E70A4651CC0D4A6C2CFA3DD0AF295EF42C";"D70371AAD46B1BBDB09068281C4312E70A4651CC0D4A6C2CFA3DD0AF295EF42C";"Würde gelöscht werden"
"2026-09-28 23:24:39";"DryRun";"F:\Daten\Älter\Bilder\Ai Generated\1 (554).png";"E:\OpenCloud\Persönlich (2)\Fotos\AI Art\Ai Generated\1 (554).png";"2622338";"07E051B065C9FA26F5B5EB4074774108F8379D3EF46B0B8CE7E4E08C5A990343";"07E051B065C9FA26F5B5EB4074774108F8379D3EF46B0B8CE7E4E08C5A990343";"Würde gelöscht werden"
"2026-09-28 23:24:39";"DryRun";"F:\Daten\Älter\Bilder\Ai Generated\1 (555).png";"E:\OpenCloud\Persönlich (2)\Fotos\AI Art\Ai Generated\1 (555).png";"2854912";"1B9FF2F27F940C1463F3D75C0049C5483F2777105AAF93D2820E966BC9E51EB2";"1B9FF2F27F940C1463F3D75C0049C5483F2777105AAF93D2820E966BC9E51EB2";"Würde gelöscht werden"
"2026-09-28 23:24:39";"DryRun";"F:\Daten\Älter\Bilder\Ai Generated\1 (556).png";"E:\OpenCloud\Persönlich (2)\Fotos\AI Art\Ai Generated\1 (556).png";"3068235";"E7D8D967DC2A30353075C1258435DDA93FE09C3B27FACCBD071B716A9CAD3578";"E7D8D967DC2A30353075C1258435DDA93FE09C3B27FACCBD071B716A9CAD3578";"Würde gelöscht werden"
"2026-09-28 23:24:39";"DryRun";"F:\Daten\Älter\Bilder\Ai Generated\1 (557).png";"E:\OpenCloud\Persönlich (2)\Fotos\AI Art\Ai Generated\1 (557).png";"2998326";"E73C84B9967D587B8063EDAAD94BCD890EB9AE8D39A3F559D9FC9E04473847AC";"E73C84B9967D587B8063EDAAD94BCD890EB9AE8D39A3F559D9FC9E04473847AC";"Würde gelöscht werden"
"2026-09-28 23:24:39";"DryRun";"F:\Daten\Älter\Bilder\Ai Generated\1 (558).png";"E:\OpenCloud\Persönlich (2)\Fotos\AI Art\Ai Generated\1 (558).png";"2948179";"04495C43B26B2494CBB020D2C72894CF508081BCEAB9106FBDC60C8C87504F79";"04495C43B26B2494CBB020D2C72894CF508081BCEAB9106FBDC60C8C87504F79";"Würde gelöscht werden"
"2026-09-28 23:24:39";"DryRun";"F:\Daten\Älter\Bilder\Ai Generated\1 (559).png";"E:\OpenCloud\Persönlich (2)\Fotos\AI Art\Ai Generated\1 (559).png";"2890919";"43B7AE5769D3C8BCF0976033201253B48190BCD72BC5D7047F7CD5562D9B703C";"43B7AE5769D3C8BCF0976033201253B48190BCD72BC5D7047F7CD5562D9B703C";"Würde gelöscht werden"
"2026-09-28 23:24:39";"DryRun";"F:\Daten\Älter\Bilder\Ai Generated\1 (560).png";"E:\OpenCloud\Persönlich (2)\Fotos\AI Art\Ai Generated\1 (560).png";"3222349";"51118ACA0CCBC8CB68229FEAE81F9A7B485F4C52C4AA8D2DC4CEB9BEA93D7E96";"51118ACA0CCBC8CB68229FEAE81F9A7B485F4C52C4AA8D2DC4CEB9BEA93D7E96";"Würde gelöscht werden"
"2026-09-28 23:24:39";"DryRun";"F:\Daten\Älter\Bilder\Ai Generated\1 (562).png";"E:\OpenCloud\Persönlich (2)\Fotos\AI Art\Ai Generated\1 (562).png";"1783060";"CC20B4E36D18C4202B01A9CB1F5DBBCA11832CE2B915AB8D17785EC6ED0FF033";"CC20B4E36D18C4202B01A9CB1F5DBBCA11832CE2B915AB8D17785EC6ED0FF033";"Würde gelöscht werden"
"2026-09-28 23:24:39";"DryRun";"F:\Daten\Älter\Bilder\Ai Generated\1 (563).png";"E:\OpenCloud\Persönlich (2)\Fotos\AI Art\Ai Generated\1 (563).png";"1972604";"E990A5EA434CF076B220B26E2E3F898D796F826643233D84185E90853197A18D";"E990A5EA434CF076B220B26E2E3F898D796F826643233D84185E90853197A18D";"Würde gelöscht werden"
"2026-09-28 23:24:39";"DryRun";"F:\Daten\Älter\Bilder\Ai Generated\1 (564).png";"E:\OpenCloud\Persönlich (2)\Fotos\AI Art\Ai Generated\1 (564).png";"1651040";"341950F39FEED6C2EEE47506DA2FD5C8EB4FA4851610067496D5EF19D593F376";"341950F39FEED6C2EEE47506DA2FD5C8EB4FA4851610067496D5EF19D593F376";"Würde gelöscht werden"
"2026-09-28 23:24:39";"DryRun";"F:\Daten\Älter\Bilder\Ai Generated\1 (565).png";"E:\OpenCloud\Persönlich (2)\Fotos\AI Art\Ai Generated\1 (565).png";"1866272";"FFCA9A5C79F1493D30E4BCADEB3B5033E097160721FCDD7AD0FFC11845145864";"FFCA9A5C79F1493D30E4BCADEB3B5033E097160721FCDD7AD0FFC11845145864";"Würde gelöscht werden"
"2026-09-28 23:24:39";"DryRun";"F:\Daten\Älter\Bilder\Ai Generated\1 (566).png";"E:\OpenCloud\Persönlich (2)\Fotos\AI Art\Ai Generated\1 (566).png";"1196763";"02CA7175ADB7C023CECEB9CDBA35256325D455A6A992DEBD3BEDBB8082B28E28";"02CA7175ADB7C023CECEB9CDBA35256325D455A6A992DEBD3BEDBB8082B28E28";"Würde gelöscht werden"
"2026-09-28 23:24:39";"DryRun";"F:\Daten\Älter\Bilder\Ai Generated\1 (567).png";"E:\OpenCloud\Persönlich (2)\Fotos\AI Art\Ai Generated\1 (567).png";"1086283";"81DF3776F374D22D8820481DBBC13DAFA4417B36399C22154DA68757F16307B2";"81DF3776F374D22D8820481DBBC13DAFA4417B36399C22154DA68757F16307B2";"Würde gelöscht werden"
"2026-09-28 23:24:39";"DryRun";"F:\Daten\Älter\Bilder\Ai Generated\1 (568).png";"E:\OpenCloud\Persönlich (2)\Fotos\AI Art\Ai Generated\1 (568).png";"1235099";"90C3912FAF4A7159EC481216092D3357781F2685C0F59129D599529A7718360F";"90C3912FAF4A7159EC481216092D3357781F2685C0F59129D599529A7718360F";"Würde gelöscht werden"
"2026-09-28 23:24:39";"DryRun";"F:\Daten\Älter\Bilder\Ai Generated\1 (569).png";"E:\OpenCloud\Persönlich (2)\Fotos\AI Art\Ai Generated\1 (569).png";"1831392";"42752F6960422CDA852A704AD1F20B04D6A4B4D317BFDD262289E961F732C615";"42752F6960422CDA852A704AD1F20B04D6A4B4D317BFDD262289E961F732C615";"Würde gelöscht werden"
"2026-09-28 23:24:39";"DryRun";"F:\Daten\Älter\Bilder\Ai Generated\1 (570).png";"E:\OpenCloud\Persönlich (2)\Fotos\AI Art\Ai Generated\1 (570).png";"1346351";"1EC464D22E03B552F6A95A466220E19E976E788D7E7E9B77CCEBFDF726EDA1C1";"1EC464D22E03B552F6A95A466220E19E976E788D7E7E9B77CCEBFDF726EDA1C1";"Würde gelöscht werden"
"2026-09-28 23:24:39";"DryRun";"F:\Daten\Älter\Bilder\Ai Generated\1 (571).png";"E:\OpenCloud\Persönlich (2)\Fotos\AI Art\Ai Generated\1 (571).png";"1346351";"1EC464D22E03B552F6A95A466220E19E976E788D7E7E9B77CCEBFDF726EDA1C1";"1EC464D22E03B552F6A95A466220E19E976E788D7E7E9B77CCEBFDF726EDA1C1";"Würde gelöscht werden"
"2026-09-28 23:24:39";"DryRun";"F:\Daten\Älter\Bilder\Ai Generated\1 (572).png";"E:\OpenCloud\Persönlich (2)\Fotos\AI Art\Ai Generated\1 (572).png";"1309721";"48EAFE312F9DFA82EE1AE85FD40A93642AF8588A39DDBF7CD163773419C5E8B5";"48EAFE312F9DFA82EE1AE85FD40A93642AF8588A39DDBF7CD163773419C5E8B5";"Würde gelöscht werden"
"2026-09-28 23:24:39";"DryRun";"F:\Daten\Älter\Bilder\Ai Generated\1 (573).png";"E:\OpenCloud\Persönlich (2)\Fotos\AI Art\Ai Generated\1 (573).png";"1229048";"57D685884153F14CFA891B61880B70C18CC7057D4BF653D757A48D1524C97F72";"57D685884153F14CFA891B61880B70C18CC7057D4BF653D757A48D1524C97F72";"Würde gelöscht werden"
"2026-09-28 23:24:39";"DryRun";"F:\Daten\Älter\Bilder\Ai Generated\1 (574).png";"E:\OpenCloud\Persönlich (2)\Fotos\AI Art\Ai Generated\1 (574).png";"1048214";"771CE9AEA6148C6B774D043572D0D382327589F4948F257BB9CDF6EE7E77C58E";"771CE9AEA6148C6B774D043572D0D382327589F4948F257BB9CDF6EE7E77C58E";"Würde gelöscht werden"
"2026-09-28 23:24:39";"DryRun";"F:\Daten\Älter\Bilder\Ai Generated\1 (575).png";"E:\OpenCloud\Persönlich (2)\Fotos\AI Art\Ai Generated\1 (575).png";"1919916";"BA7EE8CFDFC18B93665D97F4743935B793B582AC608EF0A5F8CE6DCCF913C76D";"BA7EE8CFDFC18B93665D97F4743935B793B582AC608EF0A5F8CE6DCCF913C76D";"Würde gelöscht werden"
"2026-09-28 23:24:39";"DryRun";"F:\Daten\Älter\Bilder\Ai Generated\1 (576).png";"E:\OpenCloud\Persönlich (2)\Fotos\AI Art\Ai Generated\1 (576).png";"1919916";"BA7EE8CFDFC18B93665D97F4743935B793B582AC608EF0A5F8CE6DCCF913C76D";"BA7EE8CFDFC18B93665D97F4743935B793B582AC608EF0A5F8CE6DCCF913C76D";"Würde gelöscht werden"
"2026-09-28 23:24:40";"DryRun";"F:\Daten\Älter\Bilder\Ai Generated\1 (577).png";"E:\OpenCloud\Persönlich (2)\Fotos\AI Art\Ai Generated\1 (577).png";"1302505";"55809B7278E7C24A8794DB8C334AEE6ABCEF40A6E052BA47E34CC8F0E3398A16";"55809B7278E7C24A8794DB8C334AEE6ABCEF40A6E052BA47E34CC8F0E3398A16";"Würde gelöscht werden"
"2026-09-28 23:24:40";"DryRun";"F:\Daten\Älter\Bilder\Ai Generated\1 (578).png";"E:\OpenCloud\Persönlich (2)\Fotos\AI Art\Ai Generated\1 (578).png";"8971908";"2E1AF1CC892C03BB2BE351ED1D5ED4485604BD021F6FBD7325F5E23F29AD7798";"2E1AF1CC892C03BB2BE351ED1D5ED4485604BD021F6FBD7325F5E23F29AD7798";"Würde gelöscht werden"
"2026-09-28 23:24:40";"DryRun";"F:\Daten\Älter\Bilder\Ai Generated\1 (579).png";"E:\OpenCloud\Persönlich (2)\Fotos\AI Art\Ai Generated\1 (579).png";"4240392";"003222234EB5CBD58D66B07561C5785FFD7FB0A0CB87A68BB8175868969CAA93";"003222234EB5CBD58D66B07561C5785FFD7FB0A0CB87A68BB8175868969CAA93";"Würde gelöscht werden"
"2026-09-28 23:24:40";"DryRun";"F:\Daten\Älter\Bilder\Ai Generated\1 (580).png";"E:\OpenCloud\Persönlich (2)\Fotos\AI Art\Ai Generated\1 (580).png";"1182006";"357B9EF39A08A8DA0BDFC94EF5896CDFC3A96D38EB96D979389C39DBDBC3AB41";"357B9EF39A08A8DA0BDFC94EF5896CDFC3A96D38EB96D979389C39DBDBC3AB41";"Würde gelöscht werden"
"2026-09-28 23:24:40";"DryRun";"F:\Daten\Älter\Bilder\Ai Generated\1 (581).png";"E:\OpenCloud\Persönlich (2)\Fotos\AI Art\Ai Generated\1 (581).png";"6149254";"EDE29FEB8F1AF2F4C8D56CE51A117C6662904259DA48117BD8F9415065711731";"EDE29FEB8F1AF2F4C8D56CE51A117C6662904259DA48117BD8F9415065711731";"Würde gelöscht werden"
"2026-09-28 23:24:40";"DryRun";"F:\Daten\Älter\Bilder\Ai Generated\1 (582).png";"E:\OpenCloud\Persönlich (2)\Fotos\AI Art\Ai Generated\1 (582).png";"2257278";"0226784FB401E6F34F708D4C2156EA63E5D2A53A5822BD835D630A2FEB7644D3";"0226784FB401E6F34F708D4C2156EA63E5D2A53A5822BD835D630A2FEB7644D3";"Würde gelöscht werden"
"2026-09-28 23:24:40";"DryRun";"F:\Daten\Älter\Bilder\Ai Generated\1 (583).png";"E:\OpenCloud\Persönlich (2)\Fotos\AI Art\Ai Generated\1 (583).png";"2819297";"197ABB75F13842DEA43CA9D4F11027C99C187F97A4F83F429DA791BCF6E993B0";"197ABB75F13842DEA43CA9D4F11027C99C187F97A4F83F429DA791BCF6E993B0";"Würde gelöscht werden"
"2026-09-28 23:24:40";"DryRun";"F:\Daten\Älter\Bilder\Ai Generated\1 (584).png";"E:\OpenCloud\Persönlich (2)\Fotos\AI Art\Ai Generated\1 (584).png";"2932447";"718CA37D1219E27FE991F7ACFC239C5E0E7E07ECBAF8C94BE199A60250FA731A";"718CA37D1219E27FE991F7ACFC239C5E0E7E07ECBAF8C94BE199A60250FA731A";"Würde gelöscht werden"
"2026-09-28 23:24:40";"DryRun";"F:\Daten\Älter\Bilder\Ai Generated\1 (585).png";"E:\OpenCloud\Persönlich (2)\Fotos\AI Art\Ai Generated\1 (585).png";"3580838";"2B6A3B573513EF23FB11D899108262346D4B1E38FC7FE0DCD3A46B93F4661655";"2B6A3B573513EF23FB11D899108262346D4B1E38FC7FE0DCD3A46B93F4661655";"Würde gelöscht werden"
"2026-09-28 23:24:40";"DryRun";"F:\Daten\Älter\Bilder\Ai Generated\1 (586).png";"E:\OpenCloud\Persönlich (2)\Fotos\AI Art\Ai Generated\1 (586).png";"1213561";"9663CD872ED4717FFA9E0F9174004A1BC2F7A2B656AB4150D073433B0922495A";"9663CD872ED4717FFA9E0F9174004A1BC2F7A2B656AB4150D073433B0922495A";"Würde gelöscht werden"
"2026-09-28 23:24:40";"DryRun";"F:\Daten\Älter\Bilder\Ai Generated\1 (587).png";"E:\OpenCloud\Persönlich (2)\Fotos\AI Art\Ai Generated\1 (587).png";"3288275";"6030E55DA7394D0614A9B4AA3E168F9F01D301034BD579B4EC30902E2BA15299";"6030E55DA7394D0614A9B4AA3E168F9F01D301034BD579B4EC30902E2BA15299";"Würde gelöscht werden"
"2026-09-28 23:24:40";"DryRun";"F:\Daten\Älter\Bilder\Ai Generated\1 (588).png";"E:\OpenCloud\Persönlich (2)\Fotos\AI Art\Ai Generated\1 (588).png";"421580";"3DA3384FC8285653B0DB9F6F52B27C49668AC0E5F024AE489DE05F474581C1CC";"3DA3384FC8285653B0DB9F6F52B27C49668AC0E5F024AE489DE05F474581C1CC";"Würde gelöscht werden"
"2026-09-28 23:24:40";"DryRun";"F:\Daten\Älter\Bilder\Ai Generated\1 (589).png";"E:\OpenCloud\Persönlich (2)\Fotos\AI Art\Ai Generated\1 (589).png";"2541670";"6D77479B12C2D1493EDBC16D0E61CACF032D88DE2E2CFCFB32C83788CCFC20C7";"6D77479B12C2D1493EDBC16D0E61CACF032D88DE2E2CFCFB32C83788CCFC20C7";"Würde gelöscht werden"
"2026-09-28 23:24:40";"DryRun";"F:\Daten\Älter\Bilder\Ai Generated\1 (59).png";"E:\OpenCloud\Persönlich (2)\Fotos\AI Art\Ai Generated\1 (59).png";"3024202";"DE65F3C871532E6441256593D45BA296A8E555658612B0A69B4B0EEF25E39A95";"DE65F3C871532E6441256593D45BA296A8E555658612B0A69B4B0EEF25E39A95";"Würde gelöscht werden"
"2026-09-28 23:24:40";"DryRun";"F:\Daten\Älter\Bilder\Ai Generated\1 (590).png";"E:\OpenCloud\Persönlich (2)\Fotos\AI Art\Ai Generated\1 (590).png";"1478457";"DF694E9DF2C4FC5BB4ACDCB8093DC935AA29AE43022CF73BC322FC4D6F307254";"DF694E9DF2C4FC5BB4ACDCB8093DC935AA29AE43022CF73BC322FC4D6F307254";"Würde gelöscht werden"
"2026-09-28 23:24:41";"DryRun";"F:\Daten\Älter\Bilder\Ai Generated\1 (591).png";"E:\OpenCloud\Persönlich (2)\Fotos\AI Art\Ai Generated\1 (591).png";"3305407";"C8DA3B8076CFEB55F7CB0E8E27167F2DDFEFA68C20DA7A2AB7F122212F78F83E";"C8DA3B8076CFEB55F7CB0E8E27167F2DDFEFA68C20DA7A2AB7F122212F78F83E";"Würde gelöscht werden"
"2026-09-28 23:24:41";"DryRun";"F:\Daten\Älter\Bilder\Ai Generated\1 (592).png";"E:\OpenCloud\Persönlich (2)\Fotos\AI Art\Ai Generated\1 (592).png";"10275036";"51D6410E63414D5633575DBF12C3D78EAD991EBBA68239846C249677B03323C7";"51D6410E63414D5633575DBF12C3D78EAD991EBBA68239846C249677B03323C7";"Würde gelöscht werden"
"2026-09-28 23:24:41";"DryRun";"F:\Daten\Älter\Bilder\Ai Generated\1 (593).png";"E:\OpenCloud\Persönlich (2)\Fotos\AI Art\Ai Generated\1 (593).png";"764271";"BDF2E0B612C850256880DF275D5B340329942EB8E9403DE9AA563BA71AC4379A";"BDF2E0B612C850256880DF275D5B340329942EB8E9403DE9AA563BA71AC4379A";"Würde gelöscht werden"
"2026-09-28 23:24:41";"DryRun";"F:\Daten\Älter\Bilder\Ai Generated\1 (596).png";"E:\OpenCloud\Persönlich (2)\Fotos\AI Art\Ai Generated\1 (596).png";"9243688";"58FFBDFB05B563A9D7C4D02FF541F3F5BB33B953364AE8C1A2E14158AD1DE5AB";"58FFBDFB05B563A9D7C4D02FF541F3F5BB33B953364AE8C1A2E14158AD1DE5AB";"Würde gelöscht werden"
"2026-09-28 23:24:41";"DryRun";"F:\Daten\Älter\Bilder\Ai Generated\1 (597).png";"E:\OpenCloud\Persönlich (2)\Fotos\AI Art\Ai Generated\1 (597).png";"9503808";"AEB7721F1680A94E740707C0DB2D1FB15379DEBB84F32DF18FCDF9620E67F111";"AEB7721F1680A94E740707C0DB2D1FB15379DEBB84F32DF18FCDF9620E67F111";"Würde gelöscht werden"
"2026-09-28 23:24:41";"DryRun";"F:\Daten\Älter\Bilder\Ai Generated\1 (598).png";"E:\OpenCloud\Persönlich (2)\Fotos\AI Art\Ai Generated\1 (598).png";"9477472";"9FA53CD9729A9F886DA23473E37F7B67854BDDCDF17C56E2A8C3D35ED04DC589";"9FA53CD9729A9F886DA23473E37F7B67854BDDCDF17C56E2A8C3D35ED04DC589";"Würde gelöscht werden"
"2026-09-28 23:24:41";"DryRun";"F:\Daten\Älter\Bilder\Ai Generated\1 (599).png";"E:\OpenCloud\Persönlich (2)\Fotos\AI Art\Ai Generated\1 (599).png";"2946979";"CAE92FE2E87E72F5BF4AA408062A4052A59B4843B960F268F228192D9D1CD223";"CAE92FE2E87E72F5BF4AA408062A4052A59B4843B960F268F228192D9D1CD223";"Würde gelöscht werden"
"2026-09-28 23:24:41";"DryRun";"F:\Daten\Älter\Bilder\Ai Generated\1 (600).png";"E:\OpenCloud\Persönlich (2)\Fotos\AI Art\Ai Generated\1 (600).png";"10307281";"C57622CCB8599424BAB9EC72DCA953EF31EE92F53AEDB9348A072C400BD79D7B";"C57622CCB8599424BAB9EC72DCA953EF31EE92F53AEDB9348A072C400BD79D7B";"Würde gelöscht werden"
"2026-09-28 23:24:42";"DryRun";"F:\Daten\Älter\Bilder\Ai Generated\1 (601).png";"E:\OpenCloud\Persönlich (2)\Fotos\AI Art\Ai Generated\1 (601).png";"5377539";"7EE3B1497329E3D591D626AEDC177A0F5279194C2F14063844A7076665E11022";"7EE3B1497329E3D591D626AEDC177A0F5279194C2F14063844A7076665E11022";"Würde gelöscht werden"
"2026-09-28 23:24:42";"DryRun";"F:\Daten\Älter\Bilder\Ai Generated\1 (602).png";"E:\OpenCloud\Persönlich (2)\Fotos\AI Art\Ai Generated\1 (602).png";"6058454";"169D59B8DF69D53B338FDAD8A619FD4A940195323DC393BEFBBBD4E00B2FA662";"169D59B8DF69D53B338FDAD8A619FD4A940195323DC393BEFBBBD4E00B2FA662";"Würde gelöscht werden"
"2026-09-28 23:24:42";"DryRun";"F:\Daten\Älter\Bilder\Ai Generated\1 (603).png";"E:\OpenCloud\Persönlich (2)\Fotos\AI Art\Ai Generated\1 (603).png";"2209385";"E66299362B6615053262008BCF8DC39B52A6CC913EEB939FEA21006DC6F6FB13";"E66299362B6615053262008BCF8DC39B52A6CC913EEB939FEA21006DC6F6FB13";"Würde gelöscht werden"
"2026-09-28 23:24:42";"DryRun";"F:\Daten\Älter\Bilder\Ai Generated\1 (604).png";"E:\OpenCloud\Persönlich (2)\Fotos\AI Art\Ai Generated\1 (604).png";"9133642";"537437ED26EA860BEC55117562C36FF9DF9AADE2961495D076F65D3AE7E0C6E6";"537437ED26EA860BEC55117562C36FF9DF9AADE2961495D076F65D3AE7E0C6E6";"Würde gelöscht werden"
"2026-09-28 23:24:42";"DryRun";"F:\Daten\Älter\Bilder\Ai Generated\1 (605).png";"E:\OpenCloud\Persönlich (2)\Fotos\AI Art\Ai Generated\1 (605).png";"8700578";"7EA9F742A47C4C555D2759AD0BDEB9AB84B2A86C2E9A3835665D995085A8FCFB";"7EA9F742A47C4C555D2759AD0BDEB9AB84B2A86C2E9A3835665D995085A8FCFB";"Würde gelöscht werden"
"2026-09-28 23:24:42";"DryRun";"F:\Daten\Älter\Bilder\Ai Generated\1 (606).png";"E:\OpenCloud\Persönlich (2)\Fotos\AI Art\Ai Generated\1 (606).png";"6449972";"752E8EF5CB50E168CEC141ED823D7FA45F0ED10322B3901E0A03F5FA14D825DB";"752E8EF5CB50E168CEC141ED823D7FA45F0ED10322B3901E0A03F5FA14D825DB";"Würde gelöscht werden"
"2026-09-28 23:24:42";"DryRun";"F:\Daten\Älter\Bilder\Ai Generated\1 (607).png";"E:\OpenCloud\Persönlich (2)\Fotos\AI Art\Ai Generated\1 (607).png";"1308024";"07E8BE5B2C1A912617A064818D3816790FE31A222A69DF9C1E2B16323A2B2923";"07E8BE5B2C1A912617A064818D3816790FE31A222A69DF9C1E2B16323A2B2923";"Würde gelöscht werden"
"2026-09-28 23:24:42";"DryRun";"F:\Daten\Älter\Bilder\Ai Generated\1 (608).png";"E:\OpenCloud\Persönlich (2)\Fotos\AI Art\Ai Generated\1 (608).png";"2118713";"E521E73749241E4312C433F994CE16952A1466942441F4373E64ADE97CCECA2A";"E521E73749241E4312C433F994CE16952A1466942441F4373E64ADE97CCECA2A";"Würde gelöscht werden"
"2026-09-28 23:24:42";"DryRun";"F:\Daten\Älter\Bilder\Ai Generated\1 (609).png";"E:\OpenCloud\Persönlich (2)\Fotos\AI Art\Ai Generated\1 (609).png";"2147185";"FF3DD0406AB1BF3ABEF8AE123192544F46C3CB566C0A27064FBCD60CAFE388FC";"FF3DD0406AB1BF3ABEF8AE123192544F46C3CB566C0A27064FBCD60CAFE388FC";"Würde gelöscht werden"
"2026-09-28 23:24:42";"DryRun";"F:\Daten\Älter\Bilder\Ai Generated\1 (61).png";"E:\OpenCloud\Persönlich (2)\Fotos\AI Art\Ai Generated\1 (61).png";"3111673";"0189EA9C95FA76461B28E22DA5AAC5845798F86EE7CAFA2B584093034FBA2D8F";"0189EA9C95FA76461B28E22DA5AAC5845798F86EE7CAFA2B584093034FBA2D8F";"Würde gelöscht werden"
"2026-09-28 23:24:42";"DryRun";"F:\Daten\Älter\Bilder\Ai Generated\1 (610).png";"E:\OpenCloud\Persönlich (2)\Fotos\AI Art\Ai Generated\1 (610).png";"2215600";"D16DAC47C586474634C027254F6903BA404251479762AEA9A4BDDAA24784571F";"D16DAC47C586474634C027254F6903BA404251479762AEA9A4BDDAA24784571F";"Würde gelöscht werden"
"2026-09-28 23:24:42";"DryRun";"F:\Daten\Älter\Bilder\Ai Generated\1 (611).png";"E:\OpenCloud\Persönlich (2)\Fotos\AI Art\Ai Generated\1 (611).png";"1416928";"18D00D4ECA9FC3D1B0FE26995B0F30DF3C86E6AE481EE9169D48B379F53BF3E3";"18D00D4ECA9FC3D1B0FE26995B0F30DF3C86E6AE481EE9169D48B379F53BF3E3";"Würde gelöscht werden"
"2026-09-28 23:24:43";"DryRun";"F:\Daten\Älter\Bilder\Ai Generated\1 (612).png";"E:\OpenCloud\Persönlich (2)\Fotos\AI Art\Ai Generated\1 (612).png";"10789078";"0236A7CC3B3B3346121B5BD07BF0AE6856A6F3C7DEB5916594C16258C735809A";"0236A7CC3B3B3346121B5BD07BF0AE6856A6F3C7DEB5916594C16258C735809A";"Würde gelöscht werden"
"2026-09-28 23:24:43";"DryRun";"F:\Daten\Älter\Bilder\Ai Generated\1 (613).png";"E:\OpenCloud\Persönlich (2)\Fotos\AI Art\Ai Generated\1 (613).png";"5121310";"437186C4B6323DA5CB5758311D5A5E5DDF94CA7B36A0FA6EDFB9C7A01992371B";"437186C4B6323DA5CB5758311D5A5E5DDF94CA7B36A0FA6EDFB9C7A01992371B";"Würde gelöscht werden"
"2026-09-28 23:24:43";"DryRun";"F:\Daten\Älter\Bilder\Ai Generated\1 (614).png";"E:\OpenCloud\Persönlich (2)\Fotos\AI Art\Ai Generated\1 (614).png";"5528894";"6C2D35051E59E7254B22D8445C667D2FE2F70091A33CB8C9EC0DDB1A90F6DBA2";"6C2D35051E59E7254B22D8445C667D2FE2F70091A33CB8C9EC0DDB1A90F6DBA2";"Würde gelöscht werden"
"2026-09-28 23:24:43";"DryRun";"F:\Daten\Älter\Bilder\Ai Generated\1 (615).png";"E:\OpenCloud\Persönlich (2)\Fotos\AI Art\Ai Generated\1 (615).png";"9717052";"254E4FD04E2D4C19F7BAF70E9C2F3EEFDAEBC14BFC3E4811ACB65F281D2F2E90";"254E4FD04E2D4C19F7BAF70E9C2F3EEFDAEBC14BFC3E4811ACB65F281D2F2E90";"Würde gelöscht werden"
"2026-09-28 23:24:43";"DryRun";"F:\Daten\Älter\Bilder\Ai Generated\1 (616).png";"E:\OpenCloud\Persönlich (2)\Fotos\AI Art\Ai Generated\1 (616).png";"12067337";"58F302B974F53DFB2F1A08ED2F9C6F8770F7CC30C7C94B50F17BDFCA112CA2E0";"58F302B974F53DFB2F1A08ED2F9C6F8770F7CC30C7C94B50F17BDFCA112CA2E0";"Würde gelöscht werden"
"2026-09-28 23:24:43";"DryRun";"F:\Daten\Älter\Bilder\Ai Generated\1 (617).png";"E:\OpenCloud\Persönlich (2)\Fotos\AI Art\Ai Generated\1 (617).png";"1170798";"8040527FC1548F4DFB7939ADFC6AC135CF0B840F1FA365393037F759C755A3E9";"8040527FC1548F4DFB7939ADFC6AC135CF0B840F1FA365393037F759C755A3E9";"Würde gelöscht werden"
"2026-09-28 23:24:43";"DryRun";"F:\Daten\Älter\Bilder\Ai Generated\1 (618).png";"E:\OpenCloud\Persönlich (2)\Fotos\AI Art\Ai Generated\1 (618).png";"4003487";"77C00C86FD79D5E820FAF430B31DA1DEB1D671551EA397207882C9C552C8E3E8";"77C00C86FD79D5E820FAF430B31DA1DEB1D671551EA397207882C9C552C8E3E8";"Würde gelöscht werden"
"2026-09-28 23:24:43";"DryRun";"F:\Daten\Älter\Bilder\Ai Generated\1 (619).png";"E:\OpenCloud\Persönlich (2)\Fotos\AI Art\Ai Generated\1 (619).png";"3371157";"E74C34B7B03F3678991F98E8DBB5B142D85F1FA9485E461AB2982FFB5DC54A60";"E74C34B7B03F3678991F98E8DBB5B142D85F1FA9485E461AB2982FFB5DC54A60";"Würde gelöscht werden"
"2026-09-28 23:24:43";"DryRun";"F:\Daten\Älter\Bilder\Ai Generated\1 (620).png";"E:\OpenCloud\Persönlich (2)\Fotos\AI Art\Ai Generated\1 (620).png";"3553337";"AD375724471A5815D3996BDC63B9C1E15C39839252E6578B3C82331F2CE2A029";"AD375724471A5815D3996BDC63B9C1E15C39839252E6578B3C82331F2CE2A029";"Würde gelöscht werden"
"2026-09-28 23:24:43";"DryRun";"F:\Daten\Älter\Bilder\Ai Generated\1 (621).png";"E:\OpenCloud\Persönlich (2)\Fotos\AI Art\Ai Generated\1 (621).png";"7897617";"DB60F6123B7B02BA797FB8C2D2ECAB060AF991D525DFFD577EE10104D3CE5885";"DB60F6123B7B02BA797FB8C2D2ECAB060AF991D525DFFD577EE10104D3CE5885";"Würde gelöscht werden"
"2026-09-28 23:24:43";"DryRun";"F:\Daten\Älter\Bilder\Ai Generated\1 (622).png";"E:\OpenCloud\Persönlich (2)\Fotos\AI Art\Ai Generated\1 (622).png";"2126987";"E81E4386EAB1612986AE2480E0F7356CC1DF3D3E6B91383F76CC60E3874B3A1C";"E81E4386EAB1612986AE2480E0F7356CC1DF3D3E6B91383F76CC60E3874B3A1C";"Würde gelöscht werden"
"2026-09-28 23:24:44";"DryRun";"F:\Daten\Älter\Bilder\Ai Generated\1 (623).png";"E:\OpenCloud\Persönlich (2)\Fotos\AI Art\Ai Generated\1 (623).png";"5326474";"69425D72A1E162C83D72954C53D4C56AD53028C8EF0BEAA59C09486D6B4E59C8";"69425D72A1E162C83D72954C53D4C56AD53028C8EF0BEAA59C09486D6B4E59C8";"Würde gelöscht werden"
"2026-09-28 23:24:44";"DryRun";"F:\Daten\Älter\Bilder\Ai Generated\1 (624).png";"E:\OpenCloud\Persönlich (2)\Fotos\AI Art\Ai Generated\1 (624).png";"5054717";"4C5F547604D8C66C537C9962E4A5C6109094A534067FACDEB44397C7A11752C4";"4C5F547604D8C66C537C9962E4A5C6109094A534067FACDEB44397C7A11752C4";"Würde gelöscht werden"
"2026-09-28 23:24:44";"DryRun";"F:\Daten\Älter\Bilder\Ai Generated\1 (625).png";"E:\OpenCloud\Persönlich (2)\Fotos\AI Art\Ai Generated\1 (625).png";"1386759";"711BBBB86EF5B78603B3050799B1E63B81847BCD618CE09E3439710A629870DB";"711BBBB86EF5B78603B3050799B1E63B81847BCD618CE09E3439710A629870DB";"Würde gelöscht werden"
"2026-09-28 23:24:44";"DryRun";"F:\Daten\Älter\Bilder\Ai Generated\1 (626).png";"E:\OpenCloud\Persönlich (2)\Fotos\AI Art\Ai Generated\1 (626).png";"4855324";"D87E9F80EB9FCD91D85EFDC80DC6D87178D233BB396247CB46FBD2AC86251CE2";"D87E9F80EB9FCD91D85EFDC80DC6D87178D233BB396247CB46FBD2AC86251CE2";"Würde gelöscht werden"
"2026-09-28 23:24:44";"DryRun";"F:\Daten\Älter\Bilder\Ai Generated\1 (627).png";"E:\OpenCloud\Persönlich (2)\Fotos\AI Art\Ai Generated\1 (627).png";"1328430";"4BD054101C3EE74C9377A502084D25C89821AD29D27317226D925884E319A4D5";"4BD054101C3EE74C9377A502084D25C89821AD29D27317226D925884E319A4D5";"Würde gelöscht werden"
"2026-09-28 23:24:44";"DryRun";"F:\Daten\Älter\Bilder\Ai Generated\1 (628).png";"E:\OpenCloud\Persönlich (2)\Fotos\AI Art\Ai Generated\1 (628).png";"4461122";"44004682FD7CCA499EA043EE81678B36F86CDA3A4EB9F59D5F3C56E3E884E515";"44004682FD7CCA499EA043EE81678B36F86CDA3A4EB9F59D5F3C56E3E884E515";"Würde gelöscht werden"
"2026-09-28 23:24:44";"DryRun";"F:\Daten\Älter\Bilder\Ai Generated\1 (629).png";"E:\OpenCloud\Persönlich (2)\Fotos\AI Art\Ai Generated\1 (629).png";"4664453";"EB8B811D3BA641A697E7DBEC8DE22B5EA3D36BB919C6CF7C271A448836FD8A84";"EB8B811D3BA641A697E7DBEC8DE22B5EA3D36BB919C6CF7C271A448836FD8A84";"Würde gelöscht werden"
"2026-09-28 23:24:44";"DryRun";"F:\Daten\Älter\Bilder\Ai Generated\1 (630).png";"E:\OpenCloud\Persönlich (2)\Fotos\AI Art\Ai Generated\1 (630).png";"4497418";"CDBC21F1CA005412DC29DAC76B95DD34999EC059380F89122A0ED9BDDCE3D252";"CDBC21F1CA005412DC29DAC76B95DD34999EC059380F89122A0ED9BDDCE3D252";"Würde gelöscht werden"
"2026-09-28 23:24:44";"DryRun";"F:\Daten\Älter\Bilder\Ai Generated\1 (631).png";"E:\OpenCloud\Persönlich (2)\Fotos\AI Art\Ai Generated\1 (631).png";"4046699";"733D6E5E933D8941884A2387AC8B7403B85CDDC6E33B614394E76FFBFC78B5D8";"733D6E5E933D8941884A2387AC8B7403B85CDDC6E33B614394E76FFBFC78B5D8";"Würde gelöscht werden"
"2026-09-28 23:24:44";"DryRun";"F:\Daten\Älter\Bilder\Ai Generated\1 (632).png";"E:\OpenCloud\Persönlich (2)\Fotos\AI Art\Ai Generated\1 (632).png";"4416332";"9C1D891AEB070FC210461F19B0A60A1AF3E58B8154B42CC37EACBA6A18F4711F";"9C1D891AEB070FC210461F19B0A60A1AF3E58B8154B42CC37EACBA6A18F4711F";"Würde gelöscht werden"
"2026-09-28 23:24:44";"DryRun";"F:\Daten\Älter\Bilder\Ai Generated\1 (633).png";"E:\OpenCloud\Persönlich (2)\Fotos\AI Art\Ai Generated\1 (633).png";"1186091";"4F048815F039054566CBFB1208369783C87372F90AE1D57E1453B073DF1295DE";"4F048815F039054566CBFB1208369783C87372F90AE1D57E1453B073DF1295DE";"Würde gelöscht werden"
"2026-09-28 23:24:44";"DryRun";"F:\Daten\Älter\Bilder\Ai Generated\1 (635).png";"E:\OpenCloud\Persönlich (2)\Fotos\AI Art\Ai Generated\1 (635).png";"1145417";"0AF54E981FE39769E4363831FC4B6458A2BE58C1C501D7B4D516103DF4C4B05E";"0AF54E981FE39769E4363831FC4B6458A2BE58C1C501D7B4D516103DF4C4B05E";"Würde gelöscht werden"
"2026-09-28 23:24:44";"DryRun";"F:\Daten\Älter\Bilder\Ai Generated\1 (636).png";"E:\OpenCloud\Persönlich (2)\Fotos\AI Art\Ai Generated\1 (636).png";"1153073";"897B13FF858605B9589607FC27A7E033EAA63A80F8B48FE8881BC9608B679011";"897B13FF858605B9589607FC27A7E033EAA63A80F8B48FE8881BC9608B679011";"Würde gelöscht werden"
"2026-09-28 23:24:44";"DryRun";"F:\Daten\Älter\Bilder\Ai Generated\1 (637).png";"E:\OpenCloud\Persönlich (2)\Fotos\AI Art\Ai Generated\1 (637).png";"4158773";"855E279E68EF2C135845DC60A4C704AC6795C6F9A15F38A39AB8AE7F473D999C";"855E279E68EF2C135845DC60A4C704AC6795C6F9A15F38A39AB8AE7F473D999C";"Würde gelöscht werden"
"2026-09-28 23:24:45";"DryRun";"F:\Daten\Älter\Bilder\Ai Generated\1 (638).png";"E:\OpenCloud\Persönlich (2)\Fotos\AI Art\Ai Generated\1 (638).png";"3879072";"5836A18AACEE31509A2870F5A1E888B78DFE99A2C8299F557A4A952B7AB6EEB4";"5836A18AACEE31509A2870F5A1E888B78DFE99A2C8299F557A4A952B7AB6EEB4";"Würde gelöscht werden"
"2026-09-28 23:24:45";"DryRun";"F:\Daten\Älter\Bilder\Ai Generated\1 (639).png";"E:\OpenCloud\Persönlich (2)\Fotos\AI Art\Ai Generated\1 (639).png";"4234282";"886D44302E1A1FDCCB3E7F40025A3AA42D83FB3925FCBC250CA2730778805F97";"886D44302E1A1FDCCB3E7F40025A3AA42D83FB3925FCBC250CA2730778805F97";"Würde gelöscht werden"
"2026-09-28 23:24:45";"DryRun";"F:\Daten\Älter\Bilder\Ai Generated\1 (640).png";"E:\OpenCloud\Persönlich (2)\Fotos\AI Art\Ai Generated\1 (640).png";"3681519";"65394989CA6774657762204FE617AB7B92E1910D11BFBB5175B50F352FEB013C";"65394989CA6774657762204FE617AB7B92E1910D11BFBB5175B50F352FEB013C";"Würde gelöscht werden"
"2026-09-28 23:24:45";"DryRun";"F:\Daten\Älter\Bilder\Ai Generated\1 (641).png";"E:\OpenCloud\Persönlich (2)\Fotos\AI Art\Ai Generated\1 (641).png";"3789752";"02F78621E8D9CC774BF94B37C945ABCC36A918948F6B97A53FE6FF62248495A9";"02F78621E8D9CC774BF94B37C945ABCC36A918948F6B97A53FE6FF62248495A9";"Würde gelöscht werden"
"2026-09-28 23:24:45";"DryRun";"F:\Daten\Älter\Bilder\Ai Generated\1 (642).png";"E:\OpenCloud\Persönlich (2)\Fotos\AI Art\Ai Generated\1 (642).png";"3789752";"02F78621E8D9CC774BF94B37C945ABCC36A918948F6B97A53FE6FF62248495A9";"02F78621E8D9CC774BF94B37C945ABCC36A918948F6B97A53FE6FF62248495A9";"Würde gelöscht werden"
"2026-09-28 23:24:45";"DryRun";"F:\Daten\Älter\Bilder\Ai Generated\1 (643).png";"E:\OpenCloud\Persönlich (2)\Fotos\AI Art\Ai Generated\1 (643).png";"3997339";"5CC3A1683343ECFF0C892F19C30B742CEAC2FEF0CB50B027AB5326EAA4A05D14";"5CC3A1683343ECFF0C892F19C30B742CEAC2FEF0CB50B027AB5326EAA4A05D14";"Würde gelöscht werden"
"2026-09-28 23:24:46";"DryRun";"F:\Daten\Älter\Bilder\Ai Generated\1 (644).png";"E:\OpenCloud\Persönlich (2)\Fotos\AI Art\Ai Generated\1 (644).png";"74491543";"651197F6FB201F0A60F55956C5A8F3BC0CECAF8DF295C20FBCF416C9D5900C04";"651197F6FB201F0A60F55956C5A8F3BC0CECAF8DF295C20FBCF416C9D5900C04";"Würde gelöscht werden"
"2026-09-28 23:24:46";"DryRun";"F:\Daten\Älter\Bilder\Ai Generated\1 (645).png";"E:\OpenCloud\Persönlich (2)\Fotos\AI Art\Ai Generated\1 (645).png";"4465891";"4C5BAA66BB1C468A1D2F1CFBAEB22711C2108FC3824BEE0D90FB4BE8B0F99FC1";"4C5BAA66BB1C468A1D2F1CFBAEB22711C2108FC3824BEE0D90FB4BE8B0F99FC1";"Würde gelöscht werden"
"2026-09-28 23:24:46";"DryRun";"F:\Daten\Älter\Bilder\Ai Generated\1 (646).png";"E:\OpenCloud\Persönlich (2)\Fotos\AI Art\Ai Generated\1 (646).png";"4780740";"B28D275B99BFE2AD5318E81107767321104EEF54C847560FAA7E7A549EC2CDFB";"B28D275B99BFE2AD5318E81107767321104EEF54C847560FAA7E7A549EC2CDFB";"Würde gelöscht werden"
"2026-09-28 23:24:46";"DryRun";"F:\Daten\Älter\Bilder\Ai Generated\1 (647).png";"E:\OpenCloud\Persönlich (2)\Fotos\AI Art\Ai Generated\1 (647).png";"16679019";"DB036E77ABDF4F249553327C086D590DD8B04DCED1659A7C69CC217108526BD9";"DB036E77ABDF4F249553327C086D590DD8B04DCED1659A7C69CC217108526BD9";"Würde gelöscht werden"
"2026-09-28 23:24:46";"DryRun";"F:\Daten\Älter\Bilder\Ai Generated\1 (648).png";"E:\OpenCloud\Persönlich (2)\Fotos\AI Art\Ai Generated\1 (648).png";"4634946";"5303BF4BCC7D66A83C60AB63E113C9669D9073B417026361503E51004DDEBCD6";"5303BF4BCC7D66A83C60AB63E113C9669D9073B417026361503E51004DDEBCD6";"Würde gelöscht werden"
"2026-09-28 23:24:46";"DryRun";"F:\Daten\Älter\Bilder\Ai Generated\1 (649).png";"E:\OpenCloud\Persönlich (2)\Fotos\AI Art\Ai Generated\1 (649).png";"520157";"84919A8663350C5102B1C7CC92439F5A2E1516F9D121E47F7A20001B415E1EDD";"84919A8663350C5102B1C7CC92439F5A2E1516F9D121E47F7A20001B415E1EDD";"Würde gelöscht werden"
"2026-09-28 23:24:46";"DryRun";"F:\Daten\Älter\Bilder\Ai Generated\1 (65).png";"E:\OpenCloud\Persönlich (2)\Fotos\AI Art\Ai Generated\1 (65).png";"2511198";"E7956AB5BDF21D1EAD1E5CDE0BD01D6644BB6F2BEBD746311F73AE36C077E07B";"E7956AB5BDF21D1EAD1E5CDE0BD01D6644BB6F2BEBD746311F73AE36C077E07B";"Würde gelöscht werden"
"2026-09-28 23:24:46";"DryRun";"F:\Daten\Älter\Bilder\Ai Generated\1 (650).png";"E:\OpenCloud\Persönlich (2)\Fotos\AI Art\Ai Generated\1 (650).png";"476094";"9766F70228F27B427D7F91317F05058A524263F6A0E5424E78E7351649762198";"9766F70228F27B427D7F91317F05058A524263F6A0E5424E78E7351649762198";"Würde gelöscht werden"
"2026-09-28 23:24:46";"DryRun";"F:\Daten\Älter\Bilder\Ai Generated\1 (651).png";"E:\OpenCloud\Persönlich (2)\Fotos\AI Art\Ai Generated\1 (651).png";"551557";"9D85D5BACACDFF24489518AF3DF2967C70669845FEAC129627277351BCF39313";"9D85D5BACACDFF24489518AF3DF2967C70669845FEAC129627277351BCF39313";"Würde gelöscht werden"
"2026-09-28 23:24:46";"DryRun";"F:\Daten\Älter\Bilder\Ai Generated\1 (652).png";"E:\OpenCloud\Persönlich (2)\Fotos\AI Art\Ai Generated\1 (652).png";"411932";"4DACB8C550FB024FDD192A510B1CF40AEDF95771E67C38A92D16908F2C943F5D";"4DACB8C550FB024FDD192A510B1CF40AEDF95771E67C38A92D16908F2C943F5D";"Würde gelöscht werden"
"2026-09-28 23:24:46";"DryRun";"F:\Daten\Älter\Bilder\Ai Generated\1 (653).png";"E:\OpenCloud\Persönlich (2)\Fotos\AI Art\Ai Generated\1 (653).png";"510916";"E13DF8851A17EB66A654513604D28DC80AA0C8A173E697928AE2C6FB86978EA8";"E13DF8851A17EB66A654513604D28DC80AA0C8A173E697928AE2C6FB86978EA8";"Würde gelöscht werden"
"2026-09-28 23:24:46";"DryRun";"F:\Daten\Älter\Bilder\Ai Generated\1 (654).png";"E:\OpenCloud\Persönlich (2)\Fotos\AI Art\Ai Generated\1 (654).png";"6596530";"3BBD6B253D6C7A21455E92F24D10083C4BA2AAEF4911A8F1F1549E13AE8771C2";"3BBD6B253D6C7A21455E92F24D10083C4BA2AAEF4911A8F1F1549E13AE8771C2";"Würde gelöscht werden"
"2026-09-28 23:24:46";"DryRun";"F:\Daten\Älter\Bilder\Ai Generated\1 (655).png";"E:\OpenCloud\Persönlich (2)\Fotos\AI Art\Ai Generated\1 (655).png";"1880615";"63AFB73AB804C1045B8A3F7AF7F681C74B2AC389A7C49D2E7EC7A839596A81EA";"63AFB73AB804C1045B8A3F7AF7F681C74B2AC389A7C49D2E7EC7A839596A81EA";"Würde gelöscht werden"
"2026-09-28 23:24:47";"DryRun";"F:\Daten\Älter\Bilder\Ai Generated\1 (656).png";"E:\OpenCloud\Persönlich (2)\Fotos\AI Art\Ai Generated\1 (656).png";"8723289";"0EC514903FD8DDA184C4815B1FB871D350C7E4FE6E96D9E03681A2742EC3DB5C";"0EC514903FD8DDA184C4815B1FB871D350C7E4FE6E96D9E03681A2742EC3DB5C";"Würde gelöscht werden"
"2026-09-28 23:24:47";"DryRun";"F:\Daten\Älter\Bilder\Ai Generated\1 (657).png";"E:\OpenCloud\Persönlich (2)\Fotos\AI Art\Ai Generated\1 (657).png";"20907719";"A1BDFA690DEAF56F686C1741553732A7CC4538A6EA79BC59CB83A76B63429CAE";"A1BDFA690DEAF56F686C1741553732A7CC4538A6EA79BC59CB83A76B63429CAE";"Würde gelöscht werden"
"2026-09-28 23:24:47";"DryRun";"F:\Daten\Älter\Bilder\Ai Generated\1 (658).png";"E:\OpenCloud\Persönlich (2)\Fotos\AI Art\Ai Generated\1 (658).png";"24829078";"1B66437BAA0FC8634F3EB40525F2CFED5555829B3D1490A0479D1BB14C61A7EA";"1B66437BAA0FC8634F3EB40525F2CFED5555829B3D1490A0479D1BB14C61A7EA";"Würde gelöscht werden"
"2026-09-28 23:24:47";"DryRun";"F:\Daten\Älter\Bilder\Ai Generated\1 (659).png";"E:\OpenCloud\Persönlich (2)\Fotos\AI Art\Ai Generated\1 (659).png";"5217480";"178D18EBD914A0EF78C99D53CF30932B0D573F8CB94D80291B0DC7B70999AACE";"178D18EBD914A0EF78C99D53CF30932B0D573F8CB94D80291B0DC7B70999AACE";"Würde gelöscht werden"
"2026-09-28 23:24:47";"DryRun";"F:\Daten\Älter\Bilder\Ai Generated\1 (660).png";"E:\OpenCloud\Persönlich (2)\Fotos\AI Art\Ai Generated\1 (660).png";"6898700";"B0638675DB2BAA783628B4FDAE1BF445D88C369449BDA441BCAB00D8DE0D0FCA";"B0638675DB2BAA783628B4FDAE1BF445D88C369449BDA441BCAB00D8DE0D0FCA";"Würde gelöscht werden"
"2026-09-28 23:24:47";"DryRun";"F:\Daten\Älter\Bilder\Ai Generated\1 (662).png";"E:\OpenCloud\Persönlich (2)\Fotos\AI Art\Ai Generated\1 (662).png";"4834272";"2FD83C118138BE603559D82C8B03B069C263CA38966414C92FB08DA13472CAF7";"2FD83C118138BE603559D82C8B03B069C263CA38966414C92FB08DA13472CAF7";"Würde gelöscht werden"
"2026-09-28 23:24:47";"DryRun";"F:\Daten\Älter\Bilder\Ai Generated\1 (664).png";"E:\OpenCloud\Persönlich (2)\Fotos\AI Art\Ai Generated\1 (664).png";"5673940";"ACC26C6AE22C3C2432FB01045CB1A7EAA62306522A670129E4F6BA00F3D551F6";"ACC26C6AE22C3C2432FB01045CB1A7EAA62306522A670129E4F6BA00F3D551F6";"Würde gelöscht werden"
"2026-09-28 23:24:47";"DryRun";"F:\Daten\Älter\Bilder\Ai Generated\1 (665).png";"E:\OpenCloud\Persönlich (2)\Fotos\AI Art\Ai Generated\1 (665).png";"1551964";"3573CC29949D71E07C929D2F17B1F59E556E72091E79801526229617F54B5693";"3573CC29949D71E07C929D2F17B1F59E556E72091E79801526229617F54B5693";"Würde gelöscht werden"
"2026-09-28 23:24:48";"DryRun";"F:\Daten\Älter\Bilder\Ai Generated\1 (666).png";"E:\OpenCloud\Persönlich (2)\Fotos\AI Art\Ai Generated\1 (666).png";"24881664";"D428988A104D546294914307B79DB237D553E98A2010AF304F90349CD76F177B";"D428988A104D546294914307B79DB237D553E98A2010AF304F90349CD76F177B";"Würde gelöscht werden"
"2026-09-28 23:24:48";"DryRun";"F:\Daten\Älter\Bilder\Ai Generated\1 (667).png";"E:\OpenCloud\Persönlich (2)\Fotos\AI Art\Ai Generated\1 (667).png";"6101144";"DEAFEB885C8435CB29B37B09ADD471551F7B051F8DF102A9572372BC56008C0E";"DEAFEB885C8435CB29B37B09ADD471551F7B051F8DF102A9572372BC56008C0E";"Würde gelöscht werden"
"2026-09-28 23:24:48";"DryRun";"F:\Daten\Älter\Bilder\Ai Generated\1 (668).png";"E:\OpenCloud\Persönlich (2)\Fotos\AI Art\Ai Generated\1 (668).png";"2119220";"F366FC97987FF9545994E2E4DDBA72DDECB5DD5EF3A4E95A8A193365FD2C7543";"F366FC97987FF9545994E2E4DDBA72DDECB5DD5EF3A4E95A8A193365FD2C7543";"Würde gelöscht werden"
"2026-09-28 23:24:48";"DryRun";"F:\Daten\Älter\Bilder\Ai Generated\1 (67).png";"E:\OpenCloud\Persönlich (2)\Fotos\AI Art\Ai Generated\1 (67).png";"3016514";"346030C57B130F876B9DFB2CC7C058762DD31DF949CB480D5AE936B3FCBD46E9";"346030C57B130F876B9DFB2CC7C058762DD31DF949CB480D5AE936B3FCBD46E9";"Würde gelöscht werden"
"2026-09-28 23:24:48";"DryRun";"F:\Daten\Älter\Bilder\Ai Generated\1 (672).png";"E:\OpenCloud\Persönlich (2)\Fotos\AI Art\Ai Generated\1 (672).png";"7144308";"43E9E7D35A740A16E8BF37E7A5A57954574A436E22D3257E2B3FBE5045A8E2E0";"43E9E7D35A740A16E8BF37E7A5A57954574A436E22D3257E2B3FBE5045A8E2E0";"Würde gelöscht werden"
"2026-09-28 23:24:48";"DryRun";"F:\Daten\Älter\Bilder\Ai Generated\1 (673).png";"E:\OpenCloud\Persönlich (2)\Fotos\AI Art\Ai Generated\1 (673).png";"19850890";"591C40694DDEB331EE2615B735F9DD5AAA79F8A5FEC943C859C1C13C0F42B99B";"591C40694DDEB331EE2615B735F9DD5AAA79F8A5FEC943C859C1C13C0F42B99B";"Würde gelöscht werden"
"2026-09-28 23:24:48";"DryRun";"F:\Daten\Älter\Bilder\Ai Generated\1 (674).png";"E:\OpenCloud\Persönlich (2)\Fotos\AI Art\Ai Generated\1 (674).png";"9073736";"1EB9D9784352B49DDBD6E2F489707AC711EF039EFBE909264F7914FCF643B390";"1EB9D9784352B49DDBD6E2F489707AC711EF039EFBE909264F7914FCF643B390";"Würde gelöscht werden"
"2026-09-28 23:24:49";"DryRun";"F:\Daten\Älter\Bilder\Ai Generated\1 (675).png";"E:\OpenCloud\Persönlich (2)\Fotos\AI Art\Ai Generated\1 (675).png";"2470247";"18E487713A74825D3A65A654E516E5AB710AFC8228C7C9B4495001817049B676";"18E487713A74825D3A65A654E516E5AB710AFC8228C7C9B4495001817049B676";"Würde gelöscht werden"
"2026-09-28 23:24:49";"DryRun";"F:\Daten\Älter\Bilder\Ai Generated\1 (676).png";"E:\OpenCloud\Persönlich (2)\Fotos\AI Art\Ai Generated\1 (676).png";"2479010";"798DFDD6547788E9E34B9F1268D8DF07F5A77CF7310A3824A8B2EB6CFB24ECC3";"798DFDD6547788E9E34B9F1268D8DF07F5A77CF7310A3824A8B2EB6CFB24ECC3";"Würde gelöscht werden"
"2026-09-28 23:24:49";"DryRun";"F:\Daten\Älter\Bilder\Ai Generated\1 (677).png";"E:\OpenCloud\Persönlich (2)\Fotos\AI Art\Ai Generated\1 (677).png";"9755816";"C62E94E9E4FE6FE9BB0A61D94CB2FED60BB912BB5546BC5541EB6DC05332DB50";"C62E94E9E4FE6FE9BB0A61D94CB2FED60BB912BB5546BC5541EB6DC05332DB50";"Würde gelöscht werden"
"2026-09-28 23:24:49";"DryRun";"F:\Daten\Älter\Bilder\Ai Generated\1 (678).png";"E:\OpenCloud\Persönlich (2)\Fotos\AI Art\Ai Generated\1 (678).png";"8752627";"A6CF54FE4B7F9EC8F9C06301F3E830D69EAB63A648AC43E54865C5EDDDFC3412";"A6CF54FE4B7F9EC8F9C06301F3E830D69EAB63A648AC43E54865C5EDDDFC3412";"Würde gelöscht werden"
"2026-09-28 23:24:49";"DryRun";"F:\Daten\Älter\Bilder\Ai Generated\1 (679).png";"E:\OpenCloud\Persönlich (2)\Fotos\AI Art\Ai Generated\1 (679).png";"9863752";"CD79F354CA7E4911988C2A6DB2610DCB002178AD4942240068F9CE45CD5DBC74";"CD79F354CA7E4911988C2A6DB2610DCB002178AD4942240068F9CE45CD5DBC74";"Würde gelöscht werden"
"2026-09-28 23:24:49";"DryRun";"F:\Daten\Älter\Bilder\Ai Generated\1 (68).png";"E:\OpenCloud\Persönlich (2)\Fotos\AI Art\Ai Generated\1 (68).png";"2920280";"FCF2438BE137F090792C5F57924CAF22513AA15D566539C460F41BA6781212CE";"FCF2438BE137F090792C5F57924CAF22513AA15D566539C460F41BA6781212CE";"Würde gelöscht werden"
"2026-09-28 23:24:49";"DryRun";"F:\Daten\Älter\Bilder\Ai Generated\1 (680).png";"E:\OpenCloud\Persönlich (2)\Fotos\AI Art\Ai Generated\1 (680).png";"2688490";"AC03082FC07D5F9D90DDDDD3D928EF53551637C49500C9C16A9DD88F65B081A7";"AC03082FC07D5F9D90DDDDD3D928EF53551637C49500C9C16A9DD88F65B081A7";"Würde gelöscht werden"
"2026-09-28 23:24:49";"DryRun";"F:\Daten\Älter\Bilder\Ai Generated\1 (681).png";"E:\OpenCloud\Persönlich (2)\Fotos\AI Art\Ai Generated\1 (681).png";"9239570";"7049B10AF5EDC8A0D019189AF5DA1233338701757B053B32A146B972B40D4822";"7049B10AF5EDC8A0D019189AF5DA1233338701757B053B32A146B972B40D4822";"Würde gelöscht werden"
"2026-09-28 23:24:49";"DryRun";"F:\Daten\Älter\Bilder\Ai Generated\1 (682).png";"E:\OpenCloud\Persönlich (2)\Fotos\AI Art\Ai Generated\1 (682).png";"9196048";"88CEC0C7D9286427618FD1246A3BF6549D738875A8C623436995542437E8A404";"88CEC0C7D9286427618FD1246A3BF6549D738875A8C623436995542437E8A404";"Würde gelöscht werden"
"2026-09-28 23:24:49";"DryRun";"F:\Daten\Älter\Bilder\Ai Generated\1 (683).png";"E:\OpenCloud\Persönlich (2)\Fotos\AI Art\Ai Generated\1 (683).png";"8636769";"1B12F70AABC6F5E363CC2209AD5B21327C26600548CA9C625093D96B1533392A";"1B12F70AABC6F5E363CC2209AD5B21327C26600548CA9C625093D96B1533392A";"Würde gelöscht werden"
"2026-09-28 23:24:49";"DryRun";"F:\Daten\Älter\Bilder\Ai Generated\1 (684).png";"E:\OpenCloud\Persönlich (2)\Fotos\AI Art\Ai Generated\1 (684).png";"8080707";"8AE856865A50C6D93892716FAF89C59ABB77CF6C2011DA709EBEC44E376C491D";"8AE856865A50C6D93892716FAF89C59ABB77CF6C2011DA709EBEC44E376C491D";"Würde gelöscht werden"
"2026-09-28 23:24:50";"DryRun";"F:\Daten\Älter\Bilder\Ai Generated\1 (685).png";"E:\OpenCloud\Persönlich (2)\Fotos\AI Art\Ai Generated\1 (685).png";"19978971";"56B69DBE86DD591950A35061D0C54E5EF44857602461A24323349F9DEDBEFA3E";"56B69DBE86DD591950A35061D0C54E5EF44857602461A24323349F9DEDBEFA3E";"Würde gelöscht werden"
"2026-09-28 23:24:50";"DryRun";"F:\Daten\Älter\Bilder\Ai Generated\1 (687).png";"E:\OpenCloud\Persönlich (2)\Fotos\AI Art\Ai Generated\1 (687).png";"4840648";"DED6AAAFCE1AC57CA20C6C399B60D2455438C218B4049FC92DF6F0F8CE3DC9D3";"DED6AAAFCE1AC57CA20C6C399B60D2455438C218B4049FC92DF6F0F8CE3DC9D3";"Würde gelöscht werden"
"2026-09-28 23:24:50";"DryRun";"F:\Daten\Älter\Bilder\Ai Generated\1 (688).png";"E:\OpenCloud\Persönlich (2)\Fotos\AI Art\Ai Generated\1 (688).png";"4780780";"8E2B66B9A92E69E8197F876D55D7C29734CEDA3053FE1CEE5856F22F08E09425";"8E2B66B9A92E69E8197F876D55D7C29734CEDA3053FE1CEE5856F22F08E09425";"Würde gelöscht werden"
"2026-09-28 23:24:50";"DryRun";"F:\Daten\Älter\Bilder\Ai Generated\1 (689).png";"E:\OpenCloud\Persönlich (2)\Fotos\AI Art\Ai Generated\1 (689).png";"16402835";"46B54DE632FAA045520F2F8E33B4E26AF6B263AE67CFB9787DD5C8FC720B277D";"46B54DE632FAA045520F2F8E33B4E26AF6B263AE67CFB9787DD5C8FC720B277D";"Würde gelöscht werden"
"2026-09-28 23:24:50";"DryRun";"F:\Daten\Älter\Bilder\Ai Generated\1 (690).png";"E:\OpenCloud\Persönlich (2)\Fotos\AI Art\Ai Generated\1 (690).png";"4695082";"27895FB5FD1414C23B03EDCEBE016C87D885777C410D3E849566CED5E3BE0323";"27895FB5FD1414C23B03EDCEBE016C87D885777C410D3E849566CED5E3BE0323";"Würde gelöscht werden"
"2026-09-28 23:24:50";"DryRun";"F:\Daten\Älter\Bilder\Ai Generated\1 (691).png";"E:\OpenCloud\Persönlich (2)\Fotos\AI Art\Ai Generated\1 (691).png";"4958853";"BF2C2C8C4EBB543EAAD491E022D961DE9E385DD31E87942DDA593E7A6DDC8F9F";"BF2C2C8C4EBB543EAAD491E022D961DE9E385DD31E87942DDA593E7A6DDC8F9F";"Würde gelöscht werden"
"2026-09-28 23:24:50";"DryRun";"F:\Daten\Älter\Bilder\Ai Generated\1 (692).png";"E:\OpenCloud\Persönlich (2)\Fotos\AI Art\Ai Generated\1 (692).png";"5043691";"07731B30662D17D793A957F8C3191C631E67B1FC6E6D93B0B5657E4CCE30899D";"07731B30662D17D793A957F8C3191C631E67B1FC6E6D93B0B5657E4CCE30899D";"Würde gelöscht werden"
"2026-09-28 23:24:50";"DryRun";"F:\Daten\Älter\Bilder\Ai Generated\1 (694).png";"E:\OpenCloud\Persönlich (2)\Fotos\AI Art\Ai Generated\1 (694).png";"4341996";"25D916E372FAB8D5EC5B130B13970B68191F0B379CDD65C1BB051BBCC8E87794";"25D916E372FAB8D5EC5B130B13970B68191F0B379CDD65C1BB051BBCC8E87794";"Würde gelöscht werden"
"2026-09-28 23:24:50";"DryRun";"F:\Daten\Älter\Bilder\Ai Generated\1 (695).png";"E:\OpenCloud\Persönlich (2)\Fotos\AI Art\Ai Generated\1 (695).png";"5143264";"DF4D845353E0AD385D84E0F8027F159C8AB967257B046105DB6707DF4216A9C5";"DF4D845353E0AD385D84E0F8027F159C8AB967257B046105DB6707DF4216A9C5";"Würde gelöscht werden"
"2026-09-28 23:24:50";"DryRun";"F:\Daten\Älter\Bilder\Ai Generated\1 (696).png";"E:\OpenCloud\Persönlich (2)\Fotos\AI Art\Ai Generated\1 (696).png";"4796074";"040DB8F334C9759222D962C4A00E377CEEFD49147FDB67892D2DBDAA4290C56C";"040DB8F334C9759222D962C4A00E377CEEFD49147FDB67892D2DBDAA4290C56C";"Würde gelöscht werden"
"2026-09-28 23:24:50";"DryRun";"F:\Daten\Älter\Bilder\Ai Generated\1 (697).png";"E:\OpenCloud\Persönlich (2)\Fotos\AI Art\Ai Generated\1 (697).png";"4919367";"54B5CE43664F94A45BBED07DF75B51700F9E54314FBE90CF5B75DF5439DD4C5B";"54B5CE43664F94A45BBED07DF75B51700F9E54314FBE90CF5B75DF5439DD4C5B";"Würde gelöscht werden"
"2026-09-28 23:24:51";"DryRun";"F:\Daten\Älter\Bilder\Ai Generated\1 (698).png";"E:\OpenCloud\Persönlich (2)\Fotos\AI Art\Ai Generated\1 (698).png";"5279576";"4F74BB5AE933E4F339F3E993FF8E2EEB6640D2934F704876A2653DDACEFC47B6";"4F74BB5AE933E4F339F3E993FF8E2EEB6640D2934F704876A2653DDACEFC47B6";"Würde gelöscht werden"
"2026-09-28 23:24:51";"DryRun";"F:\Daten\Älter\Bilder\Ai Generated\1 (699).png";"E:\OpenCloud\Persönlich (2)\Fotos\AI Art\Ai Generated\1 (699).png";"4729623";"F93634540921DD500825BC62868949DB8CFF2850201401BE7075F5A5AD49416F";"F93634540921DD500825BC62868949DB8CFF2850201401BE7075F5A5AD49416F";"Würde gelöscht werden"
"2026-09-28 23:24:51";"DryRun";"F:\Daten\Älter\Bilder\Ai Generated\1 (70).png";"E:\OpenCloud\Persönlich (2)\Fotos\AI Art\Ai Generated\1 (70).png";"3110108";"6E80D963E85056A3744644CB19C20B01EDB83EC8E6CE8C0144333C343F1B97CC";"6E80D963E85056A3744644CB19C20B01EDB83EC8E6CE8C0144333C343F1B97CC";"Würde gelöscht werden"
"2026-09-28 23:24:51";"DryRun";"F:\Daten\Älter\Bilder\Ai Generated\1 (700).png";"E:\OpenCloud\Persönlich (2)\Fotos\AI Art\Ai Generated\1 (700).png";"4413695";"4C0E24B1ED4792AC78FE841FF64ECD55A7D8794DE15DBBD0023A05A91BF32116";"4C0E24B1ED4792AC78FE841FF64ECD55A7D8794DE15DBBD0023A05A91BF32116";"Würde gelöscht werden"
"2026-09-28 23:24:51";"DryRun";"F:\Daten\Älter\Bilder\Ai Generated\1 (701).png";"E:\OpenCloud\Persönlich (2)\Fotos\AI Art\Ai Generated\1 (701).png";"4569413";"49E92BFF5601B04BF7F70E1EB7C5848E287CC408D01DF6D2D52F72C0522352A0";"49E92BFF5601B04BF7F70E1EB7C5848E287CC408D01DF6D2D52F72C0522352A0";"Würde gelöscht werden"
"2026-09-28 23:24:51";"DryRun";"F:\Daten\Älter\Bilder\Ai Generated\1 (702).png";"E:\OpenCloud\Persönlich (2)\Fotos\AI Art\Ai Generated\1 (702).png";"16373733";"A340166E279DF4A4E226E6C8FCFDF9C7DEBCBD9F11441261D871732C1E0D04C6";"A340166E279DF4A4E226E6C8FCFDF9C7DEBCBD9F11441261D871732C1E0D04C6";"Würde gelöscht werden"
"2026-09-28 23:24:51";"DryRun";"F:\Daten\Älter\Bilder\Ai Generated\1 (703).png";"E:\OpenCloud\Persönlich (2)\Fotos\AI Art\Ai Generated\1 (703).png";"5388590";"D75ECFDE55676A98A3C58722BE0FF89F18D6EBA56D0241929B4918BB1F1EA1A1";"D75ECFDE55676A98A3C58722BE0FF89F18D6EBA56D0241929B4918BB1F1EA1A1";"Würde gelöscht werden"
"2026-09-28 23:24:51";"DryRun";"F:\Daten\Älter\Bilder\Ai Generated\1 (704).png";"E:\OpenCloud\Persönlich (2)\Fotos\AI Art\Ai Generated\1 (704).png";"5840914";"874D2A0B2CF8B6274D44C2C05D0F0D5DF24AE4FC7A3D4DE009AF539109D95E63";"874D2A0B2CF8B6274D44C2C05D0F0D5DF24AE4FC7A3D4DE009AF539109D95E63";"Würde gelöscht werden"
"2026-09-28 23:24:51";"DryRun";"F:\Daten\Älter\Bilder\Ai Generated\1 (705).png";"E:\OpenCloud\Persönlich (2)\Fotos\AI Art\Ai Generated\1 (705).png";"17282836";"594CD7B9E210DD1F068C7151112E356D6255C8BBF681C16D745EC62DE76B4CC1";"594CD7B9E210DD1F068C7151112E356D6255C8BBF681C16D745EC62DE76B4CC1";"Würde gelöscht werden"
"2026-09-28 23:24:52";"DryRun";"F:\Daten\Älter\Bilder\Ai Generated\1 (706).png";"E:\OpenCloud\Persönlich (2)\Fotos\AI Art\Ai Generated\1 (706).png";"5186057";"22FD0B99AE499F64C297881136C4125A550CD3C4D8E608C388DDB04319D874A4";"22FD0B99AE499F64C297881136C4125A550CD3C4D8E608C388DDB04319D874A4";"Würde gelöscht werden"
"2026-09-28 23:24:52";"DryRun";"F:\Daten\Älter\Bilder\Ai Generated\1 (707).png";"E:\OpenCloud\Persönlich (2)\Fotos\AI Art\Ai Generated\1 (707).png";"5803571";"A7D689ACF06BC8391FCC2706BEE19346131F86F5899E498B132F9B6D698D7875";"A7D689ACF06BC8391FCC2706BEE19346131F86F5899E498B132F9B6D698D7875";"Würde gelöscht werden"
"2026-09-28 23:24:52";"DryRun";"F:\Daten\Älter\Bilder\Ai Generated\1 (708).png";"E:\OpenCloud\Persönlich (2)\Fotos\AI Art\Ai Generated\1 (708).png";"5803571";"A7D689ACF06BC8391FCC2706BEE19346131F86F5899E498B132F9B6D698D7875";"A7D689ACF06BC8391FCC2706BEE19346131F86F5899E498B132F9B6D698D7875";"Würde gelöscht werden"
"2026-09-28 23:24:52";"DryRun";"F:\Daten\Älter\Bilder\Ai Generated\1 (709).png";"E:\OpenCloud\Persönlich (2)\Fotos\AI Art\Ai Generated\1 (709).png";"1570400";"D9750773F60935FD309E8AD3A3715E553B774134EC937FB53DD2FE0B9323BF9E";"D9750773F60935FD309E8AD3A3715E553B774134EC937FB53DD2FE0B9323BF9E";"Würde gelöscht werden"
"2026-09-28 23:24:52";"DryRun";"F:\Daten\Älter\Bilder\Ai Generated\1 (710).png";"E:\OpenCloud\Persönlich (2)\Fotos\AI Art\Ai Generated\1 (710).png";"4528088";"8A6F70B99E55B77C6A2CE85F516D9277013635C22F388F45470384543C982656";"8A6F70B99E55B77C6A2CE85F516D9277013635C22F388F45470384543C982656";"Würde gelöscht werden"
"2026-09-28 23:24:52";"DryRun";"F:\Daten\Älter\Bilder\Ai Generated\1 (711).png";"E:\OpenCloud\Persönlich (2)\Fotos\AI Art\Ai Generated\1 (711).png";"725478";"6E9B5FDD46977D08F14392E0DA446FB98B1445C5E34226F5CCB826097945E992";"6E9B5FDD46977D08F14392E0DA446FB98B1445C5E34226F5CCB826097945E992";"Würde gelöscht werden"
"2026-09-28 23:24:52";"DryRun";"F:\Daten\Älter\Bilder\Ai Generated\1 (712).png";"E:\OpenCloud\Persönlich (2)\Fotos\AI Art\Ai Generated\1 (712).png";"9490156";"9D5253353F9E712A10C2D409E02251AFB91749626C2BDBF6660B8C4E5963756E";"9D5253353F9E712A10C2D409E02251AFB91749626C2BDBF6660B8C4E5963756E";"Würde gelöscht werden"
"2026-09-28 23:24:52";"DryRun";"F:\Daten\Älter\Bilder\Ai Generated\1 (713).png";"E:\OpenCloud\Persönlich (2)\Fotos\AI Art\Ai Generated\1 (713).png";"10042375";"155BAD98D99F85D634E478784D22E3DD5CC116FAB61C55F27D53457948006C7A";"155BAD98D99F85D634E478784D22E3DD5CC116FAB61C55F27D53457948006C7A";"Würde gelöscht werden"
"2026-09-28 23:24:52";"DryRun";"F:\Daten\Älter\Bilder\Ai Generated\1 (714).png";"E:\OpenCloud\Persönlich (2)\Fotos\AI Art\Ai Generated\1 (714).png";"4083017";"86CC0CF19E5406701C6E6BA8FFB8911DCA789331ECF02610B1A8235F686F10C2";"86CC0CF19E5406701C6E6BA8FFB8911DCA789331ECF02610B1A8235F686F10C2";"Würde gelöscht werden"
"2026-09-28 23:24:52";"DryRun";"F:\Daten\Älter\Bilder\Ai Generated\1 (715).png";"E:\OpenCloud\Persönlich (2)\Fotos\AI Art\Ai Generated\1 (715).png";"1337723";"C4CD7064C8EEA9640484F8BDF38934D1F4E31BA139D9156263596654DF132FF4";"C4CD7064C8EEA9640484F8BDF38934D1F4E31BA139D9156263596654DF132FF4";"Würde gelöscht werden"
"2026-09-28 23:24:53";"DryRun";"F:\Daten\Älter\Bilder\Ai Generated\1 (716).png";"E:\OpenCloud\Persönlich (2)\Fotos\AI Art\Ai Generated\1 (716).png";"18792678";"E59285437021A706DC58B2CAB58C8A2B3EA55927A6FB94E6D84C14D2CE587C1B";"E59285437021A706DC58B2CAB58C8A2B3EA55927A6FB94E6D84C14D2CE587C1B";"Würde gelöscht werden"
"2026-09-28 23:24:53";"DryRun";"F:\Daten\Älter\Bilder\Ai Generated\1 (785).png";"E:\OpenCloud\Persönlich (2)\Fotos\AI Art\Ai Generated\1 (409).png";"9076280";"9A464315B66F2C709F7DEFB548173C3D5894C8B0D609218A0C690FC1BE3A6157";"9A464315B66F2C709F7DEFB548173C3D5894C8B0D609218A0C690FC1BE3A6157";"Würde gelöscht werden"
"2026-09-28 23:24:53";"DryRun";"F:\Daten\Älter\Bilder\Ai Generated\1 (828).png";"E:\OpenCloud\Persönlich (2)\Fotos\AI Art\Ai Generated\1 (158).png";"2940562";"7D02A601CDFEB94CF88CD72EAC8ECD239DE0306794232B6A2AD3780EE0D3A768";"7D02A601CDFEB94CF88CD72EAC8ECD239DE0306794232B6A2AD3780EE0D3A768";"Würde gelöscht werden"
"2026-09-28 23:24:53";"DryRun";"F:\Daten\Älter\Bilder\Ai Generated\1 (829).png";"E:\OpenCloud\Persönlich (2)\Fotos\AI Art\Ai Generated\1 (159).png";"2978306";"E16456A7D0C8AC2B2F07FEF24281FC3CDDBD21C3C0C00003FC706DA5BBD33343";"E16456A7D0C8AC2B2F07FEF24281FC3CDDBD21C3C0C00003FC706DA5BBD33343";"Würde gelöscht werden"
"2026-09-28 23:24:53";"DryRun";"F:\Daten\Älter\Bilder\Ai Generated\1 (86).png";"E:\OpenCloud\Persönlich (2)\Fotos\AI Art\Ai Generated\1 (221).png";"2905590";"7A38DB9171C6107F01B2267461B0A94257DE703EBF56262A6335227F52947656";"7A38DB9171C6107F01B2267461B0A94257DE703EBF56262A6335227F52947656";"Würde gelöscht werden"
"2026-09-28 23:24:53";"DryRun";"F:\Daten\Älter\Bilder\Ai Generated\1 (90).png";"E:\OpenCloud\Persönlich (2)\Fotos\AI Art\Ai Generated\1 (217).png";"2894643";"C3A9EB976B79C1427DFA7B3AF3D52153CBA0E1D1951F02296E3AFDC697D06030";"C3A9EB976B79C1427DFA7B3AF3D52153CBA0E1D1951F02296E3AFDC697D06030";"Würde gelöscht werden"
"2026-09-28 23:24:53";"DryRun";"F:\Daten\Älter\Bilder\Ai Generated\1 (92).png";"E:\OpenCloud\Persönlich (2)\Fotos\AI Art\Ai Generated\1 (215).png";"2898509";"7C7551EFC53C67E773BDFC9209D7DFC3D5CA982E6A20E694934812526CAAB9E9";"7C7551EFC53C67E773BDFC9209D7DFC3D5CA982E6A20E694934812526CAAB9E9";"Würde gelöscht werden"
"2026-09-28 23:24:53";"DryRun";"F:\Daten\Älter\Bilder\Ai Generated\1 (94).png";"E:\OpenCloud\Persönlich (2)\Fotos\AI Art\Ai Generated\1 (213).png";"2963830";"382DBA7BBA80484E7C71A225095193752A06A37BF411CDFFC91D59F37D082C76";"382DBA7BBA80484E7C71A225095193752A06A37BF411CDFFC91D59F37D082C76";"Würde gelöscht werden"
"2026-09-28 23:24:53";"DryRun";"F:\Daten\Älter\Bilder\Ai Generated\1 (95).png";"E:\OpenCloud\Persönlich (2)\Fotos\AI Art\Ai Generated\1 (212).png";"2786133";"26D706B7D679B68D2337FBE6E547DB5814A849DE46E53958F681D4D52A91AE1F";"26D706B7D679B68D2337FBE6E547DB5814A849DE46E53958F681D4D52A91AE1F";"Würde gelöscht werden"
"2026-09-28 23:24:53";"DryRun";"F:\Daten\Älter\Bilder\Bilder aus der Jugend\10000981_632563623479668_1134692011099801643_o.jpg";"E:\OpenCloud\Persönlich (2)\Fotos\Verschiedenes\Bilder aus der Jugend\10000981_632563623479668_1134692011099801643_o.jpg";"341735";"99AAE01DDC43CE743891F7CACD0913913F3CD53BF8B0C952A12C155ED4418B99";"99AAE01DDC43CE743891F7CACD0913913F3CD53BF8B0C952A12C155ED4418B99";"Würde gelöscht werden"
"2026-09-28 23:24:53";"DryRun";"F:\Daten\Älter\Bilder\Bilder aus der Jugend\10001116_677835668929705_7495812514708800330_o.jpg";"E:\OpenCloud\Persönlich (2)\Fotos\Verschiedenes\Bilder aus der Jugend\10001116_677835668929705_7495812514708800330_o.jpg";"183315";"23383A08CFA0F30F74536CD8EA77EB69F24563F4E107C62F673F337108181490";"23383A08CFA0F30F74536CD8EA77EB69F24563F4E107C62F673F337108181490";"Würde gelöscht werden"
"2026-09-28 23:24:53";"DryRun";"F:\Daten\Älter\Bilder\Bilder aus der Jugend\10006060_677835892263016_3391626852097374125_o.jpg";"E:\OpenCloud\Persönlich (2)\Fotos\Verschiedenes\Bilder aus der Jugend\10006060_677835892263016_3391626852097374125_o.jpg";"216864";"A7A4D2059E90BBC68343741BE48CC408125579DF6F1555F29CDCCF2389302D27";"A7A4D2059E90BBC68343741BE48CC408125579DF6F1555F29CDCCF2389302D27";"Würde gelöscht werden"
"2026-09-28 23:24:53";"DryRun";"F:\Daten\Älter\Bilder\Bilder aus der Jugend\1012084_658634207516518_588309968_n.jpg";"E:\OpenCloud\Persönlich (2)\Fotos\Verschiedenes\Bilder aus der Jugend\1012084_658634207516518_588309968_n.jpg";"63717";"B64610796623A1AE1C9D5AC8DEA5C0C2875F78C7626A6783F4D80C7DDC958186";"B64610796623A1AE1C9D5AC8DEA5C0C2875F78C7626A6783F4D80C7DDC958186";"Würde gelöscht werden"
"2026-09-28 23:24:53";"DryRun";"F:\Daten\Älter\Bilder\Bilder aus der Jugend\10258787_632563646812999_4148987163219511222_o.jpg";"E:\OpenCloud\Persönlich (2)\Fotos\Verschiedenes\Bilder aus der Jugend\10258787_632563646812999_4148987163219511222_o.jpg";"343593";"2D529396C8CA287C0A86077F92CEBBD0E5C0D54DB6054CBB34683496C7AC58F9";"2D529396C8CA287C0A86077F92CEBBD0E5C0D54DB6054CBB34683496C7AC58F9";"Würde gelöscht werden"
"2026-09-28 23:24:53";"DryRun";"F:\Daten\Älter\Bilder\Bilder aus der Jugend\10265408_677835842263021_3611531964821604056_o.jpg";"E:\OpenCloud\Persönlich (2)\Fotos\Verschiedenes\Bilder aus der Jugend\10265408_677835842263021_3611531964821604056_o.jpg";"166534";"519E7BAA753AB6FC93E2D4F7F0529DA3CED6425DA610AA4925664795FA9AD7AC";"519E7BAA753AB6FC93E2D4F7F0529DA3CED6425DA610AA4925664795FA9AD7AC";"Würde gelöscht werden"
"2026-09-28 23:24:53";"DryRun";"F:\Daten\Älter\Bilder\Bilder aus der Jugend\1150950_658628537517085_233901400_n.jpg";"E:\OpenCloud\Persönlich (2)\Fotos\Verschiedenes\Bilder aus der Jugend\1150950_658628537517085_233901400_n.jpg";"47715";"9F8CC3F47353B4C31C0D06D4EA66C8AABE1BC49CB9543DB559CC99B7E4608E73";"9F8CC3F47353B4C31C0D06D4EA66C8AABE1BC49CB9543DB559CC99B7E4608E73";"Würde gelöscht werden"
"2026-09-28 23:24:53";"DryRun";"F:\Daten\Älter\Bilder\Bilder aus der Jugend\12778_658630924183513_1301123925_n.jpg";"E:\OpenCloud\Persönlich (2)\Fotos\Verschiedenes\Bilder aus der Jugend\12778_658630924183513_1301123925_n.jpg";"54800";"894D0215262872475BAA28F82BF32E9014BE4F5BF99A7C5062F8439564B85BC3";"894D0215262872475BAA28F82BF32E9014BE4F5BF99A7C5062F8439564B85BC3";"Würde gelöscht werden"
"2026-09-28 23:24:53";"DryRun";"F:\Daten\Älter\Bilder\Bilder aus der Jugend\1451378_658612937518645_1182309320_n.jpg";"E:\OpenCloud\Persönlich (2)\Fotos\Verschiedenes\Bilder aus der Jugend\1451378_658612937518645_1182309320_n.jpg";"40246";"5937BFF3E3D9FA4C4527A03E9D645633313CEF0896D57CD286636714178B5078";"5937BFF3E3D9FA4C4527A03E9D645633313CEF0896D57CD286636714178B5078";"Würde gelöscht werden"
"2026-09-28 23:24:53";"DryRun";"F:\Daten\Älter\Bilder\Bilder aus der Jugend\1497440_658625127517426_222872265_n.jpg";"E:\OpenCloud\Persönlich (2)\Fotos\Verschiedenes\Bilder aus der Jugend\1497440_658625127517426_222872265_n.jpg";"70845";"92491DBF92F02A47127C0BCD9398139B3C61609CDB17B5B92ABA864FDF4A0D69";"92491DBF92F02A47127C0BCD9398139B3C61609CDB17B5B92ABA864FDF4A0D69";"Würde gelöscht werden"
"2026-09-28 23:24:53";"DryRun";"F:\Daten\Älter\Bilder\Bilder aus der Jugend\1506039_658589840854288_1133783198_n.jpg";"E:\OpenCloud\Persönlich (2)\Fotos\Verschiedenes\Bilder aus der Jugend\1506039_658589840854288_1133783198_n.jpg";"47975";"6EB0613FA32A07D21F6384F9EFD6335B21EF19B1547E89678FF2E1086ACB6B83";"6EB0613FA32A07D21F6384F9EFD6335B21EF19B1547E89678FF2E1086ACB6B83";"Würde gelöscht werden"
"2026-09-28 23:24:53";"DryRun";"F:\Daten\Älter\Bilder\Bilder aus der Jugend\1506708_658611934185412_2103371450_n.jpg";"E:\OpenCloud\Persönlich (2)\Fotos\Verschiedenes\Bilder aus der Jugend\1506708_658611934185412_2103371450_n.jpg";"57029";"3D3267F93D55CE548FE2D0A9C2EDCCF211F31B19BA15C10AA4710ADA65771916";"3D3267F93D55CE548FE2D0A9C2EDCCF211F31B19BA15C10AA4710ADA65771916";"Würde gelöscht werden"
"2026-09-28 23:24:53";"DryRun";"F:\Daten\Älter\Bilder\Bilder aus der Jugend\1506830_658611127518826_507381638_n.jpg";"E:\OpenCloud\Persönlich (2)\Fotos\Verschiedenes\Bilder aus der Jugend\1506830_658611127518826_507381638_n.jpg";"54190";"D010D862024E28F53990F8C7C8CAE5B48FAB9D08F02545BF5F3B4A49C66930B5";"D010D862024E28F53990F8C7C8CAE5B48FAB9D08F02545BF5F3B4A49C66930B5";"Würde gelöscht werden"
"2026-09-28 23:24:53";"DryRun";"F:\Daten\Älter\Bilder\Bilder aus der Jugend\1511025_658589887520950_30235553_n.jpg";"E:\OpenCloud\Persönlich (2)\Fotos\Verschiedenes\Bilder aus der Jugend\1511025_658589887520950_30235553_n.jpg";"44906";"260A40A31A54929E94075E34361D6243B0BD749F5C02C31BC5624B4501FACC89";"260A40A31A54929E94075E34361D6243B0BD749F5C02C31BC5624B4501FACC89";"Würde gelöscht werden"
"2026-09-28 23:24:53";"DryRun";"F:\Daten\Älter\Bilder\Bilder aus der Jugend\1556258_677834808929791_3690235546010530447_o.jpg";"E:\OpenCloud\Persönlich (2)\Fotos\Verschiedenes\Bilder aus der Jugend\1556258_677834808929791_3690235546010530447_o.jpg";"165906";"7B2D1EC3DC3E8A4FA4746A7A09227564771DB112784DBBCF66CC7F962A0BD18C";"7B2D1EC3DC3E8A4FA4746A7A09227564771DB112784DBBCF66CC7F962A0BD18C";"Würde gelöscht werden"
"2026-09-28 23:24:53";"DryRun";"F:\Daten\Älter\Bilder\Bilder aus der Jugend\1604521_658612834185322_2087947431_n.jpg";"E:\OpenCloud\Persönlich (2)\Fotos\Verschiedenes\Bilder aus der Jugend\1604521_658612834185322_2087947431_n.jpg";"61857";"E5F7398C4E6458C96718177B8DA1CFD576C33E03F0921B44700152DD83348FCD";"E5F7398C4E6458C96718177B8DA1CFD576C33E03F0921B44700152DD83348FCD";"Würde gelöscht werden"
"2026-09-28 23:24:53";"DryRun";"F:\Daten\Älter\Bilder\Bilder aus der Jugend\1618595_658612770851995_873084399_n.jpg";"E:\OpenCloud\Persönlich (2)\Fotos\Verschiedenes\Bilder aus der Jugend\1618595_658612770851995_873084399_n.jpg";"61003";"19FBE26EEBE7ED8F98CBFFE485B0131503C6B1A4E7C920DFC33512C376237D2D";"19FBE26EEBE7ED8F98CBFFE485B0131503C6B1A4E7C920DFC33512C376237D2D";"Würde gelöscht werden"
"2026-09-28 23:24:53";"DryRun";"F:\Daten\Älter\Bilder\Bilder aus der Jugend\1618661_658612470852025_2119758296_n.jpg";"E:\OpenCloud\Persönlich (2)\Fotos\Verschiedenes\Bilder aus der Jugend\1618661_658612470852025_2119758296_n.jpg";"61416";"E97E656B16789E11FD903703C8C72E54279EF910CA3A29E2EF0D020981C28A86";"E97E656B16789E11FD903703C8C72E54279EF910CA3A29E2EF0D020981C28A86";"Würde gelöscht werden"
"2026-09-28 23:24:53";"DryRun";"F:\Daten\Älter\Bilder\Bilder aus der Jugend\1620441_658603014186304_1809330585_n.jpg";"E:\OpenCloud\Persönlich (2)\Fotos\Verschiedenes\Bilder aus der Jugend\1620441_658603014186304_1809330585_n.jpg";"57517";"925AC96E6073A05271A58336B2AC38781DBE0BF060E6CB139AE758085F5AD640";"925AC96E6073A05271A58336B2AC38781DBE0BF060E6CB139AE758085F5AD640";"Würde gelöscht werden"
"2026-09-28 23:24:53";"DryRun";"F:\Daten\Älter\Bilder\Bilder aus der Jugend\1621726_658606860852586_361464390_n.jpg";"E:\OpenCloud\Persönlich (2)\Fotos\Verschiedenes\Bilder aus der Jugend\1621726_658606860852586_361464390_n.jpg";"48724";"76E4C11DD4D81406D0F59A0B288E48F57D3E13158C76D196CEEA92D9C2956B73";"76E4C11DD4D81406D0F59A0B288E48F57D3E13158C76D196CEEA92D9C2956B73";"Würde gelöscht werden"
"2026-09-28 23:24:53";"DryRun";"F:\Daten\Älter\Bilder\Bilder aus der Jugend\1621780_658590010854271_200752230_n.jpg";"E:\OpenCloud\Persönlich (2)\Fotos\Verschiedenes\Bilder aus der Jugend\1621780_658590010854271_200752230_n.jpg";"39329";"BAEEE724980EC989FE4A8B6A1660BE4E38FEC06E849D798075C1B0F8DDBD9DB2";"BAEEE724980EC989FE4A8B6A1660BE4E38FEC06E849D798075C1B0F8DDBD9DB2";"Würde gelöscht werden"
"2026-09-28 23:24:53";"DryRun";"F:\Daten\Älter\Bilder\Bilder aus der Jugend\1622267_658634304183175_2031976814_n.jpg";"E:\OpenCloud\Persönlich (2)\Fotos\Verschiedenes\Bilder aus der Jugend\1622267_658634304183175_2031976814_n.jpg";"84329";"33C0B27B0FBA92F800634D9E17E7B8B5E36E591BA058D4A69AF202B0FCE672B9";"33C0B27B0FBA92F800634D9E17E7B8B5E36E591BA058D4A69AF202B0FCE672B9";"Würde gelöscht werden"
"2026-09-28 23:24:53";"DryRun";"F:\Daten\Älter\Bilder\Bilder aus der Jugend\1623654_658634070849865_480303249_n.jpg";"E:\OpenCloud\Persönlich (2)\Fotos\Verschiedenes\Bilder aus der Jugend\1623654_658634070849865_480303249_n.jpg";"99159";"FAC058E1A4124D8EAAF29200D9A3A19E1C695078CED42D2E7820010368574724";"FAC058E1A4124D8EAAF29200D9A3A19E1C695078CED42D2E7820010368574724";"Würde gelöscht werden"
"2026-09-28 23:24:53";"DryRun";"F:\Daten\Älter\Bilder\Bilder aus der Jugend\1625522_658621474184458_43988299_n.jpg";"E:\OpenCloud\Persönlich (2)\Fotos\Verschiedenes\Bilder aus der Jugend\1625522_658621474184458_43988299_n.jpg";"72213";"369D66AB692BA135383BE354CF16124EADD4ED11A27C8EB56A44C48681B8FBF5";"369D66AB692BA135383BE354CF16124EADD4ED11A27C8EB56A44C48681B8FBF5";"Würde gelöscht werden"
"2026-09-28 23:24:53";"DryRun";"F:\Daten\Älter\Bilder\Bilder aus der Jugend\1653639_658620940851178_633581731_n.jpg";"E:\OpenCloud\Persönlich (2)\Fotos\Verschiedenes\Bilder aus der Jugend\1653639_658620940851178_633581731_n.jpg";"77777";"171E203B793F3DF15331D8DEEA0AB83439EC68AE6963E43AC7DD348394EFFACB";"171E203B793F3DF15331D8DEEA0AB83439EC68AE6963E43AC7DD348394EFFACB";"Würde gelöscht werden"
"2026-09-28 23:24:53";"DryRun";"F:\Daten\Älter\Bilder\Bilder aus der Jugend\1653990_658648960848376_1182631276_n.jpg";"E:\OpenCloud\Persönlich (2)\Fotos\Verschiedenes\Bilder aus der Jugend\1653990_658648960848376_1182631276_n.jpg";"66716";"3DC11C45677C830390B9D23C12AEC806C00ACDD1374E1F1B74C86AED8EAA7B1B";"3DC11C45677C830390B9D23C12AEC806C00ACDD1374E1F1B74C86AED8EAA7B1B";"Würde gelöscht werden"
"2026-09-28 23:24:53";"DryRun";"F:\Daten\Älter\Bilder\Bilder aus der Jugend\1656117_658608527519086_1906041378_n.jpg";"E:\OpenCloud\Persönlich (2)\Fotos\Verschiedenes\Bilder aus der Jugend\1656117_658608527519086_1906041378_n.jpg";"49266";"85076BABA5AD6D18F86119B88020161DDA33FB5534573574E6984EF48C4B8B50";"85076BABA5AD6D18F86119B88020161DDA33FB5534573574E6984EF48C4B8B50";"Würde gelöscht werden"
"2026-09-28 23:24:54";"DryRun";"F:\Daten\Älter\Bilder\Bilder aus der Jugend\1656137_658619780851294_893394459_n.jpg";"E:\OpenCloud\Persönlich (2)\Fotos\Verschiedenes\Bilder aus der Jugend\1656137_658619780851294_893394459_n.jpg";"108897";"442B58966F319554D43AA72804A061B03015E7B35CA2B905AC42EFEB34BC09E2";"442B58966F319554D43AA72804A061B03015E7B35CA2B905AC42EFEB34BC09E2";"Würde gelöscht werden"
"2026-09-28 23:24:54";"DryRun";"F:\Daten\Älter\Bilder\Bilder aus der Jugend\1656170_658625480850724_558905118_n.jpg";"E:\OpenCloud\Persönlich (2)\Fotos\Verschiedenes\Bilder aus der Jugend\1656170_658625480850724_558905118_n.jpg";"49490";"BA13BB80199A52B2FCDB21C462B8BE320C2E1FE2C20AB4F954A6BD447DFF7DC4";"BA13BB80199A52B2FCDB21C462B8BE320C2E1FE2C20AB4F954A6BD447DFF7DC4";"Würde gelöscht werden"
"2026-09-28 23:24:54";"DryRun";"F:\Daten\Älter\Bilder\Bilder aus der Jugend\1656417_658623150850957_1218149393_n.jpg";"E:\OpenCloud\Persönlich (2)\Fotos\Verschiedenes\Bilder aus der Jugend\1656417_658623150850957_1218149393_n.jpg";"57704";"AD4F254B3CDE98CAAD6FD271EC281711937AF6412CEA7A9C2C8D26ACC1DD51F0";"AD4F254B3CDE98CAAD6FD271EC281711937AF6412CEA7A9C2C8D26ACC1DD51F0";"Würde gelöscht werden"
"2026-09-28 23:24:54";"DryRun";"F:\Daten\Älter\Bilder\Bilder aus der Jugend\1660610_658622060851066_166908321_n.jpg";"E:\OpenCloud\Persönlich (2)\Fotos\Verschiedenes\Bilder aus der Jugend\1660610_658622060851066_166908321_n.jpg";"91044";"218300349A3C84C5F5B886824BD71C967C10A47530075F1224D1B8D0038362C4";"218300349A3C84C5F5B886824BD71C967C10A47530075F1224D1B8D0038362C4";"Würde gelöscht werden"
"2026-09-28 23:24:54";"DryRun";"F:\Daten\Älter\Bilder\Bilder aus der Jugend\16671_658616854184920_627450919_n.jpg";"E:\OpenCloud\Persönlich (2)\Fotos\Verschiedenes\Bilder aus der Jugend\16671_658616854184920_627450919_n.jpg";"70640";"D527828D7E9D33CA21205B6C45E753A90A2B98416561E654DC1082F12BC60115";"D527828D7E9D33CA21205B6C45E753A90A2B98416561E654DC1082F12BC60115";"Würde gelöscht werden"
"2026-09-28 23:24:54";"DryRun";"F:\Daten\Älter\Bilder\Bilder aus der Jugend\1688059_658642624182343_1252181174_n.jpg";"E:\OpenCloud\Persönlich (2)\Fotos\Verschiedenes\Bilder aus der Jugend\1688059_658642624182343_1252181174_n.jpg";"56304";"8800E54DB18E714FB30D5D0144EBD13C5E990F1EA94E50B24FDB7AEA447733E7";"8800E54DB18E714FB30D5D0144EBD13C5E990F1EA94E50B24FDB7AEA447733E7";"Würde gelöscht werden"
"2026-09-28 23:24:54";"DryRun";"F:\Daten\Älter\Bilder\Bilder aus der Jugend\1688561_658636434182962_351250680_n.jpg";"E:\OpenCloud\Persönlich (2)\Fotos\Verschiedenes\Bilder aus der Jugend\1688561_658636434182962_351250680_n.jpg";"61652";"84E403D0BC01829E9800D19B3AF20FEA042BC3919D6F593B10B0E9ED6F81ECB3";"84E403D0BC01829E9800D19B3AF20FEA042BC3919D6F593B10B0E9ED6F81ECB3";"Würde gelöscht werden"
"2026-09-28 23:24:54";"DryRun";"F:\Daten\Älter\Bilder\Bilder aus der Jugend\1688873_658590570854215_427727579_n.jpg";"E:\OpenCloud\Persönlich (2)\Fotos\Verschiedenes\Bilder aus der Jugend\1688873_658590570854215_427727579_n.jpg";"58968";"2A78FC54378C2784C3CF19C540FA3E000B763445852075BB77015E3496CB7101";"2A78FC54378C2784C3CF19C540FA3E000B763445852075BB77015E3496CB7101";"Würde gelöscht werden"
"2026-09-28 23:24:54";"DryRun";"F:\Daten\Älter\Bilder\Bilder aus der Jugend\1743451_658643704182235_608554112_n.jpg";"E:\OpenCloud\Persönlich (2)\Fotos\Verschiedenes\Bilder aus der Jugend\1743451_658643704182235_608554112_n.jpg";"56372";"375F26D4FEA472FB648A778E1A61397361C219466E16CC7E2C976737AE44ACF2";"375F26D4FEA472FB648A778E1A61397361C219466E16CC7E2C976737AE44ACF2";"Würde gelöscht werden"
"2026-09-28 23:24:54";"DryRun";"F:\Daten\Älter\Bilder\Bilder aus der Jugend\1743699_658649890848283_1398393372_n.jpg";"E:\OpenCloud\Persönlich (2)\Fotos\Verschiedenes\Bilder aus der Jugend\1743699_658649890848283_1398393372_n.jpg";"27267";"F36EDA0BE694D2F7F1BF1A05F4D36C28F910AC26E62698F7EB049516F43A0F68";"F36EDA0BE694D2F7F1BF1A05F4D36C28F910AC26E62698F7EB049516F43A0F68";"Würde gelöscht werden"
"2026-09-28 23:24:54";"DryRun";"F:\Daten\Älter\Bilder\Bilder aus der Jugend\1743706_658644544182151_1760595680_n.jpg";"E:\OpenCloud\Persönlich (2)\Fotos\Verschiedenes\Bilder aus der Jugend\1743706_658644544182151_1760595680_n.jpg";"82286";"F099CA1E945F10E85ABDE778A5933CDFC9D1306AEA535C0FF30F89675BA6FC31";"F099CA1E945F10E85ABDE778A5933CDFC9D1306AEA535C0FF30F89675BA6FC31";"Würde gelöscht werden"
"2026-09-28 23:24:54";"DryRun";"F:\Daten\Älter\Bilder\Bilder aus der Jugend\1779243_658638587516080_621951299_n.jpg";"E:\OpenCloud\Persönlich (2)\Fotos\Verschiedenes\Bilder aus der Jugend\1779243_658638587516080_621951299_n.jpg";"107467";"E890CDECC5719DA480739111BFC1FE34724AE005C1DAC2A756FED6AF09A8F415";"E890CDECC5719DA480739111BFC1FE34724AE005C1DAC2A756FED6AF09A8F415";"Würde gelöscht werden"
"2026-09-28 23:24:54";"DryRun";"F:\Daten\Älter\Bilder\Bilder aus der Jugend\1779248_658621274184478_697765235_n.jpg";"E:\OpenCloud\Persönlich (2)\Fotos\Verschiedenes\Bilder aus der Jugend\1779248_658621274184478_697765235_n.jpg";"78422";"7433C88E45267DC1AB0C205BE7B0958B929F69B21B6E3DAAAC427CDF0BB13531";"7433C88E45267DC1AB0C205BE7B0958B929F69B21B6E3DAAAC427CDF0BB13531";"Würde gelöscht werden"
"2026-09-28 23:24:54";"DryRun";"F:\Daten\Älter\Bilder\Bilder aus der Jugend\1779776_658608897519049_1035021830_n.jpg";"E:\OpenCloud\Persönlich (2)\Fotos\Verschiedenes\Bilder aus der Jugend\1779776_658608897519049_1035021830_n.jpg";"85025";"A55A1CF114F0A29D25817F76099700B0C9D57ED809C38E29DA6744E0A18C4C68";"A55A1CF114F0A29D25817F76099700B0C9D57ED809C38E29DA6744E0A18C4C68";"Würde gelöscht werden"
"2026-09-28 23:24:54";"DryRun";"F:\Daten\Älter\Bilder\Bilder aus der Jugend\1779931_658594004187205_475857581_n.jpg";"E:\OpenCloud\Persönlich (2)\Fotos\Verschiedenes\Bilder aus der Jugend\1779931_658594004187205_475857581_n.jpg";"42076";"30E5E6F05F5F73B17E900E78253D510D1952B556A4A80CFBF3DDCB48944D5CA3";"30E5E6F05F5F73B17E900E78253D510D1952B556A4A80CFBF3DDCB48944D5CA3";"Würde gelöscht werden"
"2026-09-28 23:24:54";"DryRun";"F:\Daten\Älter\Bilder\Bilder aus der Jugend\1780710_658637790849493_1045879055_n.jpg";"E:\OpenCloud\Persönlich (2)\Fotos\Verschiedenes\Bilder aus der Jugend\1780710_658637790849493_1045879055_n.jpg";"45790";"82C98014C95E933ECD279F573B8890D774A9B45B7F6A0718DF26896CE9E0D827";"82C98014C95E933ECD279F573B8890D774A9B45B7F6A0718DF26896CE9E0D827";"Würde gelöscht werden"
"2026-09-28 23:24:54";"DryRun";"F:\Daten\Älter\Bilder\Bilder aus der Jugend\1781983_658628440850428_44395005_n.jpg";"E:\OpenCloud\Persönlich (2)\Fotos\Verschiedenes\Bilder aus der Jugend\1781983_658628440850428_44395005_n.jpg";"69981";"72933F8CD6625A35707E0686415414F0DEFE627582469EABEDFACFD1BD4FE898";"72933F8CD6625A35707E0686415414F0DEFE627582469EABEDFACFD1BD4FE898";"Würde gelöscht werden"
"2026-09-28 23:24:54";"DryRun";"F:\Daten\Älter\Bilder\Bilder aus der Jugend\1794585_658640140849258_935986305_n.jpg";"E:\OpenCloud\Persönlich (2)\Fotos\Verschiedenes\Bilder aus der Jugend\1794585_658640140849258_935986305_n.jpg";"51626";"EA99A5DF91BE37C5C4A97C5A1FE8071456C2D58A20925CF7EC3DBFA8C871F185";"EA99A5DF91BE37C5C4A97C5A1FE8071456C2D58A20925CF7EC3DBFA8C871F185";"Würde gelöscht werden"
"2026-09-28 23:24:54";"DryRun";"F:\Daten\Älter\Bilder\Bilder aus der Jugend\1798104_658647164181889_1104432311_n.jpg";"E:\OpenCloud\Persönlich (2)\Fotos\Verschiedenes\Bilder aus der Jugend\1798104_658647164181889_1104432311_n.jpg";"49818";"44FBF245906008415067E4A24C5A675E1DB2FD06F2144F0DF484D7CCB6F9E7B7";"44FBF245906008415067E4A24C5A675E1DB2FD06F2144F0DF484D7CCB6F9E7B7";"Würde gelöscht werden"
"2026-09-28 23:24:54";"DryRun";"F:\Daten\Älter\Bilder\Bilder aus der Jugend\1798301_658591847520754_202714267_n.jpg";"E:\OpenCloud\Persönlich (2)\Fotos\Verschiedenes\Bilder aus der Jugend\1798301_658591847520754_202714267_n.jpg";"51072";"3B0AA79EBCD63350262709A93097A5409E0B5C311B39093C45C50B3319B9EDB0";"3B0AA79EBCD63350262709A93097A5409E0B5C311B39093C45C50B3319B9EDB0";"Würde gelöscht werden"
"2026-09-28 23:24:54";"DryRun";"F:\Daten\Älter\Bilder\Bilder aus der Jugend\1798827_658649477514991_960879552_n.jpg";"E:\OpenCloud\Persönlich (2)\Fotos\Verschiedenes\Bilder aus der Jugend\1798827_658649477514991_960879552_n.jpg";"43456";"51958105A6B788CE823AF6D99DF95975876584EFBE9BF81DCF3B426911D2E167";"51958105A6B788CE823AF6D99DF95975876584EFBE9BF81DCF3B426911D2E167";"Würde gelöscht werden"
"2026-09-28 23:24:54";"DryRun";"F:\Daten\Älter\Bilder\Bilder aus der Jugend\1800201_609586859118495_381358369_n.jpg";"E:\OpenCloud\Persönlich (2)\Fotos\Verschiedenes\Bilder aus der Jugend\1800201_609586859118495_381358369_n.jpg";"47731";"4F3CAD4F969E67B6717F97F384B454411002311F0B6158FAA8CC4368D75E04F7";"4F3CAD4F969E67B6717F97F384B454411002311F0B6158FAA8CC4368D75E04F7";"Würde gelöscht werden"
"2026-09-28 23:24:54";"DryRun";"F:\Daten\Älter\Bilder\Bilder aus der Jugend\1800406_658589977520941_548987085_n.jpg";"E:\OpenCloud\Persönlich (2)\Fotos\Verschiedenes\Bilder aus der Jugend\1800406_658589977520941_548987085_n.jpg";"35602";"72120FDD3A9B103F70BD259C0B1D240AB73A914684BD9A725BFE261FFD2B080B";"72120FDD3A9B103F70BD259C0B1D240AB73A914684BD9A725BFE261FFD2B080B";"Würde gelöscht werden"
"2026-09-28 23:24:54";"DryRun";"F:\Daten\Älter\Bilder\Bilder aus der Jugend\1836676_632562350146462_5113722709070369872_o.jpg";"E:\OpenCloud\Persönlich (2)\Fotos\Verschiedenes\Bilder aus der Jugend\1836676_632562350146462_5113722709070369872_o.jpg";"305708";"3FB697323BD18B49C3EB545FA8660C0D2F9AC61408C240882A52B6E85F959298";"3FB697323BD18B49C3EB545FA8660C0D2F9AC61408C240882A52B6E85F959298";"Würde gelöscht werden"
"2026-09-28 23:24:54";"DryRun";"F:\Daten\Älter\Bilder\Bilder aus der Jugend\1888574_658648997515039_869008916_n.jpg";"E:\OpenCloud\Persönlich (2)\Fotos\Verschiedenes\Bilder aus der Jugend\1888574_658648997515039_869008916_n.jpg";"78586";"770CA8AE5ACAD242642710D17ECAE3C03BF513B4E0115FA3255AF348E1D0C5F1";"770CA8AE5ACAD242642710D17ECAE3C03BF513B4E0115FA3255AF348E1D0C5F1";"Würde gelöscht werden"
"2026-09-28 23:24:54";"DryRun";"F:\Daten\Älter\Bilder\Bilder aus der Jugend\1896981_658612710852001_1854293699_n.jpg";"E:\OpenCloud\Persönlich (2)\Fotos\Verschiedenes\Bilder aus der Jugend\1896981_658612710852001_1854293699_n.jpg";"37464";"B468E03C46B2BC75677BA1C8153ABA786352F982639E754812AD9137831E85F2";"B468E03C46B2BC75677BA1C8153ABA786352F982639E754812AD9137831E85F2";"Würde gelöscht werden"
"2026-09-28 23:24:54";"DryRun";"F:\Daten\Älter\Bilder\Bilder aus der Jugend\1897669_658647444181861_219255235_n.jpg";"E:\OpenCloud\Persönlich (2)\Fotos\Verschiedenes\Bilder aus der Jugend\1897669_658647444181861_219255235_n.jpg";"42097";"8403B6A06EE140091CD581110EE20595C9B011A9EE2C7EB13DB44740857D7C18";"8403B6A06EE140091CD581110EE20595C9B011A9EE2C7EB13DB44740857D7C18";"Würde gelöscht werden"
"2026-09-28 23:24:54";"DryRun";"F:\Daten\Älter\Bilder\Bilder aus der Jugend\1897741_658633984183207_1720493476_n.jpg";"E:\OpenCloud\Persönlich (2)\Fotos\Verschiedenes\Bilder aus der Jugend\1897741_658633984183207_1720493476_n.jpg";"97797";"BD529BEF29CD39EC14EB421F79D777EBBF3F7B0BF597F34C5FE7D916D57161DE";"BD529BEF29CD39EC14EB421F79D777EBBF3F7B0BF597F34C5FE7D916D57161DE";"Würde gelöscht werden"
"2026-09-28 23:24:54";"DryRun";"F:\Daten\Älter\Bilder\Bilder aus der Jugend\1899971_658622667517672_1542510957_n.jpg";"E:\OpenCloud\Persönlich (2)\Fotos\Verschiedenes\Bilder aus der Jugend\1899971_658622667517672_1542510957_n.jpg";"109976";"D66E58C5DF6C26A93133998654379E3BD60EDFC190BFE9AAB119CB2F0A0F5361";"D66E58C5DF6C26A93133998654379E3BD60EDFC190BFE9AAB119CB2F0A0F5361";"Würde gelöscht werden"
"2026-09-28 23:24:54";"DryRun";"F:\Daten\Älter\Bilder\Bilder aus der Jugend\1900150_658616764184929_1484588406_n.jpg";"E:\OpenCloud\Persönlich (2)\Fotos\Verschiedenes\Bilder aus der Jugend\1900150_658616764184929_1484588406_n.jpg";"83994";"593B804095A29E87929E0BA97A4199DC0DDE2BA7615DA002520E8389E303D769";"593B804095A29E87929E0BA97A4199DC0DDE2BA7615DA002520E8389E303D769";"Würde gelöscht werden"
"2026-09-28 23:24:54";"DryRun";"F:\Daten\Älter\Bilder\Bilder aus der Jugend\1902809_658606454185960_1791165164_n.jpg";"E:\OpenCloud\Persönlich (2)\Fotos\Verschiedenes\Bilder aus der Jugend\1902809_658606454185960_1791165164_n.jpg";"37577";"018F2546F646CD033B9235D89FA5B558EB8F500AEFB6390820D8DBB63DC228F8";"018F2546F646CD033B9235D89FA5B558EB8F500AEFB6390820D8DBB63DC228F8";"Würde gelöscht werden"
"2026-09-28 23:24:54";"DryRun";"F:\Daten\Älter\Bilder\Bilder aus der Jugend\1908256_658621750851097_1774258942_n.jpg";"E:\OpenCloud\Persönlich (2)\Fotos\Verschiedenes\Bilder aus der Jugend\1908256_658621750851097_1774258942_n.jpg";"75450";"B2190EF61CC63705DD357061459C1B90EA237C4B1D2CBD4F2D70307978D74069";"B2190EF61CC63705DD357061459C1B90EA237C4B1D2CBD4F2D70307978D74069";"Würde gelöscht werden"
"2026-09-28 23:24:55";"DryRun";"F:\Daten\Älter\Bilder\Bilder aus der Jugend\1911817_658609670852305_2138584380_n.jpg";"E:\OpenCloud\Persönlich (2)\Fotos\Verschiedenes\Bilder aus der Jugend\1911817_658609670852305_2138584380_n.jpg";"49023";"1BD0D5336F0B96A01523A02C992AFAEE4A20C229ABD3EA5CAB837B312F8855F9";"1BD0D5336F0B96A01523A02C992AFAEE4A20C229ABD3EA5CAB837B312F8855F9";"Würde gelöscht werden"
"2026-09-28 23:24:55";"DryRun";"F:\Daten\Älter\Bilder\Bilder aus der Jugend\1920189_658603050852967_137534932_n.jpg";"E:\OpenCloud\Persönlich (2)\Fotos\Verschiedenes\Bilder aus der Jugend\1920189_658603050852967_137534932_n.jpg";"35928";"26910B34C31AC3969C6D13772D95D6DCD69694448E392641EEA21AC4A8D79818";"26910B34C31AC3969C6D13772D95D6DCD69694448E392641EEA21AC4A8D79818";"Würde gelöscht werden"
"2026-09-28 23:24:55";"DryRun";"F:\Daten\Älter\Bilder\Bilder aus der Jugend\1920619_658619677517971_975423895_n.jpg";"E:\OpenCloud\Persönlich (2)\Fotos\Verschiedenes\Bilder aus der Jugend\1920619_658619677517971_975423895_n.jpg";"61460";"44EB1860190A093C6DB68A95B70062FD5BC741EEA8A3A542978F61A6DB7E6AE4";"44EB1860190A093C6DB68A95B70062FD5BC741EEA8A3A542978F61A6DB7E6AE4";"Würde gelöscht werden"
"2026-09-28 23:24:55";"DryRun";"F:\Daten\Älter\Bilder\Bilder aus der Jugend\1922163_677835738929698_2440310942809711505_n.jpg";"E:\OpenCloud\Persönlich (2)\Fotos\Verschiedenes\Bilder aus der Jugend\1922163_677835738929698_2440310942809711505_n.jpg";"59782";"BD85DFE6FCE0640577007623FBD20BBF4A0F0F353EF1BF01D308E6C24F7A90CA";"BD85DFE6FCE0640577007623FBD20BBF4A0F0F353EF1BF01D308E6C24F7A90CA";"Würde gelöscht werden"
"2026-09-28 23:24:55";"DryRun";"F:\Daten\Älter\Bilder\Bilder aus der Jugend\1922365_658633574183248_601119615_n.jpg";"E:\OpenCloud\Persönlich (2)\Fotos\Verschiedenes\Bilder aus der Jugend\1922365_658633574183248_601119615_n.jpg";"52321";"63D9B15F32AAF1BB387FA8C24BDD8D5113EC772E524884C156F56C24F60283B6";"63D9B15F32AAF1BB387FA8C24BDD8D5113EC772E524884C156F56C24F60283B6";"Würde gelöscht werden"
"2026-09-28 23:24:55";"DryRun";"F:\Daten\Älter\Bilder\Bilder aus der Jugend\1924594_658619730851299_2058418982_n.jpg";"E:\OpenCloud\Persönlich (2)\Fotos\Verschiedenes\Bilder aus der Jugend\1924594_658619730851299_2058418982_n.jpg";"56087";"00FE5E6A5726FA3EA693BACBA4DCC38D991A8EB1ECC0AC6E8BE54CDC96A64599";"00FE5E6A5726FA3EA693BACBA4DCC38D991A8EB1ECC0AC6E8BE54CDC96A64599";"Würde gelöscht werden"
"2026-09-28 23:24:55";"DryRun";"F:\Daten\Älter\Bilder\Bilder aus der Jugend\1924743_658611554185450_1942920212_n.jpg";"E:\OpenCloud\Persönlich (2)\Fotos\Verschiedenes\Bilder aus der Jugend\1924743_658611554185450_1942920212_n.jpg";"56658";"D33632BAC670AC3299F896BE69F271C5DE9290C0C9EF76A640F1BF6BED19F0DE";"D33632BAC670AC3299F896BE69F271C5DE9290C0C9EF76A640F1BF6BED19F0DE";"Würde gelöscht werden"
"2026-09-28 23:24:55";"DryRun";"F:\Daten\Älter\Bilder\Bilder aus der Jugend\1932215_658602954186310_2121565841_n.jpg";"E:\OpenCloud\Persönlich (2)\Fotos\Verschiedenes\Bilder aus der Jugend\1932215_658602954186310_2121565841_n.jpg";"38726";"836CDDCC096A2C2307E9218C2A1954D88FADB01D889EDFEF8C60DC657FCCBB43";"836CDDCC096A2C2307E9218C2A1954D88FADB01D889EDFEF8C60DC657FCCBB43";"Würde gelöscht werden"
"2026-09-28 23:24:55";"DryRun";"F:\Daten\Älter\Bilder\Bilder aus der Jugend\1932258_658647927515146_856122518_n.jpg";"E:\OpenCloud\Persönlich (2)\Fotos\Verschiedenes\Bilder aus der Jugend\1932258_658647927515146_856122518_n.jpg";"34781";"2CA6E55E269C0EDAF6CEB7F0A5F812460879427F77E76BB43638AE2DA77DEF88";"2CA6E55E269C0EDAF6CEB7F0A5F812460879427F77E76BB43638AE2DA77DEF88";"Würde gelöscht werden"
"2026-09-28 23:24:55";"DryRun";"F:\Daten\Älter\Bilder\Bilder aus der Jugend\1932277_658616127518326_282213953_n.jpg";"E:\OpenCloud\Persönlich (2)\Fotos\Verschiedenes\Bilder aus der Jugend\1932277_658616127518326_282213953_n.jpg";"54698";"7D1213B2C4990EAD75515D7BCCC7DF214F539FD7CC37284355B5DD468451B3C7";"7D1213B2C4990EAD75515D7BCCC7DF214F539FD7CC37284355B5DD468451B3C7";"Würde gelöscht werden"
"2026-09-28 23:24:55";"DryRun";"F:\Daten\Älter\Bilder\Bilder aus der Jugend\1932434_658616030851669_1548626681_n.jpg";"E:\OpenCloud\Persönlich (2)\Fotos\Verschiedenes\Bilder aus der Jugend\1932434_658616030851669_1548626681_n.jpg";"52547";"F748285CDEB37CE4BB11FBC48C2DB1EB2BCA84BC2CB101992D55F19ECEFA52B5";"F748285CDEB37CE4BB11FBC48C2DB1EB2BCA84BC2CB101992D55F19ECEFA52B5";"Würde gelöscht werden"
"2026-09-28 23:24:55";"DryRun";"F:\Daten\Älter\Bilder\Bilder aus der Jugend\1932435_658608227519116_1523663525_n.jpg";"E:\OpenCloud\Persönlich (2)\Fotos\Verschiedenes\Bilder aus der Jugend\1932435_658608227519116_1523663525_n.jpg";"36835";"54954F3F56F1F7958CEB32728E915C88DED09992230B986EE7C310E981ED7842";"54954F3F56F1F7958CEB32728E915C88DED09992230B986EE7C310E981ED7842";"Würde gelöscht werden"
"2026-09-28 23:24:55";"DryRun";"F:\Daten\Älter\Bilder\Bilder aus der Jugend\1939541_658642157515723_1123995626_n.jpg";"E:\OpenCloud\Persönlich (2)\Fotos\Verschiedenes\Bilder aus der Jugend\1939541_658642157515723_1123995626_n.jpg";"57243";"69B18075769808C103233036C92D85CF96A6CF88B6575F914ACE788E8B29FDE1";"69B18075769808C103233036C92D85CF96A6CF88B6575F914ACE788E8B29FDE1";"Würde gelöscht werden"
"2026-09-28 23:24:55";"DryRun";"F:\Daten\Älter\Bilder\Bilder aus der Jugend\1939941_658607880852484_30033610_n.jpg";"E:\OpenCloud\Persönlich (2)\Fotos\Verschiedenes\Bilder aus der Jugend\1939941_658607880852484_30033610_n.jpg";"48871";"B88F1CCCA7D15146E633CB60C0DB907A93AEA2C4D3D35D5AF5C6E5B5F37F5620";"B88F1CCCA7D15146E633CB60C0DB907A93AEA2C4D3D35D5AF5C6E5B5F37F5620";"Würde gelöscht werden"
"2026-09-28 23:24:55";"DryRun";"F:\Daten\Älter\Bilder\Bilder aus der Jugend\1947327_658592380854034_1632015124_n.jpg";"E:\OpenCloud\Persönlich (2)\Fotos\Verschiedenes\Bilder aus der Jugend\1947327_658592380854034_1632015124_n.jpg";"57053";"E2450D3A3AE90E6076218306CC676D665B42B62E0CB5D127AD51CD6F19AA7EF1";"E2450D3A3AE90E6076218306CC676D665B42B62E0CB5D127AD51CD6F19AA7EF1";"Würde gelöscht werden"
"2026-09-28 23:24:55";"DryRun";"F:\Daten\Älter\Bilder\Bilder aus der Jugend\1962736_658617360851536_1556071520_n.jpg";"E:\OpenCloud\Persönlich (2)\Fotos\Verschiedenes\Bilder aus der Jugend\1962736_658617360851536_1556071520_n.jpg";"48590";"EDDBC7844CAEC19B74994A4168AAA70CB966B7B746B3593891CFA07FBEA1C8F4";"EDDBC7844CAEC19B74994A4168AAA70CB966B7B746B3593891CFA07FBEA1C8F4";"Würde gelöscht werden"
"2026-09-28 23:24:55";"DryRun";"F:\Daten\Älter\Bilder\Bilder aus der Jugend\1966884_658636137516325_1449971260_n.jpg";"E:\OpenCloud\Persönlich (2)\Fotos\Verschiedenes\Bilder aus der Jugend\1966884_658636137516325_1449971260_n.jpg";"54919";"E4ACC6638F0AB5B65165EE5976B58FDE554C33168B86C81947DD152BAAE24E0F";"E4ACC6638F0AB5B65165EE5976B58FDE554C33168B86C81947DD152BAAE24E0F";"Würde gelöscht werden"
"2026-09-28 23:24:55";"DryRun";"F:\Daten\Älter\Bilder\Bilder aus der Jugend\1969224_658639307516008_366486305_n.jpg";"E:\OpenCloud\Persönlich (2)\Fotos\Verschiedenes\Bilder aus der Jugend\1969224_658639307516008_366486305_n.jpg";"62238";"17E647E557560C5F5E9508A6A3F604F26E750EEE219921CDBF00C251BB9217D4";"17E647E557560C5F5E9508A6A3F604F26E750EEE219921CDBF00C251BB9217D4";"Würde gelöscht werden"
"2026-09-28 23:24:55";"DryRun";"F:\Daten\Älter\Bilder\Bilder aus der Jugend\1970676_658621340851138_136477044_n.jpg";"E:\OpenCloud\Persönlich (2)\Fotos\Verschiedenes\Bilder aus der Jugend\1970676_658621340851138_136477044_n.jpg";"78720";"A3F3190D556F286F7157E7DA61B8F65B5F326435C23D1801F54178C0858EA2CA";"A3F3190D556F286F7157E7DA61B8F65B5F326435C23D1801F54178C0858EA2CA";"Würde gelöscht werden"
"2026-09-28 23:24:55";"DryRun";"F:\Daten\Älter\Bilder\Bilder aus der Jugend\1972551_658635577516381_952224831_n.jpg";"E:\OpenCloud\Persönlich (2)\Fotos\Verschiedenes\Bilder aus der Jugend\1972551_658635577516381_952224831_n.jpg";"75611";"B0FBEFC01C6CF5F7684967CD0B54CDDDF39DE5B321368AC9695ABF26C5F97E33";"B0FBEFC01C6CF5F7684967CD0B54CDDDF39DE5B321368AC9695ABF26C5F97E33";"Würde gelöscht werden"
"2026-09-28 23:24:55";"DryRun";"F:\Daten\Älter\Bilder\Bilder aus der Jugend\1974984_658622574184348_175270752_n.jpg";"E:\OpenCloud\Persönlich (2)\Fotos\Verschiedenes\Bilder aus der Jugend\1974984_658622574184348_175270752_n.jpg";"85332";"E1CB601EFF86BAFB67B045E66234D48CCD4B8B918FE996711F908B87DE932ADE";"E1CB601EFF86BAFB67B045E66234D48CCD4B8B918FE996711F908B87DE932ADE";"Würde gelöscht werden"
"2026-09-28 23:24:55";"DryRun";"F:\Daten\Älter\Bilder\Bilder aus der Jugend\1975037_658600557519883_1221733518_n.jpg";"E:\OpenCloud\Persönlich (2)\Fotos\Verschiedenes\Bilder aus der Jugend\1975037_658600557519883_1221733518_n.jpg";"49519";"F625A9DB314E12908418C9CFC34F9453EE1356EE8A5C0A2302D6AAE21019366B";"F625A9DB314E12908418C9CFC34F9453EE1356EE8A5C0A2302D6AAE21019366B";"Würde gelöscht werden"
"2026-09-28 23:24:55";"DryRun";"F:\Daten\Älter\Bilder\Bilder aus der Jugend\1975093_658590074187598_1202121102_n.jpg";"E:\OpenCloud\Persönlich (2)\Fotos\Verschiedenes\Bilder aus der Jugend\1975093_658590074187598_1202121102_n.jpg";"36726";"CE06DF737EE0413037E0236463414D62351BBA7E846AEC8E8B78C8D5C72892EA";"CE06DF737EE0413037E0236463414D62351BBA7E846AEC8E8B78C8D5C72892EA";"Würde gelöscht werden"
"2026-09-28 23:24:55";"DryRun";"F:\Daten\Älter\Bilder\Bilder aus der Jugend\1977196_658636064182999_401013409_n.jpg";"E:\OpenCloud\Persönlich (2)\Fotos\Verschiedenes\Bilder aus der Jugend\1977196_658636064182999_401013409_n.jpg";"90358";"E852726427171533BCD30CAE8045F108328EB628941DB6FBBD771CDC5105D061";"E852726427171533BCD30CAE8045F108328EB628941DB6FBBD771CDC5105D061";"Würde gelöscht werden"
"2026-09-28 23:24:55";"DryRun";"F:\Daten\Älter\Bilder\Bilder aus der Jugend\1977392_658609794185626_184513295_n.jpg";"E:\OpenCloud\Persönlich (2)\Fotos\Verschiedenes\Bilder aus der Jugend\1977392_658609794185626_184513295_n.jpg";"48476";"1E353C4358BCB6C64715F806D11057ED02834D4F6DC11FDEDD5EF24FE7AF474A";"1E353C4358BCB6C64715F806D11057ED02834D4F6DC11FDEDD5EF24FE7AF474A";"Würde gelöscht werden"
"2026-09-28 23:24:55";"DryRun";"F:\Daten\Älter\Bilder\Bilder aus der Jugend\1978815_658587550854517_110319213_n.jpg";"E:\OpenCloud\Persönlich (2)\Fotos\Verschiedenes\Bilder aus der Jugend\1978815_658587550854517_110319213_n.jpg";"45290";"8BDD8B5034EB3F81222D7FFB9A7C532EE4211E577878EA364BD6D352041A6052";"8BDD8B5034EB3F81222D7FFB9A7C532EE4211E577878EA364BD6D352041A6052";"Würde gelöscht werden"
"2026-09-28 23:24:55";"DryRun";"F:\Daten\Älter\Bilder\Bilder aus der Jugend\1979625_658647577515181_358348501_n.jpg";"E:\OpenCloud\Persönlich (2)\Fotos\Verschiedenes\Bilder aus der Jugend\1979625_658647577515181_358348501_n.jpg";"43334";"7D8E7A35262061126B278481CD8E9E148BEBA953BC6952D5D248F2027DD70E58";"7D8E7A35262061126B278481CD8E9E148BEBA953BC6952D5D248F2027DD70E58";"Würde gelöscht werden"
"2026-09-28 23:24:55";"DryRun";"F:\Daten\Älter\Bilder\Bilder aus der Jugend\2000 Voices Sing - Cheap Thrills - Sia  [Acapella].mp3";"E:\OpenCloud\Persönlich (2)\Fotos\Verschiedenes\Bilder aus der Jugend\2000 Voices Sing - Cheap Thrills - Sia  [Acapella].mp3";"5420242";"EA3BEE88DA8346CAED4FB8FF7A63EFE3886927AA08A32C02B49955868C0DF496";"EA3BEE88DA8346CAED4FB8FF7A63EFE3886927AA08A32C02B49955868C0DF496";"Würde gelöscht werden"
"2026-09-28 23:24:55";"DryRun";"F:\Daten\Älter\Bilder\Bilder aus der Jugend\2013-08-10 20.06.16.mp4";"E:\OpenCloud\Persönlich (2)\Fotos\Verschiedenes\Bilder aus der Jugend\2013-08-10 20.06.16.mp4";"1628878";"0762838EF45CAE63087DB3009F549CEF8C5B0CB01CE22B4FCFD52761718A18A4";"0762838EF45CAE63087DB3009F549CEF8C5B0CB01CE22B4FCFD52761718A18A4";"Würde gelöscht werden"
"2026-09-28 23:24:55";"DryRun";"F:\Daten\Älter\Bilder\Bilder aus der Jugend\2013-08-10 21.03.19.jpg";"E:\OpenCloud\Persönlich (2)\Fotos\Verschiedenes\Bilder aus der Jugend\2013-08-10 21.03.19.jpg";"722431";"C89CDB395822F66F489E134A9B355615FA5429F57643583A946364858B8AB3E8";"C89CDB395822F66F489E134A9B355615FA5429F57643583A946364858B8AB3E8";"Würde gelöscht werden"
"2026-09-28 23:24:55";"DryRun";"F:\Daten\Älter\Bilder\Bilder aus der Jugend\2013-08-10 21.03.33.jpg";"E:\OpenCloud\Persönlich (2)\Fotos\Verschiedenes\Bilder aus der Jugend\2013-08-10 21.03.33.jpg";"816068";"9B3CD9EA60CB0116091B533FC2B042ED0F56336822D0A2A9C9EF574AD6E76B78";"9B3CD9EA60CB0116091B533FC2B042ED0F56336822D0A2A9C9EF574AD6E76B78";"Würde gelöscht werden"
"2026-09-28 23:24:56";"DryRun";"F:\Daten\Älter\Bilder\Bilder aus der Jugend\2013-08-10 21.43.57.jpg";"E:\OpenCloud\Persönlich (2)\Fotos\Verschiedenes\Bilder aus der Jugend\2013-08-10 21.43.57.jpg";"521630";"6462AB066E19C74688503B7604D34849553407576DF4CD512EDCB6338DBEFB68";"6462AB066E19C74688503B7604D34849553407576DF4CD512EDCB6338DBEFB68";"Würde gelöscht werden"
"2026-09-28 23:24:56";"DryRun";"F:\Daten\Älter\Bilder\Bilder aus der Jugend\2013-08-10 21.44.06.jpg";"E:\OpenCloud\Persönlich (2)\Fotos\Verschiedenes\Bilder aus der Jugend\2013-08-10 21.44.06.jpg";"505829";"BD900BB8DC7D4AE461BC38FEEB55E109D5A6FD7D21ACCF62CFD710DAF57DC777";"BD900BB8DC7D4AE461BC38FEEB55E109D5A6FD7D21ACCF62CFD710DAF57DC777";"Würde gelöscht werden"
"2026-09-28 23:24:56";"DryRun";"F:\Daten\Älter\Bilder\Bilder aus der Jugend\2013-08-10 21.44.12.jpg";"E:\OpenCloud\Persönlich (2)\Fotos\Verschiedenes\Bilder aus der Jugend\2013-08-10 21.44.12.jpg";"481606";"CE021F1819EE5C227562A087C5010007C02F107FF3351593E70CC85100F3A0F1";"CE021F1819EE5C227562A087C5010007C02F107FF3351593E70CC85100F3A0F1";"Würde gelöscht werden"
"2026-09-28 23:24:56";"DryRun";"F:\Daten\Älter\Bilder\Bilder aus der Jugend\2013-08-10 22.18.32.jpg";"E:\OpenCloud\Persönlich (2)\Fotos\Verschiedenes\Bilder aus der Jugend\2013-08-10 22.18.32.jpg";"362990";"F1587FC6266D69B23A916295026E21834D0286168D36CF2EF03E19192CA957B4";"F1587FC6266D69B23A916295026E21834D0286168D36CF2EF03E19192CA957B4";"Würde gelöscht werden"
"2026-09-28 23:24:56";"DryRun";"F:\Daten\Älter\Bilder\Bilder aus der Jugend\2013-08-10 22.18.41.jpg";"E:\OpenCloud\Persönlich (2)\Fotos\Verschiedenes\Bilder aus der Jugend\2013-08-10 22.18.41.jpg";"532128";"DEB9EC142A7DACC37CFEBB0E52E7BEAA07E0A0604BFD3D79F74F911A72A0C921";"DEB9EC142A7DACC37CFEBB0E52E7BEAA07E0A0604BFD3D79F74F911A72A0C921";"Würde gelöscht werden"
"2026-09-28 23:24:56";"DryRun";"F:\Daten\Älter\Bilder\Bilder aus der Jugend\2013-08-14 22.21.48.jpg";"E:\OpenCloud\Persönlich (2)\Fotos\Verschiedenes\Bilder aus der Jugend\2013-08-14 22.21.48.jpg";"605630";"7380FE2BA0D79713AEBE841FC2EE754A23AF40BBA1826F0E325D1C68C960B838";"7380FE2BA0D79713AEBE841FC2EE754A23AF40BBA1826F0E325D1C68C960B838";"Würde gelöscht werden"
"2026-09-28 23:24:56";"DryRun";"F:\Daten\Älter\Bilder\Bilder aus der Jugend\2013-08-14 22.55.47.jpg";"E:\OpenCloud\Persönlich (2)\Fotos\Verschiedenes\Bilder aus der Jugend\2013-08-14 22.55.47.jpg";"477132";"B48D4B67988D56BACD2106191CD3B66F371289032E323576CA8954564FA15D75";"B48D4B67988D56BACD2106191CD3B66F371289032E323576CA8954564FA15D75";"Würde gelöscht werden"
"2026-09-28 23:24:56";"DryRun";"F:\Daten\Älter\Bilder\Bilder aus der Jugend\2013-08-15 01.03.19.jpg";"E:\OpenCloud\Persönlich (2)\Fotos\Verschiedenes\Bilder aus der Jugend\2013-08-15 01.03.19.jpg";"567354";"6058DBEC0C7938F511C9907B56A03042DA081A3558B87478539F9C31FB948C02";"6058DBEC0C7938F511C9907B56A03042DA081A3558B87478539F9C31FB948C02";"Würde gelöscht werden"
"2026-09-28 23:24:56";"DryRun";"F:\Daten\Älter\Bilder\Bilder aus der Jugend\2013-08-15 01.19.20.jpg";"E:\OpenCloud\Persönlich (2)\Fotos\Verschiedenes\Bilder aus der Jugend\2013-08-15 01.19.20.jpg";"543784";"0C2DD72119C8BE0DDCF507895DF61A1EBE0383FE13BE4B83ADFF2CC146CA751A";"0C2DD72119C8BE0DDCF507895DF61A1EBE0383FE13BE4B83ADFF2CC146CA751A";"Würde gelöscht werden"
"2026-09-28 23:24:56";"DryRun";"F:\Daten\Älter\Bilder\Bilder aus der Jugend\2013-08-15 01.19.33.jpg";"E:\OpenCloud\Persönlich (2)\Fotos\Verschiedenes\Bilder aus der Jugend\2013-08-15 01.19.33.jpg";"521852";"CDE15C8CA3ED2E63A4E8C3B7E9D0F440E69417639B034B9057E927C61C8F58C8";"CDE15C8CA3ED2E63A4E8C3B7E9D0F440E69417639B034B9057E927C61C8F58C8";"Würde gelöscht werden"
"2026-09-28 23:24:56";"DryRun";"F:\Daten\Älter\Bilder\Bilder aus der Jugend\2013-08-15 02.36.11.jpg";"E:\OpenCloud\Persönlich (2)\Fotos\Verschiedenes\Bilder aus der Jugend\2013-08-15 02.36.11.jpg";"540498";"EFDB57D95554EE38BF45F36EE25F8749F40A41D70C19F9B8D653E7B575E5C320";"EFDB57D95554EE38BF45F36EE25F8749F40A41D70C19F9B8D653E7B575E5C320";"Würde gelöscht werden"
"2026-09-28 23:24:56";"DryRun";"F:\Daten\Älter\Bilder\Bilder aus der Jugend\2013-08-23 12.53.34.jpg";"E:\OpenCloud\Persönlich (2)\Fotos\Verschiedenes\Bilder aus der Jugend\2013-08-23 12.53.34.jpg";"1170237";"DC752E8AB16189AACD1EFE61507F632B07434C1094FB78A8490B43732892640D";"DC752E8AB16189AACD1EFE61507F632B07434C1094FB78A8490B43732892640D";"Würde gelöscht werden"
"2026-09-28 23:24:56";"DryRun";"F:\Daten\Älter\Bilder\Bilder aus der Jugend\2013-08-23 18.06.16.jpg";"E:\OpenCloud\Persönlich (2)\Fotos\Verschiedenes\Bilder aus der Jugend\2013-08-23 18.06.16.jpg";"863194";"850E4687CDFE86E396E24F6B50FCA0FC98538B44BB1D4332A335B3C6A3022B58";"850E4687CDFE86E396E24F6B50FCA0FC98538B44BB1D4332A335B3C6A3022B58";"Würde gelöscht werden"
"2026-09-28 23:24:56";"DryRun";"F:\Daten\Älter\Bilder\Bilder aus der Jugend\2013-08-23 18.20.12.jpg";"E:\OpenCloud\Persönlich (2)\Fotos\Verschiedenes\Bilder aus der Jugend\2013-08-23 18.20.12.jpg";"719735";"7C996B0F27BD9017B8C3AEE9AF4E8007BF80B115FAC11A29CF984DA998B07C73";"7C996B0F27BD9017B8C3AEE9AF4E8007BF80B115FAC11A29CF984DA998B07C73";"Würde gelöscht werden"
"2026-09-28 23:24:56";"DryRun";"F:\Daten\Älter\Bilder\Bilder aus der Jugend\2013-08-23 19.41.59.jpg";"E:\OpenCloud\Persönlich (2)\Fotos\Verschiedenes\Bilder aus der Jugend\2013-08-23 19.41.59.jpg";"590306";"B262E48D0D3AA04829CA7E8E5F30D0250B0876A241D6D9DABEE30C8826A1AB90";"B262E48D0D3AA04829CA7E8E5F30D0250B0876A241D6D9DABEE30C8826A1AB90";"Würde gelöscht werden"
"2026-09-28 23:24:56";"DryRun";"F:\Daten\Älter\Bilder\Bilder aus der Jugend\2013-08-23 20.25.47.jpg";"E:\OpenCloud\Persönlich (2)\Fotos\Verschiedenes\Bilder aus der Jugend\2013-08-23 20.25.47.jpg";"504887";"85344E5DA18820977F2F5BB6DEB75C3A42B7C06512FC79368164D34251C37C4A";"85344E5DA18820977F2F5BB6DEB75C3A42B7C06512FC79368164D34251C37C4A";"Würde gelöscht werden"
"2026-09-28 23:24:56";"DryRun";"F:\Daten\Älter\Bilder\Bilder aus der Jugend\2013-08-23 20.27.52.jpg";"E:\OpenCloud\Persönlich (2)\Fotos\Verschiedenes\Bilder aus der Jugend\2013-08-23 20.27.52.jpg";"430408";"EE76C655DDAC32413CFCE778C58346F821A850D11D08F580F8161F56F6E560B6";"EE76C655DDAC32413CFCE778C58346F821A850D11D08F580F8161F56F6E560B6";"Würde gelöscht werden"
"2026-09-28 23:24:56";"DryRun";"F:\Daten\Älter\Bilder\Bilder aus der Jugend\2013-08-23 20.32.46.jpg";"E:\OpenCloud\Persönlich (2)\Fotos\Verschiedenes\Bilder aus der Jugend\2013-08-23 20.32.46.jpg";"539993";"78250BD126216B064DAD099BA5482C17A0B19C629E4F4B6235D66DF7D9D106DA";"78250BD126216B064DAD099BA5482C17A0B19C629E4F4B6235D66DF7D9D106DA";"Würde gelöscht werden"
"2026-09-28 23:24:56";"DryRun";"F:\Daten\Älter\Bilder\Bilder aus der Jugend\2013-08-23 20.39.46.jpg";"E:\OpenCloud\Persönlich (2)\Fotos\Verschiedenes\Bilder aus der Jugend\2013-08-23 20.39.46.jpg";"525392";"C3E5B7BB2CC44195D32C61B81E5270281D2C2D91AA2FD6C6F0D4B4E41E6797D3";"C3E5B7BB2CC44195D32C61B81E5270281D2C2D91AA2FD6C6F0D4B4E41E6797D3";"Würde gelöscht werden"
"2026-09-28 23:24:56";"DryRun";"F:\Daten\Älter\Bilder\Bilder aus der Jugend\2013-08-23 20.50.24.jpg";"E:\OpenCloud\Persönlich (2)\Fotos\Verschiedenes\Bilder aus der Jugend\2013-08-23 20.50.24.jpg";"951558";"E1FD8EF6E998B895A81864E07276811B2A6522218D35592E298AE0B3CBBA179B";"E1FD8EF6E998B895A81864E07276811B2A6522218D35592E298AE0B3CBBA179B";"Würde gelöscht werden"
"2026-09-28 23:24:56";"DryRun";"F:\Daten\Älter\Bilder\Bilder aus der Jugend\2013-08-23 20.50.35.jpg";"E:\OpenCloud\Persönlich (2)\Fotos\Verschiedenes\Bilder aus der Jugend\2013-08-23 20.50.35.jpg";"566693";"61B9EB3863AE8027E8DCF3CBCF901AB781A77DC1257553B93973A0B8C1830092";"61B9EB3863AE8027E8DCF3CBCF901AB781A77DC1257553B93973A0B8C1830092";"Würde gelöscht werden"
"2026-09-28 23:24:56";"DryRun";"F:\Daten\Älter\Bilder\Bilder aus der Jugend\2013-08-23 21.36.37.jpg";"E:\OpenCloud\Persönlich (2)\Fotos\Verschiedenes\Bilder aus der Jugend\2013-08-23 21.36.37.jpg";"611982";"ECCA2F636340890FF0D45B5D02A78105B97A556B091419A4B1A4193AE576F24F";"ECCA2F636340890FF0D45B5D02A78105B97A556B091419A4B1A4193AE576F24F";"Würde gelöscht werden"
"2026-09-28 23:24:56";"DryRun";"F:\Daten\Älter\Bilder\Bilder aus der Jugend\2013-08-23 21.37.21.jpg";"E:\OpenCloud\Persönlich (2)\Fotos\Verschiedenes\Bilder aus der Jugend\2013-08-23 21.37.21.jpg";"610914";"6AC528BDBEB0AC977C7224B3F60AE7E4414DDAF9A7AA053EF5EE299DFE34773C";"6AC528BDBEB0AC977C7224B3F60AE7E4414DDAF9A7AA053EF5EE299DFE34773C";"Würde gelöscht werden"
"2026-09-28 23:24:57";"DryRun";"F:\Daten\Älter\Bilder\Bilder aus der Jugend\2013-08-23 21.38.49.jpg";"E:\OpenCloud\Persönlich (2)\Fotos\Verschiedenes\Bilder aus der Jugend\2013-08-23 21.38.49.jpg";"650939";"A22224AF94335E066F98F11010C9C5AD29A163A0821795F870EFF4858AD8B598";"A22224AF94335E066F98F11010C9C5AD29A163A0821795F870EFF4858AD8B598";"Würde gelöscht werden"
"2026-09-28 23:24:57";"DryRun";"F:\Daten\Älter\Bilder\Bilder aus der Jugend\2013-08-23 21.39.16.jpg";"E:\OpenCloud\Persönlich (2)\Fotos\Verschiedenes\Bilder aus der Jugend\2013-08-23 21.39.16.jpg";"712355";"24065A3231FD3751801940D457F85952105818AF9B614C30630F9BA31DF4BAD7";"24065A3231FD3751801940D457F85952105818AF9B614C30630F9BA31DF4BAD7";"Würde gelöscht werden"
"2026-09-28 23:24:57";"DryRun";"F:\Daten\Älter\Bilder\Bilder aus der Jugend\2013-08-23 21.42.54.jpg";"E:\OpenCloud\Persönlich (2)\Fotos\Verschiedenes\Bilder aus der Jugend\2013-08-23 21.42.54.jpg";"505959";"7F81928FF2E44FB1E761DA7805CE31F0E14AA6C2D9423AF6CD71DE8B427B62A6";"7F81928FF2E44FB1E761DA7805CE31F0E14AA6C2D9423AF6CD71DE8B427B62A6";"Würde gelöscht werden"
"2026-09-28 23:24:57";"DryRun";"F:\Daten\Älter\Bilder\Bilder aus der Jugend\2013-08-23 22.25.57.jpg";"E:\OpenCloud\Persönlich (2)\Fotos\Verschiedenes\Bilder aus der Jugend\2013-08-23 22.25.57.jpg";"557413";"79AE9019FDE53E98BA5DDB358FE5B4B377BE5B9E677EA25CD8453307601C0542";"79AE9019FDE53E98BA5DDB358FE5B4B377BE5B9E677EA25CD8453307601C0542";"Würde gelöscht werden"
"2026-09-28 23:24:57";"DryRun";"F:\Daten\Älter\Bilder\Bilder aus der Jugend\2013-08-23 22.32.40.jpg";"E:\OpenCloud\Persönlich (2)\Fotos\Verschiedenes\Bilder aus der Jugend\2013-08-23 22.32.40.jpg";"551102";"B7E0C86D6A7552A4078BD12DA368ACEC1648B4A6EBA4EE1886DBFCBE51979B73";"B7E0C86D6A7552A4078BD12DA368ACEC1648B4A6EBA4EE1886DBFCBE51979B73";"Würde gelöscht werden"
"2026-09-28 23:24:57";"DryRun";"F:\Daten\Älter\Bilder\Bilder aus der Jugend\2013-08-23 22.35.34.jpg";"E:\OpenCloud\Persönlich (2)\Fotos\Verschiedenes\Bilder aus der Jugend\2013-08-23 22.35.34.jpg";"580682";"8139B42829D52FF5141907B61F632B1D7937EE0C9CE3F8F680974458D4A0D529";"8139B42829D52FF5141907B61F632B1D7937EE0C9CE3F8F680974458D4A0D529";"Würde gelöscht werden"
"2026-09-28 23:24:57";"DryRun";"F:\Daten\Älter\Bilder\Bilder aus der Jugend\2013-08-24 10.36.03.jpg";"E:\OpenCloud\Persönlich (2)\Fotos\Verschiedenes\Bilder aus der Jugend\2013-08-24 10.36.03.jpg";"848096";"666A0148293309189C8823D9399AC6768990D1CC233D4B85F736AEC63546F266";"666A0148293309189C8823D9399AC6768990D1CC233D4B85F736AEC63546F266";"Würde gelöscht werden"
"2026-09-28 23:24:57";"DryRun";"F:\Daten\Älter\Bilder\Bilder aus der Jugend\2013-08-24 16.22.02.mp4";"E:\OpenCloud\Persönlich (2)\Fotos\Verschiedenes\Bilder aus der Jugend\2013-08-24 16.22.02.mp4";"1127309";"E75970B9B12BC7B28E159F7F4836E533EF3745EEC10527D6C454B30FF2331CAB";"E75970B9B12BC7B28E159F7F4836E533EF3745EEC10527D6C454B30FF2331CAB";"Würde gelöscht werden"
"2026-09-28 23:24:57";"DryRun";"F:\Daten\Älter\Bilder\Bilder aus der Jugend\2013-08-24 19.24.39.jpg";"E:\OpenCloud\Persönlich (2)\Fotos\Verschiedenes\Bilder aus der Jugend\2013-08-24 19.24.39.jpg";"661979";"B273D3AD714713A320A94EE4B73D2628C5B44E760326BC883D8BBC7EFBA57053";"B273D3AD714713A320A94EE4B73D2628C5B44E760326BC883D8BBC7EFBA57053";"Würde gelöscht werden"
"2026-09-28 23:24:57";"DryRun";"F:\Daten\Älter\Bilder\Bilder aus der Jugend\2013-08-24 20.05.50.jpg";"E:\OpenCloud\Persönlich (2)\Fotos\Verschiedenes\Bilder aus der Jugend\2013-08-24 20.05.50.jpg";"302518";"91C3E0C14D481E3FAA476C0EFB8E2D4DC7A6BC0702E86FED17196FCC6FA6A566";"91C3E0C14D481E3FAA476C0EFB8E2D4DC7A6BC0702E86FED17196FCC6FA6A566";"Würde gelöscht werden"
"2026-09-28 23:24:57";"DryRun";"F:\Daten\Älter\Bilder\Bilder aus der Jugend\2013-08-24 20.06.03.jpg";"E:\OpenCloud\Persönlich (2)\Fotos\Verschiedenes\Bilder aus der Jugend\2013-08-24 20.06.03.jpg";"587187";"FD113166FDEE43C74A6A8450A6903367E070635A83629105F567EF289CDF70AD";"FD113166FDEE43C74A6A8450A6903367E070635A83629105F567EF289CDF70AD";"Würde gelöscht werden"
"2026-09-28 23:24:57";"DryRun";"F:\Daten\Älter\Bilder\Bilder aus der Jugend\2013-08-24 20.11.10.jpg";"E:\OpenCloud\Persönlich (2)\Fotos\Verschiedenes\Bilder aus der Jugend\2013-08-24 20.11.10.jpg";"372258";"F47B832D7BE1730B2F1C0793B33532AA990360A8795FC97389888E3A3FC96D68";"F47B832D7BE1730B2F1C0793B33532AA990360A8795FC97389888E3A3FC96D68";"Würde gelöscht werden"
"2026-09-28 23:24:57";"DryRun";"F:\Daten\Älter\Bilder\Bilder aus der Jugend\2013-08-24 21.00.14.jpg";"E:\OpenCloud\Persönlich (2)\Fotos\Verschiedenes\Bilder aus der Jugend\2013-08-24 21.00.14.jpg";"490024";"1D0654AFE02DD7F62447BB33CBB639E1C2B04619F103903B0AB1B9D179DBB03A";"1D0654AFE02DD7F62447BB33CBB639E1C2B04619F103903B0AB1B9D179DBB03A";"Würde gelöscht werden"
"2026-09-28 23:24:57";"DryRun";"F:\Daten\Älter\Bilder\Bilder aus der Jugend\2014-03-27 09.17.37.jpg";"E:\OpenCloud\Persönlich (2)\Fotos\Verschiedenes\Bilder aus der Jugend\2014-03-27 09.17.37.jpg";"941887";"E60BE35667CFC87D584DBE1BC86784067B9D090E4D9F99F6D58F2633E94CE16C";"E60BE35667CFC87D584DBE1BC86784067B9D090E4D9F99F6D58F2633E94CE16C";"Würde gelöscht werden"
"2026-09-28 23:24:57";"DryRun";"F:\Daten\Älter\Bilder\Bilder aus der Jugend\2014-03-28 18.52.54.jpg";"E:\OpenCloud\Persönlich (2)\Fotos\Verschiedenes\Bilder aus der Jugend\2014-03-28 18.52.54.jpg";"962788";"32E6092A680BEEF3A1651D7551C613896B33FAE1755D05C0FAD8197BC62C3BC3";"32E6092A680BEEF3A1651D7551C613896B33FAE1755D05C0FAD8197BC62C3BC3";"Würde gelöscht werden"
"2026-09-28 23:24:57";"DryRun";"F:\Daten\Älter\Bilder\Bilder aus der Jugend\2014-03-30 14.43.59.jpg";"E:\OpenCloud\Persönlich (2)\Fotos\Verschiedenes\Bilder aus der Jugend\2014-03-30 14.43.59.jpg";"493283";"463C023FA9DFEF4E818EC7A099F410D25DF87672087480B505E20AD7EC590297";"463C023FA9DFEF4E818EC7A099F410D25DF87672087480B505E20AD7EC590297";"Würde gelöscht werden"
"2026-09-28 23:24:57";"DryRun";"F:\Daten\Älter\Bilder\Bilder aus der Jugend\2014-03-30 14.44.13.jpg";"E:\OpenCloud\Persönlich (2)\Fotos\Verschiedenes\Bilder aus der Jugend\2014-03-30 14.44.13.jpg";"833221";"F292D70E88B3A31267F0C0D6186F05F796574D90699B844D94F81C35674BA641";"F292D70E88B3A31267F0C0D6186F05F796574D90699B844D94F81C35674BA641";"Würde gelöscht werden"
"2026-09-28 23:24:57";"DryRun";"F:\Daten\Älter\Bilder\Bilder aus der Jugend\2014-03-30 14.45.07.jpg";"E:\OpenCloud\Persönlich (2)\Fotos\Verschiedenes\Bilder aus der Jugend\2014-03-30 14.45.07.jpg";"509688";"FEABA5B846DB1CB326EB28DC057680FF837CABEA98CEC30F138DDAB4D815464D";"FEABA5B846DB1CB326EB28DC057680FF837CABEA98CEC30F138DDAB4D815464D";"Würde gelöscht werden"
"2026-09-28 23:24:57";"DryRun";"F:\Daten\Älter\Bilder\Bilder aus der Jugend\2014-03-30 14.45.54.jpg";"E:\OpenCloud\Persönlich (2)\Fotos\Verschiedenes\Bilder aus der Jugend\2014-03-30 14.45.54.jpg";"447127";"663EB2F321BB6FC9AD0975FA4A788C836755EA5E81FFC52C92F36F15721375F3";"663EB2F321BB6FC9AD0975FA4A788C836755EA5E81FFC52C92F36F15721375F3";"Würde gelöscht werden"
"2026-09-28 23:24:57";"DryRun";"F:\Daten\Älter\Bilder\Bilder aus der Jugend\2014-03-30 14.46.13.jpg";"E:\OpenCloud\Persönlich (2)\Fotos\Verschiedenes\Bilder aus der Jugend\2014-03-30 14.46.13.jpg";"656244";"35FA010E2F1DEFA4C1DCE07CEB5557ABCA875AA260B18786F619E93BE5FD4FF8";"35FA010E2F1DEFA4C1DCE07CEB5557ABCA875AA260B18786F619E93BE5FD4FF8";"Würde gelöscht werden"
"2026-09-28 23:24:57";"DryRun";"F:\Daten\Älter\Bilder\Bilder aus der Jugend\2014-04-03 09.08.37.jpg";"E:\OpenCloud\Persönlich (2)\Fotos\Verschiedenes\Bilder aus der Jugend\2014-04-03 09.08.37.jpg";"943776";"35108FAC0904E8E690C24337A8AB4461B22E661300D48A8BD83DCB04FA13A341";"35108FAC0904E8E690C24337A8AB4461B22E661300D48A8BD83DCB04FA13A341";"Würde gelöscht werden"
"2026-09-28 23:24:57";"DryRun";"F:\Daten\Älter\Bilder\Bilder aus der Jugend\2014-04-05 08.25.57.jpeg";"E:\OpenCloud\Persönlich (2)\Fotos\Verschiedenes\Bilder aus der Jugend\2014-04-05 08.25.57.jpeg";"64631";"CD888A561C77E296E7A1C4735E8192447E7FA5E8A99C140564561475AD96704B";"CD888A561C77E296E7A1C4735E8192447E7FA5E8A99C140564561475AD96704B";"Würde gelöscht werden"
"2026-09-28 23:24:58";"DryRun";"F:\Daten\Älter\Bilder\Bilder aus der Jugend\2014-04-05 20.17.12.jpg";"E:\OpenCloud\Persönlich (2)\Fotos\Verschiedenes\Bilder aus der Jugend\2014-04-05 20.17.12.jpg";"419349";"9ECA68C7CE223206CFA68DC74476E9F3F391FC1E38C4C0CDA88E9D3BD666C5F3";"9ECA68C7CE223206CFA68DC74476E9F3F391FC1E38C4C0CDA88E9D3BD666C5F3";"Würde gelöscht werden"
"2026-09-28 23:24:58";"DryRun";"F:\Daten\Älter\Bilder\Bilder aus der Jugend\2014-04-09 17.53.35.jpg";"E:\OpenCloud\Persönlich (2)\Fotos\Verschiedenes\Bilder aus der Jugend\2014-04-09 17.53.35.jpg";"890402";"ABDEA435923FF96037C769E34494FFFD3AA95ABF4B2647476EA8634E9AB5C703";"ABDEA435923FF96037C769E34494FFFD3AA95ABF4B2647476EA8634E9AB5C703";"Würde gelöscht werden"
"2026-09-28 23:24:58";"DryRun";"F:\Daten\Älter\Bilder\Bilder aus der Jugend\2014-04-10 17.50.40.jpg";"E:\OpenCloud\Persönlich (2)\Fotos\Verschiedenes\Bilder aus der Jugend\2014-04-10 17.50.40.jpg";"1079732";"C49BE915D0056D2C18AC46DCA3F273535DCFB3B54308B0E5DECD7E720CC8943D";"C49BE915D0056D2C18AC46DCA3F273535DCFB3B54308B0E5DECD7E720CC8943D";"Würde gelöscht werden"
"2026-09-28 23:24:58";"DryRun";"F:\Daten\Älter\Bilder\Bilder aus der Jugend\2014-04-10 18.37.13.jpg";"E:\OpenCloud\Persönlich (2)\Fotos\Verschiedenes\Bilder aus der Jugend\2014-04-10 18.37.13.jpg";"527650";"3A753B11E382EE8986BAC96311436C9531C73BFC0A77CC9EB7597394BF0D4493";"3A753B11E382EE8986BAC96311436C9531C73BFC0A77CC9EB7597394BF0D4493";"Würde gelöscht werden"
"2026-09-28 23:24:58";"DryRun";"F:\Daten\Älter\Bilder\Bilder aus der Jugend\2014-04-11 12.35.52.jpg";"E:\OpenCloud\Persönlich (2)\Fotos\Verschiedenes\Bilder aus der Jugend\2014-04-11 12.35.52.jpg";"1420943";"49EF59D30CF88553A12068B32DEF2ACD5C235D8EE0487A546305B0B6B1C3F912";"49EF59D30CF88553A12068B32DEF2ACD5C235D8EE0487A546305B0B6B1C3F912";"Würde gelöscht werden"
"2026-09-28 23:24:58";"DryRun";"F:\Daten\Älter\Bilder\Bilder aus der Jugend\2014-04-11 17.17.25.jpg";"E:\OpenCloud\Persönlich (2)\Fotos\Verschiedenes\Bilder aus der Jugend\2014-04-11 17.17.25.jpg";"847679";"7129CAA83A0A9926AAF858CFF998687C874427D47D37549C7D465BB5341138B0";"7129CAA83A0A9926AAF858CFF998687C874427D47D37549C7D465BB5341138B0";"Würde gelöscht werden"
"2026-09-28 23:24:58";"DryRun";"F:\Daten\Älter\Bilder\Bilder aus der Jugend\2014-04-11 17.17.27.jpg";"E:\OpenCloud\Persönlich (2)\Fotos\Verschiedenes\Bilder aus der Jugend\2014-04-11 17.17.27.jpg";"846311";"C37089ADABC26DAFF4D27FA6C586D53601A208D37B15BB65A4120EC333AE03D6";"C37089ADABC26DAFF4D27FA6C586D53601A208D37B15BB65A4120EC333AE03D6";"Würde gelöscht werden"
"2026-09-28 23:24:58";"DryRun";"F:\Daten\Älter\Bilder\Bilder aus der Jugend\2014-04-11 17.17.32.jpg";"E:\OpenCloud\Persönlich (2)\Fotos\Verschiedenes\Bilder aus der Jugend\2014-04-11 17.17.32.jpg";"833941";"3ED94DB27C8BFF1DDC535331B5BA6BE6E346BB8AA9EE14B255F8BA36E944260A";"3ED94DB27C8BFF1DDC535331B5BA6BE6E346BB8AA9EE14B255F8BA36E944260A";"Würde gelöscht werden"
"2026-09-28 23:24:58";"DryRun";"F:\Daten\Älter\Bilder\Bilder aus der Jugend\2014-04-11 21.02.08.jpg";"E:\OpenCloud\Persönlich (2)\Fotos\Verschiedenes\Bilder aus der Jugend\2014-04-11 21.02.08.jpg";"794492";"D7BB79AA36E82639445E29DB46FA5284943183B8976D0E3A7E0F9B898253DF8D";"D7BB79AA36E82639445E29DB46FA5284943183B8976D0E3A7E0F9B898253DF8D";"Würde gelöscht werden"
"2026-09-28 23:24:58";"DryRun";"F:\Daten\Älter\Bilder\Bilder aus der Jugend\2014-04-13 15.47.33.jpg";"E:\OpenCloud\Persönlich (2)\Fotos\Verschiedenes\Bilder aus der Jugend\2014-04-13 15.47.33.jpg";"554914";"8A204A1D37869392781BA4DB4638B0F355A492473F728612392D0FD46CFDDB33";"8A204A1D37869392781BA4DB4638B0F355A492473F728612392D0FD46CFDDB33";"Würde gelöscht werden"
"2026-09-28 23:24:58";"DryRun";"F:\Daten\Älter\Bilder\Bilder aus der Jugend\2014-04-13 15.48.13.jpg";"E:\OpenCloud\Persönlich (2)\Fotos\Verschiedenes\Bilder aus der Jugend\2014-04-13 15.48.13.jpg";"530282";"43E54A227D375087232AC16D5FC949894155581DB7AADE11ABF4EDE40F3A7988";"43E54A227D375087232AC16D5FC949894155581DB7AADE11ABF4EDE40F3A7988";"Würde gelöscht werden"
"2026-09-28 23:24:58";"DryRun";"F:\Daten\Älter\Bilder\Bilder aus der Jugend\2014-04-14 17.41.28.jpg";"E:\OpenCloud\Persönlich (2)\Fotos\Verschiedenes\Bilder aus der Jugend\2014-04-14 17.41.28.jpg";"244560";"359645AE94722908D18287FE850A5B1086920311E0570D828063C8453DB4E551";"359645AE94722908D18287FE850A5B1086920311E0570D828063C8453DB4E551";"Würde gelöscht werden"
"2026-09-28 23:24:58";"DryRun";"F:\Daten\Älter\Bilder\Bilder aus der Jugend\2014-04-14 17.41.35.jpg";"E:\OpenCloud\Persönlich (2)\Fotos\Verschiedenes\Bilder aus der Jugend\2014-04-14 17.41.35.jpg";"305708";"3FB697323BD18B49C3EB545FA8660C0D2F9AC61408C240882A52B6E85F959298";"3FB697323BD18B49C3EB545FA8660C0D2F9AC61408C240882A52B6E85F959298";"Würde gelöscht werden"
"2026-09-28 23:24:58";"DryRun";"F:\Daten\Älter\Bilder\Bilder aus der Jugend\2014-04-14 17.41.51.jpg";"E:\OpenCloud\Persönlich (2)\Fotos\Verschiedenes\Bilder aus der Jugend\2014-04-14 17.41.51.jpg";"216947";"836542E0C2B69C1B768415A993A630A1895AFFF8ADDA6DF72546E3F696F057C1";"836542E0C2B69C1B768415A993A630A1895AFFF8ADDA6DF72546E3F696F057C1";"Würde gelöscht werden"
"2026-09-28 23:24:58";"DryRun";"F:\Daten\Älter\Bilder\Bilder aus der Jugend\2014-04-14 17.42.09.jpg";"E:\OpenCloud\Persönlich (2)\Fotos\Verschiedenes\Bilder aus der Jugend\2014-04-14 17.42.09.jpg";"341735";"99AAE01DDC43CE743891F7CACD0913913F3CD53BF8B0C952A12C155ED4418B99";"99AAE01DDC43CE743891F7CACD0913913F3CD53BF8B0C952A12C155ED4418B99";"Würde gelöscht werden"
"2026-09-28 23:24:58";"DryRun";"F:\Daten\Älter\Bilder\Bilder aus der Jugend\2014-04-14 17.42.13.jpg";"E:\OpenCloud\Persönlich (2)\Fotos\Verschiedenes\Bilder aus der Jugend\2014-04-14 17.42.13.jpg";"343593";"2D529396C8CA287C0A86077F92CEBBD0E5C0D54DB6054CBB34683496C7AC58F9";"2D529396C8CA287C0A86077F92CEBBD0E5C0D54DB6054CBB34683496C7AC58F9";"Würde gelöscht werden"
"2026-09-28 23:24:58";"DryRun";"F:\Daten\Älter\Bilder\Bilder aus der Jugend\2014-04-14 17.42.31.jpg";"E:\OpenCloud\Persönlich (2)\Fotos\Verschiedenes\Bilder aus der Jugend\2014-04-14 17.42.31.jpg";"349377";"7A69588B049A0F93BCA2DAEC41EEE5E66ECFA9B71967F40C7BDBFF93A74B1201";"7A69588B049A0F93BCA2DAEC41EEE5E66ECFA9B71967F40C7BDBFF93A74B1201";"Würde gelöscht werden"
"2026-09-28 23:24:58";"DryRun";"F:\Daten\Älter\Bilder\Bilder aus der Jugend\2014-04-14 17.42.58.jpg";"E:\OpenCloud\Persönlich (2)\Fotos\Verschiedenes\Bilder aus der Jugend\2014-04-14 17.42.58.jpg";"216864";"A7A4D2059E90BBC68343741BE48CC408125579DF6F1555F29CDCCF2389302D27";"A7A4D2059E90BBC68343741BE48CC408125579DF6F1555F29CDCCF2389302D27";"Würde gelöscht werden"
"2026-09-28 23:24:59";"DryRun";"F:\Daten\Älter\Bilder\Bilder aus der Jugend\2014-04-14 17.43.06.jpg";"E:\OpenCloud\Persönlich (2)\Fotos\Verschiedenes\Bilder aus der Jugend\2014-04-14 17.43.06.jpg";"166534";"519E7BAA753AB6FC93E2D4F7F0529DA3CED6425DA610AA4925664795FA9AD7AC";"519E7BAA753AB6FC93E2D4F7F0529DA3CED6425DA610AA4925664795FA9AD7AC";"Würde gelöscht werden"
"2026-09-28 23:24:59";"DryRun";"F:\Daten\Älter\Bilder\Bilder aus der Jugend\2014-04-14 17.43.16.jpg";"E:\OpenCloud\Persönlich (2)\Fotos\Verschiedenes\Bilder aus der Jugend\2014-04-14 17.43.16.jpg";"59782";"BD85DFE6FCE0640577007623FBD20BBF4A0F0F353EF1BF01D308E6C24F7A90CA";"BD85DFE6FCE0640577007623FBD20BBF4A0F0F353EF1BF01D308E6C24F7A90CA";"Würde gelöscht werden"
"2026-09-28 23:24:59";"DryRun";"F:\Daten\Älter\Bilder\Bilder aus der Jugend\2014-04-14 17.43.20.jpg";"E:\OpenCloud\Persönlich (2)\Fotos\Verschiedenes\Bilder aus der Jugend\2014-04-14 17.43.20.jpg";"183315";"23383A08CFA0F30F74536CD8EA77EB69F24563F4E107C62F673F337108181490";"23383A08CFA0F30F74536CD8EA77EB69F24563F4E107C62F673F337108181490";"Würde gelöscht werden"
"2026-09-28 23:24:59";"DryRun";"F:\Daten\Älter\Bilder\Bilder aus der Jugend\2014-04-14 17.43.26.jpg";"E:\OpenCloud\Persönlich (2)\Fotos\Verschiedenes\Bilder aus der Jugend\2014-04-14 17.43.26.jpg";"165906";"7B2D1EC3DC3E8A4FA4746A7A09227564771DB112784DBBCF66CC7F962A0BD18C";"7B2D1EC3DC3E8A4FA4746A7A09227564771DB112784DBBCF66CC7F962A0BD18C";"Würde gelöscht werden"
"2026-09-28 23:24:59";"DryRun";"F:\Daten\Älter\Bilder\Bilder aus der Jugend\2014-04-15 07.51.46.jpeg";"E:\OpenCloud\Persönlich (2)\Fotos\Verschiedenes\Bilder aus der Jugend\2014-04-15 07.51.46.jpeg";"66222";"1095BDCBB1D2446B4EEE95DEA6D03AA0CB8E9413869124922A655C0EEC4CC6C4";"1095BDCBB1D2446B4EEE95DEA6D03AA0CB8E9413869124922A655C0EEC4CC6C4";"Würde gelöscht werden"
"2026-09-28 23:24:59";"DryRun";"F:\Daten\Älter\Bilder\Bilder aus der Jugend\2014-04-18 21.29.49.jpg";"E:\OpenCloud\Persönlich (2)\Fotos\Verschiedenes\Bilder aus der Jugend\2014-04-18 21.29.49.jpg";"918593";"8ABD560EA09B6E8E69B3EDA61FABAD2FC1CD9DC9D7CF27581CA9041264060D7A";"8ABD560EA09B6E8E69B3EDA61FABAD2FC1CD9DC9D7CF27581CA9041264060D7A";"Würde gelöscht werden"
"2026-09-28 23:24:59";"DryRun";"F:\Daten\Älter\Bilder\Bilder aus der Jugend\2014-04-23 11.48.35.jpg";"E:\OpenCloud\Persönlich (2)\Fotos\Verschiedenes\Bilder aus der Jugend\2014-04-23 11.48.35.jpg";"891331";"0B4B1973DF30BB29E44048953EFA636D897880242DCA5BBDDBC6EA375254D16C";"0B4B1973DF30BB29E44048953EFA636D897880242DCA5BBDDBC6EA375254D16C";"Würde gelöscht werden"
"2026-09-28 23:24:59";"DryRun";"F:\Daten\Älter\Bilder\Bilder aus der Jugend\2014-04-23 16.09.03.jpg";"E:\OpenCloud\Persönlich (2)\Fotos\Verschiedenes\Bilder aus der Jugend\2014-04-23 16.09.03.jpg";"925598";"246F0FF7CC0C25B5D54AFA82AAF570A3D58D5FD3E34FDBD8F1F98E388E0955AA";"246F0FF7CC0C25B5D54AFA82AAF570A3D58D5FD3E34FDBD8F1F98E388E0955AA";"Würde gelöscht werden"
"2026-09-28 23:24:59";"DryRun";"F:\Daten\Älter\Bilder\Bilder aus der Jugend\2014-04-24 17.55.37.jpg";"E:\OpenCloud\Persönlich (2)\Fotos\Verschiedenes\Bilder aus der Jugend\2014-04-24 17.55.37.jpg";"853194";"6DDFCE409364FC5BF10D34A4EC38950F077E4F0FC7ABCA6D7F6BB722EA3C3B09";"6DDFCE409364FC5BF10D34A4EC38950F077E4F0FC7ABCA6D7F6BB722EA3C3B09";"Würde gelöscht werden"
"2026-09-28 23:24:59";"DryRun";"F:\Daten\Älter\Bilder\Bilder aus der Jugend\2014-04-25 15.13.11.jpg";"E:\OpenCloud\Persönlich (2)\Fotos\Verschiedenes\Bilder aus der Jugend\2014-04-25 15.13.11.jpg";"768327";"AB63C608E2C4DEF77DC07E8CEF745AB085E5FE028BCF99F48357808032C64E3E";"AB63C608E2C4DEF77DC07E8CEF745AB085E5FE028BCF99F48357808032C64E3E";"Würde gelöscht werden"
"2026-09-28 23:24:59";"DryRun";"F:\Daten\Älter\Bilder\Bilder aus der Jugend\2014-04-25 16.33.02.jpg";"E:\OpenCloud\Persönlich (2)\Fotos\Verschiedenes\Bilder aus der Jugend\2014-04-25 16.33.02.jpg";"1578153";"7A54DFF9AAD46A9A705410EEFE4A01E06C2B75FD9048E5B7266E346CB9B40BFD";"7A54DFF9AAD46A9A705410EEFE4A01E06C2B75FD9048E5B7266E346CB9B40BFD";"Würde gelöscht werden"
"2026-09-28 23:24:59";"DryRun";"F:\Daten\Älter\Bilder\Bilder aus der Jugend\2014-04-25 16.33.06.jpg";"E:\OpenCloud\Persönlich (2)\Fotos\Verschiedenes\Bilder aus der Jugend\2014-04-25 16.33.06.jpg";"1601562";"6557B0F96E779E702F54DEE7880FD40F812D1CA1B0119DDC942E6B40FA6C0B97";"6557B0F96E779E702F54DEE7880FD40F812D1CA1B0119DDC942E6B40FA6C0B97";"Würde gelöscht werden"
"2026-09-28 23:24:59";"DryRun";"F:\Daten\Älter\Bilder\Bilder aus der Jugend\2014-04-25 20.13.43.jpg";"E:\OpenCloud\Persönlich (2)\Fotos\Verschiedenes\Bilder aus der Jugend\2014-04-25 20.13.43.jpg";"995838";"EACD7CC9BCF36C28C2F66ADC8CAB4396C97CB3A74B4B99474E8CE7E0DF139BAF";"EACD7CC9BCF36C28C2F66ADC8CAB4396C97CB3A74B4B99474E8CE7E0DF139BAF";"Würde gelöscht werden"
"2026-09-28 23:24:59";"DryRun";"F:\Daten\Älter\Bilder\Bilder aus der Jugend\2014-04-26 00.26.40.jpg";"E:\OpenCloud\Persönlich (2)\Fotos\Verschiedenes\Bilder aus der Jugend\2014-04-26 00.26.40.jpg";"1095919";"7FE3376C8B543745171DB390FFCAE902D0B0429460692E9DCA8B0AD8C5D56E0A";"7FE3376C8B543745171DB390FFCAE902D0B0429460692E9DCA8B0AD8C5D56E0A";"Würde gelöscht werden"
"2026-09-28 23:24:59";"DryRun";"F:\Daten\Älter\Bilder\Bilder aus der Jugend\2014-04-26 12.10.26.jpg";"E:\OpenCloud\Persönlich (2)\Fotos\Verschiedenes\Bilder aus der Jugend\2014-04-26 12.10.26.jpg";"837467";"E99D2257AA836DD8696225EA1EE54C5FBDDF1F25799A6DD71C7521D24114E377";"E99D2257AA836DD8696225EA1EE54C5FBDDF1F25799A6DD71C7521D24114E377";"Würde gelöscht werden"
"2026-09-28 23:24:59";"DryRun";"F:\Daten\Älter\Bilder\Bilder aus der Jugend\2014-04-26 16.00.23.jpg";"E:\OpenCloud\Persönlich (2)\Fotos\Verschiedenes\Bilder aus der Jugend\2014-04-26 16.00.23.jpg";"1166803";"EBE03D9CC70F9F807B4CE0C4D8B6BBCD7738D4ADB9890260AD17F58ADDF4BB5B";"EBE03D9CC70F9F807B4CE0C4D8B6BBCD7738D4ADB9890260AD17F58ADDF4BB5B";"Würde gelöscht werden"
"2026-09-28 23:24:59";"DryRun";"F:\Daten\Älter\Bilder\Bilder aus der Jugend\2014-04-26 16.03.50.jpg";"E:\OpenCloud\Persönlich (2)\Fotos\Verschiedenes\Bilder aus der Jugend\2014-04-26 16.03.50.jpg";"911948";"D0EB9D30ED1DFE7EEA62AAEE4E2F9A6361189685C5C822B31CEF4A43F200D7B9";"D0EB9D30ED1DFE7EEA62AAEE4E2F9A6361189685C5C822B31CEF4A43F200D7B9";"Würde gelöscht werden"
"2026-09-28 23:24:59";"DryRun";"F:\Daten\Älter\Bilder\Bilder aus der Jugend\2014-04-27 16.53.56.jpg";"E:\OpenCloud\Persönlich (2)\Fotos\Verschiedenes\Bilder aus der Jugend\2014-04-27 16.53.56.jpg";"612807";"90E3FA4468787FCC3D6D2E3512AA952566967439E8FE3F8B85F5C98117EF20FD";"90E3FA4468787FCC3D6D2E3512AA952566967439E8FE3F8B85F5C98117EF20FD";"Würde gelöscht werden"
"2026-09-28 23:24:59";"DryRun";"F:\Daten\Älter\Bilder\Bilder aus der Jugend\2014-04-27 18.41.42.jpeg";"E:\OpenCloud\Persönlich (2)\Fotos\Verschiedenes\Bilder aus der Jugend\2014-04-27 18.41.42.jpeg";"9540";"EE5DE8249C514C8FCCA91B6BB6457E978B9ADD0C2C41117911E7A2DC125AD437";"EE5DE8249C514C8FCCA91B6BB6457E978B9ADD0C2C41117911E7A2DC125AD437";"Würde gelöscht werden"
"2026-09-28 23:25:00";"DryRun";"F:\Daten\Älter\Bilder\Bilder aus der Jugend\2014-05-02 11.41.02.png";"E:\OpenCloud\Persönlich (2)\Fotos\Verschiedenes\Bilder aus der Jugend\2014-05-02 11.41.02.png";"1674876";"BA053A5E936FCD16DEF077B7E92F412B9410B310C55D36898B70312ED745383F";"BA053A5E936FCD16DEF077B7E92F412B9410B310C55D36898B70312ED745383F";"Würde gelöscht werden"
"2026-09-28 23:25:00";"DryRun";"F:\Daten\Älter\Bilder\Bilder aus der Jugend\2014-05-15 12.33.34.jpeg";"E:\OpenCloud\Persönlich (2)\Fotos\Verschiedenes\Bilder aus der Jugend\2014-05-15 12.33.34.jpeg";"74809";"F16893CF1C4C2C1D8330E08DA3E7AC3907D3C7D0E237108F4AF452DC7D88D44F";"F16893CF1C4C2C1D8330E08DA3E7AC3907D3C7D0E237108F4AF452DC7D88D44F";"Würde gelöscht werden"
"2026-09-28 23:25:00";"DryRun";"F:\Daten\Älter\Bilder\Bilder aus der Jugend\2014-05-15 18.08.45.jpg";"E:\OpenCloud\Persönlich (2)\Fotos\Verschiedenes\Bilder aus der Jugend\2014-05-15 18.08.45.jpg";"831562";"5991BC5802BF2CE1BF5E1309CCD468C5173FB171F3853AC040E6AF1BA3F19656";"5991BC5802BF2CE1BF5E1309CCD468C5173FB171F3853AC040E6AF1BA3F19656";"Würde gelöscht werden"
"2026-09-28 23:25:00";"DryRun";"F:\Daten\Älter\Bilder\Bilder aus der Jugend\2014-05-15 18.09.17.jpg";"E:\OpenCloud\Persönlich (2)\Fotos\Verschiedenes\Bilder aus der Jugend\2014-05-15 18.09.17.jpg";"892561";"F41268D3A37880ABA9C93CBE374B2555292810857745455679E805E5810D8928";"F41268D3A37880ABA9C93CBE374B2555292810857745455679E805E5810D8928";"Würde gelöscht werden"
"2026-09-28 23:25:00";"DryRun";"F:\Daten\Älter\Bilder\Bilder aus der Jugend\2014-05-17 18.56.24.jpeg";"E:\OpenCloud\Persönlich (2)\Fotos\Verschiedenes\Bilder aus der Jugend\2014-05-17 18.56.24.jpeg";"69435";"74EB9E5F2E4EF4E49D9AD14D1D88586B4A80D4A3E2785148E5FE82429021DBF4";"74EB9E5F2E4EF4E49D9AD14D1D88586B4A80D4A3E2785148E5FE82429021DBF4";"Würde gelöscht werden"
"2026-09-28 23:25:00";"DryRun";"F:\Daten\Älter\Bilder\Bilder aus der Jugend\2014-05-17 23.29.03.jpg";"E:\OpenCloud\Persönlich (2)\Fotos\Verschiedenes\Bilder aus der Jugend\2014-05-17 23.29.03.jpg";"590328";"29BE6F1B4EB9C8309A4BC81DA96D89ACBA28903B6F1EA64BC93FA0CD1CC0582E";"29BE6F1B4EB9C8309A4BC81DA96D89ACBA28903B6F1EA64BC93FA0CD1CC0582E";"Würde gelöscht werden"
"2026-09-28 23:25:00";"DryRun";"F:\Daten\Älter\Bilder\Bilder aus der Jugend\2014-05-18 00.13.18.jpg";"E:\OpenCloud\Persönlich (2)\Fotos\Verschiedenes\Bilder aus der Jugend\2014-05-18 00.13.18.jpg";"180029";"6ED94D863C7CACFC76B25AAB453016CA196D08B0889E08DC6EA81FCAE033AD20";"6ED94D863C7CACFC76B25AAB453016CA196D08B0889E08DC6EA81FCAE033AD20";"Würde gelöscht werden"
"2026-09-28 23:25:00";"DryRun";"F:\Daten\Älter\Bilder\Bilder aus der Jugend\2014-05-18 00.13.20.jpg";"E:\OpenCloud\Persönlich (2)\Fotos\Verschiedenes\Bilder aus der Jugend\2014-05-18 00.13.20.jpg";"230426";"4B2D163FED2FDF66EEEA599DFCFBB154A619EA8651A221288AF29C3C05597277";"4B2D163FED2FDF66EEEA599DFCFBB154A619EA8651A221288AF29C3C05597277";"Würde gelöscht werden"
"2026-09-28 23:25:00";"DryRun";"F:\Daten\Älter\Bilder\Bilder aus der Jugend\2014-05-18 00.13.36.jpg";"E:\OpenCloud\Persönlich (2)\Fotos\Verschiedenes\Bilder aus der Jugend\2014-05-18 00.13.36.jpg";"388971";"3BB6239DA15BAF59C09EF522B577F28436952409633BD13A8A5A5EA988EB22D5";"3BB6239DA15BAF59C09EF522B577F28436952409633BD13A8A5A5EA988EB22D5";"Würde gelöscht werden"
"2026-09-28 23:25:00";"DryRun";"F:\Daten\Älter\Bilder\Bilder aus der Jugend\2014-05-18 00.13.57.jpg";"E:\OpenCloud\Persönlich (2)\Fotos\Verschiedenes\Bilder aus der Jugend\2014-05-18 00.13.57.jpg";"260164";"A696BA1601ABBAC7D2B4616D85B58A5C602549D78EC7743E6539131853337A59";"A696BA1601ABBAC7D2B4616D85B58A5C602549D78EC7743E6539131853337A59";"Würde gelöscht werden"
"2026-09-28 23:25:00";"DryRun";"F:\Daten\Älter\Bilder\Bilder aus der Jugend\2014-05-18 00.13.59.jpg";"E:\OpenCloud\Persönlich (2)\Fotos\Verschiedenes\Bilder aus der Jugend\2014-05-18 00.13.59.jpg";"243747";"D418E1FF675A1106DB4E26188FC50620F88CFB8695347C496E0724EC929CB46A";"D418E1FF675A1106DB4E26188FC50620F88CFB8695347C496E0724EC929CB46A";"Würde gelöscht werden"
"2026-09-28 23:25:00";"DryRun";"F:\Daten\Älter\Bilder\Bilder aus der Jugend\2014-05-21 13.49.07.jpg";"E:\OpenCloud\Persönlich (2)\Fotos\Verschiedenes\Bilder aus der Jugend\2014-05-21 13.49.07.jpg";"1185320";"CD5CBFC8B66E8B41D99D1464C270F755D36F865437AB15A1E5B8BBA71E40C93F";"CD5CBFC8B66E8B41D99D1464C270F755D36F865437AB15A1E5B8BBA71E40C93F";"Würde gelöscht werden"
"2026-09-28 23:25:00";"DryRun";"F:\Daten\Älter\Bilder\Bilder aus der Jugend\2014-05-27 18.53.28.jpeg";"E:\OpenCloud\Persönlich (2)\Fotos\Verschiedenes\Bilder aus der Jugend\2014-05-27 18.53.28.jpeg";"92525";"6D1F9E64C47298F520D296B3BA75A0422834434A6B4C709F9317B6C884C9C6D3";"6D1F9E64C47298F520D296B3BA75A0422834434A6B4C709F9317B6C884C9C6D3";"Würde gelöscht werden"
"2026-09-28 23:25:00";"DryRun";"F:\Daten\Älter\Bilder\Bilder aus der Jugend\2014-05-27 20.46.48.jpg";"E:\OpenCloud\Persönlich (2)\Fotos\Verschiedenes\Bilder aus der Jugend\2014-05-27 20.46.48.jpg";"840945";"3B2C3B54BD94B08B60CFBB4DD77FC9C713684CF525976C0D21C70E678D16127B";"3B2C3B54BD94B08B60CFBB4DD77FC9C713684CF525976C0D21C70E678D16127B";"Würde gelöscht werden"
"2026-09-28 23:25:00";"DryRun";"F:\Daten\Älter\Bilder\Bilder aus der Jugend\2014-05-28 17.01.10.jpg";"E:\OpenCloud\Persönlich (2)\Fotos\Verschiedenes\Bilder aus der Jugend\2014-05-28 17.01.10.jpg";"590015";"AC7D67CDFDBC0539A25CA5AE9286D959E5888BD18AEF2063A0480E19F8D0AC81";"AC7D67CDFDBC0539A25CA5AE9286D959E5888BD18AEF2063A0480E19F8D0AC81";"Würde gelöscht werden"
"2026-09-28 23:25:00";"DryRun";"F:\Daten\Älter\Bilder\Bilder aus der Jugend\2014-05-30 05.06.33.jpeg";"E:\OpenCloud\Persönlich (2)\Fotos\Verschiedenes\Bilder aus der Jugend\2014-05-30 05.06.33.jpeg";"56211";"ECE715324D79E5CB77996F620B016F9703C69386660012CE987A1D030E53B338";"ECE715324D79E5CB77996F620B016F9703C69386660012CE987A1D030E53B338";"Würde gelöscht werden"
"2026-09-28 23:25:00";"DryRun";"F:\Daten\Älter\Bilder\Bilder aus der Jugend\2014-05-31 20.12.11.png";"E:\OpenCloud\Persönlich (2)\Fotos\Verschiedenes\Bilder aus der Jugend\2014-05-31 20.12.11.png";"548949";"22777B0267D2E798A7718DCC945F7CC772A794454762FD57239CFAC2F351044B";"22777B0267D2E798A7718DCC945F7CC772A794454762FD57239CFAC2F351044B";"Würde gelöscht werden"
"2026-09-28 23:25:00";"DryRun";"F:\Daten\Älter\Bilder\Bilder aus der Jugend\2014-06-01 21.36.41.jpg";"E:\OpenCloud\Persönlich (2)\Fotos\Verschiedenes\Bilder aus der Jugend\2014-06-01 21.36.41.jpg";"846619";"676C9E6A4EE86C2FC97C52B871C97A01B6C06017C4A93399231ADECCBDAEAFA9";"676C9E6A4EE86C2FC97C52B871C97A01B6C06017C4A93399231ADECCBDAEAFA9";"Würde gelöscht werden"
"2026-09-28 23:25:00";"DryRun";"F:\Daten\Älter\Bilder\Bilder aus der Jugend\2014-06-03 20.11.06.jpg";"E:\OpenCloud\Persönlich (2)\Fotos\Verschiedenes\Bilder aus der Jugend\2014-06-03 20.11.06.jpg";"1057188";"CC719EEE1AD9D9B65B36D9FD1627B41D77B800C29A6B4FB71F9DC329B7D96F3A";"CC719EEE1AD9D9B65B36D9FD1627B41D77B800C29A6B4FB71F9DC329B7D96F3A";"Würde gelöscht werden"
"2026-09-28 23:25:00";"DryRun";"F:\Daten\Älter\Bilder\Bilder aus der Jugend\2014-06-03 20.11.14.jpg";"E:\OpenCloud\Persönlich (2)\Fotos\Verschiedenes\Bilder aus der Jugend\2014-06-03 20.11.14.jpg";"818241";"FDA2615022BFB158797C1D6D7677432E3BE96CD95B5691F6BF471CF29C1F01F8";"FDA2615022BFB158797C1D6D7677432E3BE96CD95B5691F6BF471CF29C1F01F8";"Würde gelöscht werden"
"2026-09-28 23:25:00";"DryRun";"F:\Daten\Älter\Bilder\Bilder aus der Jugend\2014-06-03 20.11.20.jpg";"E:\OpenCloud\Persönlich (2)\Fotos\Verschiedenes\Bilder aus der Jugend\2014-06-03 20.11.20.jpg";"1047908";"29F1E7B44E2C64F9061D771263419198B8E55AEA7783957D99264FB02BC4D8DA";"29F1E7B44E2C64F9061D771263419198B8E55AEA7783957D99264FB02BC4D8DA";"Würde gelöscht werden"
"2026-09-28 23:25:00";"DryRun";"F:\Daten\Älter\Bilder\Bilder aus der Jugend\2014-06-03 21.53.48.jpg";"E:\OpenCloud\Persönlich (2)\Fotos\Verschiedenes\Bilder aus der Jugend\2014-06-03 21.53.48.jpg";"998211";"D1D8060CFECCF6CD5557917E2639C0A6E0C87ED8555E1A59AB6B75247BF50BA8";"D1D8060CFECCF6CD5557917E2639C0A6E0C87ED8555E1A59AB6B75247BF50BA8";"Würde gelöscht werden"
"2026-09-28 23:25:00";"DryRun";"F:\Daten\Älter\Bilder\Bilder aus der Jugend\2014-06-04 14.00.58.jpg";"E:\OpenCloud\Persönlich (2)\Fotos\Verschiedenes\Bilder aus der Jugend\2014-06-04 14.00.58.jpg";"1078393";"33AEDA86D3961CEA1E738E0C7DCFAA3B0F8784CEB42C29104AF5E3104466A498";"33AEDA86D3961CEA1E738E0C7DCFAA3B0F8784CEB42C29104AF5E3104466A498";"Würde gelöscht werden"
"2026-09-28 23:25:01";"DryRun";"F:\Daten\Älter\Bilder\Bilder aus der Jugend\2014-06-06 12.54.35.jpg";"E:\OpenCloud\Persönlich (2)\Fotos\Verschiedenes\Bilder aus der Jugend\2014-06-06 12.54.35.jpg";"768911";"31152E8DD8631A62043E714CF86466BC2F55D8055B78CAAF421ACA466829D82A";"31152E8DD8631A62043E714CF86466BC2F55D8055B78CAAF421ACA466829D82A";"Würde gelöscht werden"
"2026-09-28 23:25:01";"DryRun";"F:\Daten\Älter\Bilder\Bilder aus der Jugend\2014-06-06 17.51.13-1.jpg";"E:\OpenCloud\Persönlich (2)\Fotos\Verschiedenes\Bilder aus der Jugend\2014-06-06 17.51.13-1.jpg";"968452";"E274125C71958E08465212789602E5448B7D94767E5FA6DFD288823C91270869";"E274125C71958E08465212789602E5448B7D94767E5FA6DFD288823C91270869";"Würde gelöscht werden"
"2026-09-28 23:25:01";"DryRun";"F:\Daten\Älter\Bilder\Bilder aus der Jugend\2014-06-06 17.51.13-2.jpg";"E:\OpenCloud\Persönlich (2)\Fotos\Verschiedenes\Bilder aus der Jugend\2014-06-06 17.51.13-2.jpg";"979617";"DA7029B78A3D94F52450538DD09BED4CABADCA8C40D6ECCA53E3DF3DB4B8BF0C";"DA7029B78A3D94F52450538DD09BED4CABADCA8C40D6ECCA53E3DF3DB4B8BF0C";"Würde gelöscht werden"
"2026-09-28 23:25:01";"DryRun";"F:\Daten\Älter\Bilder\Bilder aus der Jugend\2014-06-06 19.54.44.jpg";"E:\OpenCloud\Persönlich (2)\Fotos\Verschiedenes\Bilder aus der Jugend\2014-06-06 19.54.44.jpg";"1139477";"EBEB94F1576112F5C6149D5027EA7C5FA3B741FE6AF5160065F57CC2DAB3BAC2";"EBEB94F1576112F5C6149D5027EA7C5FA3B741FE6AF5160065F57CC2DAB3BAC2";"Würde gelöscht werden"
"2026-09-28 23:25:01";"DryRun";"F:\Daten\Älter\Bilder\Bilder aus der Jugend\2014-06-06 20.09.47.jpg";"E:\OpenCloud\Persönlich (2)\Fotos\Verschiedenes\Bilder aus der Jugend\2014-06-06 20.09.47.jpg";"1215222";"85A12A8922A707486966D99440C61FD13AC61BD23E26401970CF54076743768F";"85A12A8922A707486966D99440C61FD13AC61BD23E26401970CF54076743768F";"Würde gelöscht werden"
"2026-09-28 23:25:01";"DryRun";"F:\Daten\Älter\Bilder\Bilder aus der Jugend\2014-06-06 21.13.13.jpg";"E:\OpenCloud\Persönlich (2)\Fotos\Verschiedenes\Bilder aus der Jugend\2014-06-06 21.13.13.jpg";"1289784";"8F3161874F4757EEA23DE060BA9E643DB89CD6A28DF2E650403E500FB7E5402F";"8F3161874F4757EEA23DE060BA9E643DB89CD6A28DF2E650403E500FB7E5402F";"Würde gelöscht werden"
"2026-09-28 23:25:01";"DryRun";"F:\Daten\Älter\Bilder\Bilder aus der Jugend\2014-06-06 21.59.19.jpg";"E:\OpenCloud\Persönlich (2)\Fotos\Verschiedenes\Bilder aus der Jugend\2014-06-06 21.59.19.jpg";"761419";"31D01CB3A58A90A6E157E55E9D85B7E6A98B0B2196EBECE9017835F55D213B4D";"31D01CB3A58A90A6E157E55E9D85B7E6A98B0B2196EBECE9017835F55D213B4D";"Würde gelöscht werden"
"2026-09-28 23:25:01";"DryRun";"F:\Daten\Älter\Bilder\Bilder aus der Jugend\2014-06-06 21.59.28.jpg";"E:\OpenCloud\Persönlich (2)\Fotos\Verschiedenes\Bilder aus der Jugend\2014-06-06 21.59.28.jpg";"804842";"3F7FE12007A396503E74571DC2768B463C3F66393F0EFEB225B3C80FECA416CC";"3F7FE12007A396503E74571DC2768B463C3F66393F0EFEB225B3C80FECA416CC";"Würde gelöscht werden"
"2026-09-28 23:25:01";"DryRun";"F:\Daten\Älter\Bilder\Bilder aus der Jugend\2014-06-06 23.11.22.jpg";"E:\OpenCloud\Persönlich (2)\Fotos\Verschiedenes\Bilder aus der Jugend\2014-06-06 23.11.22.jpg";"577775";"E710C4C66E8EB0CEAD72FF85321F1E0CFE7D5520D7DD609B5731462380100C2F";"E710C4C66E8EB0CEAD72FF85321F1E0CFE7D5520D7DD609B5731462380100C2F";"Würde gelöscht werden"
"2026-09-28 23:25:01";"DryRun";"F:\Daten\Älter\Bilder\Bilder aus der Jugend\2014-06-08 11.52.31.jpg";"E:\OpenCloud\Persönlich (2)\Fotos\Verschiedenes\Bilder aus der Jugend\2014-06-08 11.52.31.jpg";"988787";"1BA614715BD53FA7FB82839BBA55ABB693C2F7BB0ABAE12729F3413E67277E77";"1BA614715BD53FA7FB82839BBA55ABB693C2F7BB0ABAE12729F3413E67277E77";"Würde gelöscht werden"
"2026-09-28 23:25:01";"DryRun";"F:\Daten\Älter\Bilder\Bilder aus der Jugend\2014-06-08 22.27.44.jpg";"E:\OpenCloud\Persönlich (2)\Fotos\Verschiedenes\Bilder aus der Jugend\2014-06-08 22.27.44.jpg";"289810";"BECFCBD4B7B3146C19CE46B684F89D1755FD88419225D09EEF856E31B50375F4";"BECFCBD4B7B3146C19CE46B684F89D1755FD88419225D09EEF856E31B50375F4";"Würde gelöscht werden"
"2026-09-28 23:25:01";"DryRun";"F:\Daten\Älter\Bilder\Bilder aus der Jugend\2014-06-10 12.51.39.jpg";"E:\OpenCloud\Persönlich (2)\Fotos\Verschiedenes\Bilder aus der Jugend\2014-06-10 12.51.39.jpg";"1813515";"1FC46E886C58024320FE92708EC5D2B600CBAC2FED3C064576539CC2BA36DF4A";"1FC46E886C58024320FE92708EC5D2B600CBAC2FED3C064576539CC2BA36DF4A";"Würde gelöscht werden"
"2026-09-28 23:25:01";"DryRun";"F:\Daten\Älter\Bilder\Bilder aus der Jugend\2014-06-10 16.52.48.jpg";"E:\OpenCloud\Persönlich (2)\Fotos\Verschiedenes\Bilder aus der Jugend\2014-06-10 16.52.48.jpg";"1646589";"2FA62442229C006960ED44A9136B098CA83D0FD37A99BBBE7DBC79C2C109AF84";"2FA62442229C006960ED44A9136B098CA83D0FD37A99BBBE7DBC79C2C109AF84";"Würde gelöscht werden"
"2026-09-28 23:25:01";"DryRun";"F:\Daten\Älter\Bilder\Bilder aus der Jugend\2014-06-10 16.52.50.jpg";"E:\OpenCloud\Persönlich (2)\Fotos\Verschiedenes\Bilder aus der Jugend\2014-06-10 16.52.50.jpg";"1729286";"AAF9550EEDB55AF7E45720988D8FC94C8E345E7706C822C6DC7FF9754CBB77A1";"AAF9550EEDB55AF7E45720988D8FC94C8E345E7706C822C6DC7FF9754CBB77A1";"Würde gelöscht werden"
"2026-09-28 23:25:01";"DryRun";"F:\Daten\Älter\Bilder\Bilder aus der Jugend\2014-06-10 16.56.19-1.jpg";"E:\OpenCloud\Persönlich (2)\Fotos\Verschiedenes\Bilder aus der Jugend\2014-06-10 16.56.19-1.jpg";"721987";"9DF129443F829DFEAD571CFBA1A9070C7C82B988B6C087B66B3587C400F72BA2";"9DF129443F829DFEAD571CFBA1A9070C7C82B988B6C087B66B3587C400F72BA2";"Würde gelöscht werden"
"2026-09-28 23:25:01";"DryRun";"F:\Daten\Älter\Bilder\Bilder aus der Jugend\2014-06-10 16.56.19.jpg";"E:\OpenCloud\Persönlich (2)\Fotos\Verschiedenes\Bilder aus der Jugend\2014-06-10 16.56.19.jpg";"717642";"7BC5254E29A2A8398514A74C0E83102CE6EC178D5F13197C9DDDCEA7D9DA7635";"7BC5254E29A2A8398514A74C0E83102CE6EC178D5F13197C9DDDCEA7D9DA7635";"Würde gelöscht werden"
"2026-09-28 23:25:02";"DryRun";"F:\Daten\Älter\Bilder\Bilder aus der Jugend\2014-06-15 18.44.41.jpeg";"E:\OpenCloud\Persönlich (2)\Fotos\Verschiedenes\Bilder aus der Jugend\2014-06-15 18.44.41.jpeg";"67992";"8836C1DC0262959CE209FFEFE0363CD64418E2A573113BA8DB0579AD639C3951";"8836C1DC0262959CE209FFEFE0363CD64418E2A573113BA8DB0579AD639C3951";"Würde gelöscht werden"
"2026-09-28 23:25:02";"DryRun";"F:\Daten\Älter\Bilder\Bilder aus der Jugend\2014-06-16 13.13.46.jpg";"E:\OpenCloud\Persönlich (2)\Fotos\Verschiedenes\Bilder aus der Jugend\2014-06-16 13.13.46.jpg";"748609";"BD0E2F8ADAA70E93599DC49865BDB8A3D1AE59DA895E92B21D183168DD172141";"BD0E2F8ADAA70E93599DC49865BDB8A3D1AE59DA895E92B21D183168DD172141";"Würde gelöscht werden"
"2026-09-28 23:25:02";"DryRun";"F:\Daten\Älter\Bilder\Bilder aus der Jugend\2014-06-17 09.02.47.jpg";"E:\OpenCloud\Persönlich (2)\Fotos\Verschiedenes\Bilder aus der Jugend\2014-06-17 09.02.47.jpg";"863564";"14594AA1AB34D0BBD91C781522FCE276D48B9B1DA16210332E00FCAC560F6095";"14594AA1AB34D0BBD91C781522FCE276D48B9B1DA16210332E00FCAC560F6095";"Würde gelöscht werden"
"2026-09-28 23:25:02";"DryRun";"F:\Daten\Älter\Bilder\Bilder aus der Jugend\2014-06-17 09.41.10.jpg";"E:\OpenCloud\Persönlich (2)\Fotos\Verschiedenes\Bilder aus der Jugend\2014-06-17 09.41.10.jpg";"806684";"259D187368EC4EAD0FFAB0683DBB90B7FE331CB9FDDB54E343A2B9ECFA4DB902";"259D187368EC4EAD0FFAB0683DBB90B7FE331CB9FDDB54E343A2B9ECFA4DB902";"Würde gelöscht werden"
"2026-09-28 23:25:02";"DryRun";"F:\Daten\Älter\Bilder\Bilder aus der Jugend\2014-06-17 16.59.10.jpg";"E:\OpenCloud\Persönlich (2)\Fotos\Verschiedenes\Bilder aus der Jugend\2014-06-17 16.59.10.jpg";"805774";"D0B4A0BCCECDC9797C62DA9637931BE02D0BC8D32F54C10E969ADD9C4F7F6D59";"D0B4A0BCCECDC9797C62DA9637931BE02D0BC8D32F54C10E969ADD9C4F7F6D59";"Würde gelöscht werden"
"2026-09-28 23:25:02";"DryRun";"F:\Daten\Älter\Bilder\Bilder aus der Jugend\2014-06-17 16.59.20.jpg";"E:\OpenCloud\Persönlich (2)\Fotos\Verschiedenes\Bilder aus der Jugend\2014-06-17 16.59.20.jpg";"828862";"699D2579D53CB3944781AF1028494804DA79D8DC37E72588E2704727F5CA3766";"699D2579D53CB3944781AF1028494804DA79D8DC37E72588E2704727F5CA3766";"Würde gelöscht werden"
"2026-09-28 23:25:02";"DryRun";"F:\Daten\Älter\Bilder\Bilder aus der Jugend\2014-06-21 22.54.17.jpg";"E:\OpenCloud\Persönlich (2)\Fotos\Verschiedenes\Bilder aus der Jugend\2014-06-21 22.54.17.jpg";"906359";"1765A63FA0008AD9943165F0846BC55903CF5D18A1F32E8AF94B2937879C819B";"1765A63FA0008AD9943165F0846BC55903CF5D18A1F32E8AF94B2937879C819B";"Würde gelöscht werden"
"2026-09-28 23:25:02";"DryRun";"F:\Daten\Älter\Bilder\Bilder aus der Jugend\2014-06-21 22.54.27.jpg";"E:\OpenCloud\Persönlich (2)\Fotos\Verschiedenes\Bilder aus der Jugend\2014-06-21 22.54.27.jpg";"815578";"E263BD77E5739551F42D6BF1B8BF685AB327F23B11BFBB8C5CD7585DD34E47B9";"E263BD77E5739551F42D6BF1B8BF685AB327F23B11BFBB8C5CD7585DD34E47B9";"Würde gelöscht werden"
"2026-09-28 23:25:02";"DryRun";"F:\Daten\Älter\Bilder\Bilder aus der Jugend\2014-06-21 22.54.30.jpg";"E:\OpenCloud\Persönlich (2)\Fotos\Verschiedenes\Bilder aus der Jugend\2014-06-21 22.54.30.jpg";"921989";"8FA4D9D37488B603D0B0E61983AF7EFB69B622C7ECD688DD604585C77DCFF8B8";"8FA4D9D37488B603D0B0E61983AF7EFB69B622C7ECD688DD604585C77DCFF8B8";"Würde gelöscht werden"
"2026-09-28 23:25:02";"DryRun";"F:\Daten\Älter\Bilder\Bilder aus der Jugend\2014-06-21 22.54.55.jpg";"E:\OpenCloud\Persönlich (2)\Fotos\Verschiedenes\Bilder aus der Jugend\2014-06-21 22.54.55.jpg";"1153708";"C158D53C1E3B99952C2936F9BB0EF70E82B10A1964F538A614C5E50C649FA2D6";"C158D53C1E3B99952C2936F9BB0EF70E82B10A1964F538A614C5E50C649FA2D6";"Würde gelöscht werden"
"2026-09-28 23:25:02";"DryRun";"F:\Daten\Älter\Bilder\Bilder aus der Jugend\2014-06-25 11.39.10.jpg";"E:\OpenCloud\Persönlich (2)\Fotos\Verschiedenes\Bilder aus der Jugend\2014-06-25 11.39.10.jpg";"980864";"16874473940772640C253AD908C541BE219692FD02EF690B93212B4CD36D855B";"16874473940772640C253AD908C541BE219692FD02EF690B93212B4CD36D855B";"Würde gelöscht werden"
"2026-09-28 23:25:02";"DryRun";"F:\Daten\Älter\Bilder\Bilder aus der Jugend\2014-06-26 17.49.30.jpg";"E:\OpenCloud\Persönlich (2)\Fotos\Verschiedenes\Bilder aus der Jugend\2014-06-26 17.49.30.jpg";"1036158";"2AFF1DBFA2240D303ACD5FBBD702956599F480D751C434075BC7362E0F10DB42";"2AFF1DBFA2240D303ACD5FBBD702956599F480D751C434075BC7362E0F10DB42";"Würde gelöscht werden"
"2026-09-28 23:25:02";"DryRun";"F:\Daten\Älter\Bilder\Bilder aus der Jugend\2014-06-26 22.19.44.jpg";"E:\OpenCloud\Persönlich (2)\Fotos\Verschiedenes\Bilder aus der Jugend\2014-06-26 22.19.44.jpg";"866795";"28E9BE05BE39D9DB9C4B239F4E44427FBA6234080CB509E08C5DB90DC96AB88A";"28E9BE05BE39D9DB9C4B239F4E44427FBA6234080CB509E08C5DB90DC96AB88A";"Würde gelöscht werden"
"2026-09-28 23:25:02";"DryRun";"F:\Daten\Älter\Bilder\Bilder aus der Jugend\2014-06-27 09.30.46.jpg";"E:\OpenCloud\Persönlich (2)\Fotos\Verschiedenes\Bilder aus der Jugend\2014-06-27 09.30.46.jpg";"742311";"81653640AB2D0F4ED17903C15E104956BA562E1C3C0B5758679B37A9416A1500";"81653640AB2D0F4ED17903C15E104956BA562E1C3C0B5758679B37A9416A1500";"Würde gelöscht werden"
"2026-09-28 23:25:02";"DryRun";"F:\Daten\Älter\Bilder\Bilder aus der Jugend\2014-06-28 13.57.20.jpg";"E:\OpenCloud\Persönlich (2)\Fotos\Verschiedenes\Bilder aus der Jugend\2014-06-28 13.57.20.jpg";"960444";"6F0F5CC16BB0920B5387687FBE704452A63DC1EFAC67BAE5AF15E8BB120AA8FF";"6F0F5CC16BB0920B5387687FBE704452A63DC1EFAC67BAE5AF15E8BB120AA8FF";"Würde gelöscht werden"
"2026-09-28 23:25:02";"DryRun";"F:\Daten\Älter\Bilder\Bilder aus der Jugend\2014-06-30 16.10.18.png";"E:\OpenCloud\Persönlich (2)\Fotos\Verschiedenes\Bilder aus der Jugend\2014-06-30 16.10.18.png";"1220653";"370E578985A8DC08C5B16F5BD093EB6C45FDEF3FA68CC8661B01AD36801F6DC8";"370E578985A8DC08C5B16F5BD093EB6C45FDEF3FA68CC8661B01AD36801F6DC8";"Würde gelöscht werden"
"2026-09-28 23:25:02";"DryRun";"F:\Daten\Älter\Bilder\Bilder aus der Jugend\2014-07-01 06.33.27.jpg";"E:\OpenCloud\Persönlich (2)\Fotos\Verschiedenes\Bilder aus der Jugend\2014-07-01 06.33.27.jpg";"1011543";"A28B464537B6CD8C1B4E5ECC2DEAF31ED7BB3FC5DADB02EC88E1BF7F2E43D60C";"A28B464537B6CD8C1B4E5ECC2DEAF31ED7BB3FC5DADB02EC88E1BF7F2E43D60C";"Würde gelöscht werden"
"2026-09-28 23:25:02";"DryRun";"F:\Daten\Älter\Bilder\Bilder aus der Jugend\2014-07-10 21.54.56.jpg";"E:\OpenCloud\Persönlich (2)\Fotos\Verschiedenes\Bilder aus der Jugend\2014-07-10 21.54.56.jpg";"898486";"DEF0EC3D7E87180C24449030F598E468E894999E09A45704D6BC9FC365255C35";"DEF0EC3D7E87180C24449030F598E468E894999E09A45704D6BC9FC365255C35";"Würde gelöscht werden"
"2026-09-28 23:25:03";"DryRun";"F:\Daten\Älter\Bilder\Bilder aus der Jugend\2014-07-11 12.46.20.jpg";"E:\OpenCloud\Persönlich (2)\Fotos\Verschiedenes\Bilder aus der Jugend\2014-07-11 12.46.20.jpg";"669328";"3F917B9895BFBF0A97EEC6B16673C6C3F3BC6BE22E93642CA027EF1AD6207317";"3F917B9895BFBF0A97EEC6B16673C6C3F3BC6BE22E93642CA027EF1AD6207317";"Würde gelöscht werden"
"2026-09-28 23:25:03";"DryRun";"F:\Daten\Älter\Bilder\Bilder aus der Jugend\2014-07-11 12.46.28.jpg";"E:\OpenCloud\Persönlich (2)\Fotos\Verschiedenes\Bilder aus der Jugend\2014-07-11 12.46.28.jpg";"662274";"B215FCBDC79B9222AA6DE958917BF78E40AF51226F6FCBA3A790239E6E6F1E26";"B215FCBDC79B9222AA6DE958917BF78E40AF51226F6FCBA3A790239E6E6F1E26";"Würde gelöscht werden"
"2026-09-28 23:25:03";"DryRun";"F:\Daten\Älter\Bilder\Bilder aus der Jugend\2014-07-11 12.46.33.jpg";"E:\OpenCloud\Persönlich (2)\Fotos\Verschiedenes\Bilder aus der Jugend\2014-07-11 12.46.33.jpg";"668929";"CCEA8AEB04E275BC70F35424042D5CC2A940DF7C622E9707BBE20A2664B60431";"CCEA8AEB04E275BC70F35424042D5CC2A940DF7C622E9707BBE20A2664B60431";"Würde gelöscht werden"
"2026-09-28 23:25:03";"DryRun";"F:\Daten\Älter\Bilder\Bilder aus der Jugend\2014-07-11 14.20.11.png";"E:\OpenCloud\Persönlich (2)\Fotos\Verschiedenes\Bilder aus der Jugend\2014-07-11 14.20.11.png";"997021";"42FFB6ACCFBF483CBC05B21E793178A09DA3ACA32A110779BC9AB5A30CA71AA9";"42FFB6ACCFBF483CBC05B21E793178A09DA3ACA32A110779BC9AB5A30CA71AA9";"Würde gelöscht werden"
"2026-09-28 23:25:03";"DryRun";"F:\Daten\Älter\Bilder\Bilder aus der Jugend\2014-07-11 23.08.35.jpg";"E:\OpenCloud\Persönlich (2)\Fotos\Verschiedenes\Bilder aus der Jugend\2014-07-11 23.08.35.jpg";"623893";"50206709E1658C639060BF8180EC70A4F79CD125744162000D7E289A74C70225";"50206709E1658C639060BF8180EC70A4F79CD125744162000D7E289A74C70225";"Würde gelöscht werden"
"2026-09-28 23:25:03";"DryRun";"F:\Daten\Älter\Bilder\Bilder aus der Jugend\2014-07-11 23.08.53.jpg";"E:\OpenCloud\Persönlich (2)\Fotos\Verschiedenes\Bilder aus der Jugend\2014-07-11 23.08.53.jpg";"746483";"F0CD5580F5CD17D39E58BDADCF58E9CDF6CFE8C4779D688E6DEB2195C798E34E";"F0CD5580F5CD17D39E58BDADCF58E9CDF6CFE8C4779D688E6DEB2195C798E34E";"Würde gelöscht werden"
"2026-09-28 23:25:03";"DryRun";"F:\Daten\Älter\Bilder\Bilder aus der Jugend\2014-07-12 03.05.07.jpg";"E:\OpenCloud\Persönlich (2)\Fotos\Verschiedenes\Bilder aus der Jugend\2014-07-12 03.05.07.jpg";"1047558";"21535A9BF823B340E186ADBED9C2DDB7A3B02F49F0D4BCDC075B7F1844551710";"21535A9BF823B340E186ADBED9C2DDB7A3B02F49F0D4BCDC075B7F1844551710";"Würde gelöscht werden"
"2026-09-28 23:25:03";"DryRun";"F:\Daten\Älter\Bilder\Bilder aus der Jugend\2014-07-12 04.12.04.jpg";"E:\OpenCloud\Persönlich (2)\Fotos\Verschiedenes\Bilder aus der Jugend\2014-07-12 04.12.04.jpg";"610044";"A3BE36D75543976D842613B7D8E9A365D3D47C9647F0395051CCDE9672DDB54E";"A3BE36D75543976D842613B7D8E9A365D3D47C9647F0395051CCDE9672DDB54E";"Würde gelöscht werden"
"2026-09-28 23:25:03";"DryRun";"F:\Daten\Älter\Bilder\Bilder aus der Jugend\2014-07-13 22.48.00.jpeg";"E:\OpenCloud\Persönlich (2)\Fotos\Verschiedenes\Bilder aus der Jugend\2014-07-13 22.48.00.jpeg";"96914";"4EE54EFF43AB52CA4FE64E8C21C316AF50D0BAD871A7732426DBC90351FA4A7E";"4EE54EFF43AB52CA4FE64E8C21C316AF50D0BAD871A7732426DBC90351FA4A7E";"Würde gelöscht werden"
"2026-09-28 23:25:03";"DryRun";"F:\Daten\Älter\Bilder\Bilder aus der Jugend\2014-07-14 00.30.40.jpg";"E:\OpenCloud\Persönlich (2)\Fotos\Verschiedenes\Bilder aus der Jugend\2014-07-14 00.30.40.jpg";"931990";"1C3D8853BBB81B17BE1771BD191D6082055B702C2C5B0A4F77ABD4AF47FDC7BA";"1C3D8853BBB81B17BE1771BD191D6082055B702C2C5B0A4F77ABD4AF47FDC7BA";"Würde gelöscht werden"
"2026-09-28 23:25:03";"DryRun";"F:\Daten\Älter\Bilder\Bilder aus der Jugend\2014-07-14 00.39.24.jpg";"E:\OpenCloud\Persönlich (2)\Fotos\Verschiedenes\Bilder aus der Jugend\2014-07-14 00.39.24.jpg";"1002770";"56EE68B5C7206A3772FB99B767C20C7FA1C5116B8555B65B14708CF9DED10423";"56EE68B5C7206A3772FB99B767C20C7FA1C5116B8555B65B14708CF9DED10423";"Würde gelöscht werden"
"2026-09-28 23:25:03";"DryRun";"F:\Daten\Älter\Bilder\Bilder aus der Jugend\2014-07-14 09.20.57.png";"E:\OpenCloud\Persönlich (2)\Fotos\Verschiedenes\Bilder aus der Jugend\2014-07-14 09.20.57.png";"734615";"95771B703A2FB3719F19B40BBA9E89819118187B3EC773E62AACBEB784983DBD";"95771B703A2FB3719F19B40BBA9E89819118187B3EC773E62AACBEB784983DBD";"Würde gelöscht werden"
"2026-09-28 23:25:03";"DryRun";"F:\Daten\Älter\Bilder\Bilder aus der Jugend\2014-07-14 11.51.44.jpg";"E:\OpenCloud\Persönlich (2)\Fotos\Verschiedenes\Bilder aus der Jugend\2014-07-14 11.51.44.jpg";"470188";"F51056A54282779226859B56B5D79C6DE176DE3DFB8ECC282DA4DE4D971AEF59";"F51056A54282779226859B56B5D79C6DE176DE3DFB8ECC282DA4DE4D971AEF59";"Würde gelöscht werden"
"2026-09-28 23:25:03";"DryRun";"F:\Daten\Älter\Bilder\Bilder aus der Jugend\2014-07-14 17.13.40.jpg";"E:\OpenCloud\Persönlich (2)\Fotos\Verschiedenes\Bilder aus der Jugend\2014-07-14 17.13.40.jpg";"625894";"85F4CBC153D25244C5DAF2B1C30F47FEC3689579B7EADEF0091ECFB345667DD9";"85F4CBC153D25244C5DAF2B1C30F47FEC3689579B7EADEF0091ECFB345667DD9";"Würde gelöscht werden"
"2026-09-28 23:25:03";"DryRun";"F:\Daten\Älter\Bilder\Bilder aus der Jugend\2014-07-15 14.28.29.jpg";"E:\OpenCloud\Persönlich (2)\Fotos\Verschiedenes\Bilder aus der Jugend\2014-07-15 14.28.29.jpg";"819837";"900010CE05FD1CE529B432B69258A2A824C3E2AA518F0C322114E3CE4C6D3A2E";"900010CE05FD1CE529B432B69258A2A824C3E2AA518F0C322114E3CE4C6D3A2E";"Würde gelöscht werden"
"2026-09-28 23:25:03";"DryRun";"F:\Daten\Älter\Bilder\Bilder aus der Jugend\2014-07-17 22.53.31.jpg";"E:\OpenCloud\Persönlich (2)\Fotos\Verschiedenes\Bilder aus der Jugend\2014-07-17 22.53.31.jpg";"473218";"3478ABA0690984BED060C656C2AF8989ABF4AC27C0C0EF52AAB5660BFB92F042";"3478ABA0690984BED060C656C2AF8989ABF4AC27C0C0EF52AAB5660BFB92F042";"Würde gelöscht werden"
"2026-09-28 23:25:03";"DryRun";"F:\Daten\Älter\Bilder\Bilder aus der Jugend\2014-07-18 16.02.54.jpg";"E:\OpenCloud\Persönlich (2)\Fotos\Verschiedenes\Bilder aus der Jugend\2014-07-18 16.02.54.jpg";"1023599";"298F184C1251B849B5D7BFD90084C7C2087F61385E0222805F55F95668E463E3";"298F184C1251B849B5D7BFD90084C7C2087F61385E0222805F55F95668E463E3";"Würde gelöscht werden"
"2026-09-28 23:25:03";"DryRun";"F:\Daten\Älter\Bilder\Bilder aus der Jugend\2014-07-18 16.03.40.jpg";"E:\OpenCloud\Persönlich (2)\Fotos\Verschiedenes\Bilder aus der Jugend\2014-07-18 16.03.40.jpg";"1178521";"BDC381B5985AAB8398B0CC28061A4E4391F54246566F23DF5D69E246D6F3A096";"BDC381B5985AAB8398B0CC28061A4E4391F54246566F23DF5D69E246D6F3A096";"Würde gelöscht werden"
"2026-09-28 23:25:03";"DryRun";"F:\Daten\Älter\Bilder\Bilder aus der Jugend\2014-07-18 16.04.34.jpg";"E:\OpenCloud\Persönlich (2)\Fotos\Verschiedenes\Bilder aus der Jugend\2014-07-18 16.04.34.jpg";"1778961";"98D1B7E91CBDC356A946B42572FE1C0FB68B89FD7A7322562D1A4432115A2F90";"98D1B7E91CBDC356A946B42572FE1C0FB68B89FD7A7322562D1A4432115A2F90";"Würde gelöscht werden"
"2026-09-28 23:25:03";"DryRun";"F:\Daten\Älter\Bilder\Bilder aus der Jugend\2014-07-18 16.04.49.jpg";"E:\OpenCloud\Persönlich (2)\Fotos\Verschiedenes\Bilder aus der Jugend\2014-07-18 16.04.49.jpg";"1952119";"71EF725290AE9A81F35E35B908DABC8BC0F52C51DCE3E2E887F194F725879206";"71EF725290AE9A81F35E35B908DABC8BC0F52C51DCE3E2E887F194F725879206";"Würde gelöscht werden"
"2026-09-28 23:25:04";"DryRun";"F:\Daten\Älter\Bilder\Bilder aus der Jugend\2014-07-19 01.43.13.jpg";"E:\OpenCloud\Persönlich (2)\Fotos\Verschiedenes\Bilder aus der Jugend\2014-07-19 01.43.13.jpg";"632450";"D2D2E2D7DD6B2B3A7FB023ED319DC4272CDD83DD859446EA6132F768479B3F3E";"D2D2E2D7DD6B2B3A7FB023ED319DC4272CDD83DD859446EA6132F768479B3F3E";"Würde gelöscht werden"
"2026-09-28 23:25:04";"DryRun";"F:\Daten\Älter\Bilder\Bilder aus der Jugend\2014-07-20 20.42.29.jpg";"E:\OpenCloud\Persönlich (2)\Fotos\Verschiedenes\Bilder aus der Jugend\2014-07-20 20.42.29.jpg";"1230039";"E569BA26EAB9C3C229CAB18AE4728E2329E33C63D4440E0062F717F0E9A80F7F";"E569BA26EAB9C3C229CAB18AE4728E2329E33C63D4440E0062F717F0E9A80F7F";"Würde gelöscht werden"
"2026-09-28 23:25:04";"DryRun";"F:\Daten\Älter\Bilder\Bilder aus der Jugend\2014-07-21 13.31.41.jpg";"E:\OpenCloud\Persönlich (2)\Fotos\Verschiedenes\Bilder aus der Jugend\2014-07-21 13.31.41.jpg";"885457";"891BD1A20F4947CD8370C1C0D3F23ED398FA2983CCE193A0445B823F8B243E65";"891BD1A20F4947CD8370C1C0D3F23ED398FA2983CCE193A0445B823F8B243E65";"Würde gelöscht werden"
"2026-09-28 23:25:04";"DryRun";"F:\Daten\Älter\Bilder\Bilder aus der Jugend\2014-07-21 17.28.56.jpg";"E:\OpenCloud\Persönlich (2)\Fotos\Verschiedenes\Bilder aus der Jugend\2014-07-21 17.28.56.jpg";"941397";"54C6742C5ACEBBEC7FAE27ECE728E76DD3E2B5E8F48932AC86D39C10F3F23EE9";"54C6742C5ACEBBEC7FAE27ECE728E76DD3E2B5E8F48932AC86D39C10F3F23EE9";"Würde gelöscht werden"
"2026-09-28 23:25:04";"DryRun";"F:\Daten\Älter\Bilder\Bilder aus der Jugend\2014-07-21 21.55.47.jpg";"E:\OpenCloud\Persönlich (2)\Fotos\Verschiedenes\Bilder aus der Jugend\2014-07-21 21.55.47.jpg";"1090821";"899696270C419452735EC3CDE05EA522C5B648FE9DADCABE29DE6C3A1D6B60C4";"899696270C419452735EC3CDE05EA522C5B648FE9DADCABE29DE6C3A1D6B60C4";"Würde gelöscht werden"
"2026-09-28 23:25:04";"DryRun";"F:\Daten\Älter\Bilder\Bilder aus der Jugend\2014-07-22 09.05.31.png";"E:\OpenCloud\Persönlich (2)\Fotos\Verschiedenes\Bilder aus der Jugend\2014-07-22 09.05.31.png";"286360";"7CD62F115993EB376682EA7B297DF20E2125DBD4F8316EEB4968383DDB58B5AF";"7CD62F115993EB376682EA7B297DF20E2125DBD4F8316EEB4968383DDB58B5AF";"Würde gelöscht werden"
"2026-09-28 23:25:04";"DryRun";"F:\Daten\Älter\Bilder\Bilder aus der Jugend\2014-07-23 16.11.31.jpg";"E:\OpenCloud\Persönlich (2)\Fotos\Verschiedenes\Bilder aus der Jugend\2014-07-23 16.11.31.jpg";"277907";"2484A14D2402946E3F2FED3479CDFFB192D71BF7AC683358CA5C66B297ACA61B";"2484A14D2402946E3F2FED3479CDFFB192D71BF7AC683358CA5C66B297ACA61B";"Würde gelöscht werden"
"2026-09-28 23:25:04";"DryRun";"F:\Daten\Älter\Bilder\Bilder aus der Jugend\2014-07-23 23.17.46.jpg";"E:\OpenCloud\Persönlich (2)\Fotos\Verschiedenes\Bilder aus der Jugend\2014-07-23 23.17.46.jpg";"939236";"3C6000CEDF26DDA60280EAA33F1C01DF9975A99CDCCBAD16F52854C1DAB908C4";"3C6000CEDF26DDA60280EAA33F1C01DF9975A99CDCCBAD16F52854C1DAB908C4";"Würde gelöscht werden"
"2026-09-28 23:25:04";"DryRun";"F:\Daten\Älter\Bilder\Bilder aus der Jugend\2014-07-24 11.46.40.jpg";"E:\OpenCloud\Persönlich (2)\Fotos\Verschiedenes\Bilder aus der Jugend\2014-07-24 11.46.40.jpg";"601558";"254FBD650567E68313918C1BC64FD51965FBC8ED16E30CB5B0FE4040E14031AE";"254FBD650567E68313918C1BC64FD51965FBC8ED16E30CB5B0FE4040E14031AE";"Würde gelöscht werden"
"2026-09-28 23:25:04";"DryRun";"F:\Daten\Älter\Bilder\Bilder aus der Jugend\2014-07-24 11.47.02.jpg";"E:\OpenCloud\Persönlich (2)\Fotos\Verschiedenes\Bilder aus der Jugend\2014-07-24 11.47.02.jpg";"638943";"FC4693382E800C39D2D8959A4BF3366F6F5F6A57664D75E703D2E815A2B7371B";"FC4693382E800C39D2D8959A4BF3366F6F5F6A57664D75E703D2E815A2B7371B";"Würde gelöscht werden"
"2026-09-28 23:25:04";"DryRun";"F:\Daten\Älter\Bilder\Bilder aus der Jugend\2014-07-24 15.43.48.png";"E:\OpenCloud\Persönlich (2)\Fotos\Verschiedenes\Bilder aus der Jugend\2014-07-24 15.43.48.png";"1530225";"0EF43CB1CB51705E43F63FC7A038343636A72029E68E1461F452770600A66114";"0EF43CB1CB51705E43F63FC7A038343636A72029E68E1461F452770600A66114";"Würde gelöscht werden"
"2026-09-28 23:25:04";"DryRun";"F:\Daten\Älter\Bilder\Bilder aus der Jugend\2014-07-24 22.08.04.jpg";"E:\OpenCloud\Persönlich (2)\Fotos\Verschiedenes\Bilder aus der Jugend\2014-07-24 22.08.04.jpg";"840247";"905E26F034DCA17D5C2AEEA35751FADFFFCEEC3147C880B054308DC14B785E59";"905E26F034DCA17D5C2AEEA35751FADFFFCEEC3147C880B054308DC14B785E59";"Würde gelöscht werden"
"2026-09-28 23:25:04";"DryRun";"F:\Daten\Älter\Bilder\Bilder aus der Jugend\2014-07-25 12.55.33.jpg";"E:\OpenCloud\Persönlich (2)\Fotos\Verschiedenes\Bilder aus der Jugend\2014-07-25 12.55.33.jpg";"858570";"E50BB9069E57CE1A5C05368EDFA85B900CE6A4C844BB17629511F8E632BB19E4";"E50BB9069E57CE1A5C05368EDFA85B900CE6A4C844BB17629511F8E632BB19E4";"Würde gelöscht werden"
"2026-09-28 23:25:04";"DryRun";"F:\Daten\Älter\Bilder\Bilder aus der Jugend\2014-07-26 12.14.15.jpg";"E:\OpenCloud\Persönlich (2)\Fotos\Verschiedenes\Bilder aus der Jugend\2014-07-26 12.14.15.jpg";"939342";"1F8DFFEEB1CEECF442FAACD95AD1446E51DBCD590FB8796B14E07715D088C35E";"1F8DFFEEB1CEECF442FAACD95AD1446E51DBCD590FB8796B14E07715D088C35E";"Würde gelöscht werden"
"2026-09-28 23:25:04";"DryRun";"F:\Daten\Älter\Bilder\Bilder aus der Jugend\2014-07-26 16.13.12.jpg";"E:\OpenCloud\Persönlich (2)\Fotos\Verschiedenes\Bilder aus der Jugend\2014-07-26 16.13.12.jpg";"620004";"AE96B174FC80E2703B1A31CC26FD76009888A14BAF1843CAFB7BC7622DB5E43A";"AE96B174FC80E2703B1A31CC26FD76009888A14BAF1843CAFB7BC7622DB5E43A";"Würde gelöscht werden"
"2026-09-28 23:25:04";"DryRun";"F:\Daten\Älter\Bilder\Bilder aus der Jugend\2014-07-27 20.34.52.jpg";"E:\OpenCloud\Persönlich (2)\Fotos\Verschiedenes\Bilder aus der Jugend\2014-07-27 20.34.52.jpg";"937134";"583EF55222C88F1B71F706FE1AC95F3B7238C318CB49C05E9B3262C28973C245";"583EF55222C88F1B71F706FE1AC95F3B7238C318CB49C05E9B3262C28973C245";"Würde gelöscht werden"
"2026-09-28 23:25:04";"DryRun";"F:\Daten\Älter\Bilder\Bilder aus der Jugend\2014-07-28 15.06.43.jpg";"E:\OpenCloud\Persönlich (2)\Fotos\Verschiedenes\Bilder aus der Jugend\2014-07-28 15.06.43.jpg";"1063192";"156670700E5EEF2FC7DEAB99E697AA68EAAF5ECB7B4D150EE7AEA7FE6E6B0AD8";"156670700E5EEF2FC7DEAB99E697AA68EAAF5ECB7B4D150EE7AEA7FE6E6B0AD8";"Würde gelöscht werden"
"2026-09-28 23:25:04";"DryRun";"F:\Daten\Älter\Bilder\Bilder aus der Jugend\2014-07-28 15.43.33.jpg";"E:\OpenCloud\Persönlich (2)\Fotos\Verschiedenes\Bilder aus der Jugend\2014-07-28 15.43.33.jpg";"1197861";"98D1A35DE07369038EC711C2A0D76B2F4C198151629E43625C5F28471773A079";"98D1A35DE07369038EC711C2A0D76B2F4C198151629E43625C5F28471773A079";"Würde gelöscht werden"
"2026-09-28 23:25:04";"DryRun";"F:\Daten\Älter\Bilder\Bilder aus der Jugend\2014-07-28 17.56.14.jpg";"E:\OpenCloud\Persönlich (2)\Fotos\Verschiedenes\Bilder aus der Jugend\2014-07-28 17.56.14.jpg";"981717";"001B2F5CD917F7C2DB84C1EE65238D4AAF032F99DA9482BD1329572513EEEAF4";"001B2F5CD917F7C2DB84C1EE65238D4AAF032F99DA9482BD1329572513EEEAF4";"Würde gelöscht werden"
"2026-09-28 23:25:05";"DryRun";"F:\Daten\Älter\Bilder\Bilder aus der Jugend\2014-07-28 20.09.46.jpg";"E:\OpenCloud\Persönlich (2)\Fotos\Verschiedenes\Bilder aus der Jugend\2014-07-28 20.09.46.jpg";"588441";"4F5C9D6DDA672B9BD5452BC5BD69134EDB9C1B5A755A5331EF586BCED4E64184";"4F5C9D6DDA672B9BD5452BC5BD69134EDB9C1B5A755A5331EF586BCED4E64184";"Würde gelöscht werden"
"2026-09-28 23:25:05";"DryRun";"F:\Daten\Älter\Bilder\Bilder aus der Jugend\2014-07-28 21.54.21.jpg";"E:\OpenCloud\Persönlich (2)\Fotos\Verschiedenes\Bilder aus der Jugend\2014-07-28 21.54.21.jpg";"968206";"2B05A66493722FE22C9FFD9B5E535162010B3A99FF2727F1514F1B63BA73D06A";"2B05A66493722FE22C9FFD9B5E535162010B3A99FF2727F1514F1B63BA73D06A";"Würde gelöscht werden"
"2026-09-28 23:25:05";"DryRun";"F:\Daten\Älter\Bilder\Bilder aus der Jugend\2014-07-28 21.54.27.jpg";"E:\OpenCloud\Persönlich (2)\Fotos\Verschiedenes\Bilder aus der Jugend\2014-07-28 21.54.27.jpg";"848785";"741508A6D610EF5BDE62A852D954778A97B275957498FB59E093471C4B785D59";"741508A6D610EF5BDE62A852D954778A97B275957498FB59E093471C4B785D59";"Würde gelöscht werden"
"2026-09-28 23:25:05";"DryRun";"F:\Daten\Älter\Bilder\Bilder aus der Jugend\2014-07-28 21.54.45.jpg";"E:\OpenCloud\Persönlich (2)\Fotos\Verschiedenes\Bilder aus der Jugend\2014-07-28 21.54.45.jpg";"901473";"2454BF50D4D7E7DA6A57A6C4B7D377B9D3E870B244946776FE04943DAB879BE6";"2454BF50D4D7E7DA6A57A6C4B7D377B9D3E870B244946776FE04943DAB879BE6";"Würde gelöscht werden"
"2026-09-28 23:25:05";"DryRun";"F:\Daten\Älter\Bilder\Bilder aus der Jugend\2014-07-28 21.54.51.jpg";"E:\OpenCloud\Persönlich (2)\Fotos\Verschiedenes\Bilder aus der Jugend\2014-07-28 21.54.51.jpg";"952642";"F9F4476FEF4051240003FE9B2AD570E1B5607450AA7AF7A9DFCBB7F3B8D70950";"F9F4476FEF4051240003FE9B2AD570E1B5607450AA7AF7A9DFCBB7F3B8D70950";"Würde gelöscht werden"
"2026-09-28 23:25:05";"DryRun";"F:\Daten\Älter\Bilder\Bilder aus der Jugend\2014-07-29 10.25.05.jpg";"E:\OpenCloud\Persönlich (2)\Fotos\Verschiedenes\Bilder aus der Jugend\2014-07-29 10.25.05.jpg";"902906";"00861C8AFEA1F44A66B885B699E2F7BAF1ABF1032E0802299932602B1EF934EF";"00861C8AFEA1F44A66B885B699E2F7BAF1ABF1032E0802299932602B1EF934EF";"Würde gelöscht werden"
"2026-09-28 23:25:05";"DryRun";"F:\Daten\Älter\Bilder\Bilder aus der Jugend\2014-07-31 15.02.21.jpg";"E:\OpenCloud\Persönlich (2)\Fotos\Verschiedenes\Bilder aus der Jugend\2014-07-31 15.02.21.jpg";"1067061";"5C431204F6DBCEDF98E8349894EE21F64161617F49F4F4411166706906C37FA1";"5C431204F6DBCEDF98E8349894EE21F64161617F49F4F4411166706906C37FA1";"Würde gelöscht werden"
"2026-09-28 23:25:05";"DryRun";"F:\Daten\Älter\Bilder\Bilder aus der Jugend\2014-08-01 12.47.05.jpeg";"E:\OpenCloud\Persönlich (2)\Fotos\Verschiedenes\Bilder aus der Jugend\2014-08-01 12.47.05.jpeg";"84204";"E1538D89EE97832259F6A430B0873439D4FA85676FB71F7F53806FBBBDD30BF0";"E1538D89EE97832259F6A430B0873439D4FA85676FB71F7F53806FBBBDD30BF0";"Würde gelöscht werden"
"2026-09-28 23:25:05";"DryRun";"F:\Daten\Älter\Bilder\Bilder aus der Jugend\2014-08-01 20.39.36-2.jpg";"E:\OpenCloud\Persönlich (2)\Fotos\Verschiedenes\Bilder aus der Jugend\2014-08-01 20.39.36-2.jpg";"730895";"5C3DC1FEE494A9F51C433D01305B768E2691E84542AE7EB2C909006B5F1EF59B";"5C3DC1FEE494A9F51C433D01305B768E2691E84542AE7EB2C909006B5F1EF59B";"Würde gelöscht werden"
"2026-09-28 23:25:05";"DryRun";"F:\Daten\Älter\Bilder\Bilder aus der Jugend\2014-08-01 20.49.55.jpg";"E:\OpenCloud\Persönlich (2)\Fotos\Verschiedenes\Bilder aus der Jugend\2014-08-01 20.49.55.jpg";"1229349";"991993B198DAC87B6BAF6DEE999E90A2F2DCFB94B07E1A1558CF0CA34730088C";"991993B198DAC87B6BAF6DEE999E90A2F2DCFB94B07E1A1558CF0CA34730088C";"Würde gelöscht werden"
"2026-09-28 23:25:05";"DryRun";"F:\Daten\Älter\Bilder\Bilder aus der Jugend\2014-08-01 20.50.02.jpg";"E:\OpenCloud\Persönlich (2)\Fotos\Verschiedenes\Bilder aus der Jugend\2014-08-01 20.50.02.jpg";"1158356";"02B43E55AFC1A74E324C55B5CC4CF91EC79A5CD3D4C0DF9F14521022FBAA9357";"02B43E55AFC1A74E324C55B5CC4CF91EC79A5CD3D4C0DF9F14521022FBAA9357";"Würde gelöscht werden"
"2026-09-28 23:25:05";"DryRun";"F:\Daten\Älter\Bilder\Bilder aus der Jugend\2014-08-01 22.27.01.jpg";"E:\OpenCloud\Persönlich (2)\Fotos\Verschiedenes\Bilder aus der Jugend\2014-08-01 22.27.01.jpg";"456331";"35FF8D63297313A17B24A64A3465708BD0FF79C5B35336DA5A83130441259AD0";"35FF8D63297313A17B24A64A3465708BD0FF79C5B35336DA5A83130441259AD0";"Würde gelöscht werden"
"2026-09-28 23:25:05";"DryRun";"F:\Daten\Älter\Bilder\Bilder aus der Jugend\2014-08-02 00.14.17.jpg";"E:\OpenCloud\Persönlich (2)\Fotos\Verschiedenes\Bilder aus der Jugend\2014-08-02 00.14.17.jpg";"1019916";"ED71B2C648FBC23FEB00E3D49C2A9B3623CC76CFCFC14F506CD46D4EE1ECA9F5";"ED71B2C648FBC23FEB00E3D49C2A9B3623CC76CFCFC14F506CD46D4EE1ECA9F5";"Würde gelöscht werden"
"2026-09-28 23:25:05";"DryRun";"F:\Daten\Älter\Bilder\Bilder aus der Jugend\2014-08-02 22.54.08-1.jpg";"E:\OpenCloud\Persönlich (2)\Fotos\Verschiedenes\Bilder aus der Jugend\2014-08-02 22.54.08-1.jpg";"1015231";"F9449A81DA4D75CA3037A4635B23A729051D9C5724899347F18B302EAFFDE336";"F9449A81DA4D75CA3037A4635B23A729051D9C5724899347F18B302EAFFDE336";"Würde gelöscht werden"
"2026-09-28 23:25:05";"DryRun";"F:\Daten\Älter\Bilder\Bilder aus der Jugend\2014-08-02 22.54.08-2.jpg";"E:\OpenCloud\Persönlich (2)\Fotos\Verschiedenes\Bilder aus der Jugend\2014-08-02 22.54.08-2.jpg";"1087666";"A2801CA9B1B6C04AB7F2C18768BDABD012F6858C19D5185D8024B40F1EC8C634";"A2801CA9B1B6C04AB7F2C18768BDABD012F6858C19D5185D8024B40F1EC8C634";"Würde gelöscht werden"
"2026-09-28 23:25:05";"DryRun";"F:\Daten\Älter\Bilder\Bilder aus der Jugend\2014-08-04 14.22.13.jpg";"E:\OpenCloud\Persönlich (2)\Fotos\Verschiedenes\Bilder aus der Jugend\2014-08-04 14.22.13.jpg";"900064";"40E255AA93CAEE5C05ED1F1168F14DCA2A2F02C7D9CF27CF039782A7CF8EB128";"40E255AA93CAEE5C05ED1F1168F14DCA2A2F02C7D9CF27CF039782A7CF8EB128";"Würde gelöscht werden"
"2026-09-28 23:25:05";"DryRun";"F:\Daten\Älter\Bilder\Bilder aus der Jugend\2014-08-04 14.40.08.jpg";"E:\OpenCloud\Persönlich (2)\Fotos\Verschiedenes\Bilder aus der Jugend\2014-08-04 14.40.08.jpg";"1012666";"18C0F397DA00CFFB1B8DF421BFFAEEFCC075508B807446A6259C5F2E122EC0E7";"18C0F397DA00CFFB1B8DF421BFFAEEFCC075508B807446A6259C5F2E122EC0E7";"Würde gelöscht werden"
"2026-09-28 23:25:05";"DryRun";"F:\Daten\Älter\Bilder\Bilder aus der Jugend\2014-08-04 21.35.36.jpg";"E:\OpenCloud\Persönlich (2)\Fotos\Verschiedenes\Bilder aus der Jugend\2014-08-04 21.35.36.jpg";"1106980";"77FF111ECBB59A70A69073714329C67E55BA5BCC4878A88D117795909E720B81";"77FF111ECBB59A70A69073714329C67E55BA5BCC4878A88D117795909E720B81";"Würde gelöscht werden"
"2026-09-28 23:25:05";"DryRun";"F:\Daten\Älter\Bilder\Bilder aus der Jugend\2014-08-05 15.44.44.png";"E:\OpenCloud\Persönlich (2)\Fotos\Verschiedenes\Bilder aus der Jugend\2014-08-05 15.44.44.png";"892750";"FE2CA82BA480E839F6FECCA2DAD45C5C443FFA9BC89CD21156DD7DE19CBEF44B";"FE2CA82BA480E839F6FECCA2DAD45C5C443FFA9BC89CD21156DD7DE19CBEF44B";"Würde gelöscht werden"
"2026-09-28 23:25:05";"DryRun";"F:\Daten\Älter\Bilder\Bilder aus der Jugend\2014-08-05 15.44.50.png";"E:\OpenCloud\Persönlich (2)\Fotos\Verschiedenes\Bilder aus der Jugend\2014-08-05 15.44.50.png";"991765";"90276A576E324AE2F7B29C579FD2F442EE436F9682AE845C27F2DEE7698037FC";"90276A576E324AE2F7B29C579FD2F442EE436F9682AE845C27F2DEE7698037FC";"Würde gelöscht werden"
"2026-09-28 23:25:06";"DryRun";"F:\Daten\Älter\Bilder\Bilder aus der Jugend\2014-08-06 19.43.34.jpeg";"E:\OpenCloud\Persönlich (2)\Fotos\Verschiedenes\Bilder aus der Jugend\2014-08-06 19.43.34.jpeg";"57931";"3E61CB0814ED3C534DED0EF076DF75E21995C9CD92AC16A0CD895206BA336777";"3E61CB0814ED3C534DED0EF076DF75E21995C9CD92AC16A0CD895206BA336777";"Würde gelöscht werden"
"2026-09-28 23:25:06";"DryRun";"F:\Daten\Älter\Bilder\Bilder aus der Jugend\2014-08-08 14.43.24.jpg";"E:\OpenCloud\Persönlich (2)\Fotos\Verschiedenes\Bilder aus der Jugend\2014-08-08 14.43.24.jpg";"698648";"58221D3975DE4945AF27D05DCC9AEFA9E0D854E60E7EF8BD1B8913ECD31F5920";"58221D3975DE4945AF27D05DCC9AEFA9E0D854E60E7EF8BD1B8913ECD31F5920";"Würde gelöscht werden"
"2026-09-28 23:25:06";"DryRun";"F:\Daten\Älter\Bilder\Bilder aus der Jugend\2014-08-08 14.43.27.jpg";"E:\OpenCloud\Persönlich (2)\Fotos\Verschiedenes\Bilder aus der Jugend\2014-08-08 14.43.27.jpg";"637638";"D4A68A5E44A1031D8371730147D1116D99A7DB4C2821DF67EA008BF35703466D";"D4A68A5E44A1031D8371730147D1116D99A7DB4C2821DF67EA008BF35703466D";"Würde gelöscht werden"
"2026-09-28 23:25:06";"DryRun";"F:\Daten\Älter\Bilder\Bilder aus der Jugend\2014-08-08 14.43.33.jpg";"E:\OpenCloud\Persönlich (2)\Fotos\Verschiedenes\Bilder aus der Jugend\2014-08-08 14.43.33.jpg";"759381";"D5113F35ADCEEAD34574D7506C28C3D5DC9FEBB553127413247E698CB6AD2F6A";"D5113F35ADCEEAD34574D7506C28C3D5DC9FEBB553127413247E698CB6AD2F6A";"Würde gelöscht werden"
"2026-09-28 23:25:06";"DryRun";"F:\Daten\Älter\Bilder\Bilder aus der Jugend\2014-08-08 14.43.38.jpg";"E:\OpenCloud\Persönlich (2)\Fotos\Verschiedenes\Bilder aus der Jugend\2014-08-08 14.43.38.jpg";"815986";"F54EE77DD1C5E493217D03BABDE30DCE31430AA473D16542B072B4AECC7B78AC";"F54EE77DD1C5E493217D03BABDE30DCE31430AA473D16542B072B4AECC7B78AC";"Würde gelöscht werden"
"2026-09-28 23:25:06";"DryRun";"F:\Daten\Älter\Bilder\Bilder aus der Jugend\2014-08-08 14.43.42.jpg";"E:\OpenCloud\Persönlich (2)\Fotos\Verschiedenes\Bilder aus der Jugend\2014-08-08 14.43.42.jpg";"782444";"CBCA5BC109853A9D4DA9FC8F0DF79751BCA932E45364F754B7DA095611041A6B";"CBCA5BC109853A9D4DA9FC8F0DF79751BCA932E45364F754B7DA095611041A6B";"Würde gelöscht werden"
"2026-09-28 23:25:06";"DryRun";"F:\Daten\Älter\Bilder\Bilder aus der Jugend\2014-08-08 14.43.43.jpg";"E:\OpenCloud\Persönlich (2)\Fotos\Verschiedenes\Bilder aus der Jugend\2014-08-08 14.43.43.jpg";"696736";"D497D586A2EBC75D45691D8B70236B5D4F95C3C44AA5369ECC78151E328E64DB";"D497D586A2EBC75D45691D8B70236B5D4F95C3C44AA5369ECC78151E328E64DB";"Würde gelöscht werden"
"2026-09-28 23:25:06";"DryRun";"F:\Daten\Älter\Bilder\Bilder aus der Jugend\2014-08-08 14.43.44.jpg";"E:\OpenCloud\Persönlich (2)\Fotos\Verschiedenes\Bilder aus der Jugend\2014-08-08 14.43.44.jpg";"769609";"E11E4297D5A696D317A3874DE0B0CBF575B5356F8ECF51E5A82BDF90F72F2AF3";"E11E4297D5A696D317A3874DE0B0CBF575B5356F8ECF51E5A82BDF90F72F2AF3";"Würde gelöscht werden"
"2026-09-28 23:25:06";"DryRun";"F:\Daten\Älter\Bilder\Bilder aus der Jugend\2014-08-08 14.43.46.jpg";"E:\OpenCloud\Persönlich (2)\Fotos\Verschiedenes\Bilder aus der Jugend\2014-08-08 14.43.46.jpg";"731345";"FAB75336BD79822D879C9921D89C0465538BE6C78B45CBD50760774844CBAB72";"FAB75336BD79822D879C9921D89C0465538BE6C78B45CBD50760774844CBAB72";"Würde gelöscht werden"
"2026-09-28 23:25:06";"DryRun";"F:\Daten\Älter\Bilder\Bilder aus der Jugend\2014-08-09 00.10.10.jpg";"E:\OpenCloud\Persönlich (2)\Fotos\Verschiedenes\Bilder aus der Jugend\2014-08-09 00.10.10.jpg";"807549";"8D0821DFA643FEAA8AE73EAD247EC1E493DD12940844AEB81CC76E107C1E3421";"8D0821DFA643FEAA8AE73EAD247EC1E493DD12940844AEB81CC76E107C1E3421";"Würde gelöscht werden"
"2026-09-28 23:25:06";"DryRun";"F:\Daten\Älter\Bilder\Bilder aus der Jugend\2014-08-09 17.50.12.jpg";"E:\OpenCloud\Persönlich (2)\Fotos\Verschiedenes\Bilder aus der Jugend\2014-08-09 17.50.12.jpg";"1184840";"EAFDDA366F12BAF548AC4A044D909A058485BAF869A39340D8794FE2D69B7C6B";"EAFDDA366F12BAF548AC4A044D909A058485BAF869A39340D8794FE2D69B7C6B";"Würde gelöscht werden"
"2026-09-28 23:25:06";"DryRun";"F:\Daten\Älter\Bilder\Bilder aus der Jugend\2014-08-10 02.24.58.jpg";"E:\OpenCloud\Persönlich (2)\Fotos\Verschiedenes\Bilder aus der Jugend\2014-08-10 02.24.58.jpg";"300705";"BFB049E9230832A76F28C02AA9C9D6D1F74C1F6D042CFC9B55A5D2E1ECE0E89F";"BFB049E9230832A76F28C02AA9C9D6D1F74C1F6D042CFC9B55A5D2E1ECE0E89F";"Würde gelöscht werden"
"2026-09-28 23:25:06";"DryRun";"F:\Daten\Älter\Bilder\Bilder aus der Jugend\2014-08-10 02.25.13-1.jpg";"E:\OpenCloud\Persönlich (2)\Fotos\Verschiedenes\Bilder aus der Jugend\2014-08-10 02.25.13-1.jpg";"345489";"31F04BF88CA1E134DA37D6FF5C45ECA21F1F4F5FEFCBE7D5534DB5E27045A266";"31F04BF88CA1E134DA37D6FF5C45ECA21F1F4F5FEFCBE7D5534DB5E27045A266";"Würde gelöscht werden"
"2026-09-28 23:25:06";"DryRun";"F:\Daten\Älter\Bilder\Bilder aus der Jugend\2014-08-10 02.25.13.jpg";"E:\OpenCloud\Persönlich (2)\Fotos\Verschiedenes\Bilder aus der Jugend\2014-08-10 02.25.13.jpg";"425867";"97496A8DA9F493460709B3F039B5816841F2B4EC9FB28F133CC4EAEDEA46ECD6";"97496A8DA9F493460709B3F039B5816841F2B4EC9FB28F133CC4EAEDEA46ECD6";"Würde gelöscht werden"
"2026-09-28 23:25:06";"DryRun";"F:\Daten\Älter\Bilder\Bilder aus der Jugend\2014-08-10 02.25.22.jpg";"E:\OpenCloud\Persönlich (2)\Fotos\Verschiedenes\Bilder aus der Jugend\2014-08-10 02.25.22.jpg";"401280";"31C21ED464A9FAD89CEC4BD663A05F70C86E717B0667B5E90743FDD9E464F5E9";"31C21ED464A9FAD89CEC4BD663A05F70C86E717B0667B5E90743FDD9E464F5E9";"Würde gelöscht werden"
"2026-09-28 23:25:06";"DryRun";"F:\Daten\Älter\Bilder\Bilder aus der Jugend\2014-08-10 02.25.31.jpg";"E:\OpenCloud\Persönlich (2)\Fotos\Verschiedenes\Bilder aus der Jugend\2014-08-10 02.25.31.jpg";"403656";"AA288A6B63B62A6B402B5E1262F62983C40EDCF484E5D834EB5A2C1868081BA3";"AA288A6B63B62A6B402B5E1262F62983C40EDCF484E5D834EB5A2C1868081BA3";"Würde gelöscht werden"
"2026-09-28 23:25:06";"DryRun";"F:\Daten\Älter\Bilder\Bilder aus der Jugend\2014-08-10 02.25.43-1.jpg";"E:\OpenCloud\Persönlich (2)\Fotos\Verschiedenes\Bilder aus der Jugend\2014-08-10 02.25.43-1.jpg";"929713";"21750C62A60062295EE9EAEF43E0ED29C85F3F4A3A946CF03C96DCD57551B8D3";"21750C62A60062295EE9EAEF43E0ED29C85F3F4A3A946CF03C96DCD57551B8D3";"Würde gelöscht werden"
"2026-09-28 23:25:06";"DryRun";"F:\Daten\Älter\Bilder\Bilder aus der Jugend\2014-08-10 02.25.43.jpg";"E:\OpenCloud\Persönlich (2)\Fotos\Verschiedenes\Bilder aus der Jugend\2014-08-10 02.25.43.jpg";"490029";"D447DB1C7A9032B198FD0E99E5A72A43D4AC6A11841056BF98C9C6961C4E41DA";"D447DB1C7A9032B198FD0E99E5A72A43D4AC6A11841056BF98C9C6961C4E41DA";"Würde gelöscht werden"
"2026-09-28 23:25:06";"DryRun";"F:\Daten\Älter\Bilder\Bilder aus der Jugend\2014-08-10 02.26.44.jpg";"E:\OpenCloud\Persönlich (2)\Fotos\Verschiedenes\Bilder aus der Jugend\2014-08-10 02.26.44.jpg";"472747";"8574DB5DCF6B023B788C00415C40567A939578C33B75EBC2E5DBD20136C5C0BA";"8574DB5DCF6B023B788C00415C40567A939578C33B75EBC2E5DBD20136C5C0BA";"Würde gelöscht werden"
"2026-09-28 23:25:06";"DryRun";"F:\Daten\Älter\Bilder\Bilder aus der Jugend\2014-08-10 02.27.54.jpg";"E:\OpenCloud\Persönlich (2)\Fotos\Verschiedenes\Bilder aus der Jugend\2014-08-10 02.27.54.jpg";"1054535";"A07BEB56E8F0FF1D2F942E20F71CC2CC58C09BEEC6F4266F40AC83026AE2E040";"A07BEB56E8F0FF1D2F942E20F71CC2CC58C09BEEC6F4266F40AC83026AE2E040";"Würde gelöscht werden"
"2026-09-28 23:25:06";"DryRun";"F:\Daten\Älter\Bilder\Bilder aus der Jugend\2014-08-10 02.28.08.jpg";"E:\OpenCloud\Persönlich (2)\Fotos\Verschiedenes\Bilder aus der Jugend\2014-08-10 02.28.08.jpg";"793342";"37DFC0A7BF902637DF50E879E7EF482A87B9860862BAEE06AC0FA871A29AA89F";"37DFC0A7BF902637DF50E879E7EF482A87B9860862BAEE06AC0FA871A29AA89F";"Würde gelöscht werden"
"2026-09-28 23:25:06";"DryRun";"F:\Daten\Älter\Bilder\Bilder aus der Jugend\2014-08-10 02.29.17.jpg";"E:\OpenCloud\Persönlich (2)\Fotos\Verschiedenes\Bilder aus der Jugend\2014-08-10 02.29.17.jpg";"618714";"3C52996E14D1DB80E68CA458CF14E71919A315FC1D65AD91B85F5B9688678731";"3C52996E14D1DB80E68CA458CF14E71919A315FC1D65AD91B85F5B9688678731";"Würde gelöscht werden"
"2026-09-28 23:25:06";"DryRun";"F:\Daten\Älter\Bilder\Bilder aus der Jugend\2014-08-10 02.29.53.jpg";"E:\OpenCloud\Persönlich (2)\Fotos\Verschiedenes\Bilder aus der Jugend\2014-08-10 02.29.53.jpg";"706086";"58CB5ECAA92208D174A7B2331AB00BAAC42607BB87868D32FCCAFA9B705E86A1";"58CB5ECAA92208D174A7B2331AB00BAAC42607BB87868D32FCCAFA9B705E86A1";"Würde gelöscht werden"
"2026-09-28 23:25:06";"DryRun";"F:\Daten\Älter\Bilder\Bilder aus der Jugend\2014-08-10 02.39.15.jpg";"E:\OpenCloud\Persönlich (2)\Fotos\Verschiedenes\Bilder aus der Jugend\2014-08-10 02.39.15.jpg";"625383";"1036C5FBE343A3FC27BFE316B240E9641184B6B042F4781089BE05088983FDB6";"1036C5FBE343A3FC27BFE316B240E9641184B6B042F4781089BE05088983FDB6";"Würde gelöscht werden"
"2026-09-28 23:25:06";"DryRun";"F:\Daten\Älter\Bilder\Bilder aus der Jugend\2014-08-10 08.30.07.jpeg";"E:\OpenCloud\Persönlich (2)\Fotos\Verschiedenes\Bilder aus der Jugend\2014-08-10 08.30.07.jpeg";"37409";"C2BC136438BC394A3E940429761E254107822DDB09011114A5BBD1F43EDD5384";"C2BC136438BC394A3E940429761E254107822DDB09011114A5BBD1F43EDD5384";"Würde gelöscht werden"
"2026-09-28 23:25:07";"DryRun";"F:\Daten\Älter\Bilder\Bilder aus der Jugend\2014-08-10 08.35.25.png";"E:\OpenCloud\Persönlich (2)\Fotos\Verschiedenes\Bilder aus der Jugend\2014-08-10 08.35.25.png";"362118";"C754C3B2C94F945813D76B3C24AB7443DDE9C795A4694ECAF6F81BA3428399F6";"C754C3B2C94F945813D76B3C24AB7443DDE9C795A4694ECAF6F81BA3428399F6";"Würde gelöscht werden"
"2026-09-28 23:25:07";"DryRun";"F:\Daten\Älter\Bilder\Bilder aus der Jugend\2014-08-11 11.21.14.jpeg";"E:\OpenCloud\Persönlich (2)\Fotos\Verschiedenes\Bilder aus der Jugend\2014-08-11 11.21.14.jpeg";"25903";"9F310609AC445B22546BAF821DF4A1F1775E990CAB085D9AB7A2768455D64824";"9F310609AC445B22546BAF821DF4A1F1775E990CAB085D9AB7A2768455D64824";"Würde gelöscht werden"
"2026-09-28 23:25:07";"DryRun";"F:\Daten\Älter\Bilder\Bilder aus der Jugend\2014-08-12 21.36.06.jpg";"E:\OpenCloud\Persönlich (2)\Fotos\Verschiedenes\Bilder aus der Jugend\2014-08-12 21.36.06.jpg";"1087077";"CDE30ABC0260FB4C31E62D20FC2C7F8DAE66416D60D01AF6B13745C6DAE2F0D0";"CDE30ABC0260FB4C31E62D20FC2C7F8DAE66416D60D01AF6B13745C6DAE2F0D0";"Würde gelöscht werden"
"2026-09-28 23:25:07";"DryRun";"F:\Daten\Älter\Bilder\Bilder aus der Jugend\2014-08-12 23.10.53.jpg";"E:\OpenCloud\Persönlich (2)\Fotos\Verschiedenes\Bilder aus der Jugend\2014-08-12 23.10.53.jpg";"920502";"EFB1DC8CCC60353027BD2581892AE54A35F9F27152E1031E08A068346CDCA343";"EFB1DC8CCC60353027BD2581892AE54A35F9F27152E1031E08A068346CDCA343";"Würde gelöscht werden"
"2026-09-28 23:25:07";"DryRun";"F:\Daten\Älter\Bilder\Bilder aus der Jugend\2014-08-14 20.49.09.jpeg";"E:\OpenCloud\Persönlich (2)\Fotos\Verschiedenes\Bilder aus der Jugend\2014-08-14 20.49.09.jpeg";"26460";"F76A5E67E9EF4C089FE690D26CD82AA5E08DA674A5412CB2DDA8EC831E6B7B03";"F76A5E67E9EF4C089FE690D26CD82AA5E08DA674A5412CB2DDA8EC831E6B7B03";"Würde gelöscht werden"
"2026-09-28 23:25:07";"DryRun";"F:\Daten\Älter\Bilder\Bilder aus der Jugend\2014-08-14 20.49.40.jpeg";"E:\OpenCloud\Persönlich (2)\Fotos\Verschiedenes\Bilder aus der Jugend\2014-08-14 20.49.40.jpeg";"45816";"A3111F253EEA7F96AEB6FB93E8E9AB4CD60385C7A6C3FA9965E48DC167A862C2";"A3111F253EEA7F96AEB6FB93E8E9AB4CD60385C7A6C3FA9965E48DC167A862C2";"Würde gelöscht werden"
"2026-09-28 23:25:07";"DryRun";"F:\Daten\Älter\Bilder\Bilder aus der Jugend\2014-08-14 20.51.44.jpeg";"E:\OpenCloud\Persönlich (2)\Fotos\Verschiedenes\Bilder aus der Jugend\2014-08-14 20.51.44.jpeg";"53987";"F33AC8D938A9802A652DC931F3E398A3F794FCEA89C19C3339DBFE0E9A5AB845";"F33AC8D938A9802A652DC931F3E398A3F794FCEA89C19C3339DBFE0E9A5AB845";"Würde gelöscht werden"
"2026-09-28 23:25:07";"DryRun";"F:\Daten\Älter\Bilder\Bilder aus der Jugend\2014-08-15 15.21.46.jpg";"E:\OpenCloud\Persönlich (2)\Fotos\Verschiedenes\Bilder aus der Jugend\2014-08-15 15.21.46.jpg";"809197";"FC493AF00FC8ADD37F654001409423AFFF9980ED8F6E77C91D4E82BC436151C7";"FC493AF00FC8ADD37F654001409423AFFF9980ED8F6E77C91D4E82BC436151C7";"Würde gelöscht werden"
"2026-09-28 23:25:07";"DryRun";"F:\Daten\Älter\Bilder\Bilder aus der Jugend\2014-08-15 19.22.44.jpeg";"E:\OpenCloud\Persönlich (2)\Fotos\Verschiedenes\Bilder aus der Jugend\2014-08-15 19.22.44.jpeg";"327185";"4E83B846981A74380ABC4F1E0E4AE0DB325E254172720AA5DA36E910DCA20F30";"4E83B846981A74380ABC4F1E0E4AE0DB325E254172720AA5DA36E910DCA20F30";"Würde gelöscht werden"
"2026-09-28 23:25:07";"DryRun";"F:\Daten\Älter\Bilder\Bilder aus der Jugend\2014-08-15 20.52.57.jpeg";"E:\OpenCloud\Persönlich (2)\Fotos\Verschiedenes\Bilder aus der Jugend\2014-08-15 20.52.57.jpeg";"144827";"BAABA126674AB06B3AD80626C582B34A6B9F6EFED6A087881615FFE6AE94119A";"BAABA126674AB06B3AD80626C582B34A6B9F6EFED6A087881615FFE6AE94119A";"Würde gelöscht werden"
"2026-09-28 23:25:07";"DryRun";"F:\Daten\Älter\Bilder\Bilder aus der Jugend\2014-08-15 21.50.23.jpeg";"E:\OpenCloud\Persönlich (2)\Fotos\Verschiedenes\Bilder aus der Jugend\2014-08-15 21.50.23.jpeg";"80202";"3C4165204CA4C94B773BFAED71337B4C422980C13AE889D15C3E54B80B5F46CB";"3C4165204CA4C94B773BFAED71337B4C422980C13AE889D15C3E54B80B5F46CB";"Würde gelöscht werden"
"2026-09-28 23:25:07";"DryRun";"F:\Daten\Älter\Bilder\Bilder aus der Jugend\2014-08-16 13.01.33.png";"E:\OpenCloud\Persönlich (2)\Fotos\Verschiedenes\Bilder aus der Jugend\2014-08-16 13.01.33.png";"303199";"17919C80AE21E82EBA537F377E25DEE1E4641AC1BF9802FD99D8A61728620160";"17919C80AE21E82EBA537F377E25DEE1E4641AC1BF9802FD99D8A61728620160";"Würde gelöscht werden"
"2026-09-28 23:25:07";"DryRun";"F:\Daten\Älter\Bilder\Bilder aus der Jugend\2014-08-16 15.06.27.png";"E:\OpenCloud\Persönlich (2)\Fotos\Verschiedenes\Bilder aus der Jugend\2014-08-16 15.06.27.png";"247959";"404587C0430D94C33A47B75E18B62ADFBAEA213AB30E92D725300781564AE25F";"404587C0430D94C33A47B75E18B62ADFBAEA213AB30E92D725300781564AE25F";"Würde gelöscht werden"
"2026-09-28 23:25:07";"DryRun";"F:\Daten\Älter\Bilder\Bilder aus der Jugend\2014-08-16 22.39.51.jpg";"E:\OpenCloud\Persönlich (2)\Fotos\Verschiedenes\Bilder aus der Jugend\2014-08-16 22.39.51.jpg";"964783";"6B652B3296A90648EC0B69CC798EBA4981560FDEB494FF2D6F795E8EEE2DED63";"6B652B3296A90648EC0B69CC798EBA4981560FDEB494FF2D6F795E8EEE2DED63";"Würde gelöscht werden"
"2026-09-28 23:25:07";"DryRun";"F:\Daten\Älter\Bilder\Bilder aus der Jugend\2014-08-16 23.31.54.png";"E:\OpenCloud\Persönlich (2)\Fotos\Verschiedenes\Bilder aus der Jugend\2014-08-16 23.31.54.png";"376484";"B6FA1A58AE4FEC5D076A6BDEC47EE550CCA09EDE975AD4720DF6210E6719C555";"B6FA1A58AE4FEC5D076A6BDEC47EE550CCA09EDE975AD4720DF6210E6719C555";"Würde gelöscht werden"
"2026-09-28 23:25:07";"DryRun";"F:\Daten\Älter\Bilder\Bilder aus der Jugend\2014-08-16 23.45.21-1.jpg";"E:\OpenCloud\Persönlich (2)\Fotos\Verschiedenes\Bilder aus der Jugend\2014-08-16 23.45.21-1.jpg";"973327";"6818868AAE699D614FD245B927877ADCC172FD156A3F73E2938CB9FA857D70F2";"6818868AAE699D614FD245B927877ADCC172FD156A3F73E2938CB9FA857D70F2";"Würde gelöscht werden"
"2026-09-28 23:25:07";"DryRun";"F:\Daten\Älter\Bilder\Bilder aus der Jugend\2014-08-16 23.45.21-2.jpg";"E:\OpenCloud\Persönlich (2)\Fotos\Verschiedenes\Bilder aus der Jugend\2014-08-16 23.45.21-2.jpg";"972651";"5AE7D8A870F798D98F00EE9847174321EFE8B4934738266591D3474552DD4B56";"5AE7D8A870F798D98F00EE9847174321EFE8B4934738266591D3474552DD4B56";"Würde gelöscht werden"
"2026-09-28 23:25:07";"DryRun";"F:\Daten\Älter\Bilder\Bilder aus der Jugend\2014-08-16 23.48.20.jpg";"E:\OpenCloud\Persönlich (2)\Fotos\Verschiedenes\Bilder aus der Jugend\2014-08-16 23.48.20.jpg";"1053828";"20CE0C608567AC8CEC9AF2F97E557B705A4621EE2127C60AF1ADF5EAED2F3DD6";"20CE0C608567AC8CEC9AF2F97E557B705A4621EE2127C60AF1ADF5EAED2F3DD6";"Würde gelöscht werden"
"2026-09-28 23:25:07";"DryRun";"F:\Daten\Älter\Bilder\Bilder aus der Jugend\2014-08-16 23.48.25.jpg";"E:\OpenCloud\Persönlich (2)\Fotos\Verschiedenes\Bilder aus der Jugend\2014-08-16 23.48.25.jpg";"979037";"6AF9DF69A20298A450C64F344FCE1D783F7F389F263C9A807EDFFB43A54E7038";"6AF9DF69A20298A450C64F344FCE1D783F7F389F263C9A807EDFFB43A54E7038";"Würde gelöscht werden"
"2026-09-28 23:25:07";"DryRun";"F:\Daten\Älter\Bilder\Bilder aus der Jugend\2014-08-16 23.48.32.jpg";"E:\OpenCloud\Persönlich (2)\Fotos\Verschiedenes\Bilder aus der Jugend\2014-08-16 23.48.32.jpg";"995421";"AB5EC209C1738A9997745370CFBCC746FADF35027B457455B18E18F15DA59B8C";"AB5EC209C1738A9997745370CFBCC746FADF35027B457455B18E18F15DA59B8C";"Würde gelöscht werden"
"2026-09-28 23:25:07";"DryRun";"F:\Daten\Älter\Bilder\Bilder aus der Jugend\2014-08-16 23.55.55.jpg";"E:\OpenCloud\Persönlich (2)\Fotos\Verschiedenes\Bilder aus der Jugend\2014-08-16 23.55.55.jpg";"336889";"13C901934C42E71D690C8F251B6B46DA61D7483A3B465377700834EE62D8F546";"13C901934C42E71D690C8F251B6B46DA61D7483A3B465377700834EE62D8F546";"Würde gelöscht werden"
"2026-09-28 23:25:07";"DryRun";"F:\Daten\Älter\Bilder\Bilder aus der Jugend\2014-08-16 23.56.05.jpg";"E:\OpenCloud\Persönlich (2)\Fotos\Verschiedenes\Bilder aus der Jugend\2014-08-16 23.56.05.jpg";"399543";"4C5CED47E394AB731858C18E8894E58C27FE02B931DD7FCE21DFC7852C4BEDD8";"4C5CED47E394AB731858C18E8894E58C27FE02B931DD7FCE21DFC7852C4BEDD8";"Würde gelöscht werden"
"2026-09-28 23:25:07";"DryRun";"F:\Daten\Älter\Bilder\Bilder aus der Jugend\2014-08-17 00.08.02.jpg";"E:\OpenCloud\Persönlich (2)\Fotos\Verschiedenes\Bilder aus der Jugend\2014-08-17 00.08.02.jpg";"1076891";"F91ED54AED978C5C301EF1004FA99C168D55C7C5C60FC5231BAFBD350FBE871C";"F91ED54AED978C5C301EF1004FA99C168D55C7C5C60FC5231BAFBD350FBE871C";"Würde gelöscht werden"
"2026-09-28 23:25:07";"DryRun";"F:\Daten\Älter\Bilder\Bilder aus der Jugend\2014-08-17 00.08.22.jpg";"E:\OpenCloud\Persönlich (2)\Fotos\Verschiedenes\Bilder aus der Jugend\2014-08-17 00.08.22.jpg";"960678";"25BF5406487A5A3D298ABE43AD6F7D849AFEAC34D27246078AC7E001270197D1";"25BF5406487A5A3D298ABE43AD6F7D849AFEAC34D27246078AC7E001270197D1";"Würde gelöscht werden"
"2026-09-28 23:25:07";"DryRun";"F:\Daten\Älter\Bilder\Bilder aus der Jugend\2014-08-17 00.08.35.jpg";"E:\OpenCloud\Persönlich (2)\Fotos\Verschiedenes\Bilder aus der Jugend\2014-08-17 00.08.35.jpg";"902046";"A0F10926D375DE04D0D836DB6204CE7183F4DC7F7A3051916FDE74A5652E72EA";"A0F10926D375DE04D0D836DB6204CE7183F4DC7F7A3051916FDE74A5652E72EA";"Würde gelöscht werden"
"2026-09-28 23:25:08";"DryRun";"F:\Daten\Älter\Bilder\Bilder aus der Jugend\2014-08-17 00.08.43.jpg";"E:\OpenCloud\Persönlich (2)\Fotos\Verschiedenes\Bilder aus der Jugend\2014-08-17 00.08.43.jpg";"695160";"B5602D4C3DC75E7A95ADBF736146A1787A1C6C94B97AF72D893F78EC1D3DF91D";"B5602D4C3DC75E7A95ADBF736146A1787A1C6C94B97AF72D893F78EC1D3DF91D";"Würde gelöscht werden"
"2026-09-28 23:25:08";"DryRun";"F:\Daten\Älter\Bilder\Bilder aus der Jugend\2014-08-17 00.08.51.jpg";"E:\OpenCloud\Persönlich (2)\Fotos\Verschiedenes\Bilder aus der Jugend\2014-08-17 00.08.51.jpg";"1019285";"67D7EEB3782550C4F8A74B8205A37E85005BADE05DEFDB3895B3E8A909B8DF7F";"67D7EEB3782550C4F8A74B8205A37E85005BADE05DEFDB3895B3E8A909B8DF7F";"Würde gelöscht werden"
"2026-09-28 23:25:08";"DryRun";"F:\Daten\Älter\Bilder\Bilder aus der Jugend\2014-08-17 00.08.58.jpg";"E:\OpenCloud\Persönlich (2)\Fotos\Verschiedenes\Bilder aus der Jugend\2014-08-17 00.08.58.jpg";"796580";"9AB152D27B54273543CE7301F45519EDDA0DA7D53CA4D1B750744B9FBC72012B";"9AB152D27B54273543CE7301F45519EDDA0DA7D53CA4D1B750744B9FBC72012B";"Würde gelöscht werden"
"2026-09-28 23:25:08";"DryRun";"F:\Daten\Älter\Bilder\Bilder aus der Jugend\2014-08-17 00.09.01.jpg";"E:\OpenCloud\Persönlich (2)\Fotos\Verschiedenes\Bilder aus der Jugend\2014-08-17 00.09.01.jpg";"1150504";"4EFF1AF6D321EACFD2FBD96C635612F2D6588D16DC6D9A110276150C0B5C8546";"4EFF1AF6D321EACFD2FBD96C635612F2D6588D16DC6D9A110276150C0B5C8546";"Würde gelöscht werden"
"2026-09-28 23:25:08";"DryRun";"F:\Daten\Älter\Bilder\Bilder aus der Jugend\2014-08-17 00.23.58.jpg";"E:\OpenCloud\Persönlich (2)\Fotos\Verschiedenes\Bilder aus der Jugend\2014-08-17 00.23.58.jpg";"833050";"C333F6D16EA9DAEB257E9392C6DEC723E0B9391C227C99631A114BCFC805312C";"C333F6D16EA9DAEB257E9392C6DEC723E0B9391C227C99631A114BCFC805312C";"Würde gelöscht werden"
"2026-09-28 23:25:08";"DryRun";"F:\Daten\Älter\Bilder\Bilder aus der Jugend\2014-08-17 00.24.00.jpg";"E:\OpenCloud\Persönlich (2)\Fotos\Verschiedenes\Bilder aus der Jugend\2014-08-17 00.24.00.jpg";"796690";"225629451745AE143F3812783AECDDAD7CEE78B99EB92F659E380AB6696D43C2";"225629451745AE143F3812783AECDDAD7CEE78B99EB92F659E380AB6696D43C2";"Würde gelöscht werden"
"2026-09-28 23:25:08";"DryRun";"F:\Daten\Älter\Bilder\Bilder aus der Jugend\2014-08-17 00.24.04.jpg";"E:\OpenCloud\Persönlich (2)\Fotos\Verschiedenes\Bilder aus der Jugend\2014-08-17 00.24.04.jpg";"846806";"4C98A9D4D233FD032B62AC49D18C53E5BDE0DAEB577264664F3C093FA88B7745";"4C98A9D4D233FD032B62AC49D18C53E5BDE0DAEB577264664F3C093FA88B7745";"Würde gelöscht werden"
"2026-09-28 23:25:08";"DryRun";"F:\Daten\Älter\Bilder\Bilder aus der Jugend\2014-08-17 00.52.00.jpg";"E:\OpenCloud\Persönlich (2)\Fotos\Verschiedenes\Bilder aus der Jugend\2014-08-17 00.52.00.jpg";"906007";"DEC6205CBD56E1A48C2AF7674605380579576D47C2201A2A537C1D01BE0FCC03";"DEC6205CBD56E1A48C2AF7674605380579576D47C2201A2A537C1D01BE0FCC03";"Würde gelöscht werden"
"2026-09-28 23:25:08";"DryRun";"F:\Daten\Älter\Bilder\Bilder aus der Jugend\2014-08-17 01.07.00.jpg";"E:\OpenCloud\Persönlich (2)\Fotos\Verschiedenes\Bilder aus der Jugend\2014-08-17 01.07.00.jpg";"893187";"F29357F4A1443C4F971033681300B80C79D26755C6DAA6EFE72D8C2960B999B5";"F29357F4A1443C4F971033681300B80C79D26755C6DAA6EFE72D8C2960B999B5";"Würde gelöscht werden"
"2026-09-28 23:25:08";"DryRun";"F:\Daten\Älter\Bilder\Bilder aus der Jugend\2014-08-17 02.01.34.jpg";"E:\OpenCloud\Persönlich (2)\Fotos\Verschiedenes\Bilder aus der Jugend\2014-08-17 02.01.34.jpg";"1008873";"9FB29D9FBF4DB9C329D48A76969DF4717C085322867F6FB316B8B502DB93AB3C";"9FB29D9FBF4DB9C329D48A76969DF4717C085322867F6FB316B8B502DB93AB3C";"Würde gelöscht werden"
"2026-09-28 23:25:08";"DryRun";"F:\Daten\Älter\Bilder\Bilder aus der Jugend\2014-08-17 03.03.46.jpg";"E:\OpenCloud\Persönlich (2)\Fotos\Verschiedenes\Bilder aus der Jugend\2014-08-17 03.03.46.jpg";"1110294";"9C1E7A67C1E0518C19BB64FDFD64AC7AC2573BF0F9FF610A01DEBE85A7CDA16D";"9C1E7A67C1E0518C19BB64FDFD64AC7AC2573BF0F9FF610A01DEBE85A7CDA16D";"Würde gelöscht werden"
"2026-09-28 23:25:08";"DryRun";"F:\Daten\Älter\Bilder\Bilder aus der Jugend\2014-08-17 03.08.53.jpg";"E:\OpenCloud\Persönlich (2)\Fotos\Verschiedenes\Bilder aus der Jugend\2014-08-17 03.08.53.jpg";"919932";"7211A3C633C6860A3FF1E1E4CFD814A300E0703D3D71BFAAD2BE0589514D002F";"7211A3C633C6860A3FF1E1E4CFD814A300E0703D3D71BFAAD2BE0589514D002F";"Würde gelöscht werden"
"2026-09-28 23:25:08";"DryRun";"F:\Daten\Älter\Bilder\Bilder aus der Jugend\2014-08-17 03.08.54.jpg";"E:\OpenCloud\Persönlich (2)\Fotos\Verschiedenes\Bilder aus der Jugend\2014-08-17 03.08.54.jpg";"931289";"B6C16A8048BFC9609C1BB7BCD242DFF51D83411F4B87CA80A8D90CE6A4F35D50";"B6C16A8048BFC9609C1BB7BCD242DFF51D83411F4B87CA80A8D90CE6A4F35D50";"Würde gelöscht werden"
"2026-09-28 23:25:08";"DryRun";"F:\Daten\Älter\Bilder\Bilder aus der Jugend\2014-08-17 03.16.39.jpg";"E:\OpenCloud\Persönlich (2)\Fotos\Verschiedenes\Bilder aus der Jugend\2014-08-17 03.16.39.jpg";"430369";"1E1D42BDDCB2D686E17AA2F406EE5373D046264FF6895759DA5C9D46CD95BCFF";"1E1D42BDDCB2D686E17AA2F406EE5373D046264FF6895759DA5C9D46CD95BCFF";"Würde gelöscht werden"
"2026-09-28 23:25:08";"DryRun";"F:\Daten\Älter\Bilder\Bilder aus der Jugend\2014-08-17 03.16.47.jpg";"E:\OpenCloud\Persönlich (2)\Fotos\Verschiedenes\Bilder aus der Jugend\2014-08-17 03.16.47.jpg";"504120";"2C76F8C9165B50EADDC0D2D5D74CE484E9CA2FD449C5C135621680651B4338CD";"2C76F8C9165B50EADDC0D2D5D74CE484E9CA2FD449C5C135621680651B4338CD";"Würde gelöscht werden"
"2026-09-28 23:25:08";"DryRun";"F:\Daten\Älter\Bilder\Bilder aus der Jugend\2014-08-17 03.21.11.jpg";"E:\OpenCloud\Persönlich (2)\Fotos\Verschiedenes\Bilder aus der Jugend\2014-08-17 03.21.11.jpg";"1019629";"05408D4254202F907FC1577FC1E003C682BEF217D5F0A1C6F376F74713DF3E9F";"05408D4254202F907FC1577FC1E003C682BEF217D5F0A1C6F376F74713DF3E9F";"Würde gelöscht werden"
"2026-09-28 23:25:08";"DryRun";"F:\Daten\Älter\Bilder\Bilder aus der Jugend\2014-08-17 03.21.14.jpg";"E:\OpenCloud\Persönlich (2)\Fotos\Verschiedenes\Bilder aus der Jugend\2014-08-17 03.21.14.jpg";"1052916";"10CD20AD3D975D0EEB4EE45BE2DDBDDDC0602DA4BFB52EBD021ADD409FA2C204";"10CD20AD3D975D0EEB4EE45BE2DDBDDDC0602DA4BFB52EBD021ADD409FA2C204";"Würde gelöscht werden"
"2026-09-28 23:25:08";"DryRun";"F:\Daten\Älter\Bilder\Bilder aus der Jugend\2014-08-17 03.28.59.jpg";"E:\OpenCloud\Persönlich (2)\Fotos\Verschiedenes\Bilder aus der Jugend\2014-08-17 03.28.59.jpg";"467543";"AB952D84747AC12050C0062C5DA4D2A103C73DDFCBFBCBEE99E4EB1C079E0F40";"AB952D84747AC12050C0062C5DA4D2A103C73DDFCBFBCBEE99E4EB1C079E0F40";"Würde gelöscht werden"
"2026-09-28 23:25:08";"DryRun";"F:\Daten\Älter\Bilder\Bilder aus der Jugend\2014-08-17 03.30.01.jpg";"E:\OpenCloud\Persönlich (2)\Fotos\Verschiedenes\Bilder aus der Jugend\2014-08-17 03.30.01.jpg";"902879";"234E9F6DD0498F7D7A605A940BB7F2C272CD3159B5422E5A6C5488CD2994930A";"234E9F6DD0498F7D7A605A940BB7F2C272CD3159B5422E5A6C5488CD2994930A";"Würde gelöscht werden"
"2026-09-28 23:25:08";"DryRun";"F:\Daten\Älter\Bilder\Bilder aus der Jugend\2014-08-17 03.30.04.jpg";"E:\OpenCloud\Persönlich (2)\Fotos\Verschiedenes\Bilder aus der Jugend\2014-08-17 03.30.04.jpg";"907350";"8BA2A08AD5328AAF360ECDC051D3B3F3C3C5919FED05716F367FA3D0F4574E4E";"8BA2A08AD5328AAF360ECDC051D3B3F3C3C5919FED05716F367FA3D0F4574E4E";"Würde gelöscht werden"
"2026-09-28 23:25:08";"DryRun";"F:\Daten\Älter\Bilder\Bilder aus der Jugend\2014-08-17 03.30.05.jpg";"E:\OpenCloud\Persönlich (2)\Fotos\Verschiedenes\Bilder aus der Jugend\2014-08-17 03.30.05.jpg";"917429";"A3E141EEC0F921E8E515E2235E05D87058F7FEF04A5692E808DBC6013DBF0ABD";"A3E141EEC0F921E8E515E2235E05D87058F7FEF04A5692E808DBC6013DBF0ABD";"Würde gelöscht werden"
"2026-09-28 23:25:09";"DryRun";"F:\Daten\Älter\Bilder\Bilder aus der Jugend\2014-08-17 03.36.49.jpg";"E:\OpenCloud\Persönlich (2)\Fotos\Verschiedenes\Bilder aus der Jugend\2014-08-17 03.36.49.jpg";"664960";"4B385BC6B8EBDCE6C75899958AA0FF570153AD11796AD4F3FADC2BE5A92CCEA8";"4B385BC6B8EBDCE6C75899958AA0FF570153AD11796AD4F3FADC2BE5A92CCEA8";"Würde gelöscht werden"
"2026-09-28 23:25:09";"DryRun";"F:\Daten\Älter\Bilder\Bilder aus der Jugend\2014-08-17 03.37.37.jpg";"E:\OpenCloud\Persönlich (2)\Fotos\Verschiedenes\Bilder aus der Jugend\2014-08-17 03.37.37.jpg";"955983";"DF83FD433D0044B23B3ED08749925548D55B984D915F5C7B22F8AC7B9879ADEC";"DF83FD433D0044B23B3ED08749925548D55B984D915F5C7B22F8AC7B9879ADEC";"Würde gelöscht werden"
"2026-09-28 23:25:09";"DryRun";"F:\Daten\Älter\Bilder\Bilder aus der Jugend\2014-08-17 13.40.29.jpg";"E:\OpenCloud\Persönlich (2)\Fotos\Verschiedenes\Bilder aus der Jugend\2014-08-17 13.40.29.jpg";"1608379";"C798C30E615C15F8C310C59782085DAA3FC5AB234993A00F7571ABACBB0A5869";"C798C30E615C15F8C310C59782085DAA3FC5AB234993A00F7571ABACBB0A5869";"Würde gelöscht werden"
"2026-09-28 23:25:09";"DryRun";"F:\Daten\Älter\Bilder\Bilder aus der Jugend\2014-08-17 19.47.46.png";"E:\OpenCloud\Persönlich (2)\Fotos\Verschiedenes\Bilder aus der Jugend\2014-08-17 19.47.46.png";"693675";"AA2657FADFBB22BC22C558F4F334F7D55C22E4966057B79CE12EB5BCE43B3512";"AA2657FADFBB22BC22C558F4F334F7D55C22E4966057B79CE12EB5BCE43B3512";"Würde gelöscht werden"
"2026-09-28 23:25:09";"DryRun";"F:\Daten\Älter\Bilder\Bilder aus der Jugend\2014-08-23 11.01.20.jpg";"E:\OpenCloud\Persönlich (2)\Fotos\Verschiedenes\Bilder aus der Jugend\2014-08-23 11.01.20.jpg";"964699";"ACA2AAD5B8FEA4E00AF96580D36EDF4B4CC2C897D27FC4F133C4BE420901CA97";"ACA2AAD5B8FEA4E00AF96580D36EDF4B4CC2C897D27FC4F133C4BE420901CA97";"Würde gelöscht werden"
"2026-09-28 23:25:09";"DryRun";"F:\Daten\Älter\Bilder\Bilder aus der Jugend\2014-08-23 11.01.24.jpg";"E:\OpenCloud\Persönlich (2)\Fotos\Verschiedenes\Bilder aus der Jugend\2014-08-23 11.01.24.jpg";"894750";"CAE3DA83E2F6969ABB87F5B58F925590A88719E328B9B1F7E81791134A10CB05";"CAE3DA83E2F6969ABB87F5B58F925590A88719E328B9B1F7E81791134A10CB05";"Würde gelöscht werden"
"2026-09-28 23:25:09";"DryRun";"F:\Daten\Älter\Bilder\Bilder aus der Jugend\2014-08-23 22.32.10.jpg";"E:\OpenCloud\Persönlich (2)\Fotos\Verschiedenes\Bilder aus der Jugend\2014-08-23 22.32.10.jpg";"931889";"CF4305BBAE870017BFCC2085031ECE2EAACC1ECB89EF2F12F1C1F6F3E5763203";"CF4305BBAE870017BFCC2085031ECE2EAACC1ECB89EF2F12F1C1F6F3E5763203";"Würde gelöscht werden"
"2026-09-28 23:25:09";"DryRun";"F:\Daten\Älter\Bilder\Bilder aus der Jugend\2014-08-25 21.28.34.png";"E:\OpenCloud\Persönlich (2)\Fotos\Verschiedenes\Bilder aus der Jugend\2014-08-25 21.28.34.png";"1410911";"BAEE8863CE3738247C0FF2395FA76F26B4E9CABC3DF4439F1CA70F02FCD91CDE";"BAEE8863CE3738247C0FF2395FA76F26B4E9CABC3DF4439F1CA70F02FCD91CDE";"Würde gelöscht werden"
"2026-09-28 23:25:09";"DryRun";"F:\Daten\Älter\Bilder\Bilder aus der Jugend\2014-08-26 09.10.38.jpg";"E:\OpenCloud\Persönlich (2)\Fotos\Verschiedenes\Bilder aus der Jugend\2014-08-26 09.10.38.jpg";"904462";"87B34F0554027B2983AFDF9FEF27B9D7B87C825067B534F1F22661DBDE08B2C4";"87B34F0554027B2983AFDF9FEF27B9D7B87C825067B534F1F22661DBDE08B2C4";"Würde gelöscht werden"
"2026-09-28 23:25:09";"DryRun";"F:\Daten\Älter\Bilder\Bilder aus der Jugend\2014-08-27 16.09.07.jpg";"E:\OpenCloud\Persönlich (2)\Fotos\Verschiedenes\Bilder aus der Jugend\2014-08-27 16.09.07.jpg";"719439";"2392AC068C6A7713FB280311EE7CE567C66FB8C8AE44A04A47EF96F6CD4C79D1";"2392AC068C6A7713FB280311EE7CE567C66FB8C8AE44A04A47EF96F6CD4C79D1";"Würde gelöscht werden"
"2026-09-28 23:25:09";"DryRun";"F:\Daten\Älter\Bilder\Bilder aus der Jugend\2014-08-27 16.11.18.jpg";"E:\OpenCloud\Persönlich (2)\Fotos\Verschiedenes\Bilder aus der Jugend\2014-08-27 16.11.18.jpg";"456645";"0F3F046DA5A6344A104F19E3A52467C68B09CB2BF02F6A437F0483324B0DAAAA";"0F3F046DA5A6344A104F19E3A52467C68B09CB2BF02F6A437F0483324B0DAAAA";"Würde gelöscht werden"
"2026-09-28 23:25:09";"DryRun";"F:\Daten\Älter\Bilder\Bilder aus der Jugend\2014-08-29 15.19.17.jpg";"E:\OpenCloud\Persönlich (2)\Fotos\Verschiedenes\Bilder aus der Jugend\2014-08-29 15.19.17.jpg";"1294136";"05C85677EBA47BC4CE89917E777328513D0774CBE9CA53EC0A7A2F15E502FC63";"05C85677EBA47BC4CE89917E777328513D0774CBE9CA53EC0A7A2F15E502FC63";"Würde gelöscht werden"
"2026-09-28 23:25:09";"DryRun";"F:\Daten\Älter\Bilder\Bilder aus der Jugend\2014-08-29 16.48.35.jpg";"E:\OpenCloud\Persönlich (2)\Fotos\Verschiedenes\Bilder aus der Jugend\2014-08-29 16.48.35.jpg";"1188474";"48754AB86EE90B101BF4CDB7DC5AEAE142D293721BB39B5962E0C988C782D98A";"48754AB86EE90B101BF4CDB7DC5AEAE142D293721BB39B5962E0C988C782D98A";"Würde gelöscht werden"
"2026-09-28 23:25:09";"DryRun";"F:\Daten\Älter\Bilder\Bilder aus der Jugend\2014-08-29 17.22.35.jpg";"E:\OpenCloud\Persönlich (2)\Fotos\Verschiedenes\Bilder aus der Jugend\2014-08-29 17.22.35.jpg";"1400832";"9D12F284C534D3C557F787AF68540F26FE060FE1513107FB219B07D4B7F8EB36";"9D12F284C534D3C557F787AF68540F26FE060FE1513107FB219B07D4B7F8EB36";"Würde gelöscht werden"
"2026-09-28 23:25:09";"DryRun";"F:\Daten\Älter\Bilder\Bilder aus der Jugend\2014-08-31 00.55.52.jpg";"E:\OpenCloud\Persönlich (2)\Fotos\Verschiedenes\Bilder aus der Jugend\2014-08-31 00.55.52.jpg";"846839";"A70808AC83A8C8AD4B23424F27AADD3C53D8E431CE77D2FA2F52B4D67D3AE97A";"A70808AC83A8C8AD4B23424F27AADD3C53D8E431CE77D2FA2F52B4D67D3AE97A";"Würde gelöscht werden"
"2026-09-28 23:25:09";"DryRun";"F:\Daten\Älter\Bilder\Bilder aus der Jugend\2014-08-31 00.55.53.jpg";"E:\OpenCloud\Persönlich (2)\Fotos\Verschiedenes\Bilder aus der Jugend\2014-08-31 00.55.53.jpg";"628926";"26C8841E7C298984F9EE7FB764665FE526B1B37DF999918880FB2572E2F1BA25";"26C8841E7C298984F9EE7FB764665FE526B1B37DF999918880FB2572E2F1BA25";"Würde gelöscht werden"
"2026-09-28 23:25:09";"DryRun";"F:\Daten\Älter\Bilder\Bilder aus der Jugend\2014-09-01 13.53.18.jpg";"E:\OpenCloud\Persönlich (2)\Fotos\Verschiedenes\Bilder aus der Jugend\2014-09-01 13.53.18.jpg";"1305261";"C77AED77AAF2BFEDC6B490246BFA3D0FA0BBFA57701064178052AF38F0216E52";"C77AED77AAF2BFEDC6B490246BFA3D0FA0BBFA57701064178052AF38F0216E52";"Würde gelöscht werden"
"2026-09-28 23:25:09";"DryRun";"F:\Daten\Älter\Bilder\Bilder aus der Jugend\2014-09-01 13.53.28.jpg";"E:\OpenCloud\Persönlich (2)\Fotos\Verschiedenes\Bilder aus der Jugend\2014-09-01 13.53.28.jpg";"1115087";"EBAAB8E3A800813F45D08068D24A61C2D60C8D52AF0444F46DF085E388A6AB3F";"EBAAB8E3A800813F45D08068D24A61C2D60C8D52AF0444F46DF085E388A6AB3F";"Würde gelöscht werden"
"2026-09-28 23:25:09";"DryRun";"F:\Daten\Älter\Bilder\Bilder aus der Jugend\2014-09-01 14.18.31.jpg";"E:\OpenCloud\Persönlich (2)\Fotos\Verschiedenes\Bilder aus der Jugend\2014-09-01 14.18.31.jpg";"1277260";"5F54C35E7D117E75A2513A55400300ED89A6B55D99168D602396FBE1F224A958";"5F54C35E7D117E75A2513A55400300ED89A6B55D99168D602396FBE1F224A958";"Würde gelöscht werden"
"2026-09-28 23:25:10";"DryRun";"F:\Daten\Älter\Bilder\Bilder aus der Jugend\2014-09-01 14.52.55.jpg";"E:\OpenCloud\Persönlich (2)\Fotos\Verschiedenes\Bilder aus der Jugend\2014-09-01 14.52.55.jpg";"1081885";"E1B552A1F2E5AF8652C11E559D62896B6661B8210C0544C1792251FD6E8AC642";"E1B552A1F2E5AF8652C11E559D62896B6661B8210C0544C1792251FD6E8AC642";"Würde gelöscht werden"
"2026-09-28 23:25:10";"DryRun";"F:\Daten\Älter\Bilder\Bilder aus der Jugend\2014-09-01 14.53.45.jpg";"E:\OpenCloud\Persönlich (2)\Fotos\Verschiedenes\Bilder aus der Jugend\2014-09-01 14.53.45.jpg";"785442";"715B98671BBAFF14877AEE6F1BC7227AEB16E9B32275F0078C6D4FF3FB7C3E79";"715B98671BBAFF14877AEE6F1BC7227AEB16E9B32275F0078C6D4FF3FB7C3E79";"Würde gelöscht werden"
"2026-09-28 23:25:10";"DryRun";"F:\Daten\Älter\Bilder\Bilder aus der Jugend\2014-09-01 15.32.34.jpg";"E:\OpenCloud\Persönlich (2)\Fotos\Verschiedenes\Bilder aus der Jugend\2014-09-01 15.32.34.jpg";"935499";"B76B19BB25A8B1BBBEADEC29F5C2B97DBDE2136CFD415209786725672A24D040";"B76B19BB25A8B1BBBEADEC29F5C2B97DBDE2136CFD415209786725672A24D040";"Würde gelöscht werden"
"2026-09-28 23:25:10";"DryRun";"F:\Daten\Älter\Bilder\Bilder aus der Jugend\2014-09-02 16.15.21.jpg";"E:\OpenCloud\Persönlich (2)\Fotos\Verschiedenes\Bilder aus der Jugend\2014-09-02 16.15.21.jpg";"1255013";"374DCD81DE0C62F5B907FAA3C4545BE6205FA7211DCF7306B878BE5176531319";"374DCD81DE0C62F5B907FAA3C4545BE6205FA7211DCF7306B878BE5176531319";"Würde gelöscht werden"
"2026-09-28 23:25:10";"DryRun";"F:\Daten\Älter\Bilder\Bilder aus der Jugend\2014-09-03 20.04.34-1.jpg";"E:\OpenCloud\Persönlich (2)\Fotos\Verschiedenes\Bilder aus der Jugend\2014-09-03 20.04.34-1.jpg";"364599";"8FE83F85BF75428FDB7B9F5813E6FDE6E887814C65566582C947812A56F4E84B";"8FE83F85BF75428FDB7B9F5813E6FDE6E887814C65566582C947812A56F4E84B";"Würde gelöscht werden"
"2026-09-28 23:25:10";"DryRun";"F:\Daten\Älter\Bilder\Bilder aus der Jugend\2014-09-03 20.04.34.jpg";"E:\OpenCloud\Persönlich (2)\Fotos\Verschiedenes\Bilder aus der Jugend\2014-09-03 20.04.34.jpg";"868382";"0D158384938D389C045DF0FF38CC9BAC7AFD3ED3E708CEC6FE2494AE40546E6A";"0D158384938D389C045DF0FF38CC9BAC7AFD3ED3E708CEC6FE2494AE40546E6A";"Würde gelöscht werden"
"2026-09-28 23:25:10";"DryRun";"F:\Daten\Älter\Bilder\Bilder aus der Jugend\2014-09-04 11.53.59.png";"E:\OpenCloud\Persönlich (2)\Fotos\Verschiedenes\Bilder aus der Jugend\2014-09-04 11.53.59.png";"2176774";"697BB3AD6616FD8E1A45FC1AB2A268AF0A9E99DB69C9D737CA8B8512A4CDA30D";"697BB3AD6616FD8E1A45FC1AB2A268AF0A9E99DB69C9D737CA8B8512A4CDA30D";"Würde gelöscht werden"
"2026-09-28 23:25:10";"DryRun";"F:\Daten\Älter\Bilder\Bilder aus der Jugend\2014-09-05 12.23.03.png";"E:\OpenCloud\Persönlich (2)\Fotos\Verschiedenes\Bilder aus der Jugend\2014-09-05 12.23.03.png";"504081";"E33EBB18BF624F26910441F57054C3F974E8AB0D0BACB26A88297940C11B230F";"E33EBB18BF624F26910441F57054C3F974E8AB0D0BACB26A88297940C11B230F";"Würde gelöscht werden"
"2026-09-28 23:25:10";"DryRun";"F:\Daten\Älter\Bilder\Bilder aus der Jugend\2014-09-06 21.58.53.jpg";"E:\OpenCloud\Persönlich (2)\Fotos\Verschiedenes\Bilder aus der Jugend\2014-09-06 21.58.53.jpg";"1148306";"584ED5699DF113DC2DAB1AAEB2FF862D14C1B975AE98C6B907E656B291FAF7F5";"584ED5699DF113DC2DAB1AAEB2FF862D14C1B975AE98C6B907E656B291FAF7F5";"Würde gelöscht werden"
"2026-09-28 23:25:10";"DryRun";"F:\Daten\Älter\Bilder\Bilder aus der Jugend\2014-09-06 22.04.44.jpg";"E:\OpenCloud\Persönlich (2)\Fotos\Verschiedenes\Bilder aus der Jugend\2014-09-06 22.04.44.jpg";"643956";"C7FB38A869C84023C5F41357391C4D191E0D88904396FCCBDFB325243EDB64FA";"C7FB38A869C84023C5F41357391C4D191E0D88904396FCCBDFB325243EDB64FA";"Würde gelöscht werden"
"2026-09-28 23:25:10";"DryRun";"F:\Daten\Älter\Bilder\Bilder aus der Jugend\2014-09-06 22.04.49.jpg";"E:\OpenCloud\Persönlich (2)\Fotos\Verschiedenes\Bilder aus der Jugend\2014-09-06 22.04.49.jpg";"523656";"D78CB0E6A516B71651572DC0453BFAACF4DEDCC2B125FE2783D48426C32FD71C";"D78CB0E6A516B71651572DC0453BFAACF4DEDCC2B125FE2783D48426C32FD71C";"Würde gelöscht werden"
"2026-09-28 23:25:10";"DryRun";"F:\Daten\Älter\Bilder\Bilder aus der Jugend\2014-09-07 20.14.38.jpg";"E:\OpenCloud\Persönlich (2)\Fotos\Verschiedenes\Bilder aus der Jugend\2014-09-07 20.14.38.jpg";"1249074";"DD71CFB70ACF2AE2A4B46FE09430ADD8561536230B6665745DD89103B6A0068D";"DD71CFB70ACF2AE2A4B46FE09430ADD8561536230B6665745DD89103B6A0068D";"Würde gelöscht werden"
"2026-09-28 23:25:10";"DryRun";"F:\Daten\Älter\Bilder\Bilder aus der Jugend\2014-09-08 21.46.37.jpg";"E:\OpenCloud\Persönlich (2)\Fotos\Verschiedenes\Bilder aus der Jugend\2014-09-08 21.46.37.jpg";"877729";"7FE4525202DE21EB8B21DA9D7294ABBDA1302B9C10A6CD5F52FEFA3B1F3B38FB";"7FE4525202DE21EB8B21DA9D7294ABBDA1302B9C10A6CD5F52FEFA3B1F3B38FB";"Würde gelöscht werden"
"2026-09-28 23:25:10";"DryRun";"F:\Daten\Älter\Bilder\Bilder aus der Jugend\2014-09-13 16.40.37.jpg";"E:\OpenCloud\Persönlich (2)\Fotos\Verschiedenes\Bilder aus der Jugend\2014-09-13 16.40.37.jpg";"929324";"AA1BD66B753E76702D6E7F56C9BD4DE27AAE91B6A2B2B9EB4F4C8AE3834B0076";"AA1BD66B753E76702D6E7F56C9BD4DE27AAE91B6A2B2B9EB4F4C8AE3834B0076";"Würde gelöscht werden"
"2026-09-28 23:25:10";"DryRun";"F:\Daten\Älter\Bilder\Bilder aus der Jugend\2014-09-14 02.42.21.jpg";"E:\OpenCloud\Persönlich (2)\Fotos\Verschiedenes\Bilder aus der Jugend\2014-09-14 02.42.21.jpg";"970645";"01972687B1D078C1AF5ACDEE26F707CB56C68AD22C22ADDF44FB6CF68F843A13";"01972687B1D078C1AF5ACDEE26F707CB56C68AD22C22ADDF44FB6CF68F843A13";"Würde gelöscht werden"
"2026-09-28 23:25:10";"DryRun";"F:\Daten\Älter\Bilder\Bilder aus der Jugend\2014-09-14 02.42.27.jpg";"E:\OpenCloud\Persönlich (2)\Fotos\Verschiedenes\Bilder aus der Jugend\2014-09-14 02.42.27.jpg";"1097249";"8E39392A8A486B3CA4145B91B30AB82681D3B43FCC518BC18D06E8115347BC79";"8E39392A8A486B3CA4145B91B30AB82681D3B43FCC518BC18D06E8115347BC79";"Würde gelöscht werden"
"2026-09-28 23:25:10";"DryRun";"F:\Daten\Älter\Bilder\Bilder aus der Jugend\2014-09-14 02.42.38.jpg";"E:\OpenCloud\Persönlich (2)\Fotos\Verschiedenes\Bilder aus der Jugend\2014-09-14 02.42.38.jpg";"928127";"8E14BCC3F648BEEBE90F7B3ADDFBED8E3A657180FC568933C46B8010B33BB783";"8E14BCC3F648BEEBE90F7B3ADDFBED8E3A657180FC568933C46B8010B33BB783";"Würde gelöscht werden"
"2026-09-28 23:25:10";"DryRun";"F:\Daten\Älter\Bilder\Bilder aus der Jugend\2014-09-14 02.42.43.jpg";"E:\OpenCloud\Persönlich (2)\Fotos\Verschiedenes\Bilder aus der Jugend\2014-09-14 02.42.43.jpg";"864933";"F2E6A24929E3D3304AC671D1045E589C2CD78554CE675909AB023C377DF3F8BC";"F2E6A24929E3D3304AC671D1045E589C2CD78554CE675909AB023C377DF3F8BC";"Würde gelöscht werden"
"2026-09-28 23:25:10";"DryRun";"F:\Daten\Älter\Bilder\Bilder aus der Jugend\2014-09-14 02.45.40.jpg";"E:\OpenCloud\Persönlich (2)\Fotos\Verschiedenes\Bilder aus der Jugend\2014-09-14 02.45.40.jpg";"1018768";"59BFB385C9F7BA046EF8E195E4B47D1E8103CAFE493FE75529CA4541C9BDAF53";"59BFB385C9F7BA046EF8E195E4B47D1E8103CAFE493FE75529CA4541C9BDAF53";"Würde gelöscht werden"
"2026-09-28 23:25:10";"DryRun";"F:\Daten\Älter\Bilder\Bilder aus der Jugend\2014-09-15 20.53.52.jpg";"E:\OpenCloud\Persönlich (2)\Fotos\Verschiedenes\Bilder aus der Jugend\2014-09-15 20.53.52.jpg";"941047";"9CACB8CFACA93D38B1CBA2A23EDA04584EF6AFC03369DA5F75342B1E18B494B1";"9CACB8CFACA93D38B1CBA2A23EDA04584EF6AFC03369DA5F75342B1E18B494B1";"Würde gelöscht werden"
"2026-09-28 23:25:10";"DryRun";"F:\Daten\Älter\Bilder\Bilder aus der Jugend\2014-09-16 13.46.36.jpg";"E:\OpenCloud\Persönlich (2)\Fotos\Verschiedenes\Bilder aus der Jugend\2014-09-16 13.46.36.jpg";"920305";"1E760F2A4E57B2E5780F3B68E756EDC8204F39A7D9073BD0748D0B0FB29D537A";"1E760F2A4E57B2E5780F3B68E756EDC8204F39A7D9073BD0748D0B0FB29D537A";"Würde gelöscht werden"
"2026-09-28 23:25:10";"DryRun";"F:\Daten\Älter\Bilder\Bilder aus der Jugend\2014-09-16 19.54.09.jpg";"E:\OpenCloud\Persönlich (2)\Fotos\Verschiedenes\Bilder aus der Jugend\2014-09-16 19.54.09.jpg";"929630";"D46B556ECBBA25865FD661202F68369C17949C9A1130ED217C81B23AE8129AE5";"D46B556ECBBA25865FD661202F68369C17949C9A1130ED217C81B23AE8129AE5";"Würde gelöscht werden"
"2026-09-28 23:25:10";"DryRun";"F:\Daten\Älter\Bilder\Bilder aus der Jugend\2014-09-17 10.29.19.jpg";"E:\OpenCloud\Persönlich (2)\Fotos\Verschiedenes\Bilder aus der Jugend\2014-09-17 10.29.19.jpg";"1155162";"C48F566AF7950F37E6990EE6B31F5438428DF92B34FD5AF93995822399D179BA";"C48F566AF7950F37E6990EE6B31F5438428DF92B34FD5AF93995822399D179BA";"Würde gelöscht werden"
"2026-09-28 23:25:10";"DryRun";"F:\Daten\Älter\Bilder\Bilder aus der Jugend\2014-09-19 13.43.12.jpg";"E:\OpenCloud\Persönlich (2)\Fotos\Verschiedenes\Bilder aus der Jugend\2014-09-19 13.43.12.jpg";"1127620";"59D435F1071D5DA4C2E6496D9D2D1903CC3844ED5FEAD3A9B642569499E489D0";"59D435F1071D5DA4C2E6496D9D2D1903CC3844ED5FEAD3A9B642569499E489D0";"Würde gelöscht werden"
"2026-09-28 23:25:10";"DryRun";"F:\Daten\Älter\Bilder\Bilder aus der Jugend\2014-09-19 17.04.28.jpeg";"E:\OpenCloud\Persönlich (2)\Fotos\Verschiedenes\Bilder aus der Jugend\2014-09-19 17.04.28.jpeg";"100684";"A85F0769EE03ECDB758081FE5FBB3628DB4102D46B7703867FBF2176E2BCDE78";"A85F0769EE03ECDB758081FE5FBB3628DB4102D46B7703867FBF2176E2BCDE78";"Würde gelöscht werden"
"2026-09-28 23:25:11";"DryRun";"F:\Daten\Älter\Bilder\Bilder aus der Jugend\2014-09-19 17.04.34.jpeg";"E:\OpenCloud\Persönlich (2)\Fotos\Verschiedenes\Bilder aus der Jugend\2014-09-19 17.04.34.jpeg";"236761";"25274EDFAEAB690251FC07D5AA44817CEEAEAA7DD3F00A3D481D1AFC519B4257";"25274EDFAEAB690251FC07D5AA44817CEEAEAA7DD3F00A3D481D1AFC519B4257";"Würde gelöscht werden"
"2026-09-28 23:25:11";"DryRun";"F:\Daten\Älter\Bilder\Bilder aus der Jugend\2014-09-19 17.04.42.jpeg";"E:\OpenCloud\Persönlich (2)\Fotos\Verschiedenes\Bilder aus der Jugend\2014-09-19 17.04.42.jpeg";"149828";"48ECC087E6F7AFEDC0060821CFFA5E5BD4A2EDC858FF414EC828053B1F099179";"48ECC087E6F7AFEDC0060821CFFA5E5BD4A2EDC858FF414EC828053B1F099179";"Würde gelöscht werden"
"2026-09-28 23:25:11";"DryRun";"F:\Daten\Älter\Bilder\Bilder aus der Jugend\2014-09-19 17.06.50.jpeg";"E:\OpenCloud\Persönlich (2)\Fotos\Verschiedenes\Bilder aus der Jugend\2014-09-19 17.06.50.jpeg";"235097";"A3242A24CD188076460BDE146CB94BE89A360DFDEBE898C311117547DCAA0689";"A3242A24CD188076460BDE146CB94BE89A360DFDEBE898C311117547DCAA0689";"Würde gelöscht werden"
"2026-09-28 23:25:11";"DryRun";"F:\Daten\Älter\Bilder\Bilder aus der Jugend\2014-09-19 17.07.05.jpeg";"E:\OpenCloud\Persönlich (2)\Fotos\Verschiedenes\Bilder aus der Jugend\2014-09-19 17.07.05.jpeg";"123977";"018BDE2B20DAA64740516D26F56B49389D2E1F2CAD90FCD36BB4C6851094E5C2";"018BDE2B20DAA64740516D26F56B49389D2E1F2CAD90FCD36BB4C6851094E5C2";"Würde gelöscht werden"
"2026-09-28 23:25:11";"DryRun";"F:\Daten\Älter\Bilder\Bilder aus der Jugend\2014-09-19 23.02.44.jpg";"E:\OpenCloud\Persönlich (2)\Fotos\Verschiedenes\Bilder aus der Jugend\2014-09-19 23.02.44.jpg";"806622";"AC1BB3A270F1E9549E108EB2081DA914DFAAD4DA8C799B9C21B11063C35BE5B9";"AC1BB3A270F1E9549E108EB2081DA914DFAAD4DA8C799B9C21B11063C35BE5B9";"Würde gelöscht werden"
"2026-09-28 23:25:11";"DryRun";"F:\Daten\Älter\Bilder\Bilder aus der Jugend\2014-09-19 23.03.11.jpg";"E:\OpenCloud\Persönlich (2)\Fotos\Verschiedenes\Bilder aus der Jugend\2014-09-19 23.03.11.jpg";"621898";"E481035B8C65CB2687ECF76D8426814A22E48D055AB1FB70983DCC0A8A52F793";"E481035B8C65CB2687ECF76D8426814A22E48D055AB1FB70983DCC0A8A52F793";"Würde gelöscht werden"
"2026-09-28 23:25:11";"DryRun";"F:\Daten\Älter\Bilder\Bilder aus der Jugend\2014-09-20 18.10.54.jpg";"E:\OpenCloud\Persönlich (2)\Fotos\Verschiedenes\Bilder aus der Jugend\2014-09-20 18.10.54.jpg";"491779";"BCA76A387E040FF3251831BAF8AC2917A2557FE461AAF1935346F368C2300320";"BCA76A387E040FF3251831BAF8AC2917A2557FE461AAF1935346F368C2300320";"Würde gelöscht werden"
"2026-09-28 23:25:11";"DryRun";"F:\Daten\Älter\Bilder\Bilder aus der Jugend\2014-09-22 13.13.33.jpeg";"E:\OpenCloud\Persönlich (2)\Fotos\Verschiedenes\Bilder aus der Jugend\2014-09-22 13.13.33.jpeg";"27071";"EFA1F69A3BD5FC483FA1ADB3E65338D35BE985981A5D2637BE9AA744197BD19A";"EFA1F69A3BD5FC483FA1ADB3E65338D35BE985981A5D2637BE9AA744197BD19A";"Würde gelöscht werden"
"2026-09-28 23:25:11";"DryRun";"F:\Daten\Älter\Bilder\Bilder aus der Jugend\2014-09-24 20.35.52.jpg";"E:\OpenCloud\Persönlich (2)\Fotos\Verschiedenes\Bilder aus der Jugend\2014-09-24 20.35.52.jpg";"1056645";"50979FD1413F49FDB0DFCA6588ADB16BFDA6FBDB961BB3A93F63784E71E5E3A3";"50979FD1413F49FDB0DFCA6588ADB16BFDA6FBDB961BB3A93F63784E71E5E3A3";"Würde gelöscht werden"
"2026-09-28 23:25:11";"DryRun";"F:\Daten\Älter\Bilder\Bilder aus der Jugend\2014-09-26 12.28.35.jpg";"E:\OpenCloud\Persönlich (2)\Fotos\Verschiedenes\Bilder aus der Jugend\2014-09-26 12.28.35.jpg";"875729";"CCEC3C7DC32D735F9945B4C8AA68B6E789ABB85483C3BD892003E37D8A751183";"CCEC3C7DC32D735F9945B4C8AA68B6E789ABB85483C3BD892003E37D8A751183";"Würde gelöscht werden"
"2026-09-28 23:25:11";"DryRun";"F:\Daten\Älter\Bilder\Bilder aus der Jugend\2014-09-28 17.08.38.jpg";"E:\OpenCloud\Persönlich (2)\Fotos\Verschiedenes\Bilder aus der Jugend\2014-09-28 17.08.38.jpg";"614176";"C8DEEFB0954CBB745C723F326A896B3E448799F35A8180F8EE395CCCDE7049B6";"C8DEEFB0954CBB745C723F326A896B3E448799F35A8180F8EE395CCCDE7049B6";"Würde gelöscht werden"
"2026-09-28 23:25:11";"DryRun";"F:\Daten\Älter\Bilder\Bilder aus der Jugend\2014-09-29 05.22.02.jpeg";"E:\OpenCloud\Persönlich (2)\Fotos\Verschiedenes\Bilder aus der Jugend\2014-09-29 05.22.02.jpeg";"65681";"183A96F05C91592435BC9DDC97BC2151D3FB87028943EACB6D82C717CBC5F794";"183A96F05C91592435BC9DDC97BC2151D3FB87028943EACB6D82C717CBC5F794";"Würde gelöscht werden"
"2026-09-28 23:25:11";"DryRun";"F:\Daten\Älter\Bilder\Bilder aus der Jugend\2014-09-30 19.36.27.jpeg";"E:\OpenCloud\Persönlich (2)\Fotos\Verschiedenes\Bilder aus der Jugend\2014-09-30 19.36.27.jpeg";"36053";"C9B5A3CCF3B77C4EE8C92C1C6E2EC88B26CDB41C73ACE32DF2384184439DFE8A";"C9B5A3CCF3B77C4EE8C92C1C6E2EC88B26CDB41C73ACE32DF2384184439DFE8A";"Würde gelöscht werden"
"2026-09-28 23:25:11";"DryRun";"F:\Daten\Älter\Bilder\Bilder aus der Jugend\2014-10-02 22.12.14.jpeg";"E:\OpenCloud\Persönlich (2)\Fotos\Verschiedenes\Bilder aus der Jugend\2014-10-02 22.12.14.jpeg";"46122";"6FBC91C1AA717A18C72ADE204CC7A56DA88A3AA36A0464E32968A416D8AC2744";"6FBC91C1AA717A18C72ADE204CC7A56DA88A3AA36A0464E32968A416D8AC2744";"Würde gelöscht werden"
"2026-09-28 23:25:11";"DryRun";"F:\Daten\Älter\Bilder\Bilder aus der Jugend\2014-10-03 21.55.33.jpg";"E:\OpenCloud\Persönlich (2)\Fotos\Verschiedenes\Bilder aus der Jugend\2014-10-03 21.55.33.jpg";"1017495";"2A4F52945F6B1842A8EC9DD68831801CD422934A684D352471B147EDDFEF1D63";"2A4F52945F6B1842A8EC9DD68831801CD422934A684D352471B147EDDFEF1D63";"Würde gelöscht werden"
"2026-09-28 23:25:11";"DryRun";"F:\Daten\Älter\Bilder\Bilder aus der Jugend\2014-10-05 17.31.42.jpg";"E:\OpenCloud\Persönlich (2)\Fotos\Verschiedenes\Bilder aus der Jugend\2014-10-05 17.31.42.jpg";"627641";"7061E3F8FF7CDAB916BE5C05D0D54EC25717C2B76A1DE7F8BDD97741A7949C0E";"7061E3F8FF7CDAB916BE5C05D0D54EC25717C2B76A1DE7F8BDD97741A7949C0E";"Würde gelöscht werden"
"2026-09-28 23:25:11";"DryRun";"F:\Daten\Älter\Bilder\Bilder aus der Jugend\2014-10-05 19.49.05.jpg";"E:\OpenCloud\Persönlich (2)\Fotos\Verschiedenes\Bilder aus der Jugend\2014-10-05 19.49.05.jpg";"965103";"5FF9C7C092EF304F7A130C2DCBA3DF908A194325E91C1FA5DF4D547AFE76329B";"5FF9C7C092EF304F7A130C2DCBA3DF908A194325E91C1FA5DF4D547AFE76329B";"Würde gelöscht werden"
"2026-09-28 23:25:11";"DryRun";"F:\Daten\Älter\Bilder\Bilder aus der Jugend\2014-10-05 19.49.17.jpg";"E:\OpenCloud\Persönlich (2)\Fotos\Verschiedenes\Bilder aus der Jugend\2014-10-05 19.49.17.jpg";"913253";"333E5D934DC4B257A1E1358DF989A820215B1CF7FD1E404C747BAF5475A85CC0";"333E5D934DC4B257A1E1358DF989A820215B1CF7FD1E404C747BAF5475A85CC0";"Würde gelöscht werden"
"2026-09-28 23:25:11";"DryRun";"F:\Daten\Älter\Bilder\Bilder aus der Jugend\2014-10-05 20.02.36.jpg";"E:\OpenCloud\Persönlich (2)\Fotos\Verschiedenes\Bilder aus der Jugend\2014-10-05 20.02.36.jpg";"478017";"17E42BA7B413A10F054CEC49021F81F98CB312725464A6169B8101AE61DCE938";"17E42BA7B413A10F054CEC49021F81F98CB312725464A6169B8101AE61DCE938";"Würde gelöscht werden"
"2026-09-28 23:25:11";"DryRun";"F:\Daten\Älter\Bilder\Bilder aus der Jugend\2014-10-05 20.02.55.jpg";"E:\OpenCloud\Persönlich (2)\Fotos\Verschiedenes\Bilder aus der Jugend\2014-10-05 20.02.55.jpg";"504219";"4D4F7FB63E8EDC15AEE6FE0DFAB84721A9AEB79A7AD2807C07DD44905865EEA9";"4D4F7FB63E8EDC15AEE6FE0DFAB84721A9AEB79A7AD2807C07DD44905865EEA9";"Würde gelöscht werden"
"2026-09-28 23:25:11";"DryRun";"F:\Daten\Älter\Bilder\Bilder aus der Jugend\2014-10-07 12.31.20.jpg";"E:\OpenCloud\Persönlich (2)\Fotos\Verschiedenes\Bilder aus der Jugend\2014-10-07 12.31.20.jpg";"878475";"13C3C8737FD9674DF3E1732C5A514CC1DADA02433017BC788C26A3FC659BE1B5";"13C3C8737FD9674DF3E1732C5A514CC1DADA02433017BC788C26A3FC659BE1B5";"Würde gelöscht werden"
"2026-09-28 23:25:11";"DryRun";"F:\Daten\Älter\Bilder\Bilder aus der Jugend\2014-10-07 15.11.19.jpg";"E:\OpenCloud\Persönlich (2)\Fotos\Verschiedenes\Bilder aus der Jugend\2014-10-07 15.11.19.jpg";"716858";"B618CE352863E179668356A63E3B69B0D90C0B7E0823EB4723F79D400013F9FF";"B618CE352863E179668356A63E3B69B0D90C0B7E0823EB4723F79D400013F9FF";"Würde gelöscht werden"
"2026-09-28 23:25:11";"DryRun";"F:\Daten\Älter\Bilder\Bilder aus der Jugend\2014-10-08 08.32.30.jpg";"E:\OpenCloud\Persönlich (2)\Fotos\Verschiedenes\Bilder aus der Jugend\2014-10-08 08.32.30.jpg";"801831";"2AC9F5AD66A9F55893E0346B845AA24D3EA20E920DC9AADD550AF8E748F75F47";"2AC9F5AD66A9F55893E0346B845AA24D3EA20E920DC9AADD550AF8E748F75F47";"Würde gelöscht werden"
"2026-09-28 23:25:11";"DryRun";"F:\Daten\Älter\Bilder\Bilder aus der Jugend\2014-10-08 08.32.43.jpg";"E:\OpenCloud\Persönlich (2)\Fotos\Verschiedenes\Bilder aus der Jugend\2014-10-08 08.32.43.jpg";"725844";"2AA2CE31C5B8E5F08BDE75E0DC8257217350B9447B8A0BA2161BC8CB39CDB415";"2AA2CE31C5B8E5F08BDE75E0DC8257217350B9447B8A0BA2161BC8CB39CDB415";"Würde gelöscht werden"
"2026-09-28 23:25:12";"DryRun";"F:\Daten\Älter\Bilder\Bilder aus der Jugend\2014-10-08 08.35.17.jpg";"E:\OpenCloud\Persönlich (2)\Fotos\Verschiedenes\Bilder aus der Jugend\2014-10-08 08.35.17.jpg";"581235";"9775937324149FA499AA128C26DD342F63590574390F53EB6C9E71E819496CF5";"9775937324149FA499AA128C26DD342F63590574390F53EB6C9E71E819496CF5";"Würde gelöscht werden"
"2026-09-28 23:25:12";"DryRun";"F:\Daten\Älter\Bilder\Bilder aus der Jugend\2014-10-08 08.36.04.jpg";"E:\OpenCloud\Persönlich (2)\Fotos\Verschiedenes\Bilder aus der Jugend\2014-10-08 08.36.04.jpg";"799630";"6801C38ABE633FDC2F2067D0CC50EEE25D7B91B59BD623DA1C332D70D85498B4";"6801C38ABE633FDC2F2067D0CC50EEE25D7B91B59BD623DA1C332D70D85498B4";"Würde gelöscht werden"
"2026-09-28 23:25:12";"DryRun";"F:\Daten\Älter\Bilder\Bilder aus der Jugend\2014-10-13 14.09.55.png";"E:\OpenCloud\Persönlich (2)\Fotos\Verschiedenes\Bilder aus der Jugend\2014-10-13 14.09.55.png";"1430196";"309BAB3A26D623E315A37F53CA34840966E0CBE510EEEC9BAF95155621E68150";"309BAB3A26D623E315A37F53CA34840966E0CBE510EEEC9BAF95155621E68150";"Würde gelöscht werden"
"2026-09-28 23:25:12";"DryRun";"F:\Daten\Älter\Bilder\Bilder aus der Jugend\2014-10-16 12.13.36.jpeg";"E:\OpenCloud\Persönlich (2)\Fotos\Verschiedenes\Bilder aus der Jugend\2014-10-16 12.13.36.jpeg";"205961";"1B66CD82D029A5F0C3B7F72994241AAF2B28EA07606160EB5DAEC59EE36D574F";"1B66CD82D029A5F0C3B7F72994241AAF2B28EA07606160EB5DAEC59EE36D574F";"Würde gelöscht werden"
"2026-09-28 23:25:12";"DryRun";"F:\Daten\Älter\Bilder\Bilder aus der Jugend\2014-10-16 13.04.55.jpg";"E:\OpenCloud\Persönlich (2)\Fotos\Verschiedenes\Bilder aus der Jugend\2014-10-16 13.04.55.jpg";"1300515";"F028440A09F0C089BF67AC49AE45BB8F158635A0606A099F35A2BDB0C9BFB3B7";"F028440A09F0C089BF67AC49AE45BB8F158635A0606A099F35A2BDB0C9BFB3B7";"Würde gelöscht werden"
"2026-09-28 23:25:12";"DryRun";"F:\Daten\Älter\Bilder\Bilder aus der Jugend\2014-10-17 11.57.22.jpg";"E:\OpenCloud\Persönlich (2)\Fotos\Verschiedenes\Bilder aus der Jugend\2014-10-17 11.57.22.jpg";"1062801";"55E72D2C4C74345B894AB28119521B339C45BAA323999DFDC29ED9148AAFCFFB";"55E72D2C4C74345B894AB28119521B339C45BAA323999DFDC29ED9148AAFCFFB";"Würde gelöscht werden"
"2026-09-28 23:25:12";"DryRun";"F:\Daten\Älter\Bilder\Bilder aus der Jugend\2014-10-17 18.59.19.jpg";"E:\OpenCloud\Persönlich (2)\Fotos\Verschiedenes\Bilder aus der Jugend\2014-10-17 18.59.19.jpg";"859108";"14F08AA1FC512F91D96271E3D400C48DD155CC9C2053CDB653A31053C3A6C9F5";"14F08AA1FC512F91D96271E3D400C48DD155CC9C2053CDB653A31053C3A6C9F5";"Würde gelöscht werden"
"2026-09-28 23:25:12";"DryRun";"F:\Daten\Älter\Bilder\Bilder aus der Jugend\2014-10-17 18.59.24.jpg";"E:\OpenCloud\Persönlich (2)\Fotos\Verschiedenes\Bilder aus der Jugend\2014-10-17 18.59.24.jpg";"864308";"87FD174403F0C99FAA2E9CB312A2114AF4FEA32AD4E33E497B20B69D95539E02";"87FD174403F0C99FAA2E9CB312A2114AF4FEA32AD4E33E497B20B69D95539E02";"Würde gelöscht werden"
"2026-09-28 23:25:12";"DryRun";"F:\Daten\Älter\Bilder\Bilder aus der Jugend\2014-10-20 14.32.08.jpg";"E:\OpenCloud\Persönlich (2)\Fotos\Verschiedenes\Bilder aus der Jugend\2014-10-20 14.32.08.jpg";"1450185";"50739B95D75C65BC3B662BDB7D01D59ADB97BD409D369AFED130E4A7A6ADD2EC";"50739B95D75C65BC3B662BDB7D01D59ADB97BD409D369AFED130E4A7A6ADD2EC";"Würde gelöscht werden"
"2026-09-28 23:25:12";"DryRun";"F:\Daten\Älter\Bilder\Bilder aus der Jugend\2014-10-20 14.32.14.jpg";"E:\OpenCloud\Persönlich (2)\Fotos\Verschiedenes\Bilder aus der Jugend\2014-10-20 14.32.14.jpg";"1589059";"EE7CC28EC11BC231045C6BA58754F8FE256744250B54F8E91C0B933C1D7D611C";"EE7CC28EC11BC231045C6BA58754F8FE256744250B54F8E91C0B933C1D7D611C";"Würde gelöscht werden"
"2026-09-28 23:25:12";"DryRun";"F:\Daten\Älter\Bilder\Bilder aus der Jugend\2014-10-21 15.08.44.jpg";"E:\OpenCloud\Persönlich (2)\Fotos\Verschiedenes\Bilder aus der Jugend\2014-10-21 15.08.44.jpg";"819191";"3EF0A087023B1D5621C4369FEAAC157AFA57960B557D57734121EC581D8BB0ED";"3EF0A087023B1D5621C4369FEAAC157AFA57960B557D57734121EC581D8BB0ED";"Würde gelöscht werden"
"2026-09-28 23:25:12";"DryRun";"F:\Daten\Älter\Bilder\Bilder aus der Jugend\2014-10-21 15.09.52.jpg";"E:\OpenCloud\Persönlich (2)\Fotos\Verschiedenes\Bilder aus der Jugend\2014-10-21 15.09.52.jpg";"863088";"6083C01692AC84F72C44C95902F6627E48FFD32BD0D1A3695D896A722EE17AF3";"6083C01692AC84F72C44C95902F6627E48FFD32BD0D1A3695D896A722EE17AF3";"Würde gelöscht werden"
"2026-09-28 23:25:12";"DryRun";"F:\Daten\Älter\Bilder\Bilder aus der Jugend\2014-10-21 16.19.03.jpg";"E:\OpenCloud\Persönlich (2)\Fotos\Verschiedenes\Bilder aus der Jugend\2014-10-21 16.19.03.jpg";"1634189";"ECFFF1E0594B1E8AFC44451539CFFF18E1E9136FA688140DC9A78FF4FE180912";"ECFFF1E0594B1E8AFC44451539CFFF18E1E9136FA688140DC9A78FF4FE180912";"Würde gelöscht werden"
"2026-09-28 23:25:12";"DryRun";"F:\Daten\Älter\Bilder\Bilder aus der Jugend\2014-10-21 19.08.42.jpg";"E:\OpenCloud\Persönlich (2)\Fotos\Verschiedenes\Bilder aus der Jugend\2014-10-21 19.08.42.jpg";"440344";"9BDE9606E71520B2364A7214035F19D362980C01B5EF1FE9DB248548B05EE12E";"9BDE9606E71520B2364A7214035F19D362980C01B5EF1FE9DB248548B05EE12E";"Würde gelöscht werden"
"2026-09-28 23:25:12";"DryRun";"F:\Daten\Älter\Bilder\Bilder aus der Jugend\2014-10-22 18.57.37.png";"E:\OpenCloud\Persönlich (2)\Fotos\Verschiedenes\Bilder aus der Jugend\2014-10-22 18.57.37.png";"1223081";"C71D4EE0C0DF1DDE1664EDBF4B5F82B822F1838EFAD2A02EFE7900778E79097D";"C71D4EE0C0DF1DDE1664EDBF4B5F82B822F1838EFAD2A02EFE7900778E79097D";"Würde gelöscht werden"
"2026-09-28 23:25:12";"DryRun";"F:\Daten\Älter\Bilder\Bilder aus der Jugend\2014-11-24 13.29.14.jpg";"E:\OpenCloud\Persönlich (2)\Fotos\Verschiedenes\Bilder aus der Jugend\2014-11-24 13.29.14.jpg";"888470";"363D7AE3595D1BDF0ECD5710DA5C27D0F01EC941A65AE7F75E87E76D6DC59FDE";"363D7AE3595D1BDF0ECD5710DA5C27D0F01EC941A65AE7F75E87E76D6DC59FDE";"Würde gelöscht werden"
"2026-09-28 23:25:12";"DryRun";"F:\Daten\Älter\Bilder\Bilder aus der Jugend\2014-11-25 17.33.14.jpg";"E:\OpenCloud\Persönlich (2)\Fotos\Verschiedenes\Bilder aus der Jugend\2014-11-25 17.33.14.jpg";"1056556";"027DA0DA7002C5F4A16069D15C5DD06C176BEC871EC1C0D7CA453FFCE389CF6D";"027DA0DA7002C5F4A16069D15C5DD06C176BEC871EC1C0D7CA453FFCE389CF6D";"Würde gelöscht werden"
"2026-09-28 23:25:13";"DryRun";"F:\Daten\Älter\Bilder\Bilder aus der Jugend\2014-11-25 17.33.30.jpg";"E:\OpenCloud\Persönlich (2)\Fotos\Verschiedenes\Bilder aus der Jugend\2014-11-25 17.33.30.jpg";"1169330";"31FECD63DC20C59A773EC4D6A87B37040CABC7C4AEC962AF05E88017ED4767FD";"31FECD63DC20C59A773EC4D6A87B37040CABC7C4AEC962AF05E88017ED4767FD";"Würde gelöscht werden"
"2026-09-28 23:25:13";"DryRun";"F:\Daten\Älter\Bilder\Bilder aus der Jugend\2014-11-25 17.57.06.jpg";"E:\OpenCloud\Persönlich (2)\Fotos\Verschiedenes\Bilder aus der Jugend\2014-11-25 17.57.06.jpg";"1276056";"7B0FF0FBCBB5953B7E5A90F2FCC7A7800FC44DBEA051831BFBB1EC938AFF7A17";"7B0FF0FBCBB5953B7E5A90F2FCC7A7800FC44DBEA051831BFBB1EC938AFF7A17";"Würde gelöscht werden"
"2026-09-28 23:25:13";"DryRun";"F:\Daten\Älter\Bilder\Bilder aus der Jugend\2014-11-25 17.59.10.jpg";"E:\OpenCloud\Persönlich (2)\Fotos\Verschiedenes\Bilder aus der Jugend\2014-11-25 17.59.10.jpg";"864068";"157073156D7D0F8A482CDC488E55EFF377489BDC160F771FB7B922E6A7DCB7EF";"157073156D7D0F8A482CDC488E55EFF377489BDC160F771FB7B922E6A7DCB7EF";"Würde gelöscht werden"
"2026-09-28 23:25:13";"DryRun";"F:\Daten\Älter\Bilder\Bilder aus der Jugend\2014-11-25 18.10.03.jpg";"E:\OpenCloud\Persönlich (2)\Fotos\Verschiedenes\Bilder aus der Jugend\2014-11-25 18.10.03.jpg";"1005349";"AD767D86BA223112E9180E7667CBE2A798D786A0D0ED189FD3EF0E6B5FCA19D9";"AD767D86BA223112E9180E7667CBE2A798D786A0D0ED189FD3EF0E6B5FCA19D9";"Würde gelöscht werden"
"2026-09-28 23:25:13";"DryRun";"F:\Daten\Älter\Bilder\Bilder aus der Jugend\2014-11-26 10.53.28.jpg";"E:\OpenCloud\Persönlich (2)\Fotos\Verschiedenes\Bilder aus der Jugend\2014-11-26 10.53.28.jpg";"1283999";"4C24F4B7170A2E1A369EE6906C740470173625EA42670DC422284EC63DD61F3C";"4C24F4B7170A2E1A369EE6906C740470173625EA42670DC422284EC63DD61F3C";"Würde gelöscht werden"
"2026-09-28 23:25:13";"DryRun";"F:\Daten\Älter\Bilder\Bilder aus der Jugend\2014-11-26 11.32.24.jpg";"E:\OpenCloud\Persönlich (2)\Fotos\Verschiedenes\Bilder aus der Jugend\2014-11-26 11.32.24.jpg";"760136";"CAE91FD1C568CB7688BABE5C57458817AF305361D71115DAB69327B2BB9ED209";"CAE91FD1C568CB7688BABE5C57458817AF305361D71115DAB69327B2BB9ED209";"Würde gelöscht werden"
"2026-09-28 23:25:13";"DryRun";"F:\Daten\Älter\Bilder\Bilder aus der Jugend\2014-11-26 11.32.30.jpg";"E:\OpenCloud\Persönlich (2)\Fotos\Verschiedenes\Bilder aus der Jugend\2014-11-26 11.32.30.jpg";"689843";"8A878D9466033FB444CBC6E53AECBA915FD218F55377E86ED923EEBF7CC9BC47";"8A878D9466033FB444CBC6E53AECBA915FD218F55377E86ED923EEBF7CC9BC47";"Würde gelöscht werden"
"2026-09-28 23:25:13";"DryRun";"F:\Daten\Älter\Bilder\Bilder aus der Jugend\2014-11-26 11.32.42.jpg";"E:\OpenCloud\Persönlich (2)\Fotos\Verschiedenes\Bilder aus der Jugend\2014-11-26 11.32.42.jpg";"786200";"583A3A1362F61B9C5F07452ED8F80248C7565658E1561377F7DCA39DCA3B6E4B";"583A3A1362F61B9C5F07452ED8F80248C7565658E1561377F7DCA39DCA3B6E4B";"Würde gelöscht werden"
"2026-09-28 23:25:13";"DryRun";"F:\Daten\Älter\Bilder\Bilder aus der Jugend\2014-11-26 11.41.59.jpg";"E:\OpenCloud\Persönlich (2)\Fotos\Verschiedenes\Bilder aus der Jugend\2014-11-26 11.41.59.jpg";"1232328";"27D5492F4AD4CBCEE9604873475905BC5D6FE58F6C3493A4858402A7BDC58758";"27D5492F4AD4CBCEE9604873475905BC5D6FE58F6C3493A4858402A7BDC58758";"Würde gelöscht werden"
"2026-09-28 23:25:13";"DryRun";"F:\Daten\Älter\Bilder\Bilder aus der Jugend\2014-11-26 12.23.17.jpg";"E:\OpenCloud\Persönlich (2)\Fotos\Verschiedenes\Bilder aus der Jugend\2014-11-26 12.23.17.jpg";"923573";"975B3C9E772CDE0D65F52BFEDE37BC99A5364B534E9CABA81E0B1C4BC1E75990";"975B3C9E772CDE0D65F52BFEDE37BC99A5364B534E9CABA81E0B1C4BC1E75990";"Würde gelöscht werden"
"2026-09-28 23:25:13";"DryRun";"F:\Daten\Älter\Bilder\Bilder aus der Jugend\2014-11-27 07.15.26.jpg";"E:\OpenCloud\Persönlich (2)\Fotos\Verschiedenes\Bilder aus der Jugend\2014-11-27 07.15.26.jpg";"917041";"ED0F4170E1D4F8709A42C38C7E659C3797BA8EE80B36B5AAB27E2D21CFEC6492";"ED0F4170E1D4F8709A42C38C7E659C3797BA8EE80B36B5AAB27E2D21CFEC6492";"Würde gelöscht werden"
"2026-09-28 23:25:13";"DryRun";"F:\Daten\Älter\Bilder\Bilder aus der Jugend\2014-12-03 17.53.42.jpg";"E:\OpenCloud\Persönlich (2)\Fotos\Verschiedenes\Bilder aus der Jugend\2014-12-03 17.53.42.jpg";"915828";"58649A782D4B2DFEC0F7ED2FA81EE2BE7B5406367CA6B83AF3A34384832FDA0C";"58649A782D4B2DFEC0F7ED2FA81EE2BE7B5406367CA6B83AF3A34384832FDA0C";"Würde gelöscht werden"
"2026-09-28 23:25:13";"DryRun";"F:\Daten\Älter\Bilder\Bilder aus der Jugend\2014-12-10 21.28.43.jpg";"E:\OpenCloud\Persönlich (2)\Fotos\Verschiedenes\Bilder aus der Jugend\2014-12-10 21.28.43.jpg";"595476";"1531AA7906F65BE55C37C3039B331936C0E7D637203D6278CACAE6D3AE319768";"1531AA7906F65BE55C37C3039B331936C0E7D637203D6278CACAE6D3AE319768";"Würde gelöscht werden"
"2026-09-28 23:25:13";"DryRun";"F:\Daten\Älter\Bilder\Bilder aus der Jugend\2014-12-10 21.29.40.jpg";"E:\OpenCloud\Persönlich (2)\Fotos\Verschiedenes\Bilder aus der Jugend\2014-12-10 21.29.40.jpg";"598241";"FD76929D949DC6FA51F20308AD02C92437264A1B100B05E3FEA1183607F076C9";"FD76929D949DC6FA51F20308AD02C92437264A1B100B05E3FEA1183607F076C9";"Würde gelöscht werden"
"2026-09-28 23:25:13";"DryRun";"F:\Daten\Älter\Bilder\Bilder aus der Jugend\2014-12-10 21.31.29.jpg";"E:\OpenCloud\Persönlich (2)\Fotos\Verschiedenes\Bilder aus der Jugend\2014-12-10 21.31.29.jpg";"594785";"3E5F289EAE35E792C619E63E22047832C45EE3DD4B286EF74BFC6907C322835F";"3E5F289EAE35E792C619E63E22047832C45EE3DD4B286EF74BFC6907C322835F";"Würde gelöscht werden"
"2026-09-28 23:25:13";"DryRun";"F:\Daten\Älter\Bilder\Bilder aus der Jugend\2014-12-10 21.34.55.jpg";"E:\OpenCloud\Persönlich (2)\Fotos\Verschiedenes\Bilder aus der Jugend\2014-12-10 21.34.55.jpg";"414547";"92323E0A6C53D09B2D9DA0AD470D2AADD0CD10A396AAD5DC47ED2CB6E6FF6EC2";"92323E0A6C53D09B2D9DA0AD470D2AADD0CD10A396AAD5DC47ED2CB6E6FF6EC2";"Würde gelöscht werden"
"2026-09-28 23:25:13";"DryRun";"F:\Daten\Älter\Bilder\Bilder aus der Jugend\2014-12-10 21.35.44.jpg";"E:\OpenCloud\Persönlich (2)\Fotos\Verschiedenes\Bilder aus der Jugend\2014-12-10 21.35.44.jpg";"575452";"AF90167D15AB8086147B7ACFB747BD84B5FB5D3873098D501EEB183E34172D5B";"AF90167D15AB8086147B7ACFB747BD84B5FB5D3873098D501EEB183E34172D5B";"Würde gelöscht werden"
"2026-09-28 23:25:13";"DryRun";"F:\Daten\Älter\Bilder\Bilder aus der Jugend\2014-12-10 21.36.15.jpg";"E:\OpenCloud\Persönlich (2)\Fotos\Verschiedenes\Bilder aus der Jugend\2014-12-10 21.36.15.jpg";"576425";"DFA1585ABD0C4B7E1AFBB57A11483060C5915C2632C2C644316C6811CA9987F7";"DFA1585ABD0C4B7E1AFBB57A11483060C5915C2632C2C644316C6811CA9987F7";"Würde gelöscht werden"
"2026-09-28 23:25:13";"DryRun";"F:\Daten\Älter\Bilder\Bilder aus der Jugend\2014-12-10 21.37.07.jpg";"E:\OpenCloud\Persönlich (2)\Fotos\Verschiedenes\Bilder aus der Jugend\2014-12-10 21.37.07.jpg";"577909";"797A26B8E557D179814A83CFAF3ED43BE3574F9583EB757837BDCD5A02090847";"797A26B8E557D179814A83CFAF3ED43BE3574F9583EB757837BDCD5A02090847";"Würde gelöscht werden"
"2026-09-28 23:25:13";"DryRun";"F:\Daten\Älter\Bilder\Bilder aus der Jugend\2014-12-10 21.37.22.jpg";"E:\OpenCloud\Persönlich (2)\Fotos\Verschiedenes\Bilder aus der Jugend\2014-12-10 21.37.22.jpg";"565935";"D83D06C288761B3CD49378F26BC90A4689C0B1D571D6C7AA620BE2CF795BD9A9";"D83D06C288761B3CD49378F26BC90A4689C0B1D571D6C7AA620BE2CF795BD9A9";"Würde gelöscht werden"
"2026-09-28 23:25:13";"DryRun";"F:\Daten\Älter\Bilder\Bilder aus der Jugend\2014-12-10 21.38.28.jpg";"E:\OpenCloud\Persönlich (2)\Fotos\Verschiedenes\Bilder aus der Jugend\2014-12-10 21.38.28.jpg";"570449";"00DE2A7CD1A63764180C5B33FFE11B6E05828182C1C8BE2F2B9731A594E02960";"00DE2A7CD1A63764180C5B33FFE11B6E05828182C1C8BE2F2B9731A594E02960";"Würde gelöscht werden"
"2026-09-28 23:25:13";"DryRun";"F:\Daten\Älter\Bilder\Bilder aus der Jugend\2014-12-10 21.39.08.jpg";"E:\OpenCloud\Persönlich (2)\Fotos\Verschiedenes\Bilder aus der Jugend\2014-12-10 21.39.08.jpg";"565721";"65D62548F58EEFBA68C01127B414AB8BA16A7B77D4F90EB5A4E1C3921FFEAFAF";"65D62548F58EEFBA68C01127B414AB8BA16A7B77D4F90EB5A4E1C3921FFEAFAF";"Würde gelöscht werden"
"2026-09-28 23:25:13";"DryRun";"F:\Daten\Älter\Bilder\Bilder aus der Jugend\2014-12-10 21.39.30.jpg";"E:\OpenCloud\Persönlich (2)\Fotos\Verschiedenes\Bilder aus der Jugend\2014-12-10 21.39.30.jpg";"572346";"ADF61B18128526A535D45B507704473338138D72080E04EA17BCA8F6DEF10F79";"ADF61B18128526A535D45B507704473338138D72080E04EA17BCA8F6DEF10F79";"Würde gelöscht werden"
"2026-09-28 23:25:14";"DryRun";"F:\Daten\Älter\Bilder\Bilder aus der Jugend\2014-12-11 12.28.50.jpg";"E:\OpenCloud\Persönlich (2)\Fotos\Verschiedenes\Bilder aus der Jugend\2014-12-11 12.28.50.jpg";"1063231";"D264CFB9131A65426AD1AC455B2DF9692C0A180FD7B722791B38585E55442E68";"D264CFB9131A65426AD1AC455B2DF9692C0A180FD7B722791B38585E55442E68";"Würde gelöscht werden"
"2026-09-28 23:25:14";"DryRun";"F:\Daten\Älter\Bilder\Bilder aus der Jugend\2014-12-11 16.42.48.jpg";"E:\OpenCloud\Persönlich (2)\Fotos\Verschiedenes\Bilder aus der Jugend\2014-12-11 16.42.48.jpg";"611434";"300D0A411680450969CE06C72A60A033F8A2BF8ECD01ACE702D91D4464334792";"300D0A411680450969CE06C72A60A033F8A2BF8ECD01ACE702D91D4464334792";"Würde gelöscht werden"
"2026-09-28 23:25:14";"DryRun";"F:\Daten\Älter\Bilder\Bilder aus der Jugend\2014-12-16 14.01.47.jpg";"E:\OpenCloud\Persönlich (2)\Fotos\Verschiedenes\Bilder aus der Jugend\2014-12-16 14.01.47.jpg";"1098158";"1A00373CCB697456C05D79D2A9DB63825FB38059A66E8757033017CC7D4B2EEE";"1A00373CCB697456C05D79D2A9DB63825FB38059A66E8757033017CC7D4B2EEE";"Würde gelöscht werden"
"2026-09-28 23:25:14";"DryRun";"F:\Daten\Älter\Bilder\Bilder aus der Jugend\2015-06-30 15.54.26.png";"E:\OpenCloud\Persönlich (2)\Fotos\Verschiedenes\Bilder aus der Jugend\2015-06-30 15.54.26.png";"2837";"2436F3AFED3EF020C387846D2D05EDC7DCBF04D422DDB759B5BCF8D47ADF38C8";"2436F3AFED3EF020C387846D2D05EDC7DCBF04D422DDB759B5BCF8D47ADF38C8";"Würde gelöscht werden"
"2026-09-28 23:25:14";"DryRun";"F:\Daten\Älter\Bilder\Bilder aus der Jugend\2015-07-02 07.32.44.jpg";"E:\OpenCloud\Persönlich (2)\Fotos\Verschiedenes\Bilder aus der Jugend\2015-07-02 07.32.44.jpg";"2160531";"D6E7530F77FD5E1CFF8AB63D472525C03C8CEFFC2FE9DCA9DBD31148180B9375";"D6E7530F77FD5E1CFF8AB63D472525C03C8CEFFC2FE9DCA9DBD31148180B9375";"Würde gelöscht werden"
"2026-09-28 23:25:14";"DryRun";"F:\Daten\Älter\Bilder\Bilder aus der Jugend\2015-07-02 15.59.30.jpg";"E:\OpenCloud\Persönlich (2)\Fotos\Verschiedenes\Bilder aus der Jugend\2015-07-02 15.59.30.jpg";"942886";"FDA1DF662692C8C6EB1E0AAE96BA078A200624B7EF69521057F9B93420C60DDF";"FDA1DF662692C8C6EB1E0AAE96BA078A200624B7EF69521057F9B93420C60DDF";"Würde gelöscht werden"
"2026-09-28 23:25:14";"DryRun";"F:\Daten\Älter\Bilder\Bilder aus der Jugend\2015-07-05 01.52.29.jpg";"E:\OpenCloud\Persönlich (2)\Fotos\Verschiedenes\Bilder aus der Jugend\2015-07-05 01.52.29.jpg";"1642919";"77DD6D4723569B8296871DA494BA7EE18C5C7589C4C992362423716B33FACDE4";"77DD6D4723569B8296871DA494BA7EE18C5C7589C4C992362423716B33FACDE4";"Würde gelöscht werden"
"2026-09-28 23:25:14";"DryRun";"F:\Daten\Älter\Bilder\Bilder aus der Jugend\2015-07-08 08.47.18.jpg";"E:\OpenCloud\Persönlich (2)\Fotos\Verschiedenes\Bilder aus der Jugend\2015-07-08 08.47.18.jpg";"2110511";"1E646FF1C86C21E6B535DD6392073CD13B0D09C0C6B2D4D64389B9A0AC9672EE";"1E646FF1C86C21E6B535DD6392073CD13B0D09C0C6B2D4D64389B9A0AC9672EE";"Würde gelöscht werden"
"2026-09-28 23:25:14";"DryRun";"F:\Daten\Älter\Bilder\Bilder aus der Jugend\2015-07-08 10.46.38.jpg";"E:\OpenCloud\Persönlich (2)\Fotos\Verschiedenes\Bilder aus der Jugend\2015-07-08 10.46.38.jpg";"1536045";"EBC5D75F27EF4BB3745B9D2050780102476A954DA1AA24C3FA44B8778E0B8358";"EBC5D75F27EF4BB3745B9D2050780102476A954DA1AA24C3FA44B8778E0B8358";"Würde gelöscht werden"
"2026-09-28 23:25:14";"DryRun";"F:\Daten\Älter\Bilder\Bilder aus der Jugend\2015-07-08 10.50.07.jpg";"E:\OpenCloud\Persönlich (2)\Fotos\Verschiedenes\Bilder aus der Jugend\2015-07-08 10.50.07.jpg";"2151907";"E2C56948E069743DC5E8356FE0376546F4A06421A8E737FFE44EAD1AD25906ED";"E2C56948E069743DC5E8356FE0376546F4A06421A8E737FFE44EAD1AD25906ED";"Würde gelöscht werden"
"2026-09-28 23:25:14";"DryRun";"F:\Daten\Älter\Bilder\Bilder aus der Jugend\2015-07-08 11.44.35.jpg";"E:\OpenCloud\Persönlich (2)\Fotos\Verschiedenes\Bilder aus der Jugend\2015-07-08 11.44.35.jpg";"741378";"6BC9CC1F790A734542F9C64DA7FCB062B5586161F2BC4380E15711D1C5BAF152";"6BC9CC1F790A734542F9C64DA7FCB062B5586161F2BC4380E15711D1C5BAF152";"Würde gelöscht werden"
"2026-09-28 23:25:14";"DryRun";"F:\Daten\Älter\Bilder\Bilder aus der Jugend\2015-07-08 14.03.46.jpg";"E:\OpenCloud\Persönlich (2)\Fotos\Verschiedenes\Bilder aus der Jugend\2015-07-08 14.03.46.jpg";"2037541";"B983B0171A2C4C54CF5F0F79A7AA56CF2F68562F855C6E6D8A3CE7B7F28E251B";"B983B0171A2C4C54CF5F0F79A7AA56CF2F68562F855C6E6D8A3CE7B7F28E251B";"Würde gelöscht werden"
"2026-09-28 23:25:14";"DryRun";"F:\Daten\Älter\Bilder\Bilder aus der Jugend\2015-07-08 14.03.50.jpg";"E:\OpenCloud\Persönlich (2)\Fotos\Verschiedenes\Bilder aus der Jugend\2015-07-08 14.03.50.jpg";"2104535";"8106A3AC8F8D3324DF39E6F5F14FCBF9956CBA3E73D94F4EB7E9576DDBB9C7CD";"8106A3AC8F8D3324DF39E6F5F14FCBF9956CBA3E73D94F4EB7E9576DDBB9C7CD";"Würde gelöscht werden"
"2026-09-28 23:25:14";"DryRun";"F:\Daten\Älter\Bilder\Bilder aus der Jugend\2015-07-10 06.06.09.png";"E:\OpenCloud\Persönlich (2)\Fotos\Verschiedenes\Bilder aus der Jugend\2015-07-10 06.06.09.png";"168268";"114AACDCF77D695661B5B64786A1E26EFDCBC32456AD2B4DE1C4A1A6CDABE77F";"114AACDCF77D695661B5B64786A1E26EFDCBC32456AD2B4DE1C4A1A6CDABE77F";"Würde gelöscht werden"
"2026-09-28 23:25:14";"DryRun";"F:\Daten\Älter\Bilder\Bilder aus der Jugend\2015-07-12 18.05.40.jpg";"E:\OpenCloud\Persönlich (2)\Fotos\Verschiedenes\Bilder aus der Jugend\2015-07-12 18.05.40.jpg";"1462055";"8157BDF83326839EE5FCA0064561E8C653973B64CF7D481C03659A7B8EEAA9B6";"8157BDF83326839EE5FCA0064561E8C653973B64CF7D481C03659A7B8EEAA9B6";"Würde gelöscht werden"
"2026-09-28 23:25:14";"DryRun";"F:\Daten\Älter\Bilder\Bilder aus der Jugend\2015-07-12 22.12.53.jpg";"E:\OpenCloud\Persönlich (2)\Fotos\Verschiedenes\Bilder aus der Jugend\2015-07-12 22.12.53.jpg";"2154449";"F0B7C91C6BA1048D39D46043DFAC598A2BA4CEFDC5E54CE50D632BDE8F96ECAC";"F0B7C91C6BA1048D39D46043DFAC598A2BA4CEFDC5E54CE50D632BDE8F96ECAC";"Würde gelöscht werden"
"2026-09-28 23:25:14";"DryRun";"F:\Daten\Älter\Bilder\Bilder aus der Jugend\2015-07-23 11.05.27.jpg";"E:\OpenCloud\Persönlich (2)\Fotos\Verschiedenes\Bilder aus der Jugend\2015-07-23 11.05.27.jpg";"1969430";"92460360CE9404A243C4B551A509573EF68A0E8A25246544184F98C15346728A";"92460360CE9404A243C4B551A509573EF68A0E8A25246544184F98C15346728A";"Würde gelöscht werden"
"2026-09-28 23:25:15";"DryRun";"F:\Daten\Älter\Bilder\Bilder aus der Jugend\2015-07-23 11.05.33.jpg";"E:\OpenCloud\Persönlich (2)\Fotos\Verschiedenes\Bilder aus der Jugend\2015-07-23 11.05.33.jpg";"1897452";"B0621B70BF9489202A5FAB1BB1CCD49BA711BAF9167D3907EDAA3698AD34CCD5";"B0621B70BF9489202A5FAB1BB1CCD49BA711BAF9167D3907EDAA3698AD34CCD5";"Würde gelöscht werden"
"2026-09-28 23:25:15";"DryRun";"F:\Daten\Älter\Bilder\Bilder aus der Jugend\2015-07-24 05.23.48.png";"E:\OpenCloud\Persönlich (2)\Fotos\Verschiedenes\Bilder aus der Jugend\2015-07-24 05.23.48.png";"1290162";"FAFD160D0B520E9870877FD5EA9E336FCA151675CC9B8C9893F6BC468D1A6519";"FAFD160D0B520E9870877FD5EA9E336FCA151675CC9B8C9893F6BC468D1A6519";"Würde gelöscht werden"
"2026-09-28 23:25:15";"DryRun";"F:\Daten\Älter\Bilder\Bilder aus der Jugend\2015-07-25 21.20.18.jpg";"E:\OpenCloud\Persönlich (2)\Fotos\Verschiedenes\Bilder aus der Jugend\2015-07-25 21.20.18.jpg";"2026744";"5DB44D2EB06FF4075973EAECBF41A5A79064B264CF8F507AFED90128CFEFC203";"5DB44D2EB06FF4075973EAECBF41A5A79064B264CF8F507AFED90128CFEFC203";"Würde gelöscht werden"
"2026-09-28 23:25:15";"DryRun";"F:\Daten\Älter\Bilder\Bilder aus der Jugend\2015-07-25 21.20.23.jpg";"E:\OpenCloud\Persönlich (2)\Fotos\Verschiedenes\Bilder aus der Jugend\2015-07-25 21.20.23.jpg";"1788119";"81925D0A4CC8F6DB7E415245A034739031DDB82BAD73CAD03F07498A375694FA";"81925D0A4CC8F6DB7E415245A034739031DDB82BAD73CAD03F07498A375694FA";"Würde gelöscht werden"
"2026-09-28 23:25:15";"DryRun";"F:\Daten\Älter\Bilder\Bilder aus der Jugend\2015-07-25 21.20.24.jpg";"E:\OpenCloud\Persönlich (2)\Fotos\Verschiedenes\Bilder aus der Jugend\2015-07-25 21.20.24.jpg";"1826496";"02D8E76E9B91FC97C5DC1E4E5BB56973680DFC30F375E18D6FDD8AEF3DC28BBD";"02D8E76E9B91FC97C5DC1E4E5BB56973680DFC30F375E18D6FDD8AEF3DC28BBD";"Würde gelöscht werden"
"2026-09-28 23:25:15";"DryRun";"F:\Daten\Älter\Bilder\Bilder aus der Jugend\2015-07-25 21.20.26.jpg";"E:\OpenCloud\Persönlich (2)\Fotos\Verschiedenes\Bilder aus der Jugend\2015-07-25 21.20.26.jpg";"1905039";"6F05C0C46E8A498B11BA3CDEE1694F85084567AE80E92797C5B471FA54413A8B";"6F05C0C46E8A498B11BA3CDEE1694F85084567AE80E92797C5B471FA54413A8B";"Würde gelöscht werden"
"2026-09-28 23:25:15";"DryRun";"F:\Daten\Älter\Bilder\Bilder aus der Jugend\2015-07-27 16.56.41.jpg";"E:\OpenCloud\Persönlich (2)\Fotos\Verschiedenes\Bilder aus der Jugend\2015-07-27 16.56.41.jpg";"1436672";"BFF3C3AA2D38F1E4C5CE82E22BD529C113BFAA8577BCC2F4327E1FF1EA0C4E8E";"BFF3C3AA2D38F1E4C5CE82E22BD529C113BFAA8577BCC2F4327E1FF1EA0C4E8E";"Würde gelöscht werden"
"2026-09-28 23:25:15";"DryRun";"F:\Daten\Älter\Bilder\Bilder aus der Jugend\2015-07-27 16.56.43.jpg";"E:\OpenCloud\Persönlich (2)\Fotos\Verschiedenes\Bilder aus der Jugend\2015-07-27 16.56.43.jpg";"1417133";"BC439114CF5FCAFFB7FD1D5B3A78C56BF8A2D021AF5A6626A13523FF4A052B38";"BC439114CF5FCAFFB7FD1D5B3A78C56BF8A2D021AF5A6626A13523FF4A052B38";"Würde gelöscht werden"
"2026-09-28 23:25:15";"DryRun";"F:\Daten\Älter\Bilder\Bilder aus der Jugend\2015-08-02 00.12.27.jpg";"E:\OpenCloud\Persönlich (2)\Fotos\Verschiedenes\Bilder aus der Jugend\2015-08-02 00.12.27.jpg";"1920799";"CD944ED8BEB4E13E4AB2BA9D4C4FB4E3C2074C0FC2D89359CFF884104F0400E7";"CD944ED8BEB4E13E4AB2BA9D4C4FB4E3C2074C0FC2D89359CFF884104F0400E7";"Würde gelöscht werden"
"2026-09-28 23:25:15";"DryRun";"F:\Daten\Älter\Bilder\Bilder aus der Jugend\2015-08-06 18.58.36.jpg";"E:\OpenCloud\Persönlich (2)\Fotos\Verschiedenes\Bilder aus der Jugend\2015-08-06 18.58.36.jpg";"1640986";"AA5AFBD3D1DDB007E532F95D03B55FB266CE48B5B606B36906DE4307C207443A";"AA5AFBD3D1DDB007E532F95D03B55FB266CE48B5B606B36906DE4307C207443A";"Würde gelöscht werden"
"2026-09-28 23:25:15";"DryRun";"F:\Daten\Älter\Bilder\Bilder aus der Jugend\2015-08-06 18.58.38.jpg";"E:\OpenCloud\Persönlich (2)\Fotos\Verschiedenes\Bilder aus der Jugend\2015-08-06 18.58.38.jpg";"1465976";"991AE2C66E29C778082E5A1677497988AD921BF74963223E5F90066B27BD8EC3";"991AE2C66E29C778082E5A1677497988AD921BF74963223E5F90066B27BD8EC3";"Würde gelöscht werden"
"2026-09-28 23:25:15";"DryRun";"F:\Daten\Älter\Bilder\Bilder aus der Jugend\2015-08-06 20.08.29.jpg";"E:\OpenCloud\Persönlich (2)\Fotos\Verschiedenes\Bilder aus der Jugend\2015-08-06 20.08.29.jpg";"1509810";"3A9F02B2C2D8C27D6426396F2CD18D2708734C71D701B8FE4BC5924B3229A625";"3A9F02B2C2D8C27D6426396F2CD18D2708734C71D701B8FE4BC5924B3229A625";"Würde gelöscht werden"
"2026-09-28 23:25:15";"DryRun";"F:\Daten\Älter\Bilder\Bilder aus der Jugend\2015-08-06 20.09.50.jpg";"E:\OpenCloud\Persönlich (2)\Fotos\Verschiedenes\Bilder aus der Jugend\2015-08-06 20.09.50.jpg";"1815988";"F78A48442640F7E9FE041AFD135A27FE59A6314D3E769E0886D8112A20769262";"F78A48442640F7E9FE041AFD135A27FE59A6314D3E769E0886D8112A20769262";"Würde gelöscht werden"
"2026-09-28 23:25:15";"DryRun";"F:\Daten\Älter\Bilder\Bilder aus der Jugend\2015-08-06 21.39.15.jpg";"E:\OpenCloud\Persönlich (2)\Fotos\Verschiedenes\Bilder aus der Jugend\2015-08-06 21.39.15.jpg";"676894";"553365876A6A083A4C00E3BDDB156E870E00561C3FBBD52B7D41101A08A9686E";"553365876A6A083A4C00E3BDDB156E870E00561C3FBBD52B7D41101A08A9686E";"Würde gelöscht werden"
"2026-09-28 23:25:15";"DryRun";"F:\Daten\Älter\Bilder\Bilder aus der Jugend\2015-08-06 23.33.22.jpg";"E:\OpenCloud\Persönlich (2)\Fotos\Verschiedenes\Bilder aus der Jugend\2015-08-06 23.33.22.jpg";"2151164";"17510857F36559D85E1C4BB6E9912C2B671D5E6D9EE6E668704B61F12FAEC645";"17510857F36559D85E1C4BB6E9912C2B671D5E6D9EE6E668704B61F12FAEC645";"Würde gelöscht werden"
"2026-09-28 23:25:15";"DryRun";"F:\Daten\Älter\Bilder\Bilder aus der Jugend\2015-08-06 23.33.43.jpg";"E:\OpenCloud\Persönlich (2)\Fotos\Verschiedenes\Bilder aus der Jugend\2015-08-06 23.33.43.jpg";"1642910";"7DC347B4D34FF3A711B6A556DD19AC9782D325EB45B6714A9078267185021BA1";"7DC347B4D34FF3A711B6A556DD19AC9782D325EB45B6714A9078267185021BA1";"Würde gelöscht werden"
"2026-09-28 23:25:16";"DryRun";"F:\Daten\Älter\Bilder\Bilder aus der Jugend\2015-08-06 23.33.59.jpg";"E:\OpenCloud\Persönlich (2)\Fotos\Verschiedenes\Bilder aus der Jugend\2015-08-06 23.33.59.jpg";"1660718";"EF4CC0B02771D6E2C67DD1C9FE7286643387315326BCB0DE40859BA5CFC5A923";"EF4CC0B02771D6E2C67DD1C9FE7286643387315326BCB0DE40859BA5CFC5A923";"Würde gelöscht werden"
"2026-09-28 23:25:16";"DryRun";"F:\Daten\Älter\Bilder\Bilder aus der Jugend\2015-08-06 23.34.21.jpg";"E:\OpenCloud\Persönlich (2)\Fotos\Verschiedenes\Bilder aus der Jugend\2015-08-06 23.34.21.jpg";"1228437";"D0F845D838DA86DEE2195EB9DD730BE26927FBE4BB275AB0A118A401768C6042";"D0F845D838DA86DEE2195EB9DD730BE26927FBE4BB275AB0A118A401768C6042";"Würde gelöscht werden"
"2026-09-28 23:25:16";"DryRun";"F:\Daten\Älter\Bilder\Bilder aus der Jugend\2015-08-06 23.34.38.jpg";"E:\OpenCloud\Persönlich (2)\Fotos\Verschiedenes\Bilder aus der Jugend\2015-08-06 23.34.38.jpg";"1955013";"1CEB80D6281CD088E6348A54C2B14B4B971662D803CC7D510EDE79B7E79360AE";"1CEB80D6281CD088E6348A54C2B14B4B971662D803CC7D510EDE79B7E79360AE";"Würde gelöscht werden"
"2026-09-28 23:25:16";"DryRun";"F:\Daten\Älter\Bilder\Bilder aus der Jugend\2015-08-06 23.34.53.jpg";"E:\OpenCloud\Persönlich (2)\Fotos\Verschiedenes\Bilder aus der Jugend\2015-08-06 23.34.53.jpg";"1489895";"1A568B8066CAE2659C3E20806FAE8E8F47BC2EF4219A094E714C999903A2352D";"1A568B8066CAE2659C3E20806FAE8E8F47BC2EF4219A094E714C999903A2352D";"Würde gelöscht werden"
"2026-09-28 23:25:16";"DryRun";"F:\Daten\Älter\Bilder\Bilder aus der Jugend\2015-08-08 19.18.16.jpg";"E:\OpenCloud\Persönlich (2)\Fotos\Verschiedenes\Bilder aus der Jugend\2015-08-08 19.18.16.jpg";"1558313";"F5C69ABE1987956DD9983DF6C5FF5EA4B989BFA5DF32ED6C07A36F5BA7621BEC";"F5C69ABE1987956DD9983DF6C5FF5EA4B989BFA5DF32ED6C07A36F5BA7621BEC";"Würde gelöscht werden"
"2026-09-28 23:25:16";"DryRun";"F:\Daten\Älter\Bilder\Bilder aus der Jugend\2015-08-08 19.18.18.jpg";"E:\OpenCloud\Persönlich (2)\Fotos\Verschiedenes\Bilder aus der Jugend\2015-08-08 19.18.18.jpg";"1913278";"89E55D13F43F8BF745B63B329B73A6BE2840860B3E0CAFDDAC2C3FA3567CCA5A";"89E55D13F43F8BF745B63B329B73A6BE2840860B3E0CAFDDAC2C3FA3567CCA5A";"Würde gelöscht werden"
"2026-09-28 23:25:16";"DryRun";"F:\Daten\Älter\Bilder\Bilder aus der Jugend\2015-08-10 21.10.51.jpg";"E:\OpenCloud\Persönlich (2)\Fotos\Verschiedenes\Bilder aus der Jugend\2015-08-10 21.10.51.jpg";"1243947";"89B2D8CABE3D64B4B3835EA069CC9F2D34834D1699850715976AF9526EF5C64E";"89B2D8CABE3D64B4B3835EA069CC9F2D34834D1699850715976AF9526EF5C64E";"Würde gelöscht werden"
"2026-09-28 23:25:16";"DryRun";"F:\Daten\Älter\Bilder\Bilder aus der Jugend\2015-08-11 23.05.44.jpg";"E:\OpenCloud\Persönlich (2)\Fotos\Verschiedenes\Bilder aus der Jugend\2015-08-11 23.05.44.jpg";"2079557";"0419CED276662D1F1130FEA5557DF371364260D614B3A84C1B4EBA105F55ED39";"0419CED276662D1F1130FEA5557DF371364260D614B3A84C1B4EBA105F55ED39";"Würde gelöscht werden"
"2026-09-28 23:25:16";"DryRun";"F:\Daten\Älter\Bilder\Bilder aus der Jugend\2015-08-14 23.13.32.jpg";"E:\OpenCloud\Persönlich (2)\Fotos\Verschiedenes\Bilder aus der Jugend\2015-08-14 23.13.32.jpg";"1921806";"C5183F9C24ED7410E06F8BC143D30B1CD6323559D0F5A2A0C5888FAA253D0AC4";"C5183F9C24ED7410E06F8BC143D30B1CD6323559D0F5A2A0C5888FAA253D0AC4";"Würde gelöscht werden"
"2026-09-28 23:25:16";"DryRun";"F:\Daten\Älter\Bilder\Bilder aus der Jugend\2015-08-15 10.33.24.jpg";"E:\OpenCloud\Persönlich (2)\Fotos\Verschiedenes\Bilder aus der Jugend\2015-08-15 10.33.24.jpg";"1869247";"7121A52D08F9B11FB550CE060C54E4C97F521D5EEB6EFD0DDFF6F8F97DB43114";"7121A52D08F9B11FB550CE060C54E4C97F521D5EEB6EFD0DDFF6F8F97DB43114";"Würde gelöscht werden"
"2026-09-28 23:25:16";"DryRun";"F:\Daten\Älter\Bilder\Bilder aus der Jugend\2015-08-20 17.10.57.jpg";"E:\OpenCloud\Persönlich (2)\Fotos\Verschiedenes\Bilder aus der Jugend\2015-08-20 17.10.57.jpg";"2090443";"9C41A23C7B62553BF359C7FE4AA6A27CBF3453A3BCD0589DE5F44CA2DBF8283C";"9C41A23C7B62553BF359C7FE4AA6A27CBF3453A3BCD0589DE5F44CA2DBF8283C";"Würde gelöscht werden"
"2026-09-28 23:25:16";"DryRun";"F:\Daten\Älter\Bilder\Bilder aus der Jugend\2015-08-23 00.20.07.jpg";"E:\OpenCloud\Persönlich (2)\Fotos\Verschiedenes\Bilder aus der Jugend\2015-08-23 00.20.07.jpg";"683716";"DA33D6AD5E7BB57652918EEF3FBB13377578DA8809B2E67D838F838D1EF7D129";"DA33D6AD5E7BB57652918EEF3FBB13377578DA8809B2E67D838F838D1EF7D129";"Würde gelöscht werden"
"2026-09-28 23:25:16";"DryRun";"F:\Daten\Älter\Bilder\Bilder aus der Jugend\2015-08-23 00.20.13.jpg";"E:\OpenCloud\Persönlich (2)\Fotos\Verschiedenes\Bilder aus der Jugend\2015-08-23 00.20.13.jpg";"1735740";"939D13C41C6B645966C76352CF19460A9E783A36180928650C389AE2C5165FBF";"939D13C41C6B645966C76352CF19460A9E783A36180928650C389AE2C5165FBF";"Würde gelöscht werden"
"2026-09-28 23:25:16";"DryRun";"F:\Daten\Älter\Bilder\Bilder aus der Jugend\2015-08-23 02.01.16.jpg";"E:\OpenCloud\Persönlich (2)\Fotos\Verschiedenes\Bilder aus der Jugend\2015-08-23 02.01.16.jpg";"2066966";"F130821D580B7411D54FE3C592B6C059204AA80CA7F2D3309FC1DC4ABFCA7A66";"F130821D580B7411D54FE3C592B6C059204AA80CA7F2D3309FC1DC4ABFCA7A66";"Würde gelöscht werden"
"2026-09-28 23:25:16";"DryRun";"F:\Daten\Älter\Bilder\Bilder aus der Jugend\2015-08-30 19.15.24.jpg";"E:\OpenCloud\Persönlich (2)\Fotos\Verschiedenes\Bilder aus der Jugend\2015-08-30 19.15.24.jpg";"1952425";"817C2949B9D9E3B16857CFD3D1B666EF3F0E548D126E6B91CD99470C46DE423F";"817C2949B9D9E3B16857CFD3D1B666EF3F0E548D126E6B91CD99470C46DE423F";"Würde gelöscht werden"
"2026-09-28 23:25:16";"DryRun";"F:\Daten\Älter\Bilder\Bilder aus der Jugend\2015-09-05 00.33.54.jpg";"E:\OpenCloud\Persönlich (2)\Fotos\Verschiedenes\Bilder aus der Jugend\2015-09-05 00.33.54.jpg";"1593412";"6DF805FBA64986FA86E11EDC7733133A47FB37FF0A8889FC35360C63A72B209C";"6DF805FBA64986FA86E11EDC7733133A47FB37FF0A8889FC35360C63A72B209C";"Würde gelöscht werden"
"2026-09-28 23:25:16";"DryRun";"F:\Daten\Älter\Bilder\Bilder aus der Jugend\2015-09-05 00.33.56.jpg";"E:\OpenCloud\Persönlich (2)\Fotos\Verschiedenes\Bilder aus der Jugend\2015-09-05 00.33.56.jpg";"1593561";"0924E4C4C8586220070C037822339263F0750E26CE111B5FA6B5A03D5A0675A0";"0924E4C4C8586220070C037822339263F0750E26CE111B5FA6B5A03D5A0675A0";"Würde gelöscht werden"
"2026-09-28 23:25:16";"DryRun";"F:\Daten\Älter\Bilder\Bilder aus der Jugend\2Pac x B.o.B. x Owl City - Smile For Airplanes And Fireflies (Nedu Mix).mp3";"E:\OpenCloud\Persönlich (2)\Fotos\Verschiedenes\Bilder aus der Jugend\2Pac x B.o.B. x Owl City - Smile For Airplanes And Fireflies (Nedu Mix).mp3";"8111168";"422D57AF3266061446B653449D17B5C081CBF091E845114542E87379C0B0725A";"422D57AF3266061446B653449D17B5C081CBF091E845114542E87379C0B0725A";"Würde gelöscht werden"
"2026-09-28 23:25:16";"DryRun";"F:\Daten\Älter\Bilder\Bilder aus der Jugend\400664_658611607518778_971723031_n.jpg";"E:\OpenCloud\Persönlich (2)\Fotos\Verschiedenes\Bilder aus der Jugend\400664_658611607518778_971723031_n.jpg";"71191";"5827234A1F41A3FC9B17510571D0CFB0B4FC8AB5228F1691B1B88E3E6E85B947";"5827234A1F41A3FC9B17510571D0CFB0B4FC8AB5228F1691B1B88E3E6E85B947";"Würde gelöscht werden"
"2026-09-28 23:25:16";"DryRun";"F:\Daten\Älter\Bilder\Bilder aus der Jugend\400664_658612530852019_1760759379_n.jpg";"E:\OpenCloud\Persönlich (2)\Fotos\Verschiedenes\Bilder aus der Jugend\400664_658612530852019_1760759379_n.jpg";"69169";"BB81FA08154FBFF6BACA3D53E2F0332E2EBD3F0168B7EECB85DA0710A5157036";"BB81FA08154FBFF6BACA3D53E2F0332E2EBD3F0168B7EECB85DA0710A5157036";"Würde gelöscht werden"
"2026-09-28 23:25:17";"DryRun";"F:\Daten\Älter\Bilder\Bilder aus der Jugend\50 Cent - In Da Club (Naxsy & Rolf Dyman Remix).mp3";"E:\OpenCloud\Persönlich (2)\Fotos\Verschiedenes\Bilder aus der Jugend\50 Cent - In Da Club (Naxsy & Rolf Dyman Remix).mp3";"4299171";"C950EA63B63586B241065A6CF339819151BC65F933DEC2D5CE8FE4F10809F296";"C950EA63B63586B241065A6CF339819151BC65F933DEC2D5CE8FE4F10809F296";"Würde gelöscht werden"
"2026-09-28 23:25:17";"DryRun";"F:\Daten\Älter\Bilder\Bilder aus der Jugend\534087_658640064182599_1043027452_n.jpg";"E:\OpenCloud\Persönlich (2)\Fotos\Verschiedenes\Bilder aus der Jugend\534087_658640064182599_1043027452_n.jpg";"49772";"B9C64F138FD8C7DBA05FF0A121B1791D9DBA59E5C1E3578A9F0A12A8A1619CBC";"B9C64F138FD8C7DBA05FF0A121B1791D9DBA59E5C1E3578A9F0A12A8A1619CBC";"Würde gelöscht werden"
"2026-09-28 23:25:17";"DryRun";"F:\Daten\Älter\Bilder\Bilder aus der Jugend\603667_658607550852517_892006388_n.jpg";"E:\OpenCloud\Persönlich (2)\Fotos\Verschiedenes\Bilder aus der Jugend\603667_658607550852517_892006388_n.jpg";"47088";"2FD1F83FC97DBA242B556681C674643EDE4917F2C60E5AB20EC5870651EC6F5E";"2FD1F83FC97DBA242B556681C674643EDE4917F2C60E5AB20EC5870651EC6F5E";"Würde gelöscht werden"
"2026-09-28 23:25:17";"DryRun";"F:\Daten\Älter\Bilder\Bilder aus der Jugend\906105.jpg";"E:\OpenCloud\Persönlich (2)\Fotos\Verschiedenes\Bilder aus der Jugend\906105.jpg";"293417";"F7A63EC5E1F3F7FE782F1B12FF3786737BF456B2E059A9D3A4C04BB9F6688BAB";"F7A63EC5E1F3F7FE782F1B12FF3786737BF456B2E059A9D3A4C04BB9F6688BAB";"Würde gelöscht werden"
"2026-09-28 23:25:17";"DryRun";"F:\Daten\Älter\Bilder\Bilder aus der Jugend\906114.jpg";"E:\OpenCloud\Persönlich (2)\Fotos\Verschiedenes\Bilder aus der Jugend\906114.jpg";"172310";"8084C81092C84AE9832D3E125D428D03F8068837BA757D70DF05F0DEE7A46C11";"8084C81092C84AE9832D3E125D428D03F8068837BA757D70DF05F0DEE7A46C11";"Würde gelöscht werden"
"2026-09-28 23:25:17";"DryRun";"F:\Daten\Älter\Bilder\Bilder aus der Jugend\906165.jpg";"E:\OpenCloud\Persönlich (2)\Fotos\Verschiedenes\Bilder aus der Jugend\906165.jpg";"116397";"D0E715F6D4666D0689A02162A44F6C951734D79721DA06B7BC4CCF04F9604AC1";"D0E715F6D4666D0689A02162A44F6C951734D79721DA06B7BC4CCF04F9604AC1";"Würde gelöscht werden"
"2026-09-28 23:25:17";"DryRun";"F:\Daten\Älter\Bilder\Bilder aus der Jugend\906166.jpg";"E:\OpenCloud\Persönlich (2)\Fotos\Verschiedenes\Bilder aus der Jugend\906166.jpg";"186276";"13498004FB39F684A1B8004C0F7A401EB280CFBA9E1E50902D99EE991D8E9F95";"13498004FB39F684A1B8004C0F7A401EB280CFBA9E1E50902D99EE991D8E9F95";"Würde gelöscht werden"
"2026-09-28 23:25:17";"DryRun";"F:\Daten\Älter\Bilder\Bilder aus der Jugend\998047_658642674182338_800098541_n.jpg";"E:\OpenCloud\Persönlich (2)\Fotos\Verschiedenes\Bilder aus der Jugend\998047_658642674182338_800098541_n.jpg";"56441";"245E35F08E4C3246F60ADC8091CB4915031B27DE02C364D74B95EC29D8545D61";"245E35F08E4C3246F60ADC8091CB4915031B27DE02C364D74B95EC29D8545D61";"Würde gelöscht werden"
"2026-09-28 23:25:17";"DryRun";"F:\Daten\Älter\Bilder\Bilder aus der Jugend\998158_658590144187591_849243787_n.jpg";"E:\OpenCloud\Persönlich (2)\Fotos\Verschiedenes\Bilder aus der Jugend\998158_658590144187591_849243787_n.jpg";"43217";"023D31F9BEA6D8AE50110E24D7F0B600D438D50539AC40F1F741888509515ABC";"023D31F9BEA6D8AE50110E24D7F0B600D438D50539AC40F1F741888509515ABC";"Würde gelöscht werden"
"2026-09-28 23:25:17";"DryRun";"F:\Daten\Älter\Bilder\Bilder aus der Jugend\DARK SOULS™ II_ Scholar of the First Sin_20150429185031.jpg";"E:\OpenCloud\Persönlich (2)\Fotos\Verschiedenes\Bilder aus der Jugend\DARK SOULS™ II_ Scholar of the First Sin_20150429185031.jpg";"708402";"0B426906B7075B7EEDA74562AA680D617E7D9F476DD510769DDC4D738D164CD0";"0B426906B7075B7EEDA74562AA680D617E7D9F476DD510769DDC4D738D164CD0";"Würde gelöscht werden"
"2026-09-28 23:25:17";"DryRun";"F:\Daten\Älter\Bilder\Bilder aus der Jugend\DARK SOULS™ II_ Scholar of the First Sin_20150516131913.jpg";"E:\OpenCloud\Persönlich (2)\Fotos\Verschiedenes\Bilder aus der Jugend\DARK SOULS™ II_ Scholar of the First Sin_20150516131913.jpg";"526386";"5AC6B200B6F9D36AFF0D9A0D9DFFF36839538403CCFB4A18AA6BF5FD07C1622B";"5AC6B200B6F9D36AFF0D9A0D9DFFF36839538403CCFB4A18AA6BF5FD07C1622B";"Würde gelöscht werden"
"2026-09-28 23:25:17";"DryRun";"F:\Daten\Älter\Bilder\Bilder aus der Jugend\DARK SOULS™ II_ Scholar of the First Sin_20150613124111.jpg";"E:\OpenCloud\Persönlich (2)\Fotos\Verschiedenes\Bilder aus der Jugend\DARK SOULS™ II_ Scholar of the First Sin_20150613124111.jpg";"534097";"AFA841934B1A29A335D43736A2C369F575E7A3E3683CF361709C2B29D0F33F4F";"AFA841934B1A29A335D43736A2C369F575E7A3E3683CF361709C2B29D0F33F4F";"Würde gelöscht werden"
"2026-09-28 23:25:17";"DryRun";"F:\Daten\Älter\Bilder\Bilder aus der Jugend\DARK SOULS™ II_ Scholar of the First Sin_20150613211510.jpg";"E:\OpenCloud\Persönlich (2)\Fotos\Verschiedenes\Bilder aus der Jugend\DARK SOULS™ II_ Scholar of the First Sin_20150613211510.jpg";"388579";"E0C1E3E7D12AB166EE555E616BFBA48E2AC54D741239D946A82199CA4BDAAF1C";"E0C1E3E7D12AB166EE555E616BFBA48E2AC54D741239D946A82199CA4BDAAF1C";"Würde gelöscht werden"
"2026-09-28 23:25:17";"DryRun";"F:\Daten\Älter\Bilder\Bilder aus der Jugend\DARK SOULS™ II_ Scholar of the First Sin_20150613211704.jpg";"E:\OpenCloud\Persönlich (2)\Fotos\Verschiedenes\Bilder aus der Jugend\DARK SOULS™ II_ Scholar of the First Sin_20150613211704.jpg";"447356";"49FAB5B386FB036CB53E6BBBB73F7BBEB50C263CDB79A3EC6814AC8ADD91AF12";"49FAB5B386FB036CB53E6BBBB73F7BBEB50C263CDB79A3EC6814AC8ADD91AF12";"Würde gelöscht werden"
"2026-09-28 23:25:17";"DryRun";"F:\Daten\Älter\Bilder\Bilder aus der Jugend\DARK SOULS™ II_ Scholar of the First Sin_20150619190750.jpg";"E:\OpenCloud\Persönlich (2)\Fotos\Verschiedenes\Bilder aus der Jugend\DARK SOULS™ II_ Scholar of the First Sin_20150619190750.jpg";"384942";"445C584BFAF2DC1835B5E25879B17EE1B104A0F84F054FE135C2CFBAE27FE948";"445C584BFAF2DC1835B5E25879B17EE1B104A0F84F054FE135C2CFBAE27FE948";"Würde gelöscht werden"
"2026-09-28 23:25:17";"DryRun";"F:\Daten\Älter\Bilder\Bilder aus der Jugend\DARK SOULS™ II_ Scholar of the First Sin_20150621104700.jpg";"E:\OpenCloud\Persönlich (2)\Fotos\Verschiedenes\Bilder aus der Jugend\DARK SOULS™ II_ Scholar of the First Sin_20150621104700.jpg";"399226";"ED84A5CA044739F40538569FF822D64627AE5ED893D5927BD767CA2CD6B96CE3";"ED84A5CA044739F40538569FF822D64627AE5ED893D5927BD767CA2CD6B96CE3";"Würde gelöscht werden"
"2026-09-28 23:25:17";"DryRun";"F:\Daten\Älter\Bilder\Bilder aus der Jugend\DARK SOULS™ II_ Scholar of the First Sin_20150621123059.jpg";"E:\OpenCloud\Persönlich (2)\Fotos\Verschiedenes\Bilder aus der Jugend\DARK SOULS™ II_ Scholar of the First Sin_20150621123059.jpg";"307682";"B0DF9DB63F54196F82A09532876E2F65B8D7A47FAF1C29ACBE6F8361E84745ED";"B0DF9DB63F54196F82A09532876E2F65B8D7A47FAF1C29ACBE6F8361E84745ED";"Würde gelöscht werden"
"2026-09-28 23:25:17";"DryRun";"F:\Daten\Älter\Bilder\Bilder aus der Jugend\DARK SOULS™ II_ Scholar of the First Sin_20150810155610.jpg";"E:\OpenCloud\Persönlich (2)\Fotos\Verschiedenes\Bilder aus der Jugend\DARK SOULS™ II_ Scholar of the First Sin_20150810155610.jpg";"387403";"1C36C495948EA1F279E1A4E3CCF954EEA435FF8AB2B73B2420938D148319B0BC";"1C36C495948EA1F279E1A4E3CCF954EEA435FF8AB2B73B2420938D148319B0BC";"Würde gelöscht werden"
"2026-09-28 23:25:17";"DryRun";"F:\Daten\Älter\Bilder\Bilder aus der Jugend\DARK SOULS™ II_ Scholar of the First Sin_20151024165256.jpg";"E:\OpenCloud\Persönlich (2)\Fotos\Verschiedenes\Bilder aus der Jugend\DARK SOULS™ II_ Scholar of the First Sin_20151024165256.jpg";"398196";"97624AAA7BB267F329E6CF5F86CB85AC375677020A32D8B85D2867DA360E265B";"97624AAA7BB267F329E6CF5F86CB85AC375677020A32D8B85D2867DA360E265B";"Würde gelöscht werden"
"2026-09-28 23:25:17";"DryRun";"F:\Daten\Älter\Bilder\Bilder aus der Jugend\DARK SOULS™ II_ Scholar of the First Sin_20151027174728.jpg";"E:\OpenCloud\Persönlich (2)\Fotos\Verschiedenes\Bilder aus der Jugend\DARK SOULS™ II_ Scholar of the First Sin_20151027174728.jpg";"386303";"CBE0BBC475FBFE643714E51D8AB1D5B43B4EC4D6EDCCD4B980B80E6637261A52";"CBE0BBC475FBFE643714E51D8AB1D5B43B4EC4D6EDCCD4B980B80E6637261A52";"Würde gelöscht werden"
"2026-09-28 23:25:17";"DryRun";"F:\Daten\Älter\Bilder\Bilder aus der Jugend\DARK SOULS™ II_ Scholar of the First Sin_20151031162104.jpg";"E:\OpenCloud\Persönlich (2)\Fotos\Verschiedenes\Bilder aus der Jugend\DARK SOULS™ II_ Scholar of the First Sin_20151031162104.jpg";"388017";"CB87DAE7907964644E0235214F9312A21665D1165739F5CDAC54E0946B69C64F";"CB87DAE7907964644E0235214F9312A21665D1165739F5CDAC54E0946B69C64F";"Würde gelöscht werden"
"2026-09-28 23:25:17";"DryRun";"F:\Daten\Älter\Bilder\Bilder aus der Jugend\DARK SOULS™ II_ Scholar of the First Sin_20151105160011.jpg";"E:\OpenCloud\Persönlich (2)\Fotos\Verschiedenes\Bilder aus der Jugend\DARK SOULS™ II_ Scholar of the First Sin_20151105160011.jpg";"290443";"F80C67569711C05F9E40105BC28A58021FC697C12089CADD223F6FDA24ABF5F6";"F80C67569711C05F9E40105BC28A58021FC697C12089CADD223F6FDA24ABF5F6";"Würde gelöscht werden"
"2026-09-28 23:25:17";"DryRun";"F:\Daten\Älter\Bilder\Bilder aus der Jugend\DARK SOULS™ II_ Scholar of the First Sin_20151118102851.jpg";"E:\OpenCloud\Persönlich (2)\Fotos\Verschiedenes\Bilder aus der Jugend\DARK SOULS™ II_ Scholar of the First Sin_20151118102851.jpg";"637828";"02ECB961F6897A073C0385DCFAF5E31CD848D66E8AAA12F64C834EC416355973";"02ECB961F6897A073C0385DCFAF5E31CD848D66E8AAA12F64C834EC416355973";"Würde gelöscht werden"
"2026-09-28 23:25:18";"DryRun";"F:\Daten\Älter\Bilder\Bilder aus der Jugend\DARK SOULS™ II_ Scholar of the First Sin_20160104213804.jpg";"E:\OpenCloud\Persönlich (2)\Fotos\Verschiedenes\Bilder aus der Jugend\DARK SOULS™ II_ Scholar of the First Sin_20160104213804.jpg";"473653";"CF7340C2F67AEDF8AFFD878948FB4A928B8EFE6B7A43B6D8C3F5569C32E7177B";"CF7340C2F67AEDF8AFFD878948FB4A928B8EFE6B7A43B6D8C3F5569C32E7177B";"Würde gelöscht werden"
"2026-09-28 23:25:18";"DryRun";"F:\Daten\Älter\Bilder\Bilder aus der Jugend\DARK SOULS™ II_ Scholar of the First Sin_20160104214149.jpg";"E:\OpenCloud\Persönlich (2)\Fotos\Verschiedenes\Bilder aus der Jugend\DARK SOULS™ II_ Scholar of the First Sin_20160104214149.jpg";"382147";"A22AD3B4AEF1C8EFBF55FB7391AAA8AF3A9E0BE2F21ED9C021F0975316F723CA";"A22AD3B4AEF1C8EFBF55FB7391AAA8AF3A9E0BE2F21ED9C021F0975316F723CA";"Würde gelöscht werden"
"2026-09-28 23:25:18";"DryRun";"F:\Daten\Älter\Bilder\Bilder aus der Jugend\DARK SOULS™ II_ Scholar of the First Sin_20160104214553.jpg";"E:\OpenCloud\Persönlich (2)\Fotos\Verschiedenes\Bilder aus der Jugend\DARK SOULS™ II_ Scholar of the First Sin_20160104214553.jpg";"422476";"80EF0EF01FCBC60B9E3F986155570ED3F3D8B0CE8239A733FEED850478CFA29D";"80EF0EF01FCBC60B9E3F986155570ED3F3D8B0CE8239A733FEED850478CFA29D";"Würde gelöscht werden"
"2026-09-28 23:25:18";"DryRun";"F:\Daten\Älter\Bilder\Bilder aus der Jugend\DARK SOULS™ II_ Scholar of the First Sin_20160104214923.jpg";"E:\OpenCloud\Persönlich (2)\Fotos\Verschiedenes\Bilder aus der Jugend\DARK SOULS™ II_ Scholar of the First Sin_20160104214923.jpg";"242870";"D908DA930E5CB3511169F1A84BD0A7BB68E7119E74059CD398B9F9CBBF3F215B";"D908DA930E5CB3511169F1A84BD0A7BB68E7119E74059CD398B9F9CBBF3F215B";"Würde gelöscht werden"
"2026-09-28 23:25:18";"DryRun";"F:\Daten\Älter\Bilder\Bilder aus der Jugend\DARK SOULS™ II_ Scholar of the First Sin_20160104215553.jpg";"E:\OpenCloud\Persönlich (2)\Fotos\Verschiedenes\Bilder aus der Jugend\DARK SOULS™ II_ Scholar of the First Sin_20160104215553.jpg";"366173";"DEC33E7876E42A3185350138A3B23025D97F70938B9CDE6C5D137837619CCD45";"DEC33E7876E42A3185350138A3B23025D97F70938B9CDE6C5D137837619CCD45";"Würde gelöscht werden"
"2026-09-28 23:25:18";"DryRun";"F:\Daten\Älter\Bilder\Bilder aus der Jugend\DARK SOULS™ II_ Scholar of the First Sin_20160104223437.jpg";"E:\OpenCloud\Persönlich (2)\Fotos\Verschiedenes\Bilder aus der Jugend\DARK SOULS™ II_ Scholar of the First Sin_20160104223437.jpg";"343934";"D9F121CBC88DF8F51EC35345B76F915F0DDAA0E27604AD32DADDBD86636F36DA";"D9F121CBC88DF8F51EC35345B76F915F0DDAA0E27604AD32DADDBD86636F36DA";"Würde gelöscht werden"
"2026-09-28 23:25:18";"DryRun";"F:\Daten\Älter\Bilder\Eigene Aufnahmen\20240719_145047.jpg";"E:\OpenCloud\Persönlich (2)\Fotos\Fesitval\Tomorrowland\20240719_145047.jpg";"6125606";"4026CB183E915FF5125F4DDFFEE43EDA79A26E45095EE0520B428161C8E3DE0B";"4026CB183E915FF5125F4DDFFEE43EDA79A26E45095EE0520B428161C8E3DE0B";"Würde gelöscht werden"
"2026-09-28 23:25:18";"DryRun";"F:\Daten\Älter\Bilder\Eigene Aufnahmen\20240720_010233.jpg";"E:\OpenCloud\Persönlich (2)\Fotos\Fesitval\Tomorrowland\20240720_010233.jpg";"7966591";"B34B5A67DF34AFFE9C8E7F8E20C6DE66E5119C7302A2911E567B812C8CC88A4F";"B34B5A67DF34AFFE9C8E7F8E20C6DE66E5119C7302A2911E567B812C8CC88A4F";"Würde gelöscht werden"
"2026-09-28 23:25:18";"DryRun";"F:\Daten\Älter\Bilder\Eigene Aufnahmen\IMG_20220803_150910.jpg";"E:\OpenCloud\Persönlich (2)\Fotos\Wandern\Berchtdesgarden 22\IMG_20220803_150910.jpg";"7331226";"F6F7913A3D1241705C2422D346DE308DA4B2C0C804E50087E13A3FCBCCE15196";"F6F7913A3D1241705C2422D346DE308DA4B2C0C804E50087E13A3FCBCCE15196";"Würde gelöscht werden"
"2026-09-28 23:25:18";"DryRun";"F:\Daten\Älter\Bilder\Eigene Aufnahmen\IMG_20220803_150915_001.jpg";"E:\OpenCloud\Persönlich (2)\Fotos\Wandern\Berchtdesgarden 22\IMG_20220803_150915_001.jpg";"4440323";"3FBB365832DF3B2B25EDF1416C0919055887D525C44689BF769FB608E59A948E";"3FBB365832DF3B2B25EDF1416C0919055887D525C44689BF769FB608E59A948E";"Würde gelöscht werden"
"2026-09-28 23:25:18";"DryRun";"F:\Daten\Älter\Bilder\Eigene Aufnahmen\IMG_20220803_150915_004.jpg";"E:\OpenCloud\Persönlich (2)\Fotos\Wandern\Berchtdesgarden 22\IMG_20220803_150915_004.jpg";"4426654";"2DC2220A464B94B5B19E09805CE0F3E8E080CF52B1709F67A41D356DC2C994B3";"2DC2220A464B94B5B19E09805CE0F3E8E080CF52B1709F67A41D356DC2C994B3";"Würde gelöscht werden"
"2026-09-28 23:25:18";"DryRun";"F:\Daten\Älter\Bilder\Eigene Aufnahmen\IMG_20220803_150915_008.jpg";"E:\OpenCloud\Persönlich (2)\Fotos\Wandern\Berchtdesgarden 22\IMG_20220803_150915_008.jpg";"4212174";"47FA9588466C62E270B7836AD9CD57F5E98AA162BC0E22D56D04D752D7F75076";"47FA9588466C62E270B7836AD9CD57F5E98AA162BC0E22D56D04D752D7F75076";"Würde gelöscht werden"
"2026-09-28 23:25:18";"DryRun";"F:\Daten\Älter\Bilder\Eigene Aufnahmen\IMG_20220803_150915_009.jpg";"E:\OpenCloud\Persönlich (2)\Fotos\Wandern\Berchtdesgarden 22\IMG_20220803_150915_009.jpg";"4012826";"B30EFEE3AF0A63A8C3E670B85BD352AA663D6E108EECE905CD7E50DB5886A901";"B30EFEE3AF0A63A8C3E670B85BD352AA663D6E108EECE905CD7E50DB5886A901";"Würde gelöscht werden"
"2026-09-28 23:25:18";"DryRun";"F:\Daten\Älter\Bilder\Eigene Aufnahmen\IMG_20220803_150915_010.jpg";"E:\OpenCloud\Persönlich (2)\Fotos\Wandern\Berchtdesgarden 22\IMG_20220803_150915_010.jpg";"3888965";"9F5CDA1367002BB9FBFCCAB7B747932A7C03ABEB22FC63B4817F375D5FE02E7D";"9F5CDA1367002BB9FBFCCAB7B747932A7C03ABEB22FC63B4817F375D5FE02E7D";"Würde gelöscht werden"
"2026-09-28 23:25:18";"DryRun";"F:\Daten\Älter\Bilder\Eigene Aufnahmen\IMG_20220803_150915_012.jpg";"E:\OpenCloud\Persönlich (2)\Fotos\Wandern\Berchtdesgarden 22\IMG_20220803_150915_012.jpg";"3653985";"0D33F6D1CA601A602B9F740C51D7A249A5775B48C4088F333C2B0A687CE910DE";"0D33F6D1CA601A602B9F740C51D7A249A5775B48C4088F333C2B0A687CE910DE";"Würde gelöscht werden"
"2026-09-28 23:25:19";"DryRun";"F:\Daten\Älter\Bilder\Eigene Aufnahmen\IMG_20220803_150915_014.jpg";"E:\OpenCloud\Persönlich (2)\Fotos\Wandern\Berchtdesgarden 22\IMG_20220803_150915_014.jpg";"3587186";"C0DB0B53BDCA6C6778EC7FE254F924C6E4DC15CAA44B9805975061ECFE7E30B8";"C0DB0B53BDCA6C6778EC7FE254F924C6E4DC15CAA44B9805975061ECFE7E30B8";"Würde gelöscht werden"
"2026-09-28 23:25:19";"DryRun";"F:\Daten\Älter\Bilder\Eigene Aufnahmen\IMG_20220803_150915_015.jpg";"E:\OpenCloud\Persönlich (2)\Fotos\Wandern\Berchtdesgarden 22\IMG_20220803_150915_015.jpg";"3551846";"B40F0742C91DA3226B35BF5A8E8AB87E7D7374EEE19F9CC732FF1C3F241D0DDB";"B40F0742C91DA3226B35BF5A8E8AB87E7D7374EEE19F9CC732FF1C3F241D0DDB";"Würde gelöscht werden"
"2026-09-28 23:25:19";"DryRun";"F:\Daten\Älter\Bilder\Eigene Aufnahmen\IMG_20220803_150915_016.jpg";"E:\OpenCloud\Persönlich (2)\Fotos\Wandern\Berchtdesgarden 22\IMG_20220803_150915_016.jpg";"3514560";"3A782CAC52B6728B23FCF7320C191010AEEB21DE76E79500899B35B927E8017D";"3A782CAC52B6728B23FCF7320C191010AEEB21DE76E79500899B35B927E8017D";"Würde gelöscht werden"
"2026-09-28 23:25:19";"DryRun";"F:\Daten\Älter\Bilder\Eigene Aufnahmen\IMG_20220803_150915_017.jpg";"E:\OpenCloud\Persönlich (2)\Fotos\Wandern\Berchtdesgarden 22\IMG_20220803_150915_017.jpg";"3428494";"21BD6184578438AF810F08F5034505947A5E21B0D82FB71F0D30D8F22FCB0B86";"21BD6184578438AF810F08F5034505947A5E21B0D82FB71F0D30D8F22FCB0B86";"Würde gelöscht werden"
"2026-09-28 23:25:19";"DryRun";"F:\Daten\Älter\Bilder\Eigene Aufnahmen\IMG_20220803_150915_018.jpg";"E:\OpenCloud\Persönlich (2)\Fotos\Wandern\Berchtdesgarden 22\IMG_20220803_150915_018.jpg";"3428356";"9CA0DB372B0394D271730843296FAB78F8474B9FAD12AA2A80049301876E95AA";"9CA0DB372B0394D271730843296FAB78F8474B9FAD12AA2A80049301876E95AA";"Würde gelöscht werden"
"2026-09-28 23:25:19";"DryRun";"F:\Daten\Älter\Bilder\Eigene Aufnahmen\IMG_20220803_150915_019.jpg";"E:\OpenCloud\Persönlich (2)\Fotos\Wandern\Berchtdesgarden 22\IMG_20220803_150915_019.jpg";"3430408";"3D710A724CF20FC3FD6F72AD7A8B70592DC94AD3543B908034C43B7F22FD94B1";"3D710A724CF20FC3FD6F72AD7A8B70592DC94AD3543B908034C43B7F22FD94B1";"Würde gelöscht werden"
"2026-09-28 23:25:19";"DryRun";"F:\Daten\Älter\Bilder\Eigene Aufnahmen\IMG_20220803_150915_020.jpg";"E:\OpenCloud\Persönlich (2)\Fotos\Wandern\Berchtdesgarden 22\IMG_20220803_150915_020.jpg";"3403411";"6708829CFB28E93759500314BE6CB0FAB4F6EF5C5E517EA773146577262FAB77";"6708829CFB28E93759500314BE6CB0FAB4F6EF5C5E517EA773146577262FAB77";"Würde gelöscht werden"
"2026-09-28 23:25:19";"DryRun";"F:\Daten\Älter\Bilder\Eigene Aufnahmen\IMG_20220803_160315.jpg";"E:\OpenCloud\Persönlich (2)\Fotos\Wandern\Berchtdesgarden 22\IMG_20220803_160315.jpg";"7249668";"EA4CD2ECABF3802788EF08C895042D42641EB456DB84BECEEE88C4D20D0B440E";"EA4CD2ECABF3802788EF08C895042D42641EB456DB84BECEEE88C4D20D0B440E";"Würde gelöscht werden"
"2026-09-28 23:25:19";"DryRun";"F:\Daten\Älter\Bilder\Eigene Aufnahmen\IMG_20220803_162510.jpg";"E:\OpenCloud\Persönlich (2)\Fotos\Wandern\Berchtdesgarden 22\IMG_20220803_162510.jpg";"9726787";"229F7ABCC988FA40CCF9497F0DDB06A5A2E1CF8967C50D04E8C41BA49218901B";"229F7ABCC988FA40CCF9497F0DDB06A5A2E1CF8967C50D04E8C41BA49218901B";"Würde gelöscht werden"
"2026-09-28 23:25:20";"DryRun";"F:\Daten\Älter\Bilder\Eigene Aufnahmen\IMG_20220804_103659.jpg";"E:\OpenCloud\Persönlich (2)\Fotos\Wandern\Berchtdesgarden 22\IMG_20220804_103659.jpg";"7657492";"D9B9A985313F17B72160677136798C6AD9EB2899E3682662726657F6A7B5888E";"D9B9A985313F17B72160677136798C6AD9EB2899E3682662726657F6A7B5888E";"Würde gelöscht werden"
"2026-09-28 23:25:20";"DryRun";"F:\Daten\Älter\Bilder\Eigene Aufnahmen\IMG_20220804_120126.jpg";"E:\OpenCloud\Persönlich (2)\Fotos\Wandern\Berchtdesgarden 22\IMG_20220804_120126.jpg";"5740107";"045EEF434DDC8172D4E1902E5FB43FC6CB9D79BB4B4B5EBE1379A399314E9D71";"045EEF434DDC8172D4E1902E5FB43FC6CB9D79BB4B4B5EBE1379A399314E9D71";"Würde gelöscht werden"
"2026-09-28 23:25:20";"DryRun";"F:\Daten\Älter\Bilder\Eigene Aufnahmen\IMG_20220804_123518_001.jpg";"E:\OpenCloud\Persönlich (2)\Fotos\Wandern\Berchtdesgarden 22\IMG_20220804_123518_001.jpg";"3047435";"F2C62B2CD4BE2439CBBBA7C5DDF53D7FDFD5A34332B8B1537B9CE6DB543F3722";"F2C62B2CD4BE2439CBBBA7C5DDF53D7FDFD5A34332B8B1537B9CE6DB543F3722";"Würde gelöscht werden"
"2026-09-28 23:25:20";"DryRun";"F:\Daten\Älter\Bilder\Eigene Aufnahmen\IMG_20220804_123518_002.jpg";"E:\OpenCloud\Persönlich (2)\Fotos\Wandern\Berchtdesgarden 22\IMG_20220804_123518_002.jpg";"3051973";"E9A896EA39137D0BC58DCB633186929E69261FB757016A5FF5D16B50E24F9FDE";"E9A896EA39137D0BC58DCB633186929E69261FB757016A5FF5D16B50E24F9FDE";"Würde gelöscht werden"
"2026-09-28 23:25:20";"DryRun";"F:\Daten\Älter\Bilder\Eigene Aufnahmen\IMG_20220804_123518_004.jpg";"E:\OpenCloud\Persönlich (2)\Fotos\Wandern\Berchtdesgarden 22\IMG_20220804_123518_004.jpg";"3055493";"AF30D850B2A1603481EC75569207FE1B435B0EF1E744FD6C344D0E6F5F567AB2";"AF30D850B2A1603481EC75569207FE1B435B0EF1E744FD6C344D0E6F5F567AB2";"Würde gelöscht werden"
"2026-09-28 23:25:20";"DryRun";"F:\Daten\Älter\Bilder\Eigene Aufnahmen\IMG_20220804_123518_005.jpg";"E:\OpenCloud\Persönlich (2)\Fotos\Wandern\Berchtdesgarden 22\IMG_20220804_123518_005.jpg";"3066449";"E890A2247AB1FC0E5695C7B4CE8F4C006019049F719D5BCCEB1BC98889A5B88A";"E890A2247AB1FC0E5695C7B4CE8F4C006019049F719D5BCCEB1BC98889A5B88A";"Würde gelöscht werden"
"2026-09-28 23:25:21";"DryRun";"F:\Daten\Älter\Bilder\Eigene Aufnahmen\IMG_20220804_123518_011.jpg";"E:\OpenCloud\Persönlich (2)\Fotos\Wandern\Berchtdesgarden 22\IMG_20220804_123518_011.jpg";"3134715";"D5524F917330B9E750317D8B022B11DE81685042ECB1A9E84312F7BA26C5B7B6";"D5524F917330B9E750317D8B022B11DE81685042ECB1A9E84312F7BA26C5B7B6";"Würde gelöscht werden"
"2026-09-28 23:25:21";"DryRun";"F:\Daten\Älter\Bilder\Eigene Aufnahmen\IMG_20220804_123518_012.jpg";"E:\OpenCloud\Persönlich (2)\Fotos\Wandern\Berchtdesgarden 22\IMG_20220804_123518_012.jpg";"3141788";"374D6ACAE739B3CDC6727F3E7EAE4BF37355C92194447A19F8DD311340F5D19E";"374D6ACAE739B3CDC6727F3E7EAE4BF37355C92194447A19F8DD311340F5D19E";"Würde gelöscht werden"
"2026-09-28 23:25:21";"DryRun";"F:\Daten\Älter\Bilder\Eigene Aufnahmen\IMG_20220804_123518_015.jpg";"E:\OpenCloud\Persönlich (2)\Fotos\Wandern\Berchtdesgarden 22\IMG_20220804_123518_015.jpg";"3158843";"B54815200BCB0ACF29E1795A5DE3987E94658C18F565AECFADE443A2479BAE09";"B54815200BCB0ACF29E1795A5DE3987E94658C18F565AECFADE443A2479BAE09";"Würde gelöscht werden"
"2026-09-28 23:25:21";"DryRun";"F:\Daten\Älter\Bilder\Eigene Aufnahmen\IMG_20220804_123518_016.jpg";"E:\OpenCloud\Persönlich (2)\Fotos\Wandern\Berchtdesgarden 22\IMG_20220804_123518_016.jpg";"3164341";"44AD2D57C109118D19F891148B1DB6D57A826E7C1A31A1DC878E7144E05C5BA6";"44AD2D57C109118D19F891148B1DB6D57A826E7C1A31A1DC878E7144E05C5BA6";"Würde gelöscht werden"
"2026-09-28 23:25:21";"DryRun";"F:\Daten\Älter\Bilder\Eigene Aufnahmen\IMG_20220804_123518_017.jpg";"E:\OpenCloud\Persönlich (2)\Fotos\Wandern\Berchtdesgarden 22\IMG_20220804_123518_017.jpg";"3183921";"46B7A9B2263D07C7D93B7C099D326D10346CD0B6F82F5ED65B02A2A7A112AC51";"46B7A9B2263D07C7D93B7C099D326D10346CD0B6F82F5ED65B02A2A7A112AC51";"Würde gelöscht werden"
"2026-09-28 23:25:21";"DryRun";"F:\Daten\Älter\Bilder\Eigene Aufnahmen\IMG_20220804_123518_018.jpg";"E:\OpenCloud\Persönlich (2)\Fotos\Wandern\Berchtdesgarden 22\IMG_20220804_123518_018.jpg";"3184459";"D676923A5B887C7D1C79B528E91DC153D226D6E5C5D9537A57CDE744595A46E5";"D676923A5B887C7D1C79B528E91DC153D226D6E5C5D9537A57CDE744595A46E5";"Würde gelöscht werden"
"2026-09-28 23:25:21";"DryRun";"F:\Daten\Älter\Bilder\Eigene Aufnahmen\IMG_20220804_123518_019.jpg";"E:\OpenCloud\Persönlich (2)\Fotos\Wandern\Berchtdesgarden 22\IMG_20220804_123518_019.jpg";"3187065";"001B7912546AADA390CFDF2F4138890063BA52F8DC1C9EFF1AA76BC2F24F42E5";"001B7912546AADA390CFDF2F4138890063BA52F8DC1C9EFF1AA76BC2F24F42E5";"Würde gelöscht werden"
"2026-09-28 23:25:21";"DryRun";"F:\Daten\Älter\Bilder\Eigene Aufnahmen\IMG_20220804_123518_020.jpg";"E:\OpenCloud\Persönlich (2)\Fotos\Wandern\Berchtdesgarden 22\IMG_20220804_123518_020.jpg";"3219230";"D77263C1AEE49FB82BFBCE3D59559D55F96F55E24E2440D99F84FE9892C07C26";"D77263C1AEE49FB82BFBCE3D59559D55F96F55E24E2440D99F84FE9892C07C26";"Würde gelöscht werden"
"2026-09-28 23:25:22";"DryRun";"F:\Daten\Älter\Bilder\Eigene Aufnahmen\IMG_20220804_130822.jpg";"E:\OpenCloud\Persönlich (2)\Fotos\Wandern\Berchtdesgarden 22\IMG_20220804_130822.jpg";"2410721";"CEE1DDD395C1E6DE5002A231C5729178673EA008C9739F00173D7DDB2CFA0EEC";"CEE1DDD395C1E6DE5002A231C5729178673EA008C9739F00173D7DDB2CFA0EEC";"Würde gelöscht werden"
"2026-09-28 23:25:22";"DryRun";"F:\Daten\Älter\Bilder\Eigene Aufnahmen\IMG_20220804_130831.jpg";"E:\OpenCloud\Persönlich (2)\Fotos\Wandern\Berchtdesgarden 22\IMG_20220804_130831.jpg";"2198630";"848A1443CED52487BC5B4E476152A8A7CAD415F6DD4664812B9ECC94B1DF9544";"848A1443CED52487BC5B4E476152A8A7CAD415F6DD4664812B9ECC94B1DF9544";"Würde gelöscht werden"
"2026-09-28 23:25:22";"DryRun";"F:\Daten\Älter\Bilder\Eigene Aufnahmen\IMG_20220804_131046.jpg";"E:\OpenCloud\Persönlich (2)\Fotos\Wandern\Berchtdesgarden 22\IMG_20220804_131046.jpg";"6363980";"B3523D2A10465199342D72D6F11BEBC84515B5357C7ADDC6B42097FD8B7B2D1A";"B3523D2A10465199342D72D6F11BEBC84515B5357C7ADDC6B42097FD8B7B2D1A";"Würde gelöscht werden"
"2026-09-28 23:25:22";"DryRun";"F:\Daten\Älter\Bilder\Eigene Aufnahmen\IMG_20220804_132915_001.jpg";"E:\OpenCloud\Persönlich (2)\Fotos\Wandern\Berchtdesgarden 22\IMG_20220804_132915_001.jpg";"3711817";"D5035751F8DDB11EF68AA68EB8BC62D11918D5F4D2668124384637CA8DB86B3E";"D5035751F8DDB11EF68AA68EB8BC62D11918D5F4D2668124384637CA8DB86B3E";"Würde gelöscht werden"
"2026-09-28 23:25:22";"DryRun";"F:\Daten\Älter\Bilder\Eigene Aufnahmen\IMG_20220804_132915_002.jpg";"E:\OpenCloud\Persönlich (2)\Fotos\Wandern\Berchtdesgarden 22\IMG_20220804_132915_002.jpg";"3705162";"88DDD13A9B6E53EE0DCC87C81E3E6E17B641A523C8C86883F3E98F1C5CD2F0DA";"88DDD13A9B6E53EE0DCC87C81E3E6E17B641A523C8C86883F3E98F1C5CD2F0DA";"Würde gelöscht werden"
"2026-09-28 23:25:22";"DryRun";"F:\Daten\Älter\Bilder\Eigene Aufnahmen\IMG_20220804_132915_003.jpg";"E:\OpenCloud\Persönlich (2)\Fotos\Wandern\Berchtdesgarden 22\IMG_20220804_132915_003.jpg";"3707233";"BCEBCBF8D301C3900B66E237DD82BB7D58E62A60797935D2F6B0BE276496FEBD";"BCEBCBF8D301C3900B66E237DD82BB7D58E62A60797935D2F6B0BE276496FEBD";"Würde gelöscht werden"
"2026-09-28 23:25:23";"DryRun";"F:\Daten\Älter\Bilder\Eigene Aufnahmen\IMG_20220804_132915_004.jpg";"E:\OpenCloud\Persönlich (2)\Fotos\Wandern\Berchtdesgarden 22\IMG_20220804_132915_004.jpg";"3734504";"A7C8580D6702E95E009656F70666AC64C1A12747D0D50222E238E3DB7C90A466";"A7C8580D6702E95E009656F70666AC64C1A12747D0D50222E238E3DB7C90A466";"Würde gelöscht werden"
"2026-09-28 23:25:23";"DryRun";"F:\Daten\Älter\Bilder\Eigene Aufnahmen\IMG_20220804_132915_005.jpg";"E:\OpenCloud\Persönlich (2)\Fotos\Wandern\Berchtdesgarden 22\IMG_20220804_132915_005.jpg";"3734958";"C10E3B17009755ABDAF63871C370166B905B0E680A128E6FFF033E75DDA8F78E";"C10E3B17009755ABDAF63871C370166B905B0E680A128E6FFF033E75DDA8F78E";"Würde gelöscht werden"
"2026-09-28 23:25:23";"DryRun";"F:\Daten\Älter\Bilder\Eigene Aufnahmen\IMG_20220804_132915_006.jpg";"E:\OpenCloud\Persönlich (2)\Fotos\Wandern\Berchtdesgarden 22\IMG_20220804_132915_006.jpg";"3734743";"5ED2AE6596F87DDD3B379DDD1C653593A34E52D6ADE11596F87C5E4D479D7473";"5ED2AE6596F87DDD3B379DDD1C653593A34E52D6ADE11596F87C5E4D479D7473";"Würde gelöscht werden"
"2026-09-28 23:25:23";"DryRun";"F:\Daten\Älter\Bilder\Eigene Aufnahmen\IMG_20220804_132915_007.jpg";"E:\OpenCloud\Persönlich (2)\Fotos\Wandern\Berchtdesgarden 22\IMG_20220804_132915_007.jpg";"3737778";"AB72285992DAA2F5575D98D18B7406C06363058F58063CF0396303B2417D2448";"AB72285992DAA2F5575D98D18B7406C06363058F58063CF0396303B2417D2448";"Würde gelöscht werden"
"2026-09-28 23:25:23";"DryRun";"F:\Daten\Älter\Bilder\Eigene Aufnahmen\IMG_20220804_132915_008.jpg";"E:\OpenCloud\Persönlich (2)\Fotos\Wandern\Berchtdesgarden 22\IMG_20220804_132915_008.jpg";"3737653";"28EDC7E817948210AB400F4D80D29EC4235F7DE5B67F68B336C2BC427F7C452C";"28EDC7E817948210AB400F4D80D29EC4235F7DE5B67F68B336C2BC427F7C452C";"Würde gelöscht werden"
"2026-09-28 23:25:23";"DryRun";"F:\Daten\Älter\Bilder\Eigene Aufnahmen\IMG_20220804_132915_009.jpg";"E:\OpenCloud\Persönlich (2)\Fotos\Wandern\Berchtdesgarden 22\IMG_20220804_132915_009.jpg";"3736720";"07CB726D1BE51BE3ACAFD874A58E076BAE7F4E94A7C9A7F9B370EF6BFA784531";"07CB726D1BE51BE3ACAFD874A58E076BAE7F4E94A7C9A7F9B370EF6BFA784531";"Würde gelöscht werden"
"2026-09-28 23:25:24";"DryRun";"F:\Daten\Älter\Bilder\Eigene Aufnahmen\IMG_20220804_132915_010.jpg";"E:\OpenCloud\Persönlich (2)\Fotos\Wandern\Berchtdesgarden 22\IMG_20220804_132915_010.jpg";"3745858";"54DC658B7D837304B05ACBD2DB472E9B5718917F278942CB9471E5E0E8212EEF";"54DC658B7D837304B05ACBD2DB472E9B5718917F278942CB9471E5E0E8212EEF";"Würde gelöscht werden"
"2026-09-28 23:25:24";"DryRun";"F:\Daten\Älter\Bilder\Eigene Aufnahmen\IMG_20220804_132915_011.jpg";"E:\OpenCloud\Persönlich (2)\Fotos\Wandern\Berchtdesgarden 22\IMG_20220804_132915_011.jpg";"3728014";"84E57F712E4EB15E52A3FFD6D3457F29D29F96BAB66FF5087BCE121737B1BD0D";"84E57F712E4EB15E52A3FFD6D3457F29D29F96BAB66FF5087BCE121737B1BD0D";"Würde gelöscht werden"
"2026-09-28 23:25:24";"DryRun";"F:\Daten\Älter\Bilder\Eigene Aufnahmen\IMG_20220804_132915_012.jpg";"E:\OpenCloud\Persönlich (2)\Fotos\Wandern\Berchtdesgarden 22\IMG_20220804_132915_012.jpg";"3723753";"7BFF52ABC8E0B27261F68DA3E187430EE071F94F176472385B45D8BCB9EB06DA";"7BFF52ABC8E0B27261F68DA3E187430EE071F94F176472385B45D8BCB9EB06DA";"Würde gelöscht werden"
"2026-09-28 23:25:24";"DryRun";"F:\Daten\Älter\Bilder\Eigene Aufnahmen\IMG_20220804_132915_013.jpg";"E:\OpenCloud\Persönlich (2)\Fotos\Wandern\Berchtdesgarden 22\IMG_20220804_132915_013.jpg";"3719494";"65649FAF6C206BA784CD9C2A181354D4FEC24B8F23060AD6A8109FEECB4A4AF6";"65649FAF6C206BA784CD9C2A181354D4FEC24B8F23060AD6A8109FEECB4A4AF6";"Würde gelöscht werden"
"2026-09-28 23:25:24";"DryRun";"F:\Daten\Älter\Bilder\Eigene Aufnahmen\IMG_20220804_132915_014.jpg";"E:\OpenCloud\Persönlich (2)\Fotos\Wandern\Berchtdesgarden 22\IMG_20220804_132915_014.jpg";"3727370";"769DF29F361614406C261BF83EBFCA96BBBB20634198702C543DAE7B199259BD";"769DF29F361614406C261BF83EBFCA96BBBB20634198702C543DAE7B199259BD";"Würde gelöscht werden"
"2026-09-28 23:25:24";"DryRun";"F:\Daten\Älter\Bilder\Eigene Aufnahmen\IMG_20220804_132915_015.jpg";"E:\OpenCloud\Persönlich (2)\Fotos\Wandern\Berchtdesgarden 22\IMG_20220804_132915_015.jpg";"3723370";"FD8036257D41184D53F78ED66B05DFDB75C7CC39A68994B155B331F661CA2B02";"FD8036257D41184D53F78ED66B05DFDB75C7CC39A68994B155B331F661CA2B02";"Würde gelöscht werden"
"2026-09-28 23:25:24";"DryRun";"F:\Daten\Älter\Bilder\Eigene Aufnahmen\IMG_20220804_132915_016.jpg";"E:\OpenCloud\Persönlich (2)\Fotos\Wandern\Berchtdesgarden 22\IMG_20220804_132915_016.jpg";"3720642";"D8F7A76D6CBF7772B6EFE68B348D2BE14F1F6E8BC8A2DD9BC308AD2503328B88";"D8F7A76D6CBF7772B6EFE68B348D2BE14F1F6E8BC8A2DD9BC308AD2503328B88";"Würde gelöscht werden"
"2026-09-28 23:25:25";"DryRun";"F:\Daten\Älter\Bilder\Eigene Aufnahmen\IMG_20220804_132915_017.jpg";"E:\OpenCloud\Persönlich (2)\Fotos\Wandern\Berchtdesgarden 22\IMG_20220804_132915_017.jpg";"3718423";"5206F5C3B1AA4F28D55F97164779067BC3DBA7B27FA9FD157ED21DAA94714D85";"5206F5C3B1AA4F28D55F97164779067BC3DBA7B27FA9FD157ED21DAA94714D85";"Würde gelöscht werden"
"2026-09-28 23:25:25";"DryRun";"F:\Daten\Älter\Bilder\Eigene Aufnahmen\IMG_20220804_132915_018.jpg";"E:\OpenCloud\Persönlich (2)\Fotos\Wandern\Berchtdesgarden 22\IMG_20220804_132915_018.jpg";"3710305";"9DD00ECA499DDDB07C362CC98B524718D93A867ECA242083ABA64525BAF0FA51";"9DD00ECA499DDDB07C362CC98B524718D93A867ECA242083ABA64525BAF0FA51";"Würde gelöscht werden"
"2026-09-28 23:25:25";"DryRun";"F:\Daten\Älter\Bilder\Eigene Aufnahmen\IMG_20220804_132915_019.jpg";"E:\OpenCloud\Persönlich (2)\Fotos\Wandern\Berchtdesgarden 22\IMG_20220804_132915_019.jpg";"3705643";"31EE8CB7D19615DBB86060B4E1AE2900A174289A1D38700A262F7C179443B652";"31EE8CB7D19615DBB86060B4E1AE2900A174289A1D38700A262F7C179443B652";"Würde gelöscht werden"
"2026-09-28 23:25:25";"DryRun";"F:\Daten\Älter\Bilder\Eigene Aufnahmen\IMG_20220804_132915_020.jpg";"E:\OpenCloud\Persönlich (2)\Fotos\Wandern\Berchtdesgarden 22\IMG_20220804_132915_020.jpg";"3702763";"B2F16C8FC7A19CDCA859AD607721974A802F4DBA4E7515B7B95CFE3623F2840C";"B2F16C8FC7A19CDCA859AD607721974A802F4DBA4E7515B7B95CFE3623F2840C";"Würde gelöscht werden"
"2026-09-28 23:25:26";"DryRun";"F:\Daten\Älter\Bilder\Eigene Aufnahmen\IMG_20220804_132936.jpg";"E:\OpenCloud\Persönlich (2)\Fotos\Wandern\Berchtdesgarden 22\IMG_20220804_132936.jpg";"26056821";"69C59B572FC833C5719BC4B855C8BE03B780C1219ED4E24FD5A6DF0370D42206";"69C59B572FC833C5719BC4B855C8BE03B780C1219ED4E24FD5A6DF0370D42206";"Würde gelöscht werden"
"2026-09-28 23:25:26";"DryRun";"F:\Daten\Älter\Bilder\Eigene Aufnahmen\IMG_20220804_133423_001.jpg";"E:\OpenCloud\Persönlich (2)\Fotos\Wandern\Berchtdesgarden 22\IMG_20220804_133423_001.jpg";"4093835";"1E4980D8968E36EE5C28E6B1DB5E1764819C5485CED36D90E278E3B33332AE41";"1E4980D8968E36EE5C28E6B1DB5E1764819C5485CED36D90E278E3B33332AE41";"Würde gelöscht werden"
"2026-09-28 23:25:26";"DryRun";"F:\Daten\Älter\Bilder\Eigene Aufnahmen\IMG_20220804_133423_002.jpg";"E:\OpenCloud\Persönlich (2)\Fotos\Wandern\Berchtdesgarden 22\IMG_20220804_133423_002.jpg";"4083572";"CBA5F079EC7CAFE2FCFA3A56160AE37DFC9250AD4874AB92F37C90F19C72B937";"CBA5F079EC7CAFE2FCFA3A56160AE37DFC9250AD4874AB92F37C90F19C72B937";"Würde gelöscht werden"
"2026-09-28 23:25:26";"DryRun";"F:\Daten\Älter\Bilder\Eigene Aufnahmen\IMG_20220804_133423_003.jpg";"E:\OpenCloud\Persönlich (2)\Fotos\Wandern\Berchtdesgarden 22\IMG_20220804_133423_003.jpg";"4091931";"4EE0CA511E6AAFE3A673F7F1893FA8DD9DBEBB0CB404E79D1193944A888CD509";"4EE0CA511E6AAFE3A673F7F1893FA8DD9DBEBB0CB404E79D1193944A888CD509";"Würde gelöscht werden"
"2026-09-28 23:25:27";"DryRun";"F:\Daten\Älter\Bilder\Eigene Aufnahmen\IMG_20220804_133423_004.jpg";"E:\OpenCloud\Persönlich (2)\Fotos\Wandern\Berchtdesgarden 22\IMG_20220804_133423_004.jpg";"4084068";"669D50A9B304C543349775BB92C7FB17A64CF31598B75302B529DD62D5EE7D53";"669D50A9B304C543349775BB92C7FB17A64CF31598B75302B529DD62D5EE7D53";"Würde gelöscht werden"
"2026-09-28 23:25:27";"DryRun";"F:\Daten\Älter\Bilder\Eigene Aufnahmen\IMG_20220804_133423_005.jpg";"E:\OpenCloud\Persönlich (2)\Fotos\Wandern\Berchtdesgarden 22\IMG_20220804_133423_005.jpg";"4071577";"FBDDCEB04C78D41503A99B1E41F90118F7335C24A8983BBC11B8910BB6CCCEE2";"FBDDCEB04C78D41503A99B1E41F90118F7335C24A8983BBC11B8910BB6CCCEE2";"Würde gelöscht werden"
"2026-09-28 23:25:27";"DryRun";"F:\Daten\Älter\Bilder\Eigene Aufnahmen\IMG_20220804_133423_006.jpg";"E:\OpenCloud\Persönlich (2)\Fotos\Wandern\Berchtdesgarden 22\IMG_20220804_133423_006.jpg";"4063486";"2125FA82A0FDEB269D6F436CFDEC5829CA6A5CA04061A370B32D1E30A617CA1A";"2125FA82A0FDEB269D6F436CFDEC5829CA6A5CA04061A370B32D1E30A617CA1A";"Würde gelöscht werden"
"2026-09-28 23:25:27";"DryRun";"F:\Daten\Älter\Bilder\Eigene Aufnahmen\IMG_20220804_133423_007.jpg";"E:\OpenCloud\Persönlich (2)\Fotos\Wandern\Berchtdesgarden 22\IMG_20220804_133423_007.jpg";"4064013";"7AB31ED763655C666F6EE8B91508D3B55734696FF260AF27A78C68763CC67612";"7AB31ED763655C666F6EE8B91508D3B55734696FF260AF27A78C68763CC67612";"Würde gelöscht werden"
"2026-09-28 23:25:27";"DryRun";"F:\Daten\Älter\Bilder\Eigene Aufnahmen\IMG_20220804_133423_008.jpg";"E:\OpenCloud\Persönlich (2)\Fotos\Wandern\Berchtdesgarden 22\IMG_20220804_133423_008.jpg";"4071127";"2921A2836D09C91D7D5E25BA9BED2CE59D384A2CFCE7097E3918B367A382AD36";"2921A2836D09C91D7D5E25BA9BED2CE59D384A2CFCE7097E3918B367A382AD36";"Würde gelöscht werden"
"2026-09-28 23:25:27";"DryRun";"F:\Daten\Älter\Bilder\Eigene Aufnahmen\IMG_20220804_133423_009.jpg";"E:\OpenCloud\Persönlich (2)\Fotos\Wandern\Berchtdesgarden 22\IMG_20220804_133423_009.jpg";"4074124";"35003ABD43EC2D3509B560890D89E5C8A25DEAF6F950B8A92CE673CC6C77850A";"35003ABD43EC2D3509B560890D89E5C8A25DEAF6F950B8A92CE673CC6C77850A";"Würde gelöscht werden"
"2026-09-28 23:25:28";"DryRun";"F:\Daten\Älter\Bilder\Eigene Aufnahmen\IMG_20220804_133423_010.jpg";"E:\OpenCloud\Persönlich (2)\Fotos\Wandern\Berchtdesgarden 22\IMG_20220804_133423_010.jpg";"4090797";"C74C224022A61BF8243350C2763EA5AA14A4741567C538B480AF7A28DB483F0E";"C74C224022A61BF8243350C2763EA5AA14A4741567C538B480AF7A28DB483F0E";"Würde gelöscht werden"
"2026-09-28 23:25:28";"DryRun";"F:\Daten\Älter\Bilder\Eigene Aufnahmen\IMG_20220804_135500.jpg";"E:\OpenCloud\Persönlich (2)\Fotos\Wandern\Berchtdesgarden 22\IMG_20220804_135500.jpg";"9841365";"7A0D5B0304C1EF7E36DB767E0BAE37592F4DDE0EC92A3870FEDC10B72BFD3FBB";"7A0D5B0304C1EF7E36DB767E0BAE37592F4DDE0EC92A3870FEDC10B72BFD3FBB";"Würde gelöscht werden"
"2026-09-28 23:25:28";"DryRun";"F:\Daten\Älter\Bilder\Eigene Aufnahmen\IMG_20220804_135505.jpg";"E:\OpenCloud\Persönlich (2)\Fotos\Wandern\Berchtdesgarden 22\IMG_20220804_135505.jpg";"8957328";"1FF16DA20DE85AFA8AA6037D059DB7C7DD332D28C8405C812D44A5E960D6AAF5";"1FF16DA20DE85AFA8AA6037D059DB7C7DD332D28C8405C812D44A5E960D6AAF5";"Würde gelöscht werden"
"2026-09-28 23:25:29";"DryRun";"F:\Daten\Älter\Bilder\Eigene Aufnahmen\IMG_20220804_143009.jpg";"E:\OpenCloud\Persönlich (2)\Fotos\Wandern\Berchtdesgarden 22\IMG_20220804_143009.jpg";"8440910";"C891ECF9BE71378640D63EF92688119158276FF6BFC4328517751E900F6B0295";"C891ECF9BE71378640D63EF92688119158276FF6BFC4328517751E900F6B0295";"Würde gelöscht werden"
"2026-09-28 23:25:29";"DryRun";"F:\Daten\Älter\Bilder\Eigene Aufnahmen\IMG_20220804_143014.jpg";"E:\OpenCloud\Persönlich (2)\Fotos\Wandern\Berchtdesgarden 22\IMG_20220804_143014.jpg";"8444972";"A2D1328986731DC588919AB81B313D433291E987DF32C5DE8689814C13CEEB86";"A2D1328986731DC588919AB81B313D433291E987DF32C5DE8689814C13CEEB86";"Würde gelöscht werden"
"2026-09-28 23:25:29";"DryRun";"F:\Daten\Älter\Bilder\Eigene Aufnahmen\IMG_20220805_120344.jpg";"E:\OpenCloud\Persönlich (2)\Fotos\Wandern\Berchtdesgarden 22\IMG_20220805_120344.jpg";"5911465";"625FBB4D10467A746C83EB9B5A6834514D5B2CCBBC88E496079936F355A7E3F7";"625FBB4D10467A746C83EB9B5A6834514D5B2CCBBC88E496079936F355A7E3F7";"Würde gelöscht werden"
"2026-09-28 23:25:29";"DryRun";"F:\Daten\Älter\Bilder\Eigene Aufnahmen\IMG_20220805_133921.jpg";"E:\OpenCloud\Persönlich (2)\Fotos\Wandern\Berchtdesgarden 22\IMG_20220805_133921.jpg";"4826908";"9658F8B61497914A17F916A1BD3675B443A402E425B9E8D8F0647E77547AF57C";"9658F8B61497914A17F916A1BD3675B443A402E425B9E8D8F0647E77547AF57C";"Würde gelöscht werden"
"2026-09-28 23:25:29";"DryRun";"F:\Daten\Älter\Bilder\Eigene Aufnahmen\IMG_20220812_200842.jpg";"E:\OpenCloud\Persönlich (2)\Fotos\Verschiedenes\IMG_20220812_200842.jpg";"3245103";"A876C602FA0B14D29D2D07EED99FDFEAE45F6B60D8F37A2204E1824BF1C5C62A";"A876C602FA0B14D29D2D07EED99FDFEAE45F6B60D8F37A2204E1824BF1C5C62A";"Würde gelöscht werden"
"2026-09-28 23:25:30";"DryRun";"F:\Daten\Älter\Bilder\Eigene Aufnahmen\IMG_20220813_030706.jpg";"E:\OpenCloud\Persönlich (2)\Fotos\Verschiedenes\IMG_20220813_030706.jpg";"5442662";"4BF3BD84B66585B3B0C49B5239BB2CFB5760BBB9CAA3F925C85CE65C97764F49";"4BF3BD84B66585B3B0C49B5239BB2CFB5760BBB9CAA3F925C85CE65C97764F49";"Würde gelöscht werden"
"2026-09-28 23:25:30";"DryRun";"F:\Daten\Älter\Bilder\Eigene Aufnahmen\IMG_20220820_112135.jpg";"E:\OpenCloud\Persönlich (2)\Fotos\Verschiedenes\IMG_20220820_112135.jpg";"5170154";"084E7FE19129C58F1CA5FDBF9AB0C61677D1CF127C5D6E510950573632D1A9FD";"084E7FE19129C58F1CA5FDBF9AB0C61677D1CF127C5D6E510950573632D1A9FD";"Würde gelöscht werden"
"2026-09-28 23:25:30";"DryRun";"F:\Daten\Älter\Bilder\Eigene Aufnahmen\IMG_20230729_180126.jpg";"E:\OpenCloud\Persönlich (2)\Fotos\Verschiedenes\IMG_20230729_180126.jpg";"2081862";"630FEA6BCFE7A1021343B3EAA1207899ED8B7DD46E073605150A7DB28DC9E49E";"630FEA6BCFE7A1021343B3EAA1207899ED8B7DD46E073605150A7DB28DC9E49E";"Würde gelöscht werden"
"2026-09-28 23:25:30";"DryRun";"F:\Daten\Älter\Bilder\Eigene Aufnahmen\IMG_20230730_010453.jpg";"E:\OpenCloud\Persönlich (2)\Fotos\Verschiedenes\IMG_20230730_010453.jpg";"2656995";"94D0001DA93343F54DA2B058705364AA33653E2C04C98189F3A36159D43BBE59";"94D0001DA93343F54DA2B058705364AA33653E2C04C98189F3A36159D43BBE59";"Würde gelöscht werden"
"2026-09-28 23:25:30";"DryRun";"F:\Daten\Älter\Bilder\Eigene Aufnahmen\IMG_20230730_010502.jpg";"E:\OpenCloud\Persönlich (2)\Fotos\Verschiedenes\IMG_20230730_010502.jpg";"3649023";"CFB947DE9981F088483A4843ED1ADADA3F7C8B092FE1E87FFE61E272605B201D";"CFB947DE9981F088483A4843ED1ADADA3F7C8B092FE1E87FFE61E272605B201D";"Würde gelöscht werden"
"2026-09-28 23:25:30";"DryRun";"F:\Daten\Älter\Bilder\Eigene Aufnahmen\IMG_20230811_141329.jpg";"E:\OpenCloud\Persönlich (2)\Fotos\Verschiedenes\IMG_20230811_141329.jpg";"3842974";"BB49D97AD22C5649FB6F54CCA5CBD448ACF29757AAD60FBDF8F726AA23CBD19B";"BB49D97AD22C5649FB6F54CCA5CBD448ACF29757AAD60FBDF8F726AA23CBD19B";"Würde gelöscht werden"
"2026-09-28 23:25:31";"DryRun";"F:\Daten\Älter\Bilder\Eigene Aufnahmen\IMG_20230824_101409.jpg";"E:\OpenCloud\Persönlich (2)\Fotos\Wandern\Leermos 23\IMG_20230824_101409.jpg";"5037568";"F7822C1747075DE27C3135EEBCC726C14D38E866B4B032057E1E4EF664A107C1";"F7822C1747075DE27C3135EEBCC726C14D38E866B4B032057E1E4EF664A107C1";"Würde gelöscht werden"
"2026-09-28 23:25:31";"DryRun";"F:\Daten\Älter\Bilder\Eigene Aufnahmen\IMG_20230824_112123.jpg";"E:\OpenCloud\Persönlich (2)\Fotos\Wandern\Leermos 23\IMG_20230824_112123.jpg";"4444311";"2858004DF361360E24F8C3504450C8948C45B86579888DCAE00230F4484A92E4";"2858004DF361360E24F8C3504450C8948C45B86579888DCAE00230F4484A92E4";"Würde gelöscht werden"
"2026-09-28 23:25:31";"DryRun";"F:\Daten\Älter\Bilder\Eigene Aufnahmen\IMG_20230824_112148.jpg";"E:\OpenCloud\Persönlich (2)\Fotos\Wandern\Leermos 23\IMG_20230824_112148.jpg";"16139969";"1E4BCA796E349FFB056673A8544E1D75F24E3D60A8A370FD408BC507EFF92CB2";"1E4BCA796E349FFB056673A8544E1D75F24E3D60A8A370FD408BC507EFF92CB2";"Würde gelöscht werden"
"2026-09-28 23:25:32";"DryRun";"F:\Daten\Älter\Bilder\Eigene Aufnahmen\IMG_20230824_112429.jpg";"E:\OpenCloud\Persönlich (2)\Fotos\Wandern\Leermos 23\IMG_20230824_112429.jpg";"5125715";"30608D0562DCCAC7BD0A9F261C52F07368535C7338C1F3BF102A2EA1F34ECEDF";"30608D0562DCCAC7BD0A9F261C52F07368535C7338C1F3BF102A2EA1F34ECEDF";"Würde gelöscht werden"
"2026-09-28 23:25:32";"DryRun";"F:\Daten\Älter\Bilder\Eigene Aufnahmen\IMG_20230824_112432.jpg";"E:\OpenCloud\Persönlich (2)\Fotos\Wandern\Leermos 23\IMG_20230824_112432.jpg";"4513269";"3AF6B493EEA959B13F4EA1E15823870C7DFE47860365E0443A5E57CC45E879C3";"3AF6B493EEA959B13F4EA1E15823870C7DFE47860365E0443A5E57CC45E879C3";"Würde gelöscht werden"
"2026-09-28 23:25:32";"DryRun";"F:\Daten\Älter\Bilder\Eigene Aufnahmen\IMG_20230824_114039.jpg";"E:\OpenCloud\Persönlich (2)\Fotos\Wandern\Leermos 23\IMG_20230824_114039.jpg";"5168304";"F27524B9E4AEF17D3DAC6076D31A1354157AA2E19B0213BF91F213F26937EAD5";"F27524B9E4AEF17D3DAC6076D31A1354157AA2E19B0213BF91F213F26937EAD5";"Würde gelöscht werden"
"2026-09-28 23:25:32";"DryRun";"F:\Daten\Älter\Bilder\Eigene Aufnahmen\IMG_20230824_125408.jpg";"E:\OpenCloud\Persönlich (2)\Fotos\Wandern\Leermos 23\IMG_20230824_125408.jpg";"5667719";"95F8C210CB23B29013D8C3A874F29C45CF7CD64067A1B38D7D83137940FEA110";"95F8C210CB23B29013D8C3A874F29C45CF7CD64067A1B38D7D83137940FEA110";"Würde gelöscht werden"
"2026-09-28 23:25:32";"DryRun";"F:\Daten\Älter\Bilder\Eigene Aufnahmen\IMG_20230824_125420.jpg";"E:\OpenCloud\Persönlich (2)\Fotos\Wandern\Leermos 23\IMG_20230824_125420.jpg";"2855842";"520642297E20F4712369CC3805FBD8B2C82E767A4EB971122F22322612919FB7";"520642297E20F4712369CC3805FBD8B2C82E767A4EB971122F22322612919FB7";"Würde gelöscht werden"
"2026-09-28 23:25:32";"DryRun";"F:\Daten\Älter\Bilder\Eigene Aufnahmen\IMG_20230824_125427.jpg";"E:\OpenCloud\Persönlich (2)\Fotos\Wandern\Leermos 23\IMG_20230824_125427.jpg";"1989816";"354184E84246C84AF5E2AB0584E5FBB8EC2220A895DB8EA1CB0F47FE9CFB0CE1";"354184E84246C84AF5E2AB0584E5FBB8EC2220A895DB8EA1CB0F47FE9CFB0CE1";"Würde gelöscht werden"
"2026-09-28 23:25:32";"DryRun";"F:\Daten\Älter\Bilder\Eigene Aufnahmen\IMG_20230824_125539_001.jpg";"E:\OpenCloud\Persönlich (2)\Fotos\Wandern\Leermos 23\IMG_20230824_125539_001.jpg";"2548369";"7364AC9A9A11FDAA579FB74D719BB2219E2EEB68D3F080258D220EF7FF8478D1";"7364AC9A9A11FDAA579FB74D719BB2219E2EEB68D3F080258D220EF7FF8478D1";"Würde gelöscht werden"
"2026-09-28 23:25:33";"DryRun";"F:\Daten\Älter\Bilder\Eigene Aufnahmen\IMG_20230824_125539_002.jpg";"E:\OpenCloud\Persönlich (2)\Fotos\Wandern\Leermos 23\IMG_20230824_125539_002.jpg";"2548561";"40FCE2623A45A82F365F5E6B73C608A99DD0F325FE8D9A8162023308F3A48506";"40FCE2623A45A82F365F5E6B73C608A99DD0F325FE8D9A8162023308F3A48506";"Würde gelöscht werden"
"2026-09-28 23:25:33";"DryRun";"F:\Daten\Älter\Bilder\Eigene Aufnahmen\IMG_20230824_125539_003.jpg";"E:\OpenCloud\Persönlich (2)\Fotos\Wandern\Leermos 23\IMG_20230824_125539_003.jpg";"2547582";"95545126B2C7EE5BF9C52015DD82DBA1C77572125ABAF5C52039887A3E6376BA";"95545126B2C7EE5BF9C52015DD82DBA1C77572125ABAF5C52039887A3E6376BA";"Würde gelöscht werden"
"2026-09-28 23:25:33";"DryRun";"F:\Daten\Älter\Bilder\Eigene Aufnahmen\IMG_20230824_125539_004.jpg";"E:\OpenCloud\Persönlich (2)\Fotos\Wandern\Leermos 23\IMG_20230824_125539_004.jpg";"2543906";"3520C1FDB697E5FDAA13E359483489DC436512C8B369ADAC65B1182F53C2219F";"3520C1FDB697E5FDAA13E359483489DC436512C8B369ADAC65B1182F53C2219F";"Würde gelöscht werden"
"2026-09-28 23:25:33";"DryRun";"F:\Daten\Älter\Bilder\Eigene Aufnahmen\IMG_20230824_125539_005.jpg";"E:\OpenCloud\Persönlich (2)\Fotos\Wandern\Leermos 23\IMG_20230824_125539_005.jpg";"2544588";"E623E4D262C7D9494DB93606336906DED4DC8FD19AD67D05C558BE61E088AD58";"E623E4D262C7D9494DB93606336906DED4DC8FD19AD67D05C558BE61E088AD58";"Würde gelöscht werden"
"2026-09-28 23:25:33";"DryRun";"F:\Daten\Älter\Bilder\Eigene Aufnahmen\IMG_20230824_125539_006.jpg";"E:\OpenCloud\Persönlich (2)\Fotos\Wandern\Leermos 23\IMG_20230824_125539_006.jpg";"2536180";"7AAC821B4D2AF0163FBDBBFD51DB6968C664D2EB591AD6DAA103DF782C7C0499";"7AAC821B4D2AF0163FBDBBFD51DB6968C664D2EB591AD6DAA103DF782C7C0499";"Würde gelöscht werden"
"2026-09-28 23:25:33";"DryRun";"F:\Daten\Älter\Bilder\Eigene Aufnahmen\IMG_20230824_125539_007.jpg";"E:\OpenCloud\Persönlich (2)\Fotos\Wandern\Leermos 23\IMG_20230824_125539_007.jpg";"2533728";"9E54A4EFAD52650ACE07E10C8BF1C2CA0059AA741CC19F4BAF83A2211102873F";"9E54A4EFAD52650ACE07E10C8BF1C2CA0059AA741CC19F4BAF83A2211102873F";"Würde gelöscht werden"
"2026-09-28 23:25:33";"DryRun";"F:\Daten\Älter\Bilder\Eigene Aufnahmen\IMG_20230824_125539_008.jpg";"E:\OpenCloud\Persönlich (2)\Fotos\Wandern\Leermos 23\IMG_20230824_125539_008.jpg";"2529622";"3ADCBECA34AEEEF7485D94D8F0E044CE0E2D6CE693DEAF7E79E3C4CD4AF3A1CB";"3ADCBECA34AEEEF7485D94D8F0E044CE0E2D6CE693DEAF7E79E3C4CD4AF3A1CB";"Würde gelöscht werden"
"2026-09-28 23:25:33";"DryRun";"F:\Daten\Älter\Bilder\Eigene Aufnahmen\IMG_20230824_125539_009.jpg";"E:\OpenCloud\Persönlich (2)\Fotos\Wandern\Leermos 23\IMG_20230824_125539_009.jpg";"2525387";"5E0FAF86B3D74ABCE34CC51ED5260367E3921CA1D0CD766A3D9BCF77CD1AD84E";"5E0FAF86B3D74ABCE34CC51ED5260367E3921CA1D0CD766A3D9BCF77CD1AD84E";"Würde gelöscht werden"
"2026-09-28 23:25:34";"DryRun";"F:\Daten\Älter\Bilder\Eigene Aufnahmen\IMG_20230824_125539_010.jpg";"E:\OpenCloud\Persönlich (2)\Fotos\Wandern\Leermos 23\IMG_20230824_125539_010.jpg";"2524573";"0CACEDBF09549535206C3EC79E81B8757BB26784EC2900DBC0935A9B6035DB23";"0CACEDBF09549535206C3EC79E81B8757BB26784EC2900DBC0935A9B6035DB23";"Würde gelöscht werden"
"2026-09-28 23:25:34";"DryRun";"F:\Daten\Älter\Bilder\Eigene Aufnahmen\IMG_20230824_125539_011.jpg";"E:\OpenCloud\Persönlich (2)\Fotos\Wandern\Leermos 23\IMG_20230824_125539_011.jpg";"2521495";"1DF1CA44C17964F9CEB86DE8A5A19C54D934BD67BD14FB65B0830E3DA2CACCBD";"1DF1CA44C17964F9CEB86DE8A5A19C54D934BD67BD14FB65B0830E3DA2CACCBD";"Würde gelöscht werden"
"2026-09-28 23:25:34";"DryRun";"F:\Daten\Älter\Bilder\Eigene Aufnahmen\IMG_20230824_125539_012.jpg";"E:\OpenCloud\Persönlich (2)\Fotos\Wandern\Leermos 23\IMG_20230824_125539_012.jpg";"2521783";"262C4C89D9823C4CDA53020FD873A7D84C72F369686C879397C78542C8AF1DE2";"262C4C89D9823C4CDA53020FD873A7D84C72F369686C879397C78542C8AF1DE2";"Würde gelöscht werden"
"2026-09-28 23:25:34";"DryRun";"F:\Daten\Älter\Bilder\Eigene Aufnahmen\IMG_20230824_125539_013.jpg";"E:\OpenCloud\Persönlich (2)\Fotos\Wandern\Leermos 23\IMG_20230824_125539_013.jpg";"2518450";"030D0E27F337AE565228F12555F9966079356506068AE285C1AB2A8837A49929";"030D0E27F337AE565228F12555F9966079356506068AE285C1AB2A8837A49929";"Würde gelöscht werden"
"2026-09-28 23:25:34";"DryRun";"F:\Daten\Älter\Bilder\Eigene Aufnahmen\IMG_20230824_125539_014.jpg";"E:\OpenCloud\Persönlich (2)\Fotos\Wandern\Leermos 23\IMG_20230824_125539_014.jpg";"2508225";"9CBE40197F74BD0787FEFF71BCB90DAB065BB5A8E7EC54DB2ADB10D477CDB3E4";"9CBE40197F74BD0787FEFF71BCB90DAB065BB5A8E7EC54DB2ADB10D477CDB3E4";"Würde gelöscht werden"
"2026-09-28 23:25:34";"DryRun";"F:\Daten\Älter\Bilder\Eigene Aufnahmen\IMG_20230824_125539_015.jpg";"E:\OpenCloud\Persönlich (2)\Fotos\Wandern\Leermos 23\IMG_20230824_125539_015.jpg";"2506911";"3503D7E63CA2A29D465ACE8F55C608836205A1799A8AA539013E4BC8AD017534";"3503D7E63CA2A29D465ACE8F55C608836205A1799A8AA539013E4BC8AD017534";"Würde gelöscht werden"
"2026-09-28 23:25:34";"DryRun";"F:\Daten\Älter\Bilder\Eigene Aufnahmen\IMG_20230824_125539_016.jpg";"E:\OpenCloud\Persönlich (2)\Fotos\Wandern\Leermos 23\IMG_20230824_125539_016.jpg";"2505164";"8B38928092925D0DBEB6E6D59F0A1227325FBCFA246236EA086A05704C0E6221";"8B38928092925D0DBEB6E6D59F0A1227325FBCFA246236EA086A05704C0E6221";"Würde gelöscht werden"
"2026-09-28 23:25:35";"DryRun";"F:\Daten\Älter\Bilder\Eigene Aufnahmen\IMG_20230824_125539_017.jpg";"E:\OpenCloud\Persönlich (2)\Fotos\Wandern\Leermos 23\IMG_20230824_125539_017.jpg";"2501794";"B612EFF9371114500A23B5399D1BBF9F7A3EFF9E2C501050C761EBF5DB942B07";"B612EFF9371114500A23B5399D1BBF9F7A3EFF9E2C501050C761EBF5DB942B07";"Würde gelöscht werden"
"2026-09-28 23:25:35";"DryRun";"F:\Daten\Älter\Bilder\Eigene Aufnahmen\IMG_20230824_125539_018.jpg";"E:\OpenCloud\Persönlich (2)\Fotos\Wandern\Leermos 23\IMG_20230824_125539_018.jpg";"2493090";"8513423281289217C3A968A0F84FFFEB415A572C3FBE5E04407AB561739401C0";"8513423281289217C3A968A0F84FFFEB415A572C3FBE5E04407AB561739401C0";"Würde gelöscht werden"
"2026-09-28 23:25:35";"DryRun";"F:\Daten\Älter\Bilder\Eigene Aufnahmen\IMG_20230824_125539_019.jpg";"E:\OpenCloud\Persönlich (2)\Fotos\Wandern\Leermos 23\IMG_20230824_125539_019.jpg";"2488174";"1B9624856A143D37B8F4CB38883D640A55451F98A1DDF63DE650480464909EF6";"1B9624856A143D37B8F4CB38883D640A55451F98A1DDF63DE650480464909EF6";"Würde gelöscht werden"
"2026-09-28 23:25:35";"DryRun";"F:\Daten\Älter\Bilder\Eigene Aufnahmen\IMG_20230824_125539_020.jpg";"E:\OpenCloud\Persönlich (2)\Fotos\Wandern\Leermos 23\IMG_20230824_125539_020.jpg";"2476727";"8C97413245D8B060F5A497C19275EEF1D1EEED4A88CAA5AA30D4B947628679FA";"8C97413245D8B060F5A497C19275EEF1D1EEED4A88CAA5AA30D4B947628679FA";"Würde gelöscht werden"
"2026-09-28 23:25:35";"DryRun";"F:\Daten\Älter\Bilder\Eigene Aufnahmen\IMG_20230824_130748.jpg";"E:\OpenCloud\Persönlich (2)\Fotos\Wandern\Leermos 23\IMG_20230824_130748.jpg";"3755363";"E20DC1FE778C0C8E9A84E9F6F78954156AC30AD7983726121D2C86C76E9A41A1";"E20DC1FE778C0C8E9A84E9F6F78954156AC30AD7983726121D2C86C76E9A41A1";"Würde gelöscht werden"
"2026-09-28 23:25:35";"DryRun";"F:\Daten\Älter\Bilder\Eigene Aufnahmen\IMG_20230824_131051.jpg";"E:\OpenCloud\Persönlich (2)\Fotos\Wandern\Leermos 23\IMG_20230824_131051.jpg";"6360096";"A712D88CC4A1AB0A55E08C7D034FA4184C0F148C8FE182D8EA473E5D4324DC8C";"A712D88CC4A1AB0A55E08C7D034FA4184C0F148C8FE182D8EA473E5D4324DC8C";"Würde gelöscht werden"
"2026-09-28 23:25:36";"DryRun";"F:\Daten\Älter\Bilder\Eigene Aufnahmen\IMG_20230824_134222.jpg";"E:\OpenCloud\Persönlich (2)\Fotos\Wandern\Leermos 23\IMG_20230824_134222.jpg";"4083323";"536A2B84C17A7941B0B016ABF2C4DE8677416EC73D2DD7884F99031121034C2D";"536A2B84C17A7941B0B016ABF2C4DE8677416EC73D2DD7884F99031121034C2D";"Würde gelöscht werden"
"2026-09-28 23:25:36";"DryRun";"F:\Daten\Älter\Bilder\Eigene Aufnahmen\IMG_20230824_191316.jpg";"E:\OpenCloud\Persönlich (2)\Fotos\Wandern\Leermos 23\IMG_20230824_191316.jpg";"3087789";"B946BA92F1C5FEA0EE0080B84D8151B08B247E7E04A7CFA3499DD4F8CF8D9238";"B946BA92F1C5FEA0EE0080B84D8151B08B247E7E04A7CFA3499DD4F8CF8D9238";"Würde gelöscht werden"
"2026-09-28 23:25:36";"DryRun";"F:\Daten\Älter\Bilder\Eigene Aufnahmen\IMG_20230825_102001.jpg";"E:\OpenCloud\Persönlich (2)\Fotos\Wandern\Leermos 23\IMG_20230825_102001.jpg";"3289982";"68837FBCA620822CEBEC8336D960C2CD95AD174CB794A48DD85FB86B8F39E64E";"68837FBCA620822CEBEC8336D960C2CD95AD174CB794A48DD85FB86B8F39E64E";"Würde gelöscht werden"
"2026-09-28 23:25:36";"DryRun";"F:\Daten\Älter\Bilder\Eigene Aufnahmen\IMG_20230825_102012.jpg";"E:\OpenCloud\Persönlich (2)\Fotos\Wandern\Leermos 23\IMG_20230825_102012.jpg";"3326754";"5949C39D014A425F3A7E7E01C1975DAEFCF06662FF1EAA782EC9AE504FB3677A";"5949C39D014A425F3A7E7E01C1975DAEFCF06662FF1EAA782EC9AE504FB3677A";"Würde gelöscht werden"
"2026-09-28 23:25:36";"DryRun";"F:\Daten\Älter\Bilder\Eigene Aufnahmen\IMG_20230825_120728.jpg";"E:\OpenCloud\Persönlich (2)\Fotos\Wandern\Leermos 23\IMG_20230825_120728.jpg";"2722410";"902F76C6C034528BD6EC5FD3016ECD374EF074E31610EC4867E4B4129E8EB773";"902F76C6C034528BD6EC5FD3016ECD374EF074E31610EC4867E4B4129E8EB773";"Würde gelöscht werden"
"2026-09-28 23:25:36";"DryRun";"F:\Daten\Älter\Bilder\Eigene Aufnahmen\IMG_20230825_121944.jpg";"E:\OpenCloud\Persönlich (2)\Fotos\Wandern\Leermos 23\IMG_20230825_121944.jpg";"2997543";"DD49955AAB5EB1EEA290741E7B29A0FA408F0A27745855A5C58A57C4116FA49F";"DD49955AAB5EB1EEA290741E7B29A0FA408F0A27745855A5C58A57C4116FA49F";"Würde gelöscht werden"
"2026-09-28 23:25:36";"DryRun";"F:\Daten\Älter\Bilder\Eigene Aufnahmen\IMG_20230825_121948.jpg";"E:\OpenCloud\Persönlich (2)\Fotos\Wandern\Leermos 23\IMG_20230825_121948.jpg";"3247536";"68493F4FB45DC66BA962D6DE7654FFF14BBD1B924D65A62534F3FE957A16AB33";"68493F4FB45DC66BA962D6DE7654FFF14BBD1B924D65A62534F3FE957A16AB33";"Würde gelöscht werden"
"2026-09-28 23:25:37";"DryRun";"F:\Daten\Älter\Bilder\Eigene Aufnahmen\IMG_20230825_122055.jpg";"E:\OpenCloud\Persönlich (2)\Fotos\Wandern\Leermos 23\IMG_20230825_122055.jpg";"3429166";"B94104A0F74376BFF86F0BC5C3E2B557099C19262EA5CFAE1EC4E84E865C53FB";"B94104A0F74376BFF86F0BC5C3E2B557099C19262EA5CFAE1EC4E84E865C53FB";"Würde gelöscht werden"
"2026-09-28 23:25:37";"DryRun";"F:\Daten\Älter\Bilder\Eigene Aufnahmen\IMG_20230825_202032.jpg";"E:\OpenCloud\Persönlich (2)\Fotos\Wandern\Leermos 23\IMG_20230825_202032.jpg";"1986765";"B57B080B590E0BE349C13A99F5976189440D0F2C1D8D70A14545C0CB6AF48C9F";"B57B080B590E0BE349C13A99F5976189440D0F2C1D8D70A14545C0CB6AF48C9F";"Würde gelöscht werden"
"2026-09-28 23:25:37";"DryRun";"F:\Daten\Älter\Bilder\Eigene Aufnahmen\IMG_20230927_204007.jpg";"E:\OpenCloud\Persönlich (2)\Fotos\Verschiedenes\IMG_20230927_204007.jpg";"2562485";"F75BB670F871416814E7654F40926C8E6D3F2FBC560E5F36310FD8A36A648AFE";"F75BB670F871416814E7654F40926C8E6D3F2FBC560E5F36310FD8A36A648AFE";"Würde gelöscht werden"
"2026-09-28 23:25:37";"DryRun";"F:\Daten\Älter\Bilder\Eigene Aufnahmen\IMG_20230930_123657.jpg";"E:\OpenCloud\Persönlich (2)\Fotos\Verschiedenes\IMG_20230930_123657.jpg";"2220019";"67543C87487551464183FCFFB82F1E5FCBB3DD57B9B3DE0AAD8645F1612E12D8";"67543C87487551464183FCFFB82F1E5FCBB3DD57B9B3DE0AAD8645F1612E12D8";"Würde gelöscht werden"
"2026-09-28 23:25:37";"DryRun";"F:\Daten\Älter\Bilder\Eigene Aufnahmen\IMG_20231022_155337.jpg";"E:\OpenCloud\Persönlich (2)\Fotos\Verschiedenes\IMG_20231022_155337.jpg";"4530187";"30BC5ED0E4AC0471741BAEF8C3CF86AB2B3BBF7905414BCE40168202F5BBDA68";"30BC5ED0E4AC0471741BAEF8C3CF86AB2B3BBF7905414BCE40168202F5BBDA68";"Würde gelöscht werden"
"2026-09-28 23:25:37";"DryRun";"F:\Daten\Älter\Bilder\Eigene Aufnahmen\IMG_20231027_160935.jpg";"E:\OpenCloud\Persönlich (2)\Fotos\Verschiedenes\IMG_20231027_160935.jpg";"1744170";"B534F9DF2D2F73146BFD7268A02A39360D4F9085487947D53B007DC8DC811FA0";"B534F9DF2D2F73146BFD7268A02A39360D4F9085487947D53B007DC8DC811FA0";"Würde gelöscht werden"
"2026-09-28 23:25:37";"DryRun";"F:\Daten\Älter\Bilder\Eigene Aufnahmen\IMG_20231027_160944.jpg";"E:\OpenCloud\Persönlich (2)\Fotos\Verschiedenes\IMG_20231027_160944.jpg";"1591880";"394BA736A973EB3BAEAE7776CC45D766FD84639E603887198EEF25160F31F2E3";"394BA736A973EB3BAEAE7776CC45D766FD84639E603887198EEF25160F31F2E3";"Würde gelöscht werden"
"2026-09-28 23:25:37";"DryRun";"F:\Daten\Älter\Bilder\Eigene Aufnahmen\IMG_20231027_161002.jpg";"E:\OpenCloud\Persönlich (2)\Fotos\Verschiedenes\IMG_20231027_161002.jpg";"2523772";"5334519E6F93EF594053FB2F96126ABBC2A51FCAFF713EC06BC8EC7462A776A0";"5334519E6F93EF594053FB2F96126ABBC2A51FCAFF713EC06BC8EC7462A776A0";"Würde gelöscht werden"
"2026-09-28 23:25:37";"DryRun";"F:\Daten\Älter\Bilder\Eigene Aufnahmen\IMG_20231027_161101.jpg";"E:\OpenCloud\Persönlich (2)\Fotos\Verschiedenes\IMG_20231027_161101.jpg";"1770936";"93F66BA3FDBEBFCE4CD307C15E7512B36F18B09663D22EDF5FA0A13E4DAFF9AD";"93F66BA3FDBEBFCE4CD307C15E7512B36F18B09663D22EDF5FA0A13E4DAFF9AD";"Würde gelöscht werden"
"2026-09-28 23:25:37";"DryRun";"F:\Daten\Älter\Bilder\Eigene Aufnahmen\IMG_20231027_161144.jpg";"E:\OpenCloud\Persönlich (2)\Fotos\Verschiedenes\IMG_20231027_161144.jpg";"1635280";"5B6B9C22E37CF140905A6AF8076B83C9EFCA0CBD8B8CD55E395C9DB086CEC6AA";"5B6B9C22E37CF140905A6AF8076B83C9EFCA0CBD8B8CD55E395C9DB086CEC6AA";"Würde gelöscht werden"
"2026-09-28 23:25:38";"DryRun";"F:\Daten\Älter\Bilder\Eigene Aufnahmen\IMG_20231027_161724.jpg";"E:\OpenCloud\Persönlich (2)\Fotos\Verschiedenes\IMG_20231027_161724.jpg";"1721725";"70998F9F8AC327B0C930CDD33685F32297556664A81678A044795C1DD631902C";"70998F9F8AC327B0C930CDD33685F32297556664A81678A044795C1DD631902C";"Würde gelöscht werden"
"2026-09-28 23:25:38";"DryRun";"F:\Daten\Älter\Bilder\Eigene Aufnahmen\IMG_20231027_161734.jpg";"E:\OpenCloud\Persönlich (2)\Fotos\Verschiedenes\IMG_20231027_161734.jpg";"2036367";"15441D43E59162312ED8246340BF5F979FFDDB86E444B3854C04CA881D84F66B";"15441D43E59162312ED8246340BF5F979FFDDB86E444B3854C04CA881D84F66B";"Würde gelöscht werden"
"2026-09-28 23:25:38";"DryRun";"F:\Daten\Älter\Bilder\Eigene Aufnahmen\IMG_20231102_190734.jpg";"E:\OpenCloud\Persönlich (2)\Fotos\Verschiedenes\IMG_20231102_190734.jpg";"1681291";"4FBC4F01EF3D0780A9D3AA1E762D71C535AD0F477A6ABB33E4C79461A1ED1ECC";"4FBC4F01EF3D0780A9D3AA1E762D71C535AD0F477A6ABB33E4C79461A1ED1ECC";"Würde gelöscht werden"
"2026-09-28 23:25:38";"DryRun";"F:\Daten\Älter\Bilder\Eigene Aufnahmen\IMG_20231102_190934.jpg";"E:\OpenCloud\Persönlich (2)\Fotos\Verschiedenes\IMG_20231102_190934.jpg";"2424726";"59AEB0FE01DEC0889821A3BCD99B97F14F0E4BBF6E6AC9F3D2822EE665A8CDD4";"59AEB0FE01DEC0889821A3BCD99B97F14F0E4BBF6E6AC9F3D2822EE665A8CDD4";"Würde gelöscht werden"
"2026-09-28 23:25:38";"DryRun";"F:\Daten\Älter\Bilder\Eigene Aufnahmen\IMG_20231103_165638.jpg";"E:\OpenCloud\Persönlich (2)\Fotos\Verschiedenes\IMG_20231103_165638.jpg";"2337980";"95A74AD694FE7ADE62A99C9D35C88AF5CAE84AEB801DAD395CF346FD237B183B";"95A74AD694FE7ADE62A99C9D35C88AF5CAE84AEB801DAD395CF346FD237B183B";"Würde gelöscht werden"
"2026-09-28 23:25:38";"DryRun";"F:\Daten\Älter\Bilder\Eigene Aufnahmen\IMG_20231103_172144.jpg";"E:\OpenCloud\Persönlich (2)\Fotos\Verschiedenes\IMG_20231103_172144.jpg";"2386560";"76C5921514DE7FDEB2B7B0E3F1D8DAEA1E8D432B9E0CBD2EB156FE2AD251BF1C";"76C5921514DE7FDEB2B7B0E3F1D8DAEA1E8D432B9E0CBD2EB156FE2AD251BF1C";"Würde gelöscht werden"
"2026-09-28 23:25:38";"DryRun";"F:\Daten\Älter\Bilder\Eigene Aufnahmen\IMG_20231201_182344.jpg";"E:\OpenCloud\Persönlich (2)\Fotos\Verschiedenes\IMG_20231201_182344.jpg";"2066803";"ECB1B999BA89E747E8BA0CA59D4FA5C7D4FC807108B70B841D668214FEAFA8EC";"ECB1B999BA89E747E8BA0CA59D4FA5C7D4FC807108B70B841D668214FEAFA8EC";"Würde gelöscht werden"
"2026-09-28 23:25:38";"DryRun";"F:\Daten\Älter\Bilder\Eigene Aufnahmen\IMG_20231201_182349.jpg";"E:\OpenCloud\Persönlich (2)\Fotos\Verschiedenes\IMG_20231201_182349.jpg";"2513183";"6D85AEBA3D76932399E12E6E40330B2BCA8D4A2DADB12B46935147B357DFDAE1";"6D85AEBA3D76932399E12E6E40330B2BCA8D4A2DADB12B46935147B357DFDAE1";"Würde gelöscht werden"
"2026-09-28 23:25:38";"DryRun";"F:\Daten\Älter\Bilder\Eigene Aufnahmen\IMG_20231201_232544.jpg";"E:\OpenCloud\Persönlich (2)\Fotos\Verschiedenes\IMG_20231201_232544.jpg";"2338198";"5FEEB3C69A8C704564CAA12453AF8A1FB1AFEA12D407DEAF1D8A0944FDD85A03";"5FEEB3C69A8C704564CAA12453AF8A1FB1AFEA12D407DEAF1D8A0944FDD85A03";"Würde gelöscht werden"
"2026-09-28 23:25:39";"DryRun";"F:\Daten\Älter\Bilder\Eigene Aufnahmen\IMG_20231202_201040.jpg";"E:\OpenCloud\Persönlich (2)\Fotos\Verschiedenes\IMG_20231202_201040.jpg";"3300766";"6EAC1EB5A5FEC1FF1594771698FD033BCD55E35A2A0E9C18382BA575560C4920";"6EAC1EB5A5FEC1FF1594771698FD033BCD55E35A2A0E9C18382BA575560C4920";"Würde gelöscht werden"
"2026-09-28 23:25:39";"DryRun";"F:\Daten\Älter\Bilder\Eigene Aufnahmen\IMG_20231203_104501.jpg";"E:\OpenCloud\Persönlich (2)\Fotos\Verschiedenes\IMG_20231203_104501.jpg";"2566501";"D9341AD8CF453790E0715B3691485DE7E648F2A9278519D92DB85440E8E12366";"D9341AD8CF453790E0715B3691485DE7E648F2A9278519D92DB85440E8E12366";"Würde gelöscht werden"
"2026-09-28 23:25:39";"DryRun";"F:\Daten\Älter\Bilder\Eigene Aufnahmen\IMG_20250224_091337 1.jpg";"E:\OpenCloud\Persönlich (2)\Fotos\Dokumente\IMG_20250224_091337 1.jpg";"2652450";"08E71D42CEECF6E7BAE51F5515C7934B90C1653BDED114B1B20F98AB3327069C";"08E71D42CEECF6E7BAE51F5515C7934B90C1653BDED114B1B20F98AB3327069C";"Würde gelöscht werden"
"2026-09-28 23:25:39";"DryRun";"F:\Daten\Älter\Bilder\Eigene Aufnahmen\IMG_20250224_091337.jpg";"E:\OpenCloud\Persönlich (2)\Fotos\Dokumente\IMG_20250224_091337.jpg";"2652450";"D4FACDD323F743D46818F48FEE4ACABC29DE283C220B4D3873504D591A58EE5C";"D4FACDD323F743D46818F48FEE4ACABC29DE283C220B4D3873504D591A58EE5C";"Würde gelöscht werden"
"2026-09-28 23:25:39";"DryRun";"F:\Daten\Älter\Bilder\Eigene Aufnahmen\IMG_20250224_094732 1.jpg";"E:\OpenCloud\Persönlich (2)\Fotos\Dokumente\IMG_20250224_094732 1.jpg";"1747837";"0826C954CDEDA89426382C699CF5F454693F576F957481063B1DC2B73157E3F9";"0826C954CDEDA89426382C699CF5F454693F576F957481063B1DC2B73157E3F9";"Würde gelöscht werden"
"2026-09-28 23:25:39";"DryRun";"F:\Daten\Älter\Bilder\Eigene Aufnahmen\IMG_20250224_094732.jpg";"E:\OpenCloud\Persönlich (2)\Fotos\Dokumente\IMG_20250224_094732.jpg";"1747837";"C14391819B4637A4F466F4175EC27EB3CC180154AF74074BBEC7768E43B4666B";"C14391819B4637A4F466F4175EC27EB3CC180154AF74074BBEC7768E43B4666B";"Würde gelöscht werden"
"2026-09-28 23:25:39";"DryRun";"F:\Daten\Älter\Bilder\Eigene Aufnahmen\IMG20240303195827.jpg";"E:\OpenCloud\Persönlich (2)\Fotos\Verschiedenes\IMG20240303195827.jpg";"8291810";"E5755C1DB0BCE499CF796CE77D63A42E4691C48C80E24D75E3B6C71458EA982D";"E5755C1DB0BCE499CF796CE77D63A42E4691C48C80E24D75E3B6C71458EA982D";"Würde gelöscht werden"
"2026-09-28 23:25:40";"DryRun";"F:\Daten\Älter\Bilder\Eigene Aufnahmen\IMG20240313170320.jpg";"E:\OpenCloud\Persönlich (2)\Fotos\Verschiedenes\IMG20240313170320.jpg";"6837910";"759EF2565BF32AEEAAA46565EE46D48BCC135D1B56F36324A53532AA76C9DD8F";"759EF2565BF32AEEAAA46565EE46D48BCC135D1B56F36324A53532AA76C9DD8F";"Würde gelöscht werden"
"2026-09-28 23:25:40";"DryRun";"F:\Daten\Älter\Bilder\Eigene Aufnahmen\IMG20240314162938.jpg";"E:\OpenCloud\Persönlich (2)\Fotos\Verschiedenes\IMG20240314162938.jpg";"10108269";"946DC00F3DCD86C5C791DE1A672328AED799EEB91D8AFD8F5AD1FE6A3884EEC3";"946DC00F3DCD86C5C791DE1A672328AED799EEB91D8AFD8F5AD1FE6A3884EEC3";"Würde gelöscht werden"
"2026-09-28 23:25:40";"DryRun";"F:\Daten\Älter\Bilder\Eigene Aufnahmen\IMG20240319172259.jpg";"E:\OpenCloud\Persönlich (2)\Fotos\Verschiedenes\IMG20240319172259.jpg";"6591791";"C2B80CF306391746F0C1F784ED124A71DD136A2525222FD94C95F6206DF05148";"C2B80CF306391746F0C1F784ED124A71DD136A2525222FD94C95F6206DF05148";"Würde gelöscht werden"
"2026-09-28 23:25:41";"DryRun";"F:\Daten\Älter\Bilder\Eigene Aufnahmen\IMG20240319172306.jpg";"E:\OpenCloud\Persönlich (2)\Fotos\Verschiedenes\IMG20240319172306.jpg";"8467028";"89DBB9B6F924140A7A5EA2C3A92EFC3F3E4FF6F6519262BDC4280EB0920DC96E";"89DBB9B6F924140A7A5EA2C3A92EFC3F3E4FF6F6519262BDC4280EB0920DC96E";"Würde gelöscht werden"
"2026-09-28 23:25:41";"DryRun";"F:\Daten\Älter\Bilder\Eigene Aufnahmen\IMG20240319172315.jpg";"E:\OpenCloud\Persönlich (2)\Fotos\Verschiedenes\IMG20240319172315.jpg";"8545511";"D783B7419F38CE0E5A020C4CD6C985376225D0A89F2292A64A6FE4AEA90F90DF";"D783B7419F38CE0E5A020C4CD6C985376225D0A89F2292A64A6FE4AEA90F90DF";"Würde gelöscht werden"
"2026-09-28 23:25:41";"DryRun";"F:\Daten\Älter\Bilder\Eigene Aufnahmen\IMG20240319172320.jpg";"E:\OpenCloud\Persönlich (2)\Fotos\Verschiedenes\IMG20240319172320.jpg";"6800785";"615CD9ACAA549A9E912FA261675A7355ADBBC412C34B773BA70692165F007D23";"615CD9ACAA549A9E912FA261675A7355ADBBC412C34B773BA70692165F007D23";"Würde gelöscht werden"
"2026-09-28 23:25:41";"DryRun";"F:\Daten\Älter\Bilder\Eigene Aufnahmen\IMG20240320175802.jpg";"E:\OpenCloud\Persönlich (2)\Fotos\Dokumente\IMG20240320175802.jpg";"5902048";"ED93F20FFBBC8ED1BBD4C6A79D35E19CB68E53E7309000E26C45401F2A44B5C7";"ED93F20FFBBC8ED1BBD4C6A79D35E19CB68E53E7309000E26C45401F2A44B5C7";"Würde gelöscht werden"
"2026-09-28 23:25:42";"DryRun";"F:\Daten\Älter\Bilder\Eigene Aufnahmen\IMG20240320175810.jpg";"E:\OpenCloud\Persönlich (2)\Fotos\Dokumente\IMG20240320175810.jpg";"5685961";"BDE84F5B6E5E0387CDBB0597A491882C78A1CF1FAD88E9AA2E00177224A3E80C";"BDE84F5B6E5E0387CDBB0597A491882C78A1CF1FAD88E9AA2E00177224A3E80C";"Würde gelöscht werden"
"2026-09-28 23:25:42";"DryRun";"F:\Daten\Älter\Bilder\Eigene Aufnahmen\IMG20240323143913.jpg";"E:\OpenCloud\Persönlich (2)\Fotos\Dokumente\IMG20240323143913.jpg";"5276052";"E742695E15BC8CA26E0740B6F48097E482D171AAC11173ACAD338AA57A2DE229";"E742695E15BC8CA26E0740B6F48097E482D171AAC11173ACAD338AA57A2DE229";"Würde gelöscht werden"
"2026-09-28 23:25:42";"DryRun";"F:\Daten\Älter\Bilder\Eigene Aufnahmen\IMG20240418173658.jpg";"E:\OpenCloud\Persönlich (2)\Fotos\Dokumente\IMG20240418173658.jpg";"4415323";"6286D6CDB45ED094DD48D7F9450435520B943FCC869A723CA3448D66A3FF1688";"6286D6CDB45ED094DD48D7F9450435520B943FCC869A723CA3448D66A3FF1688";"Würde gelöscht werden"
"2026-09-28 23:25:42";"DryRun";"F:\Daten\Älter\Bilder\Eigene Aufnahmen\IMG20240511154528.jpg";"E:\OpenCloud\Persönlich (2)\Fotos\Dogos\IMG20240511154528.jpg";"7886083";"A371DE7807A878C2FDACFFBA3A98C4488AF777B47B3C475407A64A3E30C99EA4";"A371DE7807A878C2FDACFFBA3A98C4488AF777B47B3C475407A64A3E30C99EA4";"Würde gelöscht werden"
"2026-09-28 23:25:43";"DryRun";"F:\Daten\Älter\Bilder\Eigene Aufnahmen\IMG20240511154534.jpg";"E:\OpenCloud\Persönlich (2)\Fotos\Dogos\IMG20240511154534.jpg";"6400847";"0D12F3B0B0AAC29348CDB5AF31CCDBC1F5A0B1961DA2347D43480A7D4C4B5FB3";"0D12F3B0B0AAC29348CDB5AF31CCDBC1F5A0B1961DA2347D43480A7D4C4B5FB3";"Würde gelöscht werden"
"2026-09-28 23:25:43";"DryRun";"F:\Daten\Älter\Bilder\Eigene Aufnahmen\IMG20240524201728.jpg";"E:\OpenCloud\Persönlich (2)\Fotos\Verschiedenes\IMG20240524201728.jpg";"6684103";"4D1B7F2C32F41CBE75BDF692917D3E62FE5528A1A29F430400A3B3A48ACBF6F3";"4D1B7F2C32F41CBE75BDF692917D3E62FE5528A1A29F430400A3B3A48ACBF6F3";"Würde gelöscht werden"
"2026-09-28 23:25:43";"DryRun";"F:\Daten\Älter\Bilder\Eigene Aufnahmen\IMG20240531115153.jpg";"E:\OpenCloud\Persönlich (2)\Fotos\Dogos\IMG20240531115153.jpg";"5848945";"8ABF33246F4BC68B0F8D4D9CD92AFD3066A31B2FF35BEAEC7F89859503763165";"8ABF33246F4BC68B0F8D4D9CD92AFD3066A31B2FF35BEAEC7F89859503763165";"Würde gelöscht werden"
"2026-09-28 23:25:44";"DryRun";"F:\Daten\Älter\Bilder\Eigene Aufnahmen\IMG20240608110139.jpg";"E:\OpenCloud\Persönlich (2)\Fotos\Dogos\IMG20240608110139.jpg";"8217661";"FA7C84C3F8ACA11CF4263A0A1B2FA94E85D9504F25F8487A91C11EFFE4D90C67";"FA7C84C3F8ACA11CF4263A0A1B2FA94E85D9504F25F8487A91C11EFFE4D90C67";"Würde gelöscht werden"
"2026-09-28 23:25:44";"DryRun";"F:\Daten\Älter\Bilder\Eigene Aufnahmen\IMG20240608110141.jpg";"E:\OpenCloud\Persönlich (2)\Fotos\Dogos\IMG20240608110141.jpg";"8416452";"16FF8E41332839886E268FE3320840242E6E365B630B28F044B94A87197DF7BF";"16FF8E41332839886E268FE3320840242E6E365B630B28F044B94A87197DF7BF";"Würde gelöscht werden"
"2026-09-28 23:25:44";"DryRun";"F:\Daten\Älter\Bilder\Eigene Aufnahmen\IMG20240608110147.jpg";"E:\OpenCloud\Persönlich (2)\Fotos\Dogos\IMG20240608110147.jpg";"9183183";"0319589DD62C3F117A3E22E40605389C8FCECD3B7E428444C1475FA51DA95871";"0319589DD62C3F117A3E22E40605389C8FCECD3B7E428444C1475FA51DA95871";"Würde gelöscht werden"
"2026-09-28 23:25:44";"DryRun";"F:\Daten\Älter\Bilder\Eigene Aufnahmen\IMG20240608110205.jpg";"E:\OpenCloud\Persönlich (2)\Fotos\Dogos\IMG20240608110205.jpg";"8326135";"A6686B60BF856B18862C995346634835A417EBF43C2741F526580FA257112C08";"A6686B60BF856B18862C995346634835A417EBF43C2741F526580FA257112C08";"Würde gelöscht werden"
"2026-09-28 23:25:45";"DryRun";"F:\Daten\Älter\Bilder\Eigene Aufnahmen\IMG20240608110206.jpg";"E:\OpenCloud\Persönlich (2)\Fotos\Dogos\IMG20240608110206.jpg";"9558740";"08668D8991DB0485924A2864DD671C01B679C9A4E416CF0E6B03CE93398AFEBD";"08668D8991DB0485924A2864DD671C01B679C9A4E416CF0E6B03CE93398AFEBD";"Würde gelöscht werden"
"2026-09-28 23:25:45";"DryRun";"F:\Daten\Älter\Bilder\Eigene Aufnahmen\IMG20240608110216.jpg";"E:\OpenCloud\Persönlich (2)\Fotos\Dogos\IMG20240608110216.jpg";"9112912";"E594028CF2249388CCEF1134BE8B96575EB8349F3BD6FF1FC9F3109147732D88";"E594028CF2249388CCEF1134BE8B96575EB8349F3BD6FF1FC9F3109147732D88";"Würde gelöscht werden"
"2026-09-28 23:25:45";"DryRun";"F:\Daten\Älter\Bilder\Eigene Aufnahmen\IMG20240608110217.jpg";"E:\OpenCloud\Persönlich (2)\Fotos\Dogos\IMG20240608110217.jpg";"9088604";"DD32B561B9C504B11784FB17D7C41E34A00CB8846C3A60344A0FAFCECFE86B0E";"DD32B561B9C504B11784FB17D7C41E34A00CB8846C3A60344A0FAFCECFE86B0E";"Würde gelöscht werden"
"2026-09-28 23:25:46";"DryRun";"F:\Daten\Älter\Bilder\Eigene Aufnahmen\IMG20240608110219.jpg";"E:\OpenCloud\Persönlich (2)\Fotos\Dogos\IMG20240608110219.jpg";"7893494";"58F5FFB3A4A77F02702A9CB3491B581A83096BCC58D8089B93868858A796917B";"58F5FFB3A4A77F02702A9CB3491B581A83096BCC58D8089B93868858A796917B";"Würde gelöscht werden"
"2026-09-28 23:25:46";"DryRun";"F:\Daten\Älter\Bilder\Eigene Aufnahmen\IMG20240608110658.jpg";"E:\OpenCloud\Persönlich (2)\Fotos\Dogos\IMG20240608110658.jpg";"6538157";"30510073EC1F19213D0132DF63C0AA639979FE159A9F5EF50F05BF2DCCF76BFA";"30510073EC1F19213D0132DF63C0AA639979FE159A9F5EF50F05BF2DCCF76BFA";"Würde gelöscht werden"
"2026-09-28 23:25:46";"DryRun";"F:\Daten\Älter\Bilder\Eigene Aufnahmen\IMG20240608110704.jpg";"E:\OpenCloud\Persönlich (2)\Fotos\Dogos\IMG20240608110704.jpg";"5513479";"E9EA5C8E0B6B702FE8B9ECB66585EB65689270092BDB29744E82160107988BB0";"E9EA5C8E0B6B702FE8B9ECB66585EB65689270092BDB29744E82160107988BB0";"Würde gelöscht werden"
"2026-09-28 23:25:47";"DryRun";"F:\Daten\Älter\Bilder\Eigene Aufnahmen\IMG20240615201049.jpg";"E:\OpenCloud\Persönlich (2)\Fotos\Dogos\IMG20240615201049.jpg";"8553837";"5FE3632A36E3D3E696DB5B1EE80642C954D6FB84295BF1A8FC28E5FE26ABCC73";"5FE3632A36E3D3E696DB5B1EE80642C954D6FB84295BF1A8FC28E5FE26ABCC73";"Würde gelöscht werden"
"2026-09-28 23:25:47";"DryRun";"F:\Daten\Älter\Bilder\Eigene Aufnahmen\IMG20240622213151.jpg";"E:\OpenCloud\Persönlich (2)\Fotos\Verschiedenes\IMG20240622213151.jpg";"10301071";"9AA6DC5732516F312D74234A3DD6D99E2AEA10CBDBE8BC419B75EB6B31146006";"9AA6DC5732516F312D74234A3DD6D99E2AEA10CBDBE8BC419B75EB6B31146006";"Würde gelöscht werden"
"2026-09-28 23:25:47";"DryRun";"F:\Daten\Älter\Bilder\Eigene Aufnahmen\IMG20240625160244.jpg";"E:\OpenCloud\Persönlich (2)\Fotos\Dogos\IMG20240625160244.jpg";"12570122";"30A35100DB3A0CB47DA8ED3EDDF07B08E80F20D4AAF259A10A2CC4BB086BCD71";"30A35100DB3A0CB47DA8ED3EDDF07B08E80F20D4AAF259A10A2CC4BB086BCD71";"Würde gelöscht werden"
"2026-09-28 23:25:48";"DryRun";"F:\Daten\Älter\Bilder\Eigene Aufnahmen\IMG20240625160249.jpg";"E:\OpenCloud\Persönlich (2)\Fotos\Dogos\IMG20240625160249.jpg";"12850832";"ADA899C8F10C9D8723846B96AB4E2BC52534D7A0895EC03FC703388259206F13";"ADA899C8F10C9D8723846B96AB4E2BC52534D7A0895EC03FC703388259206F13";"Würde gelöscht werden"
"2026-09-28 23:25:48";"DryRun";"F:\Daten\Älter\Bilder\Eigene Aufnahmen\IMG20240625160342.jpg";"E:\OpenCloud\Persönlich (2)\Fotos\Dogos\IMG20240625160342.jpg";"12957340";"A447C3E293FD8AAAA39BFF6B924D7FBBE7C01E062A6107C2A6D8ABA9F4A5CB4A";"A447C3E293FD8AAAA39BFF6B924D7FBBE7C01E062A6107C2A6D8ABA9F4A5CB4A";"Würde gelöscht werden"
"2026-09-28 23:25:49";"DryRun";"F:\Daten\Älter\Bilder\Eigene Aufnahmen\IMG20240625160348.jpg";"E:\OpenCloud\Persönlich (2)\Fotos\Dogos\IMG20240625160348.jpg";"13238890";"610D1E6A55E7427FF613F14A59C55710184F13B100DA120E10515A54406AAA6E";"610D1E6A55E7427FF613F14A59C55710184F13B100DA120E10515A54406AAA6E";"Würde gelöscht werden"
"2026-09-28 23:25:49";"DryRun";"F:\Daten\Älter\Bilder\Eigene Aufnahmen\IMG20240629133409.jpg";"E:\OpenCloud\Persönlich (2)\Fotos\Dogos\IMG20240629133409.jpg";"4606450";"48D115F077ED7426760DEC903F8C5EACE297A4739FCEF4CBE6440B8F354B1B1D";"48D115F077ED7426760DEC903F8C5EACE297A4739FCEF4CBE6440B8F354B1B1D";"Würde gelöscht werden"
"2026-09-28 23:25:49";"DryRun";"F:\Daten\Älter\Bilder\Eigene Aufnahmen\IMG20240629133415.jpg";"E:\OpenCloud\Persönlich (2)\Fotos\Dogos\IMG20240629133415.jpg";"4613278";"3C53665672AEE5C0E265DBBDAF3FDA88F338FBE7F8BF026A4D360233B6427BC3";"3C53665672AEE5C0E265DBBDAF3FDA88F338FBE7F8BF026A4D360233B6427BC3";"Würde gelöscht werden"
"2026-09-28 23:25:49";"DryRun";"F:\Daten\Älter\Bilder\Eigene Aufnahmen\IMG20240629133421.jpg";"E:\OpenCloud\Persönlich (2)\Fotos\Dogos\IMG20240629133421.jpg";"4640445";"01DAD59253AB30814DD49F71BADE7D8EAA3F4C3AC18DB7EEBF45A67C53D35F52";"01DAD59253AB30814DD49F71BADE7D8EAA3F4C3AC18DB7EEBF45A67C53D35F52";"Würde gelöscht werden"
"2026-09-28 23:25:50";"DryRun";"F:\Daten\Älter\Bilder\Eigene Aufnahmen\IMG20240629133431.jpg";"E:\OpenCloud\Persönlich (2)\Fotos\Dogos\IMG20240629133431.jpg";"4641388";"C4B439CA1C711A890215D807DFC475039AAE4344C7369317E26F8F99567E587A";"C4B439CA1C711A890215D807DFC475039AAE4344C7369317E26F8F99567E587A";"Würde gelöscht werden"
"2026-09-28 23:25:50";"DryRun";"F:\Daten\Älter\Bilder\Eigene Aufnahmen\IMG20240629133457.jpg";"E:\OpenCloud\Persönlich (2)\Fotos\Dogos\IMG20240629133457.jpg";"4684267";"BBCCF8FB789EF302452EBCC141DE97161F64238F6C8AAF2D47573CD5DD3519E8";"BBCCF8FB789EF302452EBCC141DE97161F64238F6C8AAF2D47573CD5DD3519E8";"Würde gelöscht werden"
"2026-09-28 23:25:50";"DryRun";"F:\Daten\Älter\Bilder\Eigene Aufnahmen\IMG20240629133510.jpg";"E:\OpenCloud\Persönlich (2)\Fotos\Dogos\IMG20240629133510.jpg";"4719850";"F5CB2A5B5D06A3574C7FEDC474820138352AD74B1DB879649A8A329A2FFEDAAD";"F5CB2A5B5D06A3574C7FEDC474820138352AD74B1DB879649A8A329A2FFEDAAD";"Würde gelöscht werden"
"2026-09-28 23:25:50";"DryRun";"F:\Daten\Älter\Bilder\Eigene Aufnahmen\IMG20240629133536.jpg";"E:\OpenCloud\Persönlich (2)\Fotos\Dogos\IMG20240629133536.jpg";"4567163";"F7E20576E8D9F44F903A3BFE05F4577E26DF2176382329AD005D4EC5FB98D622";"F7E20576E8D9F44F903A3BFE05F4577E26DF2176382329AD005D4EC5FB98D622";"Würde gelöscht werden"
"2026-09-28 23:25:50";"DryRun";"F:\Daten\Älter\Bilder\Eigene Aufnahmen\IMG20240629133541.jpg";"E:\OpenCloud\Persönlich (2)\Fotos\Dogos\IMG20240629133541.jpg";"4583115";"BC383C3E3F3BBD1757BD6E28A13C64DCBE726C3D7EE2020877CE7925C2860572";"BC383C3E3F3BBD1757BD6E28A13C64DCBE726C3D7EE2020877CE7925C2860572";"Würde gelöscht werden"
"2026-09-28 23:25:50";"DryRun";"F:\Daten\Älter\Bilder\Eigene Aufnahmen\IMG20240629133548.jpg";"E:\OpenCloud\Persönlich (2)\Fotos\Dogos\IMG20240629133548.jpg";"4591293";"F197F44F609E32A6C9B1F28C3B22C1C66B53DA7A1ADEEF1B5EE96805D9D087D0";"F197F44F609E32A6C9B1F28C3B22C1C66B53DA7A1ADEEF1B5EE96805D9D087D0";"Würde gelöscht werden"
"2026-09-28 23:25:51";"DryRun";"F:\Daten\Älter\Bilder\Eigene Aufnahmen\IMG20240629133600.jpg";"E:\OpenCloud\Persönlich (2)\Fotos\Dogos\IMG20240629133600.jpg";"4366688";"EC06A7347D89E335613DFBB98BA64D011E4AAECCF5F63B7E7650EC754088F66D";"EC06A7347D89E335613DFBB98BA64D011E4AAECCF5F63B7E7650EC754088F66D";"Würde gelöscht werden"
"2026-09-28 23:25:51";"DryRun";"F:\Daten\Älter\Bilder\Eigene Aufnahmen\IMG20240629133604.jpg";"E:\OpenCloud\Persönlich (2)\Fotos\Dogos\IMG20240629133604.jpg";"4663606";"6F6BBE231EC1E425836AB47A53EEBA7BFCC9D803573EFF824AF357D028B5236B";"6F6BBE231EC1E425836AB47A53EEBA7BFCC9D803573EFF824AF357D028B5236B";"Würde gelöscht werden"
"2026-09-28 23:25:51";"DryRun";"F:\Daten\Älter\Bilder\Eigene Aufnahmen\IMG20240629133622.jpg";"E:\OpenCloud\Persönlich (2)\Fotos\Dogos\IMG20240629133622.jpg";"4567516";"7AA4C6DDBF9188FF8B2E5EC78CCCE6FE829C9C31CC1758B545B57F4202F8CCEE";"7AA4C6DDBF9188FF8B2E5EC78CCCE6FE829C9C31CC1758B545B57F4202F8CCEE";"Würde gelöscht werden"
"2026-09-28 23:25:51";"DryRun";"F:\Daten\Älter\Bilder\Eigene Aufnahmen\IMG20240629133647.jpg";"E:\OpenCloud\Persönlich (2)\Fotos\Dogos\IMG20240629133647.jpg";"4605466";"5366B5B983C2955D746CDDA1ED22DF76A5D2103C5CB486D2D0A8460DCDECE695";"5366B5B983C2955D746CDDA1ED22DF76A5D2103C5CB486D2D0A8460DCDECE695";"Würde gelöscht werden"
"2026-09-28 23:25:51";"DryRun";"F:\Daten\Älter\Bilder\Eigene Aufnahmen\IMG20240629133701.jpg";"E:\OpenCloud\Persönlich (2)\Fotos\Dogos\IMG20240629133701.jpg";"4330791";"8DF9528BA5D82F650A8E0543DC1A9137DF6461F32ED2CA86224FEF2F1212FA3A";"8DF9528BA5D82F650A8E0543DC1A9137DF6461F32ED2CA86224FEF2F1212FA3A";"Würde gelöscht werden"
"2026-09-28 23:25:52";"DryRun";"F:\Daten\Älter\Bilder\Eigene Aufnahmen\IMG20240702122150.jpg";"E:\OpenCloud\Persönlich (2)\Fotos\Wandern\Walchsee 24\IMG20240702122150.jpg";"3494902";"C00D90F077C904945B7DDA69721790B3A1607420C4FAD23B843B464913AAABDD";"C00D90F077C904945B7DDA69721790B3A1607420C4FAD23B843B464913AAABDD";"Würde gelöscht werden"
"2026-09-28 23:25:52";"DryRun";"F:\Daten\Älter\Bilder\Eigene Aufnahmen\IMG20240702122206.jpg";"E:\OpenCloud\Persönlich (2)\Fotos\Wandern\Walchsee 24\IMG20240702122206.jpg";"3572878";"4FDA96B19F7F8EF0B75606359B1E671083990C8112508BF0F5B46B3490229628";"4FDA96B19F7F8EF0B75606359B1E671083990C8112508BF0F5B46B3490229628";"Würde gelöscht werden"
"2026-09-28 23:25:52";"DryRun";"F:\Daten\Älter\Bilder\Eigene Aufnahmen\IMG20240702122350.jpg";"E:\OpenCloud\Persönlich (2)\Fotos\Wandern\Walchsee 24\IMG20240702122350.jpg";"3995663";"169C884466C94A745FFD105851812B6CFC55434330C914D5E74EC9C5AE2B8C1A";"169C884466C94A745FFD105851812B6CFC55434330C914D5E74EC9C5AE2B8C1A";"Würde gelöscht werden"
"2026-09-28 23:25:52";"DryRun";"F:\Daten\Älter\Bilder\Eigene Aufnahmen\IMG20240702124847.jpg";"E:\OpenCloud\Persönlich (2)\Fotos\Wandern\Walchsee 24\IMG20240702124847.jpg";"4014778";"D64DC6E3D009194C4589B6C6AAD920E818604E1DB9499B034B4FBBA01837BEBB";"D64DC6E3D009194C4589B6C6AAD920E818604E1DB9499B034B4FBBA01837BEBB";"Würde gelöscht werden"
"2026-09-28 23:25:52";"DryRun";"F:\Daten\Älter\Bilder\Eigene Aufnahmen\IMG20240702124901.jpg";"E:\OpenCloud\Persönlich (2)\Fotos\Wandern\Walchsee 24\IMG20240702124901.jpg";"4523468";"B0B1AD80A23FC4871665EA670B14ABE8E9404B4BB2BC88877A0D9F0C9E535F7F";"B0B1AD80A23FC4871665EA670B14ABE8E9404B4BB2BC88877A0D9F0C9E535F7F";"Würde gelöscht werden"
"2026-09-28 23:25:52";"DryRun";"F:\Daten\Älter\Bilder\Eigene Aufnahmen\IMG20240702124917.jpg";"E:\OpenCloud\Persönlich (2)\Fotos\Wandern\Walchsee 24\IMG20240702124917.jpg";"4096533";"077D9CE8DD56ED964891FD36CA44571512A475962CCD980E421A52C0FD00411D";"077D9CE8DD56ED964891FD36CA44571512A475962CCD980E421A52C0FD00411D";"Würde gelöscht werden"
"2026-09-28 23:25:53";"DryRun";"F:\Daten\Älter\Bilder\Eigene Aufnahmen\IMG20240702124948.jpg";"E:\OpenCloud\Persönlich (2)\Fotos\Wandern\Walchsee 24\IMG20240702124948.jpg";"5102892";"F6FEC1151C567DF6B7142548389CF1B5F033811DF1CCFD9E70534722F60ECD2C";"F6FEC1151C567DF6B7142548389CF1B5F033811DF1CCFD9E70534722F60ECD2C";"Würde gelöscht werden"
"2026-09-28 23:25:53";"DryRun";"F:\Daten\Älter\Bilder\Eigene Aufnahmen\IMG20240702131047.jpg";"E:\OpenCloud\Persönlich (2)\Fotos\Wandern\Walchsee 24\IMG20240702131047.jpg";"4129295";"89EB3EB4E3FEBB24F25654E968707CA32C7B0C56FD546DB342712DDBC19007DF";"89EB3EB4E3FEBB24F25654E968707CA32C7B0C56FD546DB342712DDBC19007DF";"Würde gelöscht werden"
"2026-09-28 23:25:53";"DryRun";"F:\Daten\Älter\Bilder\Eigene Aufnahmen\IMG20240702133632.jpg";"E:\OpenCloud\Persönlich (2)\Fotos\Wandern\Walchsee 24\IMG20240702133632.jpg";"4456418";"C5C3E8F74B442DF6C24360E8070082A83F5AD178414C35066545425BC620A392";"C5C3E8F74B442DF6C24360E8070082A83F5AD178414C35066545425BC620A392";"Würde gelöscht werden"
"2026-09-28 23:25:53";"DryRun";"F:\Daten\Älter\Bilder\Eigene Aufnahmen\IMG20240702133635.jpg";"E:\OpenCloud\Persönlich (2)\Fotos\Wandern\Walchsee 24\IMG20240702133635.jpg";"5354741";"6BABA594F7AC639721AE65FA448EFBC3DF1AF62C18639ACE9EEF79724C913656";"6BABA594F7AC639721AE65FA448EFBC3DF1AF62C18639ACE9EEF79724C913656";"Würde gelöscht werden"
"2026-09-28 23:25:53";"DryRun";"F:\Daten\Älter\Bilder\Eigene Aufnahmen\IMG20240702133644.jpg";"E:\OpenCloud\Persönlich (2)\Fotos\Wandern\Walchsee 24\IMG20240702133644.jpg";"7730996";"414CC9E309CA78848D9A197CF66E9713E9AE300E8C2DA92949990F1CF1381071";"414CC9E309CA78848D9A197CF66E9713E9AE300E8C2DA92949990F1CF1381071";"Würde gelöscht werden"
"2026-09-28 23:25:54";"DryRun";"F:\Daten\Älter\Bilder\Eigene Aufnahmen\IMG20240702142719.jpg";"E:\OpenCloud\Persönlich (2)\Fotos\Wandern\Walchsee 24\IMG20240702142719.jpg";"5125847";"031003A3F59C00D1FEBA940E77D2068EB84468FBB407F16C8A47CF2DCA9F5C16";"031003A3F59C00D1FEBA940E77D2068EB84468FBB407F16C8A47CF2DCA9F5C16";"Würde gelöscht werden"
"2026-09-28 23:25:54";"DryRun";"F:\Daten\Älter\Bilder\Eigene Aufnahmen\IMG20240702143043.jpg";"E:\OpenCloud\Persönlich (2)\Fotos\Wandern\Walchsee 24\IMG20240702143043.jpg";"5181033";"B8012EBDB7BF5291C4DB25757E67383CFF7C8396A9EDC4E52FB365FC7EBDDEC6";"B8012EBDB7BF5291C4DB25757E67383CFF7C8396A9EDC4E52FB365FC7EBDDEC6";"Würde gelöscht werden"
"2026-09-28 23:25:54";"DryRun";"F:\Daten\Älter\Bilder\Eigene Aufnahmen\IMG20240702143057 1.jpg";"E:\OpenCloud\Persönlich (2)\Fotos\Wandern\Walchsee 24\IMG20240702143057 1.jpg";"4613736";"D354EB10A2EBE6E9FEA9D1CE98B5D24A282419EDB6D8822A421D04D28ADABB1A";"D354EB10A2EBE6E9FEA9D1CE98B5D24A282419EDB6D8822A421D04D28ADABB1A";"Würde gelöscht werden"
"2026-09-28 23:25:54";"DryRun";"F:\Daten\Älter\Bilder\Eigene Aufnahmen\IMG20240702143057.jpg";"E:\OpenCloud\Persönlich (2)\Fotos\Wandern\Walchsee 24\IMG20240702143057.jpg";"4613736";"D354EB10A2EBE6E9FEA9D1CE98B5D24A282419EDB6D8822A421D04D28ADABB1A";"D354EB10A2EBE6E9FEA9D1CE98B5D24A282419EDB6D8822A421D04D28ADABB1A";"Würde gelöscht werden"
"2026-09-28 23:25:55";"DryRun";"F:\Daten\Älter\Bilder\Eigene Aufnahmen\IMG20240702143450.jpg";"E:\OpenCloud\Persönlich (2)\Fotos\Wandern\Walchsee 24\IMG20240702143450.jpg";"14056304";"0B5968D554575AECBE079FC3422F9A5E883ED9BBA00C189F7265147001EEFD37";"0B5968D554575AECBE079FC3422F9A5E883ED9BBA00C189F7265147001EEFD37";"Würde gelöscht werden"
"2026-09-28 23:25:56";"DryRun";"F:\Daten\Älter\Bilder\Eigene Aufnahmen\IMG20240702143817.jpg";"E:\OpenCloud\Persönlich (2)\Fotos\Wandern\Walchsee 24\IMG20240702143817.jpg";"34164830";"86215C2D7B8ADF431755DF9940D6FD1BD62263ECC1770C45B66380A18FE5AC45";"86215C2D7B8ADF431755DF9940D6FD1BD62263ECC1770C45B66380A18FE5AC45";"Würde gelöscht werden"
"2026-09-28 23:25:57";"DryRun";"F:\Daten\Älter\Bilder\Eigene Aufnahmen\IMG20240702143821.jpg";"E:\OpenCloud\Persönlich (2)\Fotos\Wandern\Walchsee 24\IMG20240702143821.jpg";"29649047";"E6653F48D8AE46614BFE81BDA04970DA502FCFE4EE600D5E6FEA201C15D67B9B";"E6653F48D8AE46614BFE81BDA04970DA502FCFE4EE600D5E6FEA201C15D67B9B";"Würde gelöscht werden"
"2026-09-28 23:25:57";"DryRun";"F:\Daten\Älter\Bilder\Eigene Aufnahmen\IMG20240702144837.jpg";"E:\OpenCloud\Persönlich (2)\Fotos\Wandern\Walchsee 24\IMG20240702144837.jpg";"6947835";"FD6B2634A93A3CEA4165858D3A5E64BED6EEC34A3909E7384A2486F553CBB0A7";"FD6B2634A93A3CEA4165858D3A5E64BED6EEC34A3909E7384A2486F553CBB0A7";"Würde gelöscht werden"
"2026-09-28 23:25:57";"DryRun";"F:\Daten\Älter\Bilder\Eigene Aufnahmen\IMG20240702144957.jpg";"E:\OpenCloud\Persönlich (2)\Fotos\Wandern\Walchsee 24\IMG20240702144957.jpg";"9179779";"E8AA5C84D08D75D146131AD4F96646130BC578D872FB97DA80C5B287F0ACF824";"E8AA5C84D08D75D146131AD4F96646130BC578D872FB97DA80C5B287F0ACF824";"Würde gelöscht werden"
"2026-09-28 23:25:58";"DryRun";"F:\Daten\Älter\Bilder\Eigene Aufnahmen\IMG20240702145005.jpg";"E:\OpenCloud\Persönlich (2)\Fotos\Wandern\Walchsee 24\IMG20240702145005.jpg";"7869686";"3CFD2C8B7D703C8C68449C5FE9AFCD002A8B6C9288D67F417B65B556050966C5";"3CFD2C8B7D703C8C68449C5FE9AFCD002A8B6C9288D67F417B65B556050966C5";"Würde gelöscht werden"
"2026-09-28 23:25:58";"DryRun";"F:\Daten\Älter\Bilder\Eigene Aufnahmen\IMG20240702145006.jpg";"E:\OpenCloud\Persönlich (2)\Fotos\Wandern\Walchsee 24\IMG20240702145006.jpg";"7864903";"F9139E3F4A60D26452DE2641A26650BAD721E0B39E0FB28E3F45E3FEBB2B0A22";"F9139E3F4A60D26452DE2641A26650BAD721E0B39E0FB28E3F45E3FEBB2B0A22";"Würde gelöscht werden"
"2026-09-28 23:25:58";"DryRun";"F:\Daten\Älter\Bilder\Eigene Aufnahmen\IMG20240703100255 1.jpg";"E:\OpenCloud\Persönlich (2)\Fotos\Wandern\Walchsee 24\IMG20240703100255 1.jpg";"14496795";"EE7AD867CECC18C312FBC3B135446C5096857AD289D7F5246F6E59ADD93B3883";"EE7AD867CECC18C312FBC3B135446C5096857AD289D7F5246F6E59ADD93B3883";"Würde gelöscht werden"
"2026-09-28 23:25:59";"DryRun";"F:\Daten\Älter\Bilder\Eigene Aufnahmen\IMG20240703103400.jpg";"E:\OpenCloud\Persönlich (2)\Fotos\Wandern\Walchsee 24\IMG20240703103400.jpg";"8769221";"89BD77F055A50A8E86B52A3486ED4F07F6ACD0D8DC4D76A7170D5CFC543BD8D1";"89BD77F055A50A8E86B52A3486ED4F07F6ACD0D8DC4D76A7170D5CFC543BD8D1";"Würde gelöscht werden"
"2026-09-28 23:25:59";"DryRun";"F:\Daten\Älter\Bilder\Eigene Aufnahmen\IMG20240703110120.jpg";"E:\OpenCloud\Persönlich (2)\Fotos\Wandern\Walchsee 24\IMG20240703110120.jpg";"9896413";"C5FC36BD3657916DA490D2D2CCC93893B2A98EDC0B8C2541280555D64ECC5C77";"C5FC36BD3657916DA490D2D2CCC93893B2A98EDC0B8C2541280555D64ECC5C77";"Würde gelöscht werden"
"2026-09-28 23:25:59";"DryRun";"F:\Daten\Älter\Bilder\Eigene Aufnahmen\IMG20240703122349.jpg";"E:\OpenCloud\Persönlich (2)\Fotos\Wandern\Walchsee 24\IMG20240703122349.jpg";"7511342";"1DFF5D32EC68CF077ECDEACEC7817E292F2D7EF2E9CC17B9ACE97C2FA9D727E5";"1DFF5D32EC68CF077ECDEACEC7817E292F2D7EF2E9CC17B9ACE97C2FA9D727E5";"Würde gelöscht werden"
"2026-09-28 23:26:00";"DryRun";"F:\Daten\Älter\Bilder\Eigene Aufnahmen\IMG20240703122358.jpg";"E:\OpenCloud\Persönlich (2)\Fotos\Wandern\Walchsee 24\IMG20240703122358.jpg";"7552986";"B02E913C50DCFDDF8895187193521676EA7776AA94BCD00BA09C83027B22C373";"B02E913C50DCFDDF8895187193521676EA7776AA94BCD00BA09C83027B22C373";"Würde gelöscht werden"
"2026-09-28 23:26:00";"DryRun";"F:\Daten\Älter\Bilder\Eigene Aufnahmen\IMG20240703122538.jpg";"E:\OpenCloud\Persönlich (2)\Fotos\Wandern\Walchsee 24\IMG20240703122538.jpg";"9362101";"C917193A4CAC10891926DDAB193E3BCEA0DCB57526ABD40A3F8F3CD1AAB48B72";"C917193A4CAC10891926DDAB193E3BCEA0DCB57526ABD40A3F8F3CD1AAB48B72";"Würde gelöscht werden"
"2026-09-28 23:26:00";"DryRun";"F:\Daten\Älter\Bilder\Eigene Aufnahmen\IMG20240703124528.jpg";"E:\OpenCloud\Persönlich (2)\Fotos\Wandern\Walchsee 24\IMG20240703124528.jpg";"6381532";"C2F767E4BF0CF7DF4EFF9A9A25F535A4D19FE8BE0D3C36E004A5E76C62A5697D";"C2F767E4BF0CF7DF4EFF9A9A25F535A4D19FE8BE0D3C36E004A5E76C62A5697D";"Würde gelöscht werden"
"2026-09-28 23:26:01";"DryRun";"F:\Daten\Älter\Bilder\Eigene Aufnahmen\IMG20240703124541.jpg";"E:\OpenCloud\Persönlich (2)\Fotos\Wandern\Walchsee 24\IMG20240703124541.jpg";"25822621";"F1320DB693156EBD488D28DC6F34ACC319DFFD6175517C22F2376439D9F5883C";"F1320DB693156EBD488D28DC6F34ACC319DFFD6175517C22F2376439D9F5883C";"Würde gelöscht werden"
"2026-09-28 23:26:01";"DryRun";"F:\Daten\Älter\Bilder\Eigene Aufnahmen\IMG20240703124547.jpg";"E:\OpenCloud\Persönlich (2)\Fotos\Wandern\Walchsee 24\IMG20240703124547.jpg";"6299035";"77028801B6B2D2CB0AFCBF36022DB72525B37093FEC46666494CBD4BED1F854D";"77028801B6B2D2CB0AFCBF36022DB72525B37093FEC46666494CBD4BED1F854D";"Würde gelöscht werden"
"2026-09-28 23:26:02";"DryRun";"F:\Daten\Älter\Bilder\Eigene Aufnahmen\IMG20240703124557.jpg";"E:\OpenCloud\Persönlich (2)\Fotos\Wandern\Walchsee 24\IMG20240703124557.jpg";"6683528";"D7D556F24E9883AA1A2507899A55265B110DFE6637793A0192C5942656272C7F";"D7D556F24E9883AA1A2507899A55265B110DFE6637793A0192C5942656272C7F";"Würde gelöscht werden"
"2026-09-28 23:26:02";"DryRun";"F:\Daten\Älter\Bilder\Eigene Aufnahmen\IMG20240703132631.jpg";"E:\OpenCloud\Persönlich (2)\Fotos\Wandern\Walchsee 24\IMG20240703132631.jpg";"4095930";"AC15F8313258B0FA522E1B9D77DC3C0B15BB17B0DB748BFD3894498143F8A37D";"AC15F8313258B0FA522E1B9D77DC3C0B15BB17B0DB748BFD3894498143F8A37D";"Würde gelöscht werden"
"2026-09-28 23:26:02";"DryRun";"F:\Daten\Älter\Bilder\Eigene Aufnahmen\IMG20240703132634.jpg";"E:\OpenCloud\Persönlich (2)\Fotos\Wandern\Walchsee 24\IMG20240703132634.jpg";"4478043";"93CA59A02ED8A6E89C55F5C6525EBF2E3FAA5F16619F1CD188C68F679D599B80";"93CA59A02ED8A6E89C55F5C6525EBF2E3FAA5F16619F1CD188C68F679D599B80";"Würde gelöscht werden"
"2026-09-28 23:26:02";"DryRun";"F:\Daten\Älter\Bilder\Eigene Aufnahmen\IMG20240703132649.jpg";"E:\OpenCloud\Persönlich (2)\Fotos\Wandern\Walchsee 24\IMG20240703132649.jpg";"4795020";"FAC51C24137571C4DE5DD0ABB7C3D99489602D67851D1F8C9665B442FA79A7F4";"FAC51C24137571C4DE5DD0ABB7C3D99489602D67851D1F8C9665B442FA79A7F4";"Würde gelöscht werden"
"2026-09-28 23:26:02";"DryRun";"F:\Daten\Älter\Bilder\Eigene Aufnahmen\IMG20240703134927.jpg";"E:\OpenCloud\Persönlich (2)\Fotos\Wandern\Walchsee 24\IMG20240703134927.jpg";"4601740";"E0474D77C86A1F71427F58FFB200DC9BFE089C0DA532492DE246DAA753387FD7";"E0474D77C86A1F71427F58FFB200DC9BFE089C0DA532492DE246DAA753387FD7";"Würde gelöscht werden"
"2026-09-28 23:26:03";"DryRun";"F:\Daten\Älter\Bilder\Eigene Aufnahmen\IMG20240703144507.jpg";"E:\OpenCloud\Persönlich (2)\Fotos\Wandern\Walchsee 24\IMG20240703144507.jpg";"7559594";"2A0D7BDFE8E88114D674A70F2301513375AA6DD276CA186EDCCCE8BD286CA9B7";"2A0D7BDFE8E88114D674A70F2301513375AA6DD276CA186EDCCCE8BD286CA9B7";"Würde gelöscht werden"
"2026-09-28 23:26:03";"DryRun";"F:\Daten\Älter\Bilder\Eigene Aufnahmen\IMG20240703151616.jpg";"E:\OpenCloud\Persönlich (2)\Fotos\Wandern\Walchsee 24\IMG20240703151616.jpg";"9803203";"898AAFFBF1CE4A86080E7CDC75197E95C83B014F6575B87D618F70494E556C45";"898AAFFBF1CE4A86080E7CDC75197E95C83B014F6575B87D618F70494E556C45";"Würde gelöscht werden"
"2026-09-28 23:26:03";"DryRun";"F:\Daten\Älter\Bilder\Eigene Aufnahmen\IMG20240703154048.jpg";"E:\OpenCloud\Persönlich (2)\Fotos\Wandern\Walchsee 24\IMG20240703154048.jpg";"9321334";"51A839D1EA8044802F17975DBD1BAF128E29CBBDDC3AAB2CB199EAD929812A28";"51A839D1EA8044802F17975DBD1BAF128E29CBBDDC3AAB2CB199EAD929812A28";"Würde gelöscht werden"
"2026-09-28 23:26:04";"DryRun";"F:\Daten\Älter\Bilder\Eigene Aufnahmen\IMG20240703154055.jpg";"E:\OpenCloud\Persönlich (2)\Fotos\Wandern\Walchsee 24\IMG20240703154055.jpg";"9598621";"66FFA0728F9668F7436805CEECB14FD5B206AC9CF926575E74ABB112ACD0AD52";"66FFA0728F9668F7436805CEECB14FD5B206AC9CF926575E74ABB112ACD0AD52";"Würde gelöscht werden"
"2026-09-28 23:26:05";"DryRun";"F:\Daten\Älter\Bilder\Eigene Aufnahmen\IMG20240703154304.jpg";"E:\OpenCloud\Persönlich (2)\Fotos\Wandern\Walchsee 24\IMG20240703154304.jpg";"35184347";"F8E3E5990F1035B15E7FB4A4314A4CA5989FD47E6AB4F3696C4FBFD11AC8B645";"F8E3E5990F1035B15E7FB4A4314A4CA5989FD47E6AB4F3696C4FBFD11AC8B645";"Würde gelöscht werden"
"2026-09-28 23:26:05";"DryRun";"F:\Daten\Älter\Bilder\Eigene Aufnahmen\IMG20240703155625.jpg";"E:\OpenCloud\Persönlich (2)\Fotos\Wandern\Walchsee 24\IMG20240703155625.jpg";"6598294";"15ABB75AA94208BB27457997B497B7C86CE1F6DA63E373E6618658726DE65873";"15ABB75AA94208BB27457997B497B7C86CE1F6DA63E373E6618658726DE65873";"Würde gelöscht werden"
"2026-09-28 23:26:05";"DryRun";"F:\Daten\Älter\Bilder\Eigene Aufnahmen\IMG20240704115757.jpg";"E:\OpenCloud\Persönlich (2)\Fotos\Wandern\Walchsee 24\IMG20240704115757.jpg";"6205411";"7F5B1697D36E6F1E8F7822B42AA0B9164DFF12E18E485243F7762FCCFDDC1A1D";"7F5B1697D36E6F1E8F7822B42AA0B9164DFF12E18E485243F7762FCCFDDC1A1D";"Würde gelöscht werden"
"2026-09-28 23:26:06";"DryRun";"F:\Daten\Älter\Bilder\Eigene Aufnahmen\IMG20240704115800.jpg";"E:\OpenCloud\Persönlich (2)\Fotos\Wandern\Walchsee 24\IMG20240704115800.jpg";"5983576";"57163E7D2541007B0FB9B3047F9FB48EBE5094E5D529D7B4019696C1B81D8712";"57163E7D2541007B0FB9B3047F9FB48EBE5094E5D529D7B4019696C1B81D8712";"Würde gelöscht werden"
"2026-09-28 23:26:06";"DryRun";"F:\Daten\Älter\Bilder\Eigene Aufnahmen\IMG20240704115823.jpg";"E:\OpenCloud\Persönlich (2)\Fotos\Wandern\Walchsee 24\IMG20240704115823.jpg";"6465419";"C352D4D5A37CC3B714A8A4A69C89D6DEACEFC12F2ECC0C07D51F094159C76D4E";"C352D4D5A37CC3B714A8A4A69C89D6DEACEFC12F2ECC0C07D51F094159C76D4E";"Würde gelöscht werden"
"2026-09-28 23:26:06";"DryRun";"F:\Daten\Älter\Bilder\Eigene Aufnahmen\IMG20240704120340.jpg";"E:\OpenCloud\Persönlich (2)\Fotos\Wandern\Walchsee 24\IMG20240704120340.jpg";"5765748";"F5ABF6A44952CF8C2B67E3C4D3F1DA01C8EA1362EEBD68678172BBD2F54EF84C";"F5ABF6A44952CF8C2B67E3C4D3F1DA01C8EA1362EEBD68678172BBD2F54EF84C";"Würde gelöscht werden"
"2026-09-28 23:26:06";"DryRun";"F:\Daten\Älter\Bilder\Eigene Aufnahmen\IMG20240704125912.jpg";"E:\OpenCloud\Persönlich (2)\Fotos\Wandern\Walchsee 24\IMG20240704125912.jpg";"5753384";"97389E992E0984926D756E282CC84B2E18F3ABFB547237B1F612C8D7D4E38C87";"97389E992E0984926D756E282CC84B2E18F3ABFB547237B1F612C8D7D4E38C87";"Würde gelöscht werden"
"2026-09-28 23:26:06";"DryRun";"F:\Daten\Älter\Bilder\Eigene Aufnahmen\IMG20240704133717.jpg";"E:\OpenCloud\Persönlich (2)\Fotos\Wandern\Walchsee 24\IMG20240704133717.jpg";"4649888";"998619D82D260F342A5DC6014D1D293808D8CBC7647EE82F0898290D62F63FFE";"998619D82D260F342A5DC6014D1D293808D8CBC7647EE82F0898290D62F63FFE";"Würde gelöscht werden"
"2026-09-28 23:26:07";"DryRun";"F:\Daten\Älter\Bilder\Eigene Aufnahmen\IMG20240704133740.jpg";"E:\OpenCloud\Persönlich (2)\Fotos\Wandern\Walchsee 24\IMG20240704133740.jpg";"5668813";"101EF1C0BA32601BC47D9843A7AB0C59291E61CCBDB2C47B127604D596277CE7";"101EF1C0BA32601BC47D9843A7AB0C59291E61CCBDB2C47B127604D596277CE7";"Würde gelöscht werden"
"2026-09-28 23:26:07";"DryRun";"F:\Daten\Älter\Bilder\Eigene Aufnahmen\IMG20240704133742.jpg";"E:\OpenCloud\Persönlich (2)\Fotos\Wandern\Walchsee 24\IMG20240704133742.jpg";"5028622";"522CF30CB9004EE39CAE90AE0E224BF38E25635A919FB8C8F702552B65EDBD43";"522CF30CB9004EE39CAE90AE0E224BF38E25635A919FB8C8F702552B65EDBD43";"Würde gelöscht werden"
"2026-09-28 23:26:07";"DryRun";"F:\Daten\Älter\Bilder\Eigene Aufnahmen\IMG20240704134140.jpg";"E:\OpenCloud\Persönlich (2)\Fotos\Wandern\Walchsee 24\IMG20240704134140.jpg";"9289072";"5E4FE632450B57FD58E211519B99BD80097D6A46ACD679BA99622BD6E8E55867";"5E4FE632450B57FD58E211519B99BD80097D6A46ACD679BA99622BD6E8E55867";"Würde gelöscht werden"
"2026-09-28 23:26:08";"DryRun";"F:\Daten\Älter\Bilder\Eigene Aufnahmen\IMG20240704134533.jpg";"E:\OpenCloud\Persönlich (2)\Fotos\Wandern\Walchsee 24\IMG20240704134533.jpg";"7730512";"7BD68045BA597FE8A30CC37601ADB4D2E9226BA0B41BF53D3BEB09F1D7527C30";"7BD68045BA597FE8A30CC37601ADB4D2E9226BA0B41BF53D3BEB09F1D7527C30";"Würde gelöscht werden"
"2026-09-28 23:26:08";"DryRun";"F:\Daten\Älter\Bilder\Eigene Aufnahmen\IMG20240704134535.jpg";"E:\OpenCloud\Persönlich (2)\Fotos\Wandern\Walchsee 24\IMG20240704134535.jpg";"6066009";"24C8915A36AB9D093F0E7A04F92C318F27FD2021FDC600113684E40282CA7EF7";"24C8915A36AB9D093F0E7A04F92C318F27FD2021FDC600113684E40282CA7EF7";"Würde gelöscht werden"
"2026-09-28 23:26:08";"DryRun";"F:\Daten\Älter\Bilder\Eigene Aufnahmen\IMG20240704134538.jpg";"E:\OpenCloud\Persönlich (2)\Fotos\Wandern\Walchsee 24\IMG20240704134538.jpg";"5066749";"17A9AC624052A7F555E57024A2C60EFDA3761EE8BC49C049FF7FCBBC7BB5A31F";"17A9AC624052A7F555E57024A2C60EFDA3761EE8BC49C049FF7FCBBC7BB5A31F";"Würde gelöscht werden"
"2026-09-28 23:26:08";"DryRun";"F:\Daten\Älter\Bilder\Eigene Aufnahmen\IMG20240704140236.jpg";"E:\OpenCloud\Persönlich (2)\Fotos\Wandern\Walchsee 24\IMG20240704140236.jpg";"6466556";"5C3453E44602E1D9F186EA1CFB14C4FCF8A49AE00600DA1AF5D1BB7480DE4AF6";"5C3453E44602E1D9F186EA1CFB14C4FCF8A49AE00600DA1AF5D1BB7480DE4AF6";"Würde gelöscht werden"
"2026-09-28 23:26:08";"DryRun";"F:\Daten\Älter\Bilder\Eigene Aufnahmen\IMG20240704140242.jpg";"E:\OpenCloud\Persönlich (2)\Fotos\Wandern\Walchsee 24\IMG20240704140242.jpg";"6336770";"4CCA300011D87B282B10D3977F33D54E3200F47B92FAEADBF7D9E3146E41A8A9";"4CCA300011D87B282B10D3977F33D54E3200F47B92FAEADBF7D9E3146E41A8A9";"Würde gelöscht werden"
"2026-09-28 23:26:09";"DryRun";"F:\Daten\Älter\Bilder\Eigene Aufnahmen\IMG20240704140245.jpg";"E:\OpenCloud\Persönlich (2)\Fotos\Wandern\Walchsee 24\IMG20240704140245.jpg";"10524370";"A26F251F5E0FD690F94F0A3FC26418E51CEDDFB761E64B61B0A5E5C5BB2374D4";"A26F251F5E0FD690F94F0A3FC26418E51CEDDFB761E64B61B0A5E5C5BB2374D4";"Würde gelöscht werden"
"2026-09-28 23:26:09";"DryRun";"F:\Daten\Älter\Bilder\Eigene Aufnahmen\IMG20240704140246.jpg";"E:\OpenCloud\Persönlich (2)\Fotos\Wandern\Walchsee 24\IMG20240704140246.jpg";"8963892";"3D82D37FE9D70B1213F4FE99103A0968136F71935C93DE5EC2F62E7C8E4EFBD2";"3D82D37FE9D70B1213F4FE99103A0968136F71935C93DE5EC2F62E7C8E4EFBD2";"Würde gelöscht werden"
"2026-09-28 23:26:09";"DryRun";"F:\Daten\Älter\Bilder\Eigene Aufnahmen\IMG20240704140252.jpg";"E:\OpenCloud\Persönlich (2)\Fotos\Wandern\Walchsee 24\IMG20240704140252.jpg";"9844103";"A7BE10D01A807D7B76C6C43FA804EB505A33260F154C41344135AF7C5998EDC6";"A7BE10D01A807D7B76C6C43FA804EB505A33260F154C41344135AF7C5998EDC6";"Würde gelöscht werden"
"2026-09-28 23:26:10";"DryRun";"F:\Daten\Älter\Bilder\Eigene Aufnahmen\IMG20240704140255.jpg";"E:\OpenCloud\Persönlich (2)\Fotos\Wandern\Walchsee 24\IMG20240704140255.jpg";"9427218";"38367C352384B676372AD4EDA966DB6314B43A8B1039A8BB2CCE3DE5FE698BBA";"38367C352384B676372AD4EDA966DB6314B43A8B1039A8BB2CCE3DE5FE698BBA";"Würde gelöscht werden"
"2026-09-28 23:26:10";"DryRun";"F:\Daten\Älter\Bilder\Eigene Aufnahmen\IMG20240704142030.jpg";"E:\OpenCloud\Persönlich (2)\Fotos\Wandern\Walchsee 24\IMG20240704142030.jpg";"6749890";"57375E794A295C4C92E95ED64829F557C932CF35D6FA87852A839D7693F374DD";"57375E794A295C4C92E95ED64829F557C932CF35D6FA87852A839D7693F374DD";"Würde gelöscht werden"
"2026-09-28 23:26:10";"DryRun";"F:\Daten\Älter\Bilder\Eigene Aufnahmen\IMG20240704142320.jpg";"E:\OpenCloud\Persönlich (2)\Fotos\Wandern\Walchsee 24\IMG20240704142320.jpg";"6634944";"E4E5B5B073B7D299BB9628821FDFBE0955F5334768FA460A79F17E2079ADD31A";"E4E5B5B073B7D299BB9628821FDFBE0955F5334768FA460A79F17E2079ADD31A";"Würde gelöscht werden"
"2026-09-28 23:26:10";"DryRun";"F:\Daten\Älter\Bilder\Eigene Aufnahmen\IMG20240704150206.jpg";"E:\OpenCloud\Persönlich (2)\Fotos\Wandern\Walchsee 24\IMG20240704150206.jpg";"5427898";"33271B6F227B1A1570418DF53E5967869469707C69A97D925FA49606113C7866";"33271B6F227B1A1570418DF53E5967869469707C69A97D925FA49606113C7866";"Würde gelöscht werden"
"2026-09-28 23:26:11";"DryRun";"F:\Daten\Älter\Bilder\Eigene Aufnahmen\IMG20240704152312.jpg";"E:\OpenCloud\Persönlich (2)\Fotos\Wandern\Walchsee 24\IMG20240704152312.jpg";"4595054";"C3EDDABD73073F2ACDFFC93B0A039B07C5591C9EC38963AE24C075D473DA008A";"C3EDDABD73073F2ACDFFC93B0A039B07C5591C9EC38963AE24C075D473DA008A";"Würde gelöscht werden"
"2026-09-28 23:26:11";"DryRun";"F:\Daten\Älter\Bilder\Eigene Aufnahmen\IMG20240704155017.jpg";"E:\OpenCloud\Persönlich (2)\Fotos\Wandern\Walchsee 24\IMG20240704155017.jpg";"4390835";"CF9D3EF0046D1B2E48DACE29B1813B279F516140AA4D751AA4F9B67FD05E41D8";"CF9D3EF0046D1B2E48DACE29B1813B279F516140AA4D751AA4F9B67FD05E41D8";"Würde gelöscht werden"
"2026-09-28 23:26:11";"DryRun";"F:\Daten\Älter\Bilder\Eigene Aufnahmen\IMG20240704155816.jpg";"E:\OpenCloud\Persönlich (2)\Fotos\Wandern\Walchsee 24\IMG20240704155816.jpg";"8011672";"F0136F417FC4A2796C2B1AE9FCD53DE618F6A2E996F5C0502EF372F8457C79A8";"F0136F417FC4A2796C2B1AE9FCD53DE618F6A2E996F5C0502EF372F8457C79A8";"Würde gelöscht werden"
"2026-09-28 23:26:11";"DryRun";"F:\Daten\Älter\Bilder\Eigene Aufnahmen\IMG20240704155819.jpg";"E:\OpenCloud\Persönlich (2)\Fotos\Wandern\Walchsee 24\IMG20240704155819.jpg";"8049943";"465C0691D747C39905A7785B57AF9BCA1D34D96BFF1E1D3938D036D100D2AB8C";"465C0691D747C39905A7785B57AF9BCA1D34D96BFF1E1D3938D036D100D2AB8C";"Würde gelöscht werden"
"2026-09-28 23:26:12";"DryRun";"F:\Daten\Älter\Bilder\Eigene Aufnahmen\IMG20240704164152.jpg";"E:\OpenCloud\Persönlich (2)\Fotos\Wandern\Walchsee 24\IMG20240704164152.jpg";"6828495";"C846459FD02D02B93798D046CE7BAB2A13E2122462A6C79DD83181071E592E36";"C846459FD02D02B93798D046CE7BAB2A13E2122462A6C79DD83181071E592E36";"Würde gelöscht werden"
"2026-09-28 23:26:12";"DryRun";"F:\Daten\Älter\Bilder\Eigene Aufnahmen\IMG20240704164156.jpg";"E:\OpenCloud\Persönlich (2)\Fotos\Wandern\Walchsee 24\IMG20240704164156.jpg";"8971768";"E970C22705EB1D2F7788EA85AA5A96CE0945518463C863BAC8DE56B7DA286A76";"E970C22705EB1D2F7788EA85AA5A96CE0945518463C863BAC8DE56B7DA286A76";"Würde gelöscht werden"
"2026-09-28 23:26:12";"DryRun";"F:\Daten\Älter\Bilder\Eigene Aufnahmen\IMG20240704164157.jpg";"E:\OpenCloud\Persönlich (2)\Fotos\Wandern\Walchsee 24\IMG20240704164157.jpg";"8811710";"779200F087AC4B174F65423E82A25A1CCC238BD216856E4B08A9153FA104F804";"779200F087AC4B174F65423E82A25A1CCC238BD216856E4B08A9153FA104F804";"Würde gelöscht werden"
"2026-09-28 23:26:12";"DryRun";"F:\Daten\Älter\Bilder\Eigene Aufnahmen\IMG20240704164234.jpg";"E:\OpenCloud\Persönlich (2)\Fotos\Wandern\Walchsee 24\IMG20240704164234.jpg";"5212721";"9E005DD70E5B1957FC0E13BDC2A5926B1FB4CFFDD4DD7715EC014F01CC217269";"9E005DD70E5B1957FC0E13BDC2A5926B1FB4CFFDD4DD7715EC014F01CC217269";"Würde gelöscht werden"
"2026-09-28 23:26:13";"DryRun";"F:\Daten\Älter\Bilder\Eigene Aufnahmen\IMG20240704164235.jpg";"E:\OpenCloud\Persönlich (2)\Fotos\Wandern\Walchsee 24\IMG20240704164235.jpg";"5916572";"17D29034E7434922991AEF5802CF647D83D18A46087CA5A7992E512C6F17E0EA";"17D29034E7434922991AEF5802CF647D83D18A46087CA5A7992E512C6F17E0EA";"Würde gelöscht werden"
"2026-09-28 23:26:13";"DryRun";"F:\Daten\Älter\Bilder\Eigene Aufnahmen\IMG20240704164447.jpg";"E:\OpenCloud\Persönlich (2)\Fotos\Wandern\Walchsee 24\IMG20240704164447.jpg";"8210309";"BA12E268BF84E25822003FC01F1A4FD31E709A4A6429C4A62CFE2E634F49C76D";"BA12E268BF84E25822003FC01F1A4FD31E709A4A6429C4A62CFE2E634F49C76D";"Würde gelöscht werden"
"2026-09-28 23:26:13";"DryRun";"F:\Daten\Älter\Bilder\Eigene Aufnahmen\IMG20240704164450.jpg";"E:\OpenCloud\Persönlich (2)\Fotos\Wandern\Walchsee 24\IMG20240704164450.jpg";"7553605";"82E069CB926646C4AC6D3AB807386A0F057DFA3E7200E632F53F6443F9F06D24";"82E069CB926646C4AC6D3AB807386A0F057DFA3E7200E632F53F6443F9F06D24";"Würde gelöscht werden"
"2026-09-28 23:26:13";"DryRun";"F:\Daten\Älter\Bilder\Eigene Aufnahmen\IMG20240704164453.jpg";"E:\OpenCloud\Persönlich (2)\Fotos\Wandern\Walchsee 24\IMG20240704164453.jpg";"7433554";"3D62F3AE85701E100771563F40917CB9063767F67B7E7E0751C53218C0994270";"3D62F3AE85701E100771563F40917CB9063767F67B7E7E0751C53218C0994270";"Würde gelöscht werden"
"2026-09-28 23:26:14";"DryRun";"F:\Daten\Älter\Bilder\Eigene Aufnahmen\IMG20240704171032.jpg";"E:\OpenCloud\Persönlich (2)\Fotos\Wandern\Walchsee 24\IMG20240704171032.jpg";"6353294";"59A68925B9313FC6AF8F570F2C34216759A1977E2E683497001FE6CA87EFBF2E";"59A68925B9313FC6AF8F570F2C34216759A1977E2E683497001FE6CA87EFBF2E";"Würde gelöscht werden"
"2026-09-28 23:26:14";"DryRun";"F:\Daten\Älter\Bilder\Eigene Aufnahmen\IMG20240704171035.jpg";"E:\OpenCloud\Persönlich (2)\Fotos\Wandern\Walchsee 24\IMG20240704171035.jpg";"5678710";"8CE59D54E0B6AA2BB94DEAA132D730666F439F3770977D7B25A53253B2C9E4AC";"8CE59D54E0B6AA2BB94DEAA132D730666F439F3770977D7B25A53253B2C9E4AC";"Würde gelöscht werden"
"2026-09-28 23:26:14";"DryRun";"F:\Daten\Älter\Bilder\Eigene Aufnahmen\IMG20240704172640.jpg";"E:\OpenCloud\Persönlich (2)\Fotos\Wandern\Walchsee 24\IMG20240704172640.jpg";"6487275";"41D1DBBACCB0C7CA4DBB725EC772144D241E40053FF860EEDD9BE6B7042C6322";"41D1DBBACCB0C7CA4DBB725EC772144D241E40053FF860EEDD9BE6B7042C6322";"Würde gelöscht werden"
"2026-09-28 23:26:14";"DryRun";"F:\Daten\Älter\Bilder\Eigene Aufnahmen\IMG20240704180114.jpg";"E:\OpenCloud\Persönlich (2)\Fotos\Wandern\Walchsee 24\IMG20240704180114.jpg";"4265106";"5BFF1F5A96BAB1210E0FB1A44B0672E5B2E0E60E997326D2336E92233A721C9D";"5BFF1F5A96BAB1210E0FB1A44B0672E5B2E0E60E997326D2336E92233A721C9D";"Würde gelöscht werden"
"2026-09-28 23:26:15";"DryRun";"F:\Daten\Älter\Bilder\Eigene Aufnahmen\IMG20240705101235_01.jpg";"E:\OpenCloud\Persönlich (2)\Fotos\Wandern\Walchsee 24\IMG20240705101235_01.jpg";"3857383";"33A08E634E6ACDAC266B7AD0997E2696CF025DFA9AC7F40C94A146E597D0A674";"33A08E634E6ACDAC266B7AD0997E2696CF025DFA9AC7F40C94A146E597D0A674";"Würde gelöscht werden"
"2026-09-28 23:26:15";"DryRun";"F:\Daten\Älter\Bilder\Eigene Aufnahmen\IMG20240705101235.jpg";"E:\OpenCloud\Persönlich (2)\Fotos\Wandern\Walchsee 24\IMG20240705101235.jpg";"3785417";"7E8D0B8B925B63CCEC53B75ACCD364AE50ECB1F176F97A7B45D0215A6762706B";"7E8D0B8B925B63CCEC53B75ACCD364AE50ECB1F176F97A7B45D0215A6762706B";"Würde gelöscht werden"
"2026-09-28 23:26:15";"DryRun";"F:\Daten\Älter\Bilder\Eigene Aufnahmen\IMG20240705111136.jpg";"E:\OpenCloud\Persönlich (2)\Fotos\Wandern\Walchsee 24\IMG20240705111136.jpg";"9048521";"C9E8BD7DF5E0A03FA83B55BBD254B9D33E4205090002EC0B041D2079C2BFDF3A";"C9E8BD7DF5E0A03FA83B55BBD254B9D33E4205090002EC0B041D2079C2BFDF3A";"Würde gelöscht werden"
"2026-09-28 23:26:15";"DryRun";"F:\Daten\Älter\Bilder\Eigene Aufnahmen\IMG20240705111139.jpg";"E:\OpenCloud\Persönlich (2)\Fotos\Wandern\Walchsee 24\IMG20240705111139.jpg";"8661574";"432E4CAC76D82566ED519A448C2FF42AD741379704D68082A63AF67CF0F51BB8";"432E4CAC76D82566ED519A448C2FF42AD741379704D68082A63AF67CF0F51BB8";"Würde gelöscht werden"
"2026-09-28 23:26:16";"DryRun";"F:\Daten\Älter\Bilder\Eigene Aufnahmen\IMG20240705111455.jpg";"E:\OpenCloud\Persönlich (2)\Fotos\Wandern\Walchsee 24\IMG20240705111455.jpg";"7853141";"D88A404784DB5A70E3D6B2D85AEC092AD55D0342D9590F77D09505452FC69930";"D88A404784DB5A70E3D6B2D85AEC092AD55D0342D9590F77D09505452FC69930";"Würde gelöscht werden"
"2026-09-28 23:26:16";"DryRun";"F:\Daten\Älter\Bilder\Eigene Aufnahmen\IMG20240705111457.jpg";"E:\OpenCloud\Persönlich (2)\Fotos\Wandern\Walchsee 24\IMG20240705111457.jpg";"7462442";"E2C300C7A625A2C295F57201CC4189A7050A29775CC0FA88697E96EBE7D8C2D8";"E2C300C7A625A2C295F57201CC4189A7050A29775CC0FA88697E96EBE7D8C2D8";"Würde gelöscht werden"
"2026-09-28 23:26:16";"DryRun";"F:\Daten\Älter\Bilder\Eigene Aufnahmen\IMG20240705111503.jpg";"E:\OpenCloud\Persönlich (2)\Fotos\Wandern\Walchsee 24\IMG20240705111503.jpg";"6335407";"ACDE01F6C685F40B5F0F727E154FF5E4E55E6B13BFEB6542D02089DFF606C50F";"ACDE01F6C685F40B5F0F727E154FF5E4E55E6B13BFEB6542D02089DFF606C50F";"Würde gelöscht werden"
"2026-09-28 23:26:16";"DryRun";"F:\Daten\Älter\Bilder\Eigene Aufnahmen\IMG20240705112510.jpg";"E:\OpenCloud\Persönlich (2)\Fotos\Wandern\Walchsee 24\IMG20240705112510.jpg";"8944549";"9E52EEABB8B92565F6E4C9661987883732799813A78CE4E730056F96D63A0DC7";"9E52EEABB8B92565F6E4C9661987883732799813A78CE4E730056F96D63A0DC7";"Würde gelöscht werden"
"2026-09-28 23:26:17";"DryRun";"F:\Daten\Älter\Bilder\Eigene Aufnahmen\IMG20240705112519.jpg";"E:\OpenCloud\Persönlich (2)\Fotos\Wandern\Walchsee 24\IMG20240705112519.jpg";"8074223";"C7397A1529E2DD46F644A01B2455B149077C338F79ED8FD5F62F15B233F690ED";"C7397A1529E2DD46F644A01B2455B149077C338F79ED8FD5F62F15B233F690ED";"Würde gelöscht werden"
"2026-09-28 23:26:17";"DryRun";"F:\Daten\Älter\Bilder\Eigene Aufnahmen\IMG20240705113007.jpg";"E:\OpenCloud\Persönlich (2)\Fotos\Wandern\Walchsee 24\IMG20240705113007.jpg";"5255756";"BDC4E4E2A2EC6D4C55E2B18C18F21F0A2805C72C0CC2D4683C59BF6EC381DEBB";"BDC4E4E2A2EC6D4C55E2B18C18F21F0A2805C72C0CC2D4683C59BF6EC381DEBB";"Würde gelöscht werden"
"2026-09-28 23:26:17";"DryRun";"F:\Daten\Älter\Bilder\Eigene Aufnahmen\IMG20240705113259.jpg";"E:\OpenCloud\Persönlich (2)\Fotos\Wandern\Walchsee 24\IMG20240705113259.jpg";"8159961";"9FDB5516F04560B7C635B81C609467D180FD5ABFB07F196EE9AB4E982A81EE43";"9FDB5516F04560B7C635B81C609467D180FD5ABFB07F196EE9AB4E982A81EE43";"Würde gelöscht werden"
"2026-09-28 23:26:19";"DryRun";"F:\Daten\Älter\Bilder\Eigene Aufnahmen\IMG20240705113315.jpg";"E:\OpenCloud\Persönlich (2)\Fotos\Wandern\Walchsee 24\IMG20240705113315.jpg";"58608373";"D6BABA2FD24F6FA5CEA4DF216D0B90AC5BD4CD835453FDD3D5D4B7B8B966A06D";"D6BABA2FD24F6FA5CEA4DF216D0B90AC5BD4CD835453FDD3D5D4B7B8B966A06D";"Würde gelöscht werden"
"2026-09-28 23:26:19";"DryRun";"F:\Daten\Älter\Bilder\Eigene Aufnahmen\IMG20240705113614.jpg";"E:\OpenCloud\Persönlich (2)\Fotos\Wandern\Walchsee 24\IMG20240705113614.jpg";"5150819";"EC980C4B6ECF264700CA1BF9EA819C2ED4F9AA855CCA164B806FF30F1BF28C2B";"EC980C4B6ECF264700CA1BF9EA819C2ED4F9AA855CCA164B806FF30F1BF28C2B";"Würde gelöscht werden"
"2026-09-28 23:26:20";"DryRun";"F:\Daten\Älter\Bilder\Eigene Aufnahmen\IMG20240705114217.jpg";"E:\OpenCloud\Persönlich (2)\Fotos\Wandern\Walchsee 24\IMG20240705114217.jpg";"6571694";"ADAACE071A73B4366F725265137D4F3BADD7D73D8BAA89A6E3036048269E864F";"ADAACE071A73B4366F725265137D4F3BADD7D73D8BAA89A6E3036048269E864F";"Würde gelöscht werden"
"2026-09-28 23:26:20";"DryRun";"F:\Daten\Älter\Bilder\Eigene Aufnahmen\IMG20240705115404.jpg";"E:\OpenCloud\Persönlich (2)\Fotos\Wandern\Walchsee 24\IMG20240705115404.jpg";"6517086";"3DFA74A018AA76C086CC186844248F86FC92D4FF1F2E425FA31934AD84F57D32";"3DFA74A018AA76C086CC186844248F86FC92D4FF1F2E425FA31934AD84F57D32";"Würde gelöscht werden"
"2026-09-28 23:26:20";"DryRun";"F:\Daten\Älter\Bilder\Eigene Aufnahmen\IMG20240705115407.jpg";"E:\OpenCloud\Persönlich (2)\Fotos\Wandern\Walchsee 24\IMG20240705115407.jpg";"7034312";"A6FEA6515BA3D2289DBF398BF074046CE510CB492DA0CDFCA967612EBC82ACB8";"A6FEA6515BA3D2289DBF398BF074046CE510CB492DA0CDFCA967612EBC82ACB8";"Würde gelöscht werden"
"2026-09-28 23:26:20";"DryRun";"F:\Daten\Älter\Bilder\Eigene Aufnahmen\IMG20240705115411.jpg";"E:\OpenCloud\Persönlich (2)\Fotos\Wandern\Walchsee 24\IMG20240705115411.jpg";"8950995";"AFA466EB95CC6044A9FADE1127C3E88738CCD11820C0A9E169EE539900C19ABC";"AFA466EB95CC6044A9FADE1127C3E88738CCD11820C0A9E169EE539900C19ABC";"Würde gelöscht werden"
"2026-09-28 23:26:21";"DryRun";"F:\Daten\Älter\Bilder\Eigene Aufnahmen\IMG20240705115454.jpg";"E:\OpenCloud\Persönlich (2)\Fotos\Wandern\Walchsee 24\IMG20240705115454.jpg";"6772614";"07B8E6CEEEB8E654B75E19334DEAF994AF6A8BF7F1C04875E48FB1532AAD570B";"07B8E6CEEEB8E654B75E19334DEAF994AF6A8BF7F1C04875E48FB1532AAD570B";"Würde gelöscht werden"
"2026-09-28 23:26:21";"DryRun";"F:\Daten\Älter\Bilder\Eigene Aufnahmen\IMG20240705115456.jpg";"E:\OpenCloud\Persönlich (2)\Fotos\Wandern\Walchsee 24\IMG20240705115456.jpg";"6463825";"B93A7154000DF444DA4D9AD8ADC408C4CAC8C010A218CE28B0EF29E707C81386";"B93A7154000DF444DA4D9AD8ADC408C4CAC8C010A218CE28B0EF29E707C81386";"Würde gelöscht werden"
"2026-09-28 23:26:21";"DryRun";"F:\Daten\Älter\Bilder\Eigene Aufnahmen\IMG20240705115457.jpg";"E:\OpenCloud\Persönlich (2)\Fotos\Wandern\Walchsee 24\IMG20240705115457.jpg";"6491425";"0F7A4957B03832889F954A6E9F5DB5EB01AE7EAA9F80A84969E140F3A9A5446C";"0F7A4957B03832889F954A6E9F5DB5EB01AE7EAA9F80A84969E140F3A9A5446C";"Würde gelöscht werden"
"2026-09-28 23:26:21";"DryRun";"F:\Daten\Älter\Bilder\Eigene Aufnahmen\IMG20240705115459.jpg";"E:\OpenCloud\Persönlich (2)\Fotos\Wandern\Walchsee 24\IMG20240705115459.jpg";"6615664";"83B6258B2E92A2408B0552C41BCD3020B5EB05C496ECACBC4FBA1806EF38F67E";"83B6258B2E92A2408B0552C41BCD3020B5EB05C496ECACBC4FBA1806EF38F67E";"Würde gelöscht werden"
"2026-09-28 23:26:22";"DryRun";"F:\Daten\Älter\Bilder\Eigene Aufnahmen\IMG20240705115737.jpg";"E:\OpenCloud\Persönlich (2)\Fotos\Wandern\Walchsee 24\IMG20240705115737.jpg";"31583744";"FF65A5770582DF9D319DCB745657AB302FC979FCFB68DA3D40DA4B447E78721B";"FF65A5770582DF9D319DCB745657AB302FC979FCFB68DA3D40DA4B447E78721B";"Würde gelöscht werden"
"2026-09-28 23:26:23";"DryRun";"F:\Daten\Älter\Bilder\Eigene Aufnahmen\IMG20240705115743.jpg";"E:\OpenCloud\Persönlich (2)\Fotos\Wandern\Walchsee 24\IMG20240705115743.jpg";"8102451";"76782DBFF8D5EB66D3919862B70C9931BB9D39AB9876CB786A90C6E824A02A35";"76782DBFF8D5EB66D3919862B70C9931BB9D39AB9876CB786A90C6E824A02A35";"Würde gelöscht werden"
"2026-09-28 23:26:23";"DryRun";"F:\Daten\Älter\Bilder\Eigene Aufnahmen\IMG20240705115746.jpg";"E:\OpenCloud\Persönlich (2)\Fotos\Wandern\Walchsee 24\IMG20240705115746.jpg";"7619447";"0EB1A612C662D409771966688CFD0BACBACB90EF5F79B8B03AED8AB43C08F5B8";"0EB1A612C662D409771966688CFD0BACBACB90EF5F79B8B03AED8AB43C08F5B8";"Würde gelöscht werden"
"2026-09-28 23:26:23";"DryRun";"F:\Daten\Älter\Bilder\Eigene Aufnahmen\IMG20240705115925.jpg";"E:\OpenCloud\Persönlich (2)\Fotos\Wandern\Walchsee 24\IMG20240705115925.jpg";"5955959";"4C81435452864870C93637073953AB5ABD4EFC954B78C75115389D0B6A3AD92C";"4C81435452864870C93637073953AB5ABD4EFC954B78C75115389D0B6A3AD92C";"Würde gelöscht werden"
"2026-09-28 23:26:23";"DryRun";"F:\Daten\Älter\Bilder\Eigene Aufnahmen\IMG20240705120012.jpg";"E:\OpenCloud\Persönlich (2)\Fotos\Wandern\Walchsee 24\IMG20240705120012.jpg";"6225976";"733B08686B072ED729DD754E9BBDC0F279DB5E117273AFC14CB074C7711A03C8";"733B08686B072ED729DD754E9BBDC0F279DB5E117273AFC14CB074C7711A03C8";"Würde gelöscht werden"
"2026-09-28 23:26:24";"DryRun";"F:\Daten\Älter\Bilder\Eigene Aufnahmen\IMG20240705120015.jpg";"E:\OpenCloud\Persönlich (2)\Fotos\Wandern\Walchsee 24\IMG20240705120015.jpg";"6284797";"5304FD84DB4E7F57EB4F35C6DFFAEFE36CA1AFFAB88951AC99EAD32DC3E0B269";"5304FD84DB4E7F57EB4F35C6DFFAEFE36CA1AFFAB88951AC99EAD32DC3E0B269";"Würde gelöscht werden"
"2026-09-28 23:26:24";"DryRun";"F:\Daten\Älter\Bilder\Eigene Aufnahmen\IMG20240705120018.jpg";"E:\OpenCloud\Persönlich (2)\Fotos\Wandern\Walchsee 24\IMG20240705120018.jpg";"7043334";"7F23575CFE9F0A52BE3C8047A4CE186E6618EBAF835A66734B9EC71C318F9439";"7F23575CFE9F0A52BE3C8047A4CE186E6618EBAF835A66734B9EC71C318F9439";"Würde gelöscht werden"
"2026-09-28 23:26:25";"DryRun";"F:\Daten\Älter\Bilder\Eigene Aufnahmen\IMG20240705120040.jpg";"E:\OpenCloud\Persönlich (2)\Fotos\Wandern\Walchsee 24\IMG20240705120040.jpg";"14782453";"64E31D704E1194F7B458D06A1A7C5B14537BC941B18BEBF12D701CB7213056FD";"64E31D704E1194F7B458D06A1A7C5B14537BC941B18BEBF12D701CB7213056FD";"Würde gelöscht werden"
"2026-09-28 23:26:25";"DryRun";"F:\Daten\Älter\Bilder\Eigene Aufnahmen\IMG20240705120118.jpg";"E:\OpenCloud\Persönlich (2)\Fotos\Wandern\Walchsee 24\IMG20240705120118.jpg";"5238862";"CDB9273DE92724C612EE4AFB3890FE49D99613570D4FFB9734F05C262D95C721";"CDB9273DE92724C612EE4AFB3890FE49D99613570D4FFB9734F05C262D95C721";"Würde gelöscht werden"
"2026-09-28 23:26:25";"DryRun";"F:\Daten\Älter\Bilder\Eigene Aufnahmen\IMG20240705120122.jpg";"E:\OpenCloud\Persönlich (2)\Fotos\Wandern\Walchsee 24\IMG20240705120122.jpg";"5286772";"4620CA75CE95617B5C674157F7636B1B5AA38C244344360C784D3BA83C672A74";"4620CA75CE95617B5C674157F7636B1B5AA38C244344360C784D3BA83C672A74";"Würde gelöscht werden"
"2026-09-28 23:26:25";"DryRun";"F:\Daten\Älter\Bilder\Eigene Aufnahmen\IMG20240705120152.jpg";"E:\OpenCloud\Persönlich (2)\Fotos\Wandern\Walchsee 24\IMG20240705120152.jpg";"5098279";"798E86D36BAFE12140486FDE3B85AF708A581DA4278EF7BE2D99AF1D94AD585C";"798E86D36BAFE12140486FDE3B85AF708A581DA4278EF7BE2D99AF1D94AD585C";"Würde gelöscht werden"
"2026-09-28 23:26:25";"DryRun";"F:\Daten\Älter\Bilder\Eigene Aufnahmen\IMG20240705120154.jpg";"E:\OpenCloud\Persönlich (2)\Fotos\Wandern\Walchsee 24\IMG20240705120154.jpg";"5239783";"536BCCDE124BDEDC33771112599F7A58950FC3353EF0330F7957D7188CCC4E04";"536BCCDE124BDEDC33771112599F7A58950FC3353EF0330F7957D7188CCC4E04";"Würde gelöscht werden"
"2026-09-28 23:26:25";"DryRun";"F:\Daten\Älter\Bilder\Eigene Aufnahmen\IMG20240705120444.jpg";"E:\OpenCloud\Persönlich (2)\Fotos\Wandern\Walchsee 24\IMG20240705120444.jpg";"4049885";"7EBADB38EFFBB3178E3B7DACE1CFB9BABAC56E4FE061B0B98C3AD369447CE971";"7EBADB38EFFBB3178E3B7DACE1CFB9BABAC56E4FE061B0B98C3AD369447CE971";"Würde gelöscht werden"
"2026-09-28 23:26:26";"DryRun";"F:\Daten\Älter\Bilder\Eigene Aufnahmen\IMG20240705120722.jpg";"E:\OpenCloud\Persönlich (2)\Fotos\Wandern\Walchsee 24\IMG20240705120722.jpg";"7069886";"55AAEF9AA5F2FDA9F65B630C744497C91B7044F99598CAE71348CFFCFFB4C6BB";"55AAEF9AA5F2FDA9F65B630C744497C91B7044F99598CAE71348CFFCFFB4C6BB";"Würde gelöscht werden"
"2026-09-28 23:26:26";"DryRun";"F:\Daten\Älter\Bilder\Eigene Aufnahmen\IMG20240705120724.jpg";"E:\OpenCloud\Persönlich (2)\Fotos\Wandern\Walchsee 24\IMG20240705120724.jpg";"7479549";"8BE82C6A1DEF809DABDD07E8AA0FC5B76ACAC174A4428F8F7F8EE1356E4C2987";"8BE82C6A1DEF809DABDD07E8AA0FC5B76ACAC174A4428F8F7F8EE1356E4C2987";"Würde gelöscht werden"
"2026-09-28 23:26:26";"DryRun";"F:\Daten\Älter\Bilder\Eigene Aufnahmen\IMG20240705120942.jpg";"E:\OpenCloud\Persönlich (2)\Fotos\Wandern\Walchsee 24\IMG20240705120942.jpg";"8447485";"78D7355F09E60485F805FC008F0760831E7850EE2932A925E97BE8328C866603";"78D7355F09E60485F805FC008F0760831E7850EE2932A925E97BE8328C866603";"Würde gelöscht werden"
"2026-09-28 23:26:27";"DryRun";"F:\Daten\Älter\Bilder\Eigene Aufnahmen\IMG20240705121041.jpg";"E:\OpenCloud\Persönlich (2)\Fotos\Wandern\Walchsee 24\IMG20240705121041.jpg";"8195370";"E914C2680B9F8E989469A970F74658E4FC5CBED516EF39C0EEC85931B4D6CDF4";"E914C2680B9F8E989469A970F74658E4FC5CBED516EF39C0EEC85931B4D6CDF4";"Würde gelöscht werden"
"2026-09-28 23:26:27";"DryRun";"F:\Daten\Älter\Bilder\Eigene Aufnahmen\IMG20240705121047.jpg";"E:\OpenCloud\Persönlich (2)\Fotos\Wandern\Walchsee 24\IMG20240705121047.jpg";"7906796";"1B7E7EEAB4D6E4181C5626E00588D68CAEA67F4836B17AF3ACB046FB17A18504";"1B7E7EEAB4D6E4181C5626E00588D68CAEA67F4836B17AF3ACB046FB17A18504";"Würde gelöscht werden"
"2026-09-28 23:26:27";"DryRun";"F:\Daten\Älter\Bilder\Eigene Aufnahmen\IMG20240705121822.jpg";"E:\OpenCloud\Persönlich (2)\Fotos\Wandern\Walchsee 24\IMG20240705121822.jpg";"6265341";"AC3E3001E4210E79E6FF1F9B03C7359D118A4F3008019218899825666E46BDE0";"AC3E3001E4210E79E6FF1F9B03C7359D118A4F3008019218899825666E46BDE0";"Würde gelöscht werden"
"2026-09-28 23:26:28";"DryRun";"F:\Daten\Älter\Bilder\Eigene Aufnahmen\IMG20240705121825.jpg";"E:\OpenCloud\Persönlich (2)\Fotos\Wandern\Walchsee 24\IMG20240705121825.jpg";"7899148";"16BBE49B979667B381E78023EE34487E66D197A6FCD627C54B6B3A149AFED0D6";"16BBE49B979667B381E78023EE34487E66D197A6FCD627C54B6B3A149AFED0D6";"Würde gelöscht werden"
"2026-09-28 23:26:28";"DryRun";"F:\Daten\Älter\Bilder\Eigene Aufnahmen\IMG20240705121832.jpg";"E:\OpenCloud\Persönlich (2)\Fotos\Wandern\Walchsee 24\IMG20240705121832.jpg";"3867116";"04EFD16B06BE37012C94F306E1CA48BFBD3A2F5656A3EE2C500A17BFEF4E07A4";"04EFD16B06BE37012C94F306E1CA48BFBD3A2F5656A3EE2C500A17BFEF4E07A4";"Würde gelöscht werden"
"2026-09-28 23:26:28";"DryRun";"F:\Daten\Älter\Bilder\Eigene Aufnahmen\IMG20240705121859.jpg";"E:\OpenCloud\Persönlich (2)\Fotos\Wandern\Walchsee 24\IMG20240705121859.jpg";"6428358";"B6221FF5D08D3EF1B252FA4618DA132C41F8B36F39A9E706F3D0BA51A57EC865";"B6221FF5D08D3EF1B252FA4618DA132C41F8B36F39A9E706F3D0BA51A57EC865";"Würde gelöscht werden"
"2026-09-28 23:26:28";"DryRun";"F:\Daten\Älter\Bilder\Eigene Aufnahmen\IMG20240705121903.jpg";"E:\OpenCloud\Persönlich (2)\Fotos\Wandern\Walchsee 24\IMG20240705121903.jpg";"6653210";"37359A9A40B1158543E62D77852F049EEB3410AAF0B9E54CE795C5EEF8C8B089";"37359A9A40B1158543E62D77852F049EEB3410AAF0B9E54CE795C5EEF8C8B089";"Würde gelöscht werden"
"2026-09-28 23:26:28";"DryRun";"F:\Daten\Älter\Bilder\Eigene Aufnahmen\IMG20240705121906.jpg";"E:\OpenCloud\Persönlich (2)\Fotos\Wandern\Walchsee 24\IMG20240705121906.jpg";"7827812";"E4EFC632E49BF91E81C617256779F92A4B0E5C9E8F3AB6906EECD40A394B17FD";"E4EFC632E49BF91E81C617256779F92A4B0E5C9E8F3AB6906EECD40A394B17FD";"Würde gelöscht werden"
"2026-09-28 23:26:29";"DryRun";"F:\Daten\Älter\Bilder\Eigene Aufnahmen\IMG20240705121918.jpg";"E:\OpenCloud\Persönlich (2)\Fotos\Wandern\Walchsee 24\IMG20240705121918.jpg";"8536863";"7E48D658FA65927218FAEE704E79B25AA83999A25DC4C7C1595145AA52F5DE04";"7E48D658FA65927218FAEE704E79B25AA83999A25DC4C7C1595145AA52F5DE04";"Würde gelöscht werden"
"2026-09-28 23:26:29";"DryRun";"F:\Daten\Älter\Bilder\Eigene Aufnahmen\IMG20240705121921.jpg";"E:\OpenCloud\Persönlich (2)\Fotos\Wandern\Walchsee 24\IMG20240705121921.jpg";"8475816";"7F5DF48C121FB56037D0A84E2AE4B587DA929A26E0DB0CCE3EE63863DF039FAD";"7F5DF48C121FB56037D0A84E2AE4B587DA929A26E0DB0CCE3EE63863DF039FAD";"Würde gelöscht werden"
"2026-09-28 23:26:29";"DryRun";"F:\Daten\Älter\Bilder\Eigene Aufnahmen\IMG20240705123601.jpg";"E:\OpenCloud\Persönlich (2)\Fotos\Wandern\Walchsee 24\IMG20240705123601.jpg";"6186645";"F9714EF0626A93940A40D767A3CB5C4D7143FCCA6333A3D9C69E9DBD3E088109";"F9714EF0626A93940A40D767A3CB5C4D7143FCCA6333A3D9C69E9DBD3E088109";"Würde gelöscht werden"
"2026-09-28 23:26:30";"DryRun";"F:\Daten\Älter\Bilder\Eigene Aufnahmen\IMG20240705130324.jpg";"E:\OpenCloud\Persönlich (2)\Fotos\Wandern\Walchsee 24\IMG20240705130324.jpg";"9013693";"8BFABC93F1F65A57B5BAC91D28E0B4AB7ABC8A8832BC272988F3921B77558F37";"8BFABC93F1F65A57B5BAC91D28E0B4AB7ABC8A8832BC272988F3921B77558F37";"Würde gelöscht werden"
"2026-09-28 23:26:30";"DryRun";"F:\Daten\Älter\Bilder\Eigene Aufnahmen\IMG20240705131044.jpg";"E:\OpenCloud\Persönlich (2)\Fotos\Wandern\Walchsee 24\IMG20240705131044.jpg";"6993782";"B0BB2830673464D7D54235A1FB602AE8C54B43F3B5E4992E67B4DBDC1FB1BBA0";"B0BB2830673464D7D54235A1FB602AE8C54B43F3B5E4992E67B4DBDC1FB1BBA0";"Würde gelöscht werden"
"2026-09-28 23:26:30";"DryRun";"F:\Daten\Älter\Bilder\Eigene Aufnahmen\IMG20240705131055.jpg";"E:\OpenCloud\Persönlich (2)\Fotos\Wandern\Walchsee 24\IMG20240705131055.jpg";"6036870";"C5FD63A3103E612952B851CEA06536C0F22BE231B193837A8A760C1BC69C75AC";"C5FD63A3103E612952B851CEA06536C0F22BE231B193837A8A760C1BC69C75AC";"Würde gelöscht werden"
"2026-09-28 23:26:30";"DryRun";"F:\Daten\Älter\Bilder\Eigene Aufnahmen\IMG20240705131937.jpg";"E:\OpenCloud\Persönlich (2)\Fotos\Wandern\Walchsee 24\IMG20240705131937.jpg";"5674789";"65EECDA052C53429C333D2E9F2BAE4D41BC845D858352DF764CEDDC6FF428490";"65EECDA052C53429C333D2E9F2BAE4D41BC845D858352DF764CEDDC6FF428490";"Würde gelöscht werden"
"2026-09-28 23:26:31";"DryRun";"F:\Daten\Älter\Bilder\Eigene Aufnahmen\IMG20240705131940.jpg";"E:\OpenCloud\Persönlich (2)\Fotos\Wandern\Walchsee 24\IMG20240705131940.jpg";"5252815";"B01EA893FA0ED5C2FE554EC6F3EBECBB9EC791CFBD6A20266F56681ED2BC1D8F";"B01EA893FA0ED5C2FE554EC6F3EBECBB9EC791CFBD6A20266F56681ED2BC1D8F";"Würde gelöscht werden"
"2026-09-28 23:26:31";"DryRun";"F:\Daten\Älter\Bilder\Eigene Aufnahmen\IMG20240706162922.jpg";"E:\OpenCloud\Persönlich (2)\Fotos\Verschiedenes\IMG20240706162922.jpg";"5260724";"650136B8D4221B650DF29E45BA8EE2A64A0FAD656807FC7F3D324C0499EA9211";"650136B8D4221B650DF29E45BA8EE2A64A0FAD656807FC7F3D324C0499EA9211";"Würde gelöscht werden"
"2026-09-28 23:26:31";"DryRun";"F:\Daten\Älter\Bilder\Eigene Aufnahmen\IMG20240706162925.jpg";"E:\OpenCloud\Persönlich (2)\Fotos\Verschiedenes\IMG20240706162925.jpg";"5338477";"A505152E1FC242E6AEEB8A90029022F33C978244A0139614CF87D1FFD546CC13";"A505152E1FC242E6AEEB8A90029022F33C978244A0139614CF87D1FFD546CC13";"Würde gelöscht werden"
"2026-09-28 23:26:31";"DryRun";"F:\Daten\Älter\Bilder\Eigene Aufnahmen\IMG20240706230912.jpg";"E:\OpenCloud\Persönlich (2)\Fotos\Verschiedenes\IMG20240706230912.jpg";"3215801";"81A60F2379329E609F9E47062FBAF09FA02F0E5061DACBAF210C8222FD94850F";"81A60F2379329E609F9E47062FBAF09FA02F0E5061DACBAF210C8222FD94850F";"Würde gelöscht werden"
"2026-09-28 23:26:31";"DryRun";"F:\Daten\Älter\Bilder\Eigene Aufnahmen\IMG20240710170625.jpg";"E:\OpenCloud\Persönlich (2)\Fotos\Verschiedenes\IMG20240710170625.jpg";"3722735";"7F94CC816CBB767D79E4AE9B15C5A41F71B55B43DE1D594055506AF71D63628C";"7F94CC816CBB767D79E4AE9B15C5A41F71B55B43DE1D594055506AF71D63628C";"Würde gelöscht werden"
"2026-09-28 23:26:31";"DryRun";"F:\Daten\Älter\Bilder\Eigene Aufnahmen\IMG20240713152229.jpg";"E:\OpenCloud\Persönlich (2)\Fotos\Fesitval\IMG20240713152229.jpg";"5878626";"502BB6E2E56DACD12B87E398A21524FEDBCE796E10CDDC0D3C6755ACBAF18A32";"502BB6E2E56DACD12B87E398A21524FEDBCE796E10CDDC0D3C6755ACBAF18A32";"Würde gelöscht werden"
"2026-09-28 23:26:32";"DryRun";"F:\Daten\Älter\Bilder\Eigene Aufnahmen\IMG20240713202650.jpg";"E:\OpenCloud\Persönlich (2)\Fotos\Fesitval\IMG20240713202650.jpg";"4708633";"53C7665DA929208DE7D1FE5E1442EDB3107D06EC760129618BD18DF77DCDD5F3";"53C7665DA929208DE7D1FE5E1442EDB3107D06EC760129618BD18DF77DCDD5F3";"Würde gelöscht werden"
"2026-09-28 23:26:32";"DryRun";"F:\Daten\Älter\Bilder\Eigene Aufnahmen\IMG20240713231930.jpg";"E:\OpenCloud\Persönlich (2)\Fotos\Fesitval\IMG20240713231930.jpg";"5752481";"F86AAA6AE7AF3574967F2137FA002A66771E38C49C1198961C3D2AEACC1D8707";"F86AAA6AE7AF3574967F2137FA002A66771E38C49C1198961C3D2AEACC1D8707";"Würde gelöscht werden"
"2026-09-28 23:26:32";"DryRun";"F:\Daten\Älter\Bilder\Eigene Aufnahmen\IMG20240718081431.jpg";"E:\OpenCloud\Persönlich (2)\Fotos\Fesitval\Tomorrowland\IMG20240718081431.jpg";"2995134";"16F00674D56A8EE1C002542B6E443FD9BC0FC15350249C54B37AF1020A0DCC07";"16F00674D56A8EE1C002542B6E443FD9BC0FC15350249C54B37AF1020A0DCC07";"Würde gelöscht werden"
"2026-09-28 23:26:32";"DryRun";"F:\Daten\Älter\Bilder\Eigene Aufnahmen\IMG20240718081436.jpg";"E:\OpenCloud\Persönlich (2)\Fotos\Fesitval\Tomorrowland\IMG20240718081436.jpg";"3651019";"326A3B0B72A9FAD24A8442F68AAF9267155F81EDDF07004A1E05A41D8F3CCF8B";"326A3B0B72A9FAD24A8442F68AAF9267155F81EDDF07004A1E05A41D8F3CCF8B";"Würde gelöscht werden"
"2026-09-28 23:26:32";"DryRun";"F:\Daten\Älter\Bilder\Eigene Aufnahmen\IMG20240718231942.jpg";"E:\OpenCloud\Persönlich (2)\Fotos\Fesitval\Tomorrowland\IMG20240718231942.jpg";"4431204";"13DF8C6CBD9FA000D5B3ED9C6851BA2784B294551BA91A50B066746121321EE5";"13DF8C6CBD9FA000D5B3ED9C6851BA2784B294551BA91A50B066746121321EE5";"Würde gelöscht werden"
"2026-09-28 23:26:32";"DryRun";"F:\Daten\Älter\Bilder\Eigene Aufnahmen\IMG20240718232404.jpg";"E:\OpenCloud\Persönlich (2)\Fotos\Fesitval\Tomorrowland\IMG20240718232404.jpg";"3974068";"4B2F605A279CEE69DD192392E2D17D03396CC7AA4726D903483502874E0F3209";"4B2F605A279CEE69DD192392E2D17D03396CC7AA4726D903483502874E0F3209";"Würde gelöscht werden"
"2026-09-28 23:26:33";"DryRun";"F:\Daten\Älter\Bilder\Eigene Aufnahmen\IMG20240718232904.jpg";"E:\OpenCloud\Persönlich (2)\Fotos\Fesitval\Tomorrowland\IMG20240718232904.jpg";"4550991";"2077BE7463C5D611E665AC34517F874607CBEAC50CE4E59A547CD53E9C2E8B6F";"2077BE7463C5D611E665AC34517F874607CBEAC50CE4E59A547CD53E9C2E8B6F";"Würde gelöscht werden"
"2026-09-28 23:26:33";"DryRun";"F:\Daten\Älter\Bilder\Eigene Aufnahmen\IMG20240719084924.jpg";"E:\OpenCloud\Persönlich (2)\Fotos\Fesitval\Tomorrowland\IMG20240719084924.jpg";"4252735";"95FE4CC90B6CE856247D4ADBFB44F9C6A0D2600FE227249AD6F40E01EDC54540";"95FE4CC90B6CE856247D4ADBFB44F9C6A0D2600FE227249AD6F40E01EDC54540";"Würde gelöscht werden"
"2026-09-28 23:26:33";"DryRun";"F:\Daten\Älter\Bilder\Eigene Aufnahmen\IMG20240719094118.jpg";"E:\OpenCloud\Persönlich (2)\Fotos\Fesitval\Tomorrowland\IMG20240719094118.jpg";"3673297";"6A12B0D628B7563E2C68C4625251B4C9C7DCAB80C1A3354D8885B330C076318D";"6A12B0D628B7563E2C68C4625251B4C9C7DCAB80C1A3354D8885B330C076318D";"Würde gelöscht werden"
"2026-09-28 23:26:33";"DryRun";"F:\Daten\Älter\Bilder\Eigene Aufnahmen\IMG20240719094121.jpg";"E:\OpenCloud\Persönlich (2)\Fotos\Fesitval\Tomorrowland\IMG20240719094121.jpg";"4261901";"A2AAA01D032A02D1CC553190FCF97210C8026BF66C48570C7AFD3C1B97551F89";"A2AAA01D032A02D1CC553190FCF97210C8026BF66C48570C7AFD3C1B97551F89";"Würde gelöscht werden"
"2026-09-28 23:26:33";"DryRun";"F:\Daten\Älter\Bilder\Eigene Aufnahmen\IMG20240719094124.jpg";"E:\OpenCloud\Persönlich (2)\Fotos\Fesitval\Tomorrowland\IMG20240719094124.jpg";"4141786";"F80AE6064349333B620E45D8ED6A4DC7B77FCD39A8359CAA6AF48063027FDE89";"F80AE6064349333B620E45D8ED6A4DC7B77FCD39A8359CAA6AF48063027FDE89";"Würde gelöscht werden"
"2026-09-28 23:26:34";"DryRun";"F:\Daten\Älter\Bilder\Eigene Aufnahmen\IMG20240719112338.jpg";"E:\OpenCloud\Persönlich (2)\Fotos\Fesitval\Tomorrowland\IMG20240719112338.jpg";"5335032";"FC730990E5CCC206D19E20337BEDC592A30D7B8605568E74E27395DD74142C34";"FC730990E5CCC206D19E20337BEDC592A30D7B8605568E74E27395DD74142C34";"Würde gelöscht werden"
"2026-09-28 23:26:34";"DryRun";"F:\Daten\Älter\Bilder\Eigene Aufnahmen\IMG20240719112342.jpg";"E:\OpenCloud\Persönlich (2)\Fotos\Fesitval\Tomorrowland\IMG20240719112342.jpg";"4945216";"A13DE89AEC596CD97D258DF0188DAB425618F5D140B73B64A99828DB6210D943";"A13DE89AEC596CD97D258DF0188DAB425618F5D140B73B64A99828DB6210D943";"Würde gelöscht werden"
"2026-09-28 23:26:34";"DryRun";"F:\Daten\Älter\Bilder\Eigene Aufnahmen\IMG20240719112654.jpg";"E:\OpenCloud\Persönlich (2)\Fotos\Fesitval\Tomorrowland\IMG20240719112654.jpg";"5368864";"A91DF200E1AF1A2CAB93733649172EFB2339F10B304BE9C7586100A8205AA8FD";"A91DF200E1AF1A2CAB93733649172EFB2339F10B304BE9C7586100A8205AA8FD";"Würde gelöscht werden"
"2026-09-28 23:26:34";"DryRun";"F:\Daten\Älter\Bilder\Eigene Aufnahmen\IMG20240719112655.jpg";"E:\OpenCloud\Persönlich (2)\Fotos\Fesitval\Tomorrowland\IMG20240719112655.jpg";"5546530";"44EC511DC1C7638A4041214126FA9D0646C5B58902CC051F8787B364BB12B5C0";"44EC511DC1C7638A4041214126FA9D0646C5B58902CC051F8787B364BB12B5C0";"Würde gelöscht werden"
"2026-09-28 23:26:34";"DryRun";"F:\Daten\Älter\Bilder\Eigene Aufnahmen\IMG20240719112659.jpg";"E:\OpenCloud\Persönlich (2)\Fotos\Fesitval\Tomorrowland\IMG20240719112659.jpg";"5273153";"F5F92F26438B0175D5B6A02065E5818174CEE7EE5F880D1C5D06E76234929E6C";"F5F92F26438B0175D5B6A02065E5818174CEE7EE5F880D1C5D06E76234929E6C";"Würde gelöscht werden"
"2026-09-28 23:26:35";"DryRun";"F:\Daten\Älter\Bilder\Eigene Aufnahmen\IMG20240719112707.jpg";"E:\OpenCloud\Persönlich (2)\Fotos\Fesitval\Tomorrowland\IMG20240719112707.jpg";"5584620";"EFF8E4DA5D565D25D9B2497AE14A897958BE0AA09857B7A71BC70A265DB27DBF";"EFF8E4DA5D565D25D9B2497AE14A897958BE0AA09857B7A71BC70A265DB27DBF";"Würde gelöscht werden"
"2026-09-28 23:26:37";"DryRun";"F:\Daten\Älter\Bilder\Eigene Aufnahmen\IMG20240719145027.jpg";"E:\OpenCloud\Persönlich (2)\Fotos\Fesitval\Tomorrowland\IMG20240719145027.jpg";"5720818";"B85F238C991633BAE92033FF38EAAAA22B1D93F60D3E2EB8522999DB51F64152";"B85F238C991633BAE92033FF38EAAAA22B1D93F60D3E2EB8522999DB51F64152";"Würde gelöscht werden"
"2026-09-28 23:26:38";"DryRun";"F:\Daten\Älter\Bilder\Eigene Aufnahmen\IMG20240719145036.jpg";"E:\OpenCloud\Persönlich (2)\Fotos\Fesitval\Tomorrowland\IMG20240719145036.jpg";"5520451";"23F114E34C638ADA55D81C927AE4FE2BAA7FA67AF0BB4EAC3A7A0FF8CB371FC3";"23F114E34C638ADA55D81C927AE4FE2BAA7FA67AF0BB4EAC3A7A0FF8CB371FC3";"Würde gelöscht werden"
"2026-09-28 23:26:39";"DryRun";"F:\Daten\Älter\Bilder\Eigene Aufnahmen\IMG20240719145851.jpg";"E:\OpenCloud\Persönlich (2)\Fotos\Fesitval\Tomorrowland\IMG20240719145851.jpg";"5393805";"7D545902415F8807434C0AB8945681431EFE2E0EACA374C3059C5050701B5951";"7D545902415F8807434C0AB8945681431EFE2E0EACA374C3059C5050701B5951";"Würde gelöscht werden"
"2026-09-28 23:26:40";"DryRun";"F:\Daten\Älter\Bilder\Eigene Aufnahmen\IMG20240719154951.jpg";"E:\OpenCloud\Persönlich (2)\Fotos\Fesitval\Tomorrowland\IMG20240719154951.jpg";"5180282";"217625E0B94395FF2D29FE3172F4DE52A02EBE629901BB1120BA4A67A0C53892";"217625E0B94395FF2D29FE3172F4DE52A02EBE629901BB1120BA4A67A0C53892";"Würde gelöscht werden"
"2026-09-28 23:26:40";"DryRun";"F:\Daten\Älter\Bilder\Eigene Aufnahmen\IMG20240719155045.jpg";"E:\OpenCloud\Persönlich (2)\Fotos\Fesitval\Tomorrowland\IMG20240719155045.jpg";"4003119";"5FFC4EC46CE0A203E38DB1BC32623879316DE29DEBEFBDC19F9597D3F5CC7CF5";"5FFC4EC46CE0A203E38DB1BC32623879316DE29DEBEFBDC19F9597D3F5CC7CF5";"Würde gelöscht werden"
"2026-09-28 23:26:40";"DryRun";"F:\Daten\Älter\Bilder\Eigene Aufnahmen\IMG20240719192452.jpg";"E:\OpenCloud\Persönlich (2)\Fotos\Fesitval\Tomorrowland\IMG20240719192452.jpg";"3475592";"4F51F31F322FBD6F9DBA2B906CC5BC9328BA62380425B6BB2B30D042BAA3BFAA";"4F51F31F322FBD6F9DBA2B906CC5BC9328BA62380425B6BB2B30D042BAA3BFAA";"Würde gelöscht werden"
"2026-09-28 23:26:40";"DryRun";"F:\Daten\Älter\Bilder\Eigene Aufnahmen\IMG20240719192502.jpg";"E:\OpenCloud\Persönlich (2)\Fotos\Fesitval\Tomorrowland\IMG20240719192502.jpg";"5539377";"164CDDC88F3D64779810A7EFDB38DEEC0417FD3BEB1B2603A40D7485FEAF3DE8";"164CDDC88F3D64779810A7EFDB38DEEC0417FD3BEB1B2603A40D7485FEAF3DE8";"Würde gelöscht werden"
"2026-09-28 23:26:41";"DryRun";"F:\Daten\Älter\Bilder\Eigene Aufnahmen\IMG20240719192504_01.jpg";"E:\OpenCloud\Persönlich (2)\Fotos\Fesitval\Tomorrowland\IMG20240719192504_01.jpg";"5457508";"950EFDEB8030C9CA16F7B654333FB453C7B317148C275808636AC4C0FF1E264F";"950EFDEB8030C9CA16F7B654333FB453C7B317148C275808636AC4C0FF1E264F";"Würde gelöscht werden"
"2026-09-28 23:26:41";"DryRun";"F:\Daten\Älter\Bilder\Eigene Aufnahmen\IMG20240719192504.jpg";"E:\OpenCloud\Persönlich (2)\Fotos\Fesitval\Tomorrowland\IMG20240719192504.jpg";"3601462";"966E2D26954E8855431C3CCAA5DA94ED8C9526E4AA891FB70AD2927C28160200";"966E2D26954E8855431C3CCAA5DA94ED8C9526E4AA891FB70AD2927C28160200";"Würde gelöscht werden"
"2026-09-28 23:26:41";"DryRun";"F:\Daten\Älter\Bilder\Eigene Aufnahmen\IMG20240719192506.jpg";"E:\OpenCloud\Persönlich (2)\Fotos\Fesitval\Tomorrowland\IMG20240719192506.jpg";"5227906";"DA4F8B5C04CDB781543C0A613AD8BA44B648BC1618A8B7DF4AF030FEC9F0262B";"DA4F8B5C04CDB781543C0A613AD8BA44B648BC1618A8B7DF4AF030FEC9F0262B";"Würde gelöscht werden"
"2026-09-28 23:26:41";"DryRun";"F:\Daten\Älter\Bilder\Eigene Aufnahmen\IMG20240719223351.jpg";"E:\OpenCloud\Persönlich (2)\Fotos\Fesitval\Tomorrowland\IMG20240719223351.jpg";"4941507";"52C6637D9CB6DC708C58825DB09527160CF7CF0CB75C55A648F71DEDEE6CF672";"52C6637D9CB6DC708C58825DB09527160CF7CF0CB75C55A648F71DEDEE6CF672";"Würde gelöscht werden"
"2026-09-28 23:26:41";"DryRun";"F:\Daten\Älter\Bilder\Eigene Aufnahmen\IMG20240719223356.jpg";"E:\OpenCloud\Persönlich (2)\Fotos\Fesitval\Tomorrowland\IMG20240719223356.jpg";"4918045";"A8FC3A991FC254E1656F758A2B19EF421CF1AD96FAB72A03494D6A6872995592";"A8FC3A991FC254E1656F758A2B19EF421CF1AD96FAB72A03494D6A6872995592";"Würde gelöscht werden"
"2026-09-28 23:26:42";"DryRun";"F:\Daten\Älter\Bilder\Eigene Aufnahmen\IMG20240720005146.jpg";"E:\OpenCloud\Persönlich (2)\Fotos\Fesitval\Tomorrowland\IMG20240720005146.jpg";"6282673";"5B39658EFD93EF492EA2AFF168A525619A64170F059A65A23D39E4C96F7AE3FB";"5B39658EFD93EF492EA2AFF168A525619A64170F059A65A23D39E4C96F7AE3FB";"Würde gelöscht werden"
"2026-09-28 23:26:42";"DryRun";"F:\Daten\Älter\Bilder\Eigene Aufnahmen\IMG20240720120704.jpg";"E:\OpenCloud\Persönlich (2)\Fotos\Fesitval\Tomorrowland\IMG20240720120704.jpg";"5452664";"0E7FF59F46332C276A542D65A9375E26AF38A7075229937DDE9A03C8BA9012E1";"0E7FF59F46332C276A542D65A9375E26AF38A7075229937DDE9A03C8BA9012E1";"Würde gelöscht werden"
"2026-09-28 23:26:42";"DryRun";"F:\Daten\Älter\Bilder\Eigene Aufnahmen\IMG20240720195218.jpg";"E:\OpenCloud\Persönlich (2)\Fotos\Fesitval\Tomorrowland\IMG20240720195218.jpg";"5509793";"72E8D777A6C09149D7C6FD0F2FFBE37A5323C88E2C74CB00EEE9F8385345B69D";"72E8D777A6C09149D7C6FD0F2FFBE37A5323C88E2C74CB00EEE9F8385345B69D";"Würde gelöscht werden"
"2026-09-28 23:26:42";"DryRun";"F:\Daten\Älter\Bilder\Eigene Aufnahmen\IMG20240720195220.jpg";"E:\OpenCloud\Persönlich (2)\Fotos\Fesitval\Tomorrowland\IMG20240720195220.jpg";"5736559";"690140654C5D04009BB1FD251C0FCCF76E5D0496ACFBE8BFB0E29F2CBC7FFD65";"690140654C5D04009BB1FD251C0FCCF76E5D0496ACFBE8BFB0E29F2CBC7FFD65";"Würde gelöscht werden"
"2026-09-28 23:26:43";"DryRun";"F:\Daten\Älter\Bilder\Eigene Aufnahmen\IMG20240720195223.jpg";"E:\OpenCloud\Persönlich (2)\Fotos\Fesitval\Tomorrowland\IMG20240720195223.jpg";"6895734";"B69F3635C45C5D979508AAA8EE010968BA03800DA1456B88453C20AAEB4197C8";"B69F3635C45C5D979508AAA8EE010968BA03800DA1456B88453C20AAEB4197C8";"Würde gelöscht werden"
"2026-09-28 23:26:43";"DryRun";"F:\Daten\Älter\Bilder\Eigene Aufnahmen\IMG20240720202518.jpg";"E:\OpenCloud\Persönlich (2)\Fotos\Fesitval\Tomorrowland\IMG20240720202518.jpg";"5698353";"F15C1AE9F06838FEECD04E7F74C7DD4C8A8B99A0F60C64272430AB15C2A98CAC";"F15C1AE9F06838FEECD04E7F74C7DD4C8A8B99A0F60C64272430AB15C2A98CAC";"Würde gelöscht werden"
"2026-09-28 23:26:43";"DryRun";"F:\Daten\Älter\Bilder\Eigene Aufnahmen\IMG20240720202520.jpg";"E:\OpenCloud\Persönlich (2)\Fotos\Fesitval\Tomorrowland\IMG20240720202520.jpg";"7718384";"6D5BD775544E283269A72C979F565CE1B3C21ABEBB9D2FEFEBF229AD34618545";"6D5BD775544E283269A72C979F565CE1B3C21ABEBB9D2FEFEBF229AD34618545";"Würde gelöscht werden"
"2026-09-28 23:26:43";"DryRun";"F:\Daten\Älter\Bilder\Eigene Aufnahmen\IMG20240720225819.jpg";"E:\OpenCloud\Persönlich (2)\Fotos\Fesitval\Tomorrowland\IMG20240720225819.jpg";"3240539";"A1F696A0346AC487CFD697DB33271B1205FE8BEC05C8962421C0720BF89FD1AA";"A1F696A0346AC487CFD697DB33271B1205FE8BEC05C8962421C0720BF89FD1AA";"Würde gelöscht werden"
"2026-09-28 23:26:43";"DryRun";"F:\Daten\Älter\Bilder\Eigene Aufnahmen\IMG20240721161717.jpg";"E:\OpenCloud\Persönlich (2)\Fotos\Fesitval\Tomorrowland\IMG20240721161717.jpg";"4892963";"0FD1DE8F4D35D7A1403AAB2A69AA3BBD1DF90BBA43503A4AE9F23D4B47DAFE40";"0FD1DE8F4D35D7A1403AAB2A69AA3BBD1DF90BBA43503A4AE9F23D4B47DAFE40";"Würde gelöscht werden"
"2026-09-28 23:26:44";"DryRun";"F:\Daten\Älter\Bilder\Eigene Aufnahmen\IMG20240721231520.jpg";"E:\OpenCloud\Persönlich (2)\Fotos\Fesitval\Tomorrowland\IMG20240721231520.jpg";"5171503";"ED146E7123E771E18ED081EBF41FDEE6D97A2A1113804B66E7712E95B420CFA0";"ED146E7123E771E18ED081EBF41FDEE6D97A2A1113804B66E7712E95B420CFA0";"Würde gelöscht werden"
"2026-09-28 23:26:44";"DryRun";"F:\Daten\Älter\Bilder\Eigene Aufnahmen\IMG20240721232206.jpg";"E:\OpenCloud\Persönlich (2)\Fotos\Fesitval\Tomorrowland\IMG20240721232206.jpg";"4458034";"7189C48B565CDFA6AC76C66538C832C362A064086ADD56FEFB24B1DAA030B648";"7189C48B565CDFA6AC76C66538C832C362A064086ADD56FEFB24B1DAA030B648";"Würde gelöscht werden"
"2026-09-28 23:26:44";"DryRun";"F:\Daten\Älter\Bilder\Eigene Aufnahmen\IMG20240721232216.jpg";"E:\OpenCloud\Persönlich (2)\Fotos\Fesitval\Tomorrowland\IMG20240721232216.jpg";"4764094";"888AD0A163AF8B240726C8550FCBD28451851547F954684D409C6450711E81E5";"888AD0A163AF8B240726C8550FCBD28451851547F954684D409C6450711E81E5";"Würde gelöscht werden"
"2026-09-28 23:26:44";"DryRun";"F:\Daten\Älter\Bilder\Eigene Aufnahmen\IMG20240721232229.jpg";"E:\OpenCloud\Persönlich (2)\Fotos\Fesitval\Tomorrowland\IMG20240721232229.jpg";"4388937";"A5D305AB09D797C5FEC93EEDFB7EC510D95B8AA962B95D561A4D6A3B320A3174";"A5D305AB09D797C5FEC93EEDFB7EC510D95B8AA962B95D561A4D6A3B320A3174";"Würde gelöscht werden"
"2026-09-28 23:26:44";"DryRun";"F:\Daten\Älter\Bilder\Eigene Aufnahmen\IMG20240722011727.jpg";"E:\OpenCloud\Persönlich (2)\Fotos\Fesitval\Tomorrowland\IMG20240722011727.jpg";"4579670";"2FE40E717F745100F458681B91B64CA4825139A58B0A7E577426AAF176C222E7";"2FE40E717F745100F458681B91B64CA4825139A58B0A7E577426AAF176C222E7";"Würde gelöscht werden"
"2026-09-28 23:26:45";"DryRun";"F:\Daten\Älter\Bilder\Eigene Aufnahmen\IMG20240722132902.jpg";"E:\OpenCloud\Persönlich (2)\Fotos\Fesitval\Tomorrowland\IMG20240722132902.jpg";"5349212";"575019705011E5DE4DE7F73BED94F8B22BA79CB540990C281F812016147205D8";"575019705011E5DE4DE7F73BED94F8B22BA79CB540990C281F812016147205D8";"Würde gelöscht werden"
"2026-09-28 23:26:45";"DryRun";"F:\Daten\Älter\Bilder\Eigene Aufnahmen\IMG20240808201652.jpg";"E:\OpenCloud\Persönlich (2)\Fotos\Fesitval\SMS\IMG20240808201652.jpg";"1641628";"FEC0472B49B2AB3029786021AC03DC471D9C52E8667F6708848AA2FCE6669480";"FEC0472B49B2AB3029786021AC03DC471D9C52E8667F6708848AA2FCE6669480";"Würde gelöscht werden"
"2026-09-28 23:26:45";"DryRun";"F:\Daten\Älter\Bilder\Eigene Aufnahmen\IMG20240808201653.jpg";"E:\OpenCloud\Persönlich (2)\Fotos\Fesitval\SMS\IMG20240808201653.jpg";"1659868";"0CACB9C53D413923CB6CE354B9EE40EBFA34C8E402F3C43553F198879D542FAC";"0CACB9C53D413923CB6CE354B9EE40EBFA34C8E402F3C43553F198879D542FAC";"Würde gelöscht werden"
"2026-09-28 23:26:45";"DryRun";"F:\Daten\Älter\Bilder\Eigene Aufnahmen\IMG20240808201700.jpg";"E:\OpenCloud\Persönlich (2)\Fotos\Fesitval\SMS\IMG20240808201700.jpg";"5584723";"F69444C44D51BEF09F1F1C15296E39B804A2030DB9843BDA1AA7BAF82FCD0A3E";"F69444C44D51BEF09F1F1C15296E39B804A2030DB9843BDA1AA7BAF82FCD0A3E";"Würde gelöscht werden"
"2026-09-28 23:26:45";"DryRun";"F:\Daten\Älter\Bilder\Eigene Aufnahmen\IMG20240808201701.jpg";"E:\OpenCloud\Persönlich (2)\Fotos\Fesitval\SMS\IMG20240808201701.jpg";"5604055";"1FD57DC10051B4AC46BA92BD7BDE75932E4AA18B5686ACD25C741BC7D31226D2";"1FD57DC10051B4AC46BA92BD7BDE75932E4AA18B5686ACD25C741BC7D31226D2";"Würde gelöscht werden"
"2026-09-28 23:26:45";"DryRun";"F:\Daten\Älter\Bilder\Eigene Aufnahmen\IMG20240808201706.jpg";"E:\OpenCloud\Persönlich (2)\Fotos\Fesitval\SMS\IMG20240808201706.jpg";"6195951";"B52055DEEA2825CE744C910D7AC9CAAFDA4DB7F828D4298EAA14A22F26AED3B5";"B52055DEEA2825CE744C910D7AC9CAAFDA4DB7F828D4298EAA14A22F26AED3B5";"Würde gelöscht werden"
"2026-09-28 23:26:46";"DryRun";"F:\Daten\Älter\Bilder\Eigene Aufnahmen\IMG20240808201709.jpg";"E:\OpenCloud\Persönlich (2)\Fotos\Fesitval\SMS\IMG20240808201709.jpg";"4377652";"1B267A50B1B8996E0DA5D0E828AF6282225F880FAC4A5B1116787DAC6053DB21";"1B267A50B1B8996E0DA5D0E828AF6282225F880FAC4A5B1116787DAC6053DB21";"Würde gelöscht werden"
"2026-09-28 23:26:46";"DryRun";"F:\Daten\Älter\Bilder\Eigene Aufnahmen\IMG20240808201710.jpg";"E:\OpenCloud\Persönlich (2)\Fotos\Fesitval\SMS\IMG20240808201710.jpg";"4214144";"CE13747D10F733B6118DA19FA0AFD2135C8BED3AEE9824FBB6B884574E870958";"CE13747D10F733B6118DA19FA0AFD2135C8BED3AEE9824FBB6B884574E870958";"Würde gelöscht werden"
"2026-09-28 23:26:46";"DryRun";"F:\Daten\Älter\Bilder\Eigene Aufnahmen\IMG20240808201711.jpg";"E:\OpenCloud\Persönlich (2)\Fotos\Fesitval\SMS\IMG20240808201711.jpg";"4184072";"255DF5817E8169EB58712E699EFD06F01BF6BD3D7D7F53FC05A092EC46D3FDB1";"255DF5817E8169EB58712E699EFD06F01BF6BD3D7D7F53FC05A092EC46D3FDB1";"Würde gelöscht werden"
"2026-09-28 23:26:46";"DryRun";"F:\Daten\Älter\Bilder\Eigene Aufnahmen\IMG20240808201712.jpg";"E:\OpenCloud\Persönlich (2)\Fotos\Fesitval\SMS\IMG20240808201712.jpg";"4565249";"6E80723460CBA17936BCA6B862E219231AD9BFE3CB142A480F6378F7175B30D1";"6E80723460CBA17936BCA6B862E219231AD9BFE3CB142A480F6378F7175B30D1";"Würde gelöscht werden"
"2026-09-28 23:26:46";"DryRun";"F:\Daten\Älter\Bilder\Eigene Aufnahmen\IMG20240808212329.jpg";"E:\OpenCloud\Persönlich (2)\Fotos\Fesitval\SMS\IMG20240808212329.jpg";"2840631";"B0FFA161B1771BAA49A04B6F42E7DEBC27B21FF5C2AAB75C2B20132434E7B00B";"B0FFA161B1771BAA49A04B6F42E7DEBC27B21FF5C2AAB75C2B20132434E7B00B";"Würde gelöscht werden"
"2026-09-28 23:26:46";"DryRun";"F:\Daten\Älter\Bilder\Eigene Aufnahmen\IMG20240808213214.jpg";"E:\OpenCloud\Persönlich (2)\Fotos\Fesitval\SMS\IMG20240808213214.jpg";"3177068";"E74DDEE64C5F191D8F0C55EEB8E0113C80A744368C87B1771FD00AB9E681212C";"E74DDEE64C5F191D8F0C55EEB8E0113C80A744368C87B1771FD00AB9E681212C";"Würde gelöscht werden"
"2026-09-28 23:26:46";"DryRun";"F:\Daten\Älter\Bilder\Eigene Aufnahmen\IMG20240809140836.jpg";"E:\OpenCloud\Persönlich (2)\Fotos\Fesitval\SMS\IMG20240809140836.jpg";"5443931";"01BA023B0DC900406F1071890D346004BE4AC5062A36DCFF1BB78500A9C6567A";"01BA023B0DC900406F1071890D346004BE4AC5062A36DCFF1BB78500A9C6567A";"Würde gelöscht werden"
"2026-09-28 23:26:47";"DryRun";"F:\Daten\Älter\Bilder\Eigene Aufnahmen\IMG20240809140839.jpg";"E:\OpenCloud\Persönlich (2)\Fotos\Fesitval\SMS\IMG20240809140839.jpg";"5313199";"7897F0CDF2CB175ECC2D32712008145ED73AED45007AB021470432EC6DE2586E";"7897F0CDF2CB175ECC2D32712008145ED73AED45007AB021470432EC6DE2586E";"Würde gelöscht werden"
"2026-09-28 23:26:47";"DryRun";"F:\Daten\Älter\Bilder\Eigene Aufnahmen\IMG20240809140841.jpg";"E:\OpenCloud\Persönlich (2)\Fotos\Fesitval\SMS\IMG20240809140841.jpg";"5132498";"53F335D009C092BA23FBD85ADEACBBC28E64FB20BF79347D200F1B1672D82CB6";"53F335D009C092BA23FBD85ADEACBBC28E64FB20BF79347D200F1B1672D82CB6";"Würde gelöscht werden"
"2026-09-28 23:26:47";"DryRun";"F:\Daten\Älter\Bilder\Eigene Aufnahmen\IMG20240809140843.jpg";"E:\OpenCloud\Persönlich (2)\Fotos\Fesitval\SMS\IMG20240809140843.jpg";"4398045";"A1A06C94E272DB8D9932C4991CF5427189B454D868B869249EFA35AAB4B40E22";"A1A06C94E272DB8D9932C4991CF5427189B454D868B869249EFA35AAB4B40E22";"Würde gelöscht werden"
"2026-09-28 23:26:47";"DryRun";"F:\Daten\Älter\Bilder\Eigene Aufnahmen\IMG20240809140845.jpg";"E:\OpenCloud\Persönlich (2)\Fotos\Fesitval\SMS\IMG20240809140845.jpg";"4098484";"25B6B9E93709D5930D22A23352FAAA8E1B6521A47B5822FBCDEF8DE095DE72A8";"25B6B9E93709D5930D22A23352FAAA8E1B6521A47B5822FBCDEF8DE095DE72A8";"Würde gelöscht werden"
"2026-09-28 23:26:47";"DryRun";"F:\Daten\Älter\Bilder\Eigene Aufnahmen\IMG20240809140846.jpg";"E:\OpenCloud\Persönlich (2)\Fotos\Fesitval\SMS\IMG20240809140846.jpg";"3986602";"A76FC03BC6837132D05F44D7EF0D82A89A1FDBC18BE9C8239145EE44343D0975";"A76FC03BC6837132D05F44D7EF0D82A89A1FDBC18BE9C8239145EE44343D0975";"Würde gelöscht werden"
"2026-09-28 23:26:48";"DryRun";"F:\Daten\Älter\Bilder\Eigene Aufnahmen\IMG20240809140848.jpg";"E:\OpenCloud\Persönlich (2)\Fotos\Fesitval\SMS\IMG20240809140848.jpg";"4078241";"5FB7D09C8EA603D2702BFF376DF2C52E1421270EA42A85EB7A8EDBC4F9EB779C";"5FB7D09C8EA603D2702BFF376DF2C52E1421270EA42A85EB7A8EDBC4F9EB779C";"Würde gelöscht werden"
"2026-09-28 23:26:48";"DryRun";"F:\Daten\Älter\Bilder\Eigene Aufnahmen\IMG20240809140853.jpg";"E:\OpenCloud\Persönlich (2)\Fotos\Fesitval\SMS\IMG20240809140853.jpg";"4779029";"A4F98C16CF29E6B9D87EFFED67B46117B677F2336CF7C14C63CB1AFC98702F03";"A4F98C16CF29E6B9D87EFFED67B46117B677F2336CF7C14C63CB1AFC98702F03";"Würde gelöscht werden"
"2026-09-28 23:26:48";"DryRun";"F:\Daten\Älter\Bilder\Eigene Aufnahmen\IMG20240809214955.jpg";"E:\OpenCloud\Persönlich (2)\Fotos\Fesitval\SMS\IMG20240809214955.jpg";"4063063";"6F291D6A74838F587D0A417A2A3DF0484D1D31C48B1929CB2B9D6C6DCC1829C2";"6F291D6A74838F587D0A417A2A3DF0484D1D31C48B1929CB2B9D6C6DCC1829C2";"Würde gelöscht werden"
"2026-09-28 23:26:48";"DryRun";"F:\Daten\Älter\Bilder\Eigene Aufnahmen\IMG20240809214959.jpg";"E:\OpenCloud\Persönlich (2)\Fotos\Fesitval\SMS\IMG20240809214959.jpg";"4215619";"F0D0D081B8959CCF0945DD34AE9AF578D0B56643F21254E8BCC13FD7B4BA9612";"F0D0D081B8959CCF0945DD34AE9AF578D0B56643F21254E8BCC13FD7B4BA9612";"Würde gelöscht werden"
"2026-09-28 23:26:48";"DryRun";"F:\Daten\Älter\Bilder\Eigene Aufnahmen\IMG20240809215000.jpg";"E:\OpenCloud\Persönlich (2)\Fotos\Fesitval\SMS\IMG20240809215000.jpg";"3953367";"744362498DDA2DB0525B7010468CF309BE0E827750FE5B92B6D967E14AF0CE6D";"744362498DDA2DB0525B7010468CF309BE0E827750FE5B92B6D967E14AF0CE6D";"Würde gelöscht werden"
"2026-09-28 23:26:48";"DryRun";"F:\Daten\Älter\Bilder\Eigene Aufnahmen\IMG20240809215001.jpg";"E:\OpenCloud\Persönlich (2)\Fotos\Fesitval\SMS\IMG20240809215001.jpg";"3314739";"EB30239FCACAB512CD967001DF83EAD660B11F1E63F00621D86C6D80AE5B0C7D";"EB30239FCACAB512CD967001DF83EAD660B11F1E63F00621D86C6D80AE5B0C7D";"Würde gelöscht werden"
"2026-09-28 23:26:49";"DryRun";"F:\Daten\Älter\Bilder\Eigene Aufnahmen\IMG20240809215002.jpg";"E:\OpenCloud\Persönlich (2)\Fotos\Fesitval\SMS\IMG20240809215002.jpg";"3842338";"865E3DB6140D7B00D3E8736E67361399CE1F5B2D4D96E3FC5E6A3AB2C13ABF69";"865E3DB6140D7B00D3E8736E67361399CE1F5B2D4D96E3FC5E6A3AB2C13ABF69";"Würde gelöscht werden"
"2026-09-28 23:26:49";"DryRun";"F:\Daten\Älter\Bilder\Eigene Aufnahmen\IMG20240810011055.jpg";"E:\OpenCloud\Persönlich (2)\Fotos\Fesitval\SMS\IMG20240810011055.jpg";"3258789";"DB70B2695E327962FECA9196C1626CE9205D7AED82B561E3BC2956507A146E63";"DB70B2695E327962FECA9196C1626CE9205D7AED82B561E3BC2956507A146E63";"Würde gelöscht werden"
"2026-09-28 23:26:49";"DryRun";"F:\Daten\Älter\Bilder\Eigene Aufnahmen\IMG20240810020222.jpg";"E:\OpenCloud\Persönlich (2)\Fotos\Fesitval\SMS\IMG20240810020222.jpg";"3514739";"0C6CCB7C97625218A7BF873AE8494B2F6BBB470C770D91574E07277FF5077135";"0C6CCB7C97625218A7BF873AE8494B2F6BBB470C770D91574E07277FF5077135";"Würde gelöscht werden"
"2026-09-28 23:26:49";"DryRun";"F:\Daten\Älter\Bilder\Eigene Aufnahmen\IMG20240810142712.jpg";"E:\OpenCloud\Persönlich (2)\Fotos\Fesitval\SMS\IMG20240810142712.jpg";"6600060";"A0ED9792FB378018B78963ADEF6D68CDE149949E46C23B85A3AB4D67AA8CEB9B";"A0ED9792FB378018B78963ADEF6D68CDE149949E46C23B85A3AB4D67AA8CEB9B";"Würde gelöscht werden"
"2026-09-28 23:26:49";"DryRun";"F:\Daten\Älter\Bilder\Eigene Aufnahmen\IMG20240810142716.jpg";"E:\OpenCloud\Persönlich (2)\Fotos\Fesitval\SMS\IMG20240810142716.jpg";"4957343";"764F3272F657D765C5C27823E652DB203E414EDC26E735DD88783C444D08D62F";"764F3272F657D765C5C27823E652DB203E414EDC26E735DD88783C444D08D62F";"Würde gelöscht werden"
"2026-09-28 23:26:49";"DryRun";"F:\Daten\Älter\Bilder\Eigene Aufnahmen\IMG20240810195557.jpg";"E:\OpenCloud\Persönlich (2)\Fotos\Fesitval\SMS\IMG20240810195557.jpg";"3837455";"5540820E988A48B6AFC9D37F3703F40696CFC35CEC2D1AA238D50546D4481B7E";"5540820E988A48B6AFC9D37F3703F40696CFC35CEC2D1AA238D50546D4481B7E";"Würde gelöscht werden"
"2026-09-28 23:26:50";"DryRun";"F:\Daten\Älter\Bilder\Eigene Aufnahmen\IMG20240810195559.jpg";"E:\OpenCloud\Persönlich (2)\Fotos\Fesitval\SMS\IMG20240810195559.jpg";"4141833";"D0F73AC68F475BB43293476FDD0877FBACDB63EA7B45E2A3A4637D7CF52CC410";"D0F73AC68F475BB43293476FDD0877FBACDB63EA7B45E2A3A4637D7CF52CC410";"Würde gelöscht werden"
"2026-09-28 23:26:50";"DryRun";"F:\Daten\Älter\Bilder\Eigene Aufnahmen\IMG20240810195601.jpg";"E:\OpenCloud\Persönlich (2)\Fotos\Fesitval\SMS\IMG20240810195601.jpg";"3863660";"2C4C22459A588F4699C2B831805CDE64F528B2777E91DF059F6A9BBABC94065C";"2C4C22459A588F4699C2B831805CDE64F528B2777E91DF059F6A9BBABC94065C";"Würde gelöscht werden"
"2026-09-28 23:26:50";"DryRun";"F:\Daten\Älter\Bilder\Eigene Aufnahmen\IMG20240810202409.jpg";"E:\OpenCloud\Persönlich (2)\Fotos\Fesitval\SMS\IMG20240810202409.jpg";"4707602";"6F2FDCACA7858124F34CCE322559E462A9D414E029599AB2953A9DAC39F34CC2";"6F2FDCACA7858124F34CCE322559E462A9D414E029599AB2953A9DAC39F34CC2";"Würde gelöscht werden"
"2026-09-28 23:26:50";"DryRun";"F:\Daten\Älter\Bilder\Eigene Aufnahmen\IMG20240913165521.jpg";"E:\OpenCloud\Persönlich (2)\Fotos\Verschiedenes\IMG20240913165521.jpg";"5195049";"83E2D35427AFF5927D351484B4BFA94E19D1047DDBA7444E79345628E8B79E94";"83E2D35427AFF5927D351484B4BFA94E19D1047DDBA7444E79345628E8B79E94";"Würde gelöscht werden"
"2026-09-28 23:26:51";"DryRun";"F:\Daten\Älter\Bilder\Eigene Aufnahmen\IMG20240923160132.jpg";"E:\OpenCloud\Persönlich (2)\Fotos\Verschiedenes\IMG20240923160132.jpg";"6181289";"4F57877893F4A2AEF2A1A686C6535CF3EE03481F37D6815D280A2D0C45808A7D";"4F57877893F4A2AEF2A1A686C6535CF3EE03481F37D6815D280A2D0C45808A7D";"Würde gelöscht werden"
"2026-09-28 23:26:51";"DryRun";"F:\Daten\Älter\Bilder\Eigene Aufnahmen\IMG20240923160136.jpg";"E:\OpenCloud\Persönlich (2)\Fotos\Verschiedenes\IMG20240923160136.jpg";"5915942";"5D5958B17069DCCBF08DBFA6C5A56EC6F849331AC57BEC1CCE11101081AD6C04";"5D5958B17069DCCBF08DBFA6C5A56EC6F849331AC57BEC1CCE11101081AD6C04";"Würde gelöscht werden"
"2026-09-28 23:26:51";"DryRun";"F:\Daten\Älter\Bilder\Eigene Aufnahmen\IMG20240923161506.jpg";"E:\OpenCloud\Persönlich (2)\Fotos\Verschiedenes\IMG20240923161506.jpg";"6542904";"CE975BC0B43156EB33C5DE73A40566182F276B41120C627743217AC51BEAB188";"CE975BC0B43156EB33C5DE73A40566182F276B41120C627743217AC51BEAB188";"Würde gelöscht werden"
"2026-09-28 23:26:52";"DryRun";"F:\Daten\Älter\Bilder\Eigene Aufnahmen\IMG20240923161510.jpg";"E:\OpenCloud\Persönlich (2)\Fotos\Verschiedenes\IMG20240923161510.jpg";"5392775";"40EAF6A7CB12DDA94F5EE8DBE4124DC5A631FA619EF632D3E602E3CD02043197";"40EAF6A7CB12DDA94F5EE8DBE4124DC5A631FA619EF632D3E602E3CD02043197";"Würde gelöscht werden"
"2026-09-28 23:26:52";"DryRun";"F:\Daten\Älter\Bilder\Eigene Aufnahmen\IMG20240923195427.jpg";"E:\OpenCloud\Persönlich (2)\Fotos\Verschiedenes\IMG20240923195427.jpg";"5097230";"55945A2DD8574B2E99AA0C8EB2DD0792DA40A38DD716161AF3C6ADC593B6667D";"55945A2DD8574B2E99AA0C8EB2DD0792DA40A38DD716161AF3C6ADC593B6667D";"Würde gelöscht werden"
"2026-09-28 23:26:52";"DryRun";"F:\Daten\Älter\Bilder\Eigene Aufnahmen\IMG20241014180226 1.jpg";"E:\OpenCloud\Persönlich (2)\Fotos\Verschiedenes\IMG20241014180226 1.jpg";"3890466";"4A711253FA8D191EA3BCF7189CF6E2625167DC54EB39A79980E6F44691FF4F95";"4A711253FA8D191EA3BCF7189CF6E2625167DC54EB39A79980E6F44691FF4F95";"Würde gelöscht werden"
"2026-09-28 23:26:52";"DryRun";"F:\Daten\Älter\Bilder\Eigene Aufnahmen\IMG20241015165614 1.jpg";"E:\OpenCloud\Persönlich (2)\Fotos\Verschiedenes\IMG20241015165614 1.jpg";"5890142";"8AA010A01E159EA3BB35E57D32EF07891DEE039D63A1AC4ED0B52955B7E81665";"8AA010A01E159EA3BB35E57D32EF07891DEE039D63A1AC4ED0B52955B7E81665";"Würde gelöscht werden"
"2026-09-28 23:26:53";"DryRun";"F:\Daten\Älter\Bilder\Eigene Aufnahmen\IMG20241015165614.jpg";"E:\OpenCloud\Persönlich (2)\Fotos\Verschiedenes\IMG20241015165614.jpg";"5890142";"8AA010A01E159EA3BB35E57D32EF07891DEE039D63A1AC4ED0B52955B7E81665";"8AA010A01E159EA3BB35E57D32EF07891DEE039D63A1AC4ED0B52955B7E81665";"Würde gelöscht werden"
"2026-09-28 23:26:53";"DryRun";"F:\Daten\Älter\Bilder\Eigene Aufnahmen\IMG20241015165619 1.jpg";"E:\OpenCloud\Persönlich (2)\Fotos\Verschiedenes\IMG20241015165619 1.jpg";"7041402";"C04E33536BE4891111B5411C29D080D1E4F09CA701CF09DFD518B00446849EFF";"C04E33536BE4891111B5411C29D080D1E4F09CA701CF09DFD518B00446849EFF";"Würde gelöscht werden"
"2026-09-28 23:26:53";"DryRun";"F:\Daten\Älter\Bilder\Eigene Aufnahmen\IMG20241015173602 1.jpg";"E:\OpenCloud\Persönlich (2)\Fotos\Verschiedenes\IMG20241015173602 1.jpg";"4645924";"707B12D7528AA2ACF4AE89D5D3A79AAD46C3052D72A8E87DAA40BF4676F835D5";"707B12D7528AA2ACF4AE89D5D3A79AAD46C3052D72A8E87DAA40BF4676F835D5";"Würde gelöscht werden"
"2026-09-28 23:26:53";"DryRun";"F:\Daten\Älter\Bilder\Eigene Aufnahmen\IMG20241015173726 1.jpg";"E:\OpenCloud\Persönlich (2)\Fotos\Verschiedenes\IMG20241015173726 1.jpg";"4895936";"6B6AC2281C8E9B161FE59EAC6F3AE0C8768B0F21DDD22C763D2A518BC5174805";"6B6AC2281C8E9B161FE59EAC6F3AE0C8768B0F21DDD22C763D2A518BC5174805";"Würde gelöscht werden"
"2026-09-28 23:26:53";"DryRun";"F:\Daten\Älter\Bilder\Eigene Aufnahmen\IMG20241015175717 1.jpg";"E:\OpenCloud\Persönlich (2)\Fotos\Verschiedenes\IMG20241015175717 1.jpg";"6873239";"AAFB871D14947773296B1DDA06C69192BA97BF0F840153A6F48A9D54DCA86343";"AAFB871D14947773296B1DDA06C69192BA97BF0F840153A6F48A9D54DCA86343";"Würde gelöscht werden"
"2026-09-28 23:26:54";"DryRun";"F:\Daten\Älter\Bilder\Eigene Aufnahmen\IMG20241024180614.jpg";"E:\OpenCloud\Persönlich (2)\Fotos\Verschiedenes\IMG20241024180614.jpg";"4198932";"A299A2417353DCA2534A4CEBE718D9118B8848C67C82C007CB86D1C521075621";"A299A2417353DCA2534A4CEBE718D9118B8848C67C82C007CB86D1C521075621";"Würde gelöscht werden"
"2026-09-28 23:26:54";"DryRun";"F:\Daten\Älter\Bilder\Eigene Aufnahmen\IMG20241024180617.jpg";"E:\OpenCloud\Persönlich (2)\Fotos\Verschiedenes\IMG20241024180617.jpg";"3824601";"D04AEEE2E8B2B9F1E25EC844FCB590EE62F90610495055098C4F1AC84D15CC5E";"D04AEEE2E8B2B9F1E25EC844FCB590EE62F90610495055098C4F1AC84D15CC5E";"Würde gelöscht werden"
"2026-09-28 23:26:54";"DryRun";"F:\Daten\Älter\Bilder\Eigene Aufnahmen\IMG20241101232809.jpg";"E:\OpenCloud\Persönlich (2)\Fotos\Verschiedenes\IMG20241101232809.jpg";"3018853";"0B9E9ACEC706376E8653CD08A9E71D1CA08FAB777212491A744E3C8A47541F91";"0B9E9ACEC706376E8653CD08A9E71D1CA08FAB777212491A744E3C8A47541F91";"Würde gelöscht werden"
"2026-09-28 23:26:54";"DryRun";"F:\Daten\Älter\Bilder\Eigene Aufnahmen\IMG20241101232813 1.jpg";"E:\OpenCloud\Persönlich (2)\Fotos\Verschiedenes\IMG20241101232813 1.jpg";"2720996";"720EB1B5C503776C1E9C7FBC55AACD0C2C981777B79EF8C3C4B718AE80AE765C";"720EB1B5C503776C1E9C7FBC55AACD0C2C981777B79EF8C3C4B718AE80AE765C";"Würde gelöscht werden"
"2026-09-28 23:26:54";"DryRun";"F:\Daten\Älter\Bilder\Eigene Aufnahmen\IMG20241101232813.jpg";"E:\OpenCloud\Persönlich (2)\Fotos\Verschiedenes\IMG20241101232813.jpg";"2720996";"720EB1B5C503776C1E9C7FBC55AACD0C2C981777B79EF8C3C4B718AE80AE765C";"720EB1B5C503776C1E9C7FBC55AACD0C2C981777B79EF8C3C4B718AE80AE765C";"Würde gelöscht werden"
"2026-09-28 23:26:54";"DryRun";"F:\Daten\Älter\Bilder\Eigene Aufnahmen\IMG20241108172503 1.jpg";"E:\OpenCloud\Persönlich (2)\Fotos\Dogos\IMG20241108172503 1.jpg";"3939183";"88C751B3E0BFE39E2E521A3CB6615AD47BE5F79726A88F2BC07E78498BA629A4";"88C751B3E0BFE39E2E521A3CB6615AD47BE5F79726A88F2BC07E78498BA629A4";"Würde gelöscht werden"
"2026-09-28 23:26:55";"DryRun";"F:\Daten\Älter\Bilder\Eigene Aufnahmen\IMG20241108172503.jpg";"E:\OpenCloud\Persönlich (2)\Fotos\Dogos\IMG20241108172503.jpg";"3939183";"88C751B3E0BFE39E2E521A3CB6615AD47BE5F79726A88F2BC07E78498BA629A4";"88C751B3E0BFE39E2E521A3CB6615AD47BE5F79726A88F2BC07E78498BA629A4";"Würde gelöscht werden"
"2026-09-28 23:26:55";"DryRun";"F:\Daten\Älter\Bilder\Eigene Aufnahmen\IMG20241108172505 1.jpg";"E:\OpenCloud\Persönlich (2)\Fotos\Dogos\IMG20241108172505 1.jpg";"4107492";"A2F68754D3516ABAA0AA929C6E2A9A53E16CD065B56BD92D5B8AA854935BDE20";"A2F68754D3516ABAA0AA929C6E2A9A53E16CD065B56BD92D5B8AA854935BDE20";"Würde gelöscht werden"
"2026-09-28 23:26:55";"DryRun";"F:\Daten\Älter\Bilder\Eigene Aufnahmen\IMG20241108172505.jpg";"E:\OpenCloud\Persönlich (2)\Fotos\Dogos\IMG20241108172505.jpg";"4107492";"A2F68754D3516ABAA0AA929C6E2A9A53E16CD065B56BD92D5B8AA854935BDE20";"A2F68754D3516ABAA0AA929C6E2A9A53E16CD065B56BD92D5B8AA854935BDE20";"Würde gelöscht werden"
"2026-09-28 23:26:55";"DryRun";"F:\Daten\Älter\Bilder\Eigene Aufnahmen\IMG20241117101644 1.jpg";"E:\OpenCloud\Persönlich (2)\Fotos\Dogos\IMG20241117101644 1.jpg";"3548180";"177BF966006A901C11B69A6B35BCE04437EF05DA18398BA9CF94DCA0AD6E2209";"177BF966006A901C11B69A6B35BCE04437EF05DA18398BA9CF94DCA0AD6E2209";"Würde gelöscht werden"
"2026-09-28 23:26:55";"DryRun";"F:\Daten\Älter\Bilder\Eigene Aufnahmen\IMG20241117101644.jpg";"E:\OpenCloud\Persönlich (2)\Fotos\Dogos\IMG20241117101644.jpg";"3548180";"177BF966006A901C11B69A6B35BCE04437EF05DA18398BA9CF94DCA0AD6E2209";"177BF966006A901C11B69A6B35BCE04437EF05DA18398BA9CF94DCA0AD6E2209";"Würde gelöscht werden"
"2026-09-28 23:26:55";"DryRun";"F:\Daten\Älter\Bilder\Eigene Aufnahmen\IMG20241123120920.jpg";"E:\OpenCloud\Persönlich (2)\Fotos\Verschiedenes\IMG20241123120920.jpg";"6186995";"5E922554550A184043B5D11474FF929D9F540E66117CEE7826FE9AED09BD9F7C";"5E922554550A184043B5D11474FF929D9F540E66117CEE7826FE9AED09BD9F7C";"Würde gelöscht werden"
"2026-09-28 23:26:56";"DryRun";"F:\Daten\Älter\Bilder\Eigene Aufnahmen\IMG20241123120934.jpg";"E:\OpenCloud\Persönlich (2)\Fotos\Verschiedenes\IMG20241123120934.jpg";"6459421";"FE362EA1AEFBDB6D1D686093649B39A961DE60CEA8DED7CECBE9C6F4A5CB4A32";"FE362EA1AEFBDB6D1D686093649B39A961DE60CEA8DED7CECBE9C6F4A5CB4A32";"Würde gelöscht werden"
"2026-09-28 23:26:56";"DryRun";"F:\Daten\Älter\Bilder\Eigene Aufnahmen\IMG20241129201326 1.jpg";"E:\OpenCloud\Persönlich (2)\Fotos\Verschiedenes\IMG20241129201326 1.jpg";"3801237";"280640B335D84C0CAF07CD4F264E84AFEE44A564D299773598FCD9EE7F149B8F";"280640B335D84C0CAF07CD4F264E84AFEE44A564D299773598FCD9EE7F149B8F";"Würde gelöscht werden"
"2026-09-28 23:26:56";"DryRun";"F:\Daten\Älter\Bilder\Eigene Aufnahmen\IMG20241129201326.jpg";"E:\OpenCloud\Persönlich (2)\Fotos\Verschiedenes\IMG20241129201326.jpg";"3801237";"280640B335D84C0CAF07CD4F264E84AFEE44A564D299773598FCD9EE7F149B8F";"280640B335D84C0CAF07CD4F264E84AFEE44A564D299773598FCD9EE7F149B8F";"Würde gelöscht werden"
"2026-09-28 23:26:57";"DryRun";"F:\Daten\Älter\Bilder\Eigene Aufnahmen\IMG20241129213733 1.jpg";"E:\OpenCloud\Persönlich (2)\Fotos\Verschiedenes\IMG20241129213733 1.jpg";"4365746";"1365722CFB1FEF56F7B78771F5665B81B8EB65B528D2B930648003F7919A2A04";"1365722CFB1FEF56F7B78771F5665B81B8EB65B528D2B930648003F7919A2A04";"Würde gelöscht werden"
"2026-09-28 23:26:57";"DryRun";"F:\Daten\Älter\Bilder\Eigene Aufnahmen\IMG20241129213733.jpg";"E:\OpenCloud\Persönlich (2)\Fotos\Verschiedenes\IMG20241129213733.jpg";"4365746";"1365722CFB1FEF56F7B78771F5665B81B8EB65B528D2B930648003F7919A2A04";"1365722CFB1FEF56F7B78771F5665B81B8EB65B528D2B930648003F7919A2A04";"Würde gelöscht werden"
"2026-09-28 23:26:57";"DryRun";"F:\Daten\Älter\Bilder\Eigene Aufnahmen\IMG20241129223446 1.jpg";"E:\OpenCloud\Persönlich (2)\Fotos\Verschiedenes\IMG20241129223446 1.jpg";"4194074";"4A1E62A120C310EA90B88978D342CC924F895A6EE7BD9DF7B99465B0A530F400";"4A1E62A120C310EA90B88978D342CC924F895A6EE7BD9DF7B99465B0A530F400";"Würde gelöscht werden"
"2026-09-28 23:26:57";"DryRun";"F:\Daten\Älter\Bilder\Eigene Aufnahmen\IMG20241129223446.jpg";"E:\OpenCloud\Persönlich (2)\Fotos\Verschiedenes\IMG20241129223446.jpg";"4194074";"4A1E62A120C310EA90B88978D342CC924F895A6EE7BD9DF7B99465B0A530F400";"4A1E62A120C310EA90B88978D342CC924F895A6EE7BD9DF7B99465B0A530F400";"Würde gelöscht werden"
"2026-09-28 23:26:57";"DryRun";"F:\Daten\Älter\Bilder\Eigene Aufnahmen\IMG20241130090508 1.jpg";"E:\OpenCloud\Persönlich (2)\Fotos\Verschiedenes\IMG20241130090508 1.jpg";"5836779";"CB1DB5B986D55BACDDB53539D92FABD17E2A17F1DDEC928CBA622F02F61B3E82";"CB1DB5B986D55BACDDB53539D92FABD17E2A17F1DDEC928CBA622F02F61B3E82";"Würde gelöscht werden"
"2026-09-28 23:26:58";"DryRun";"F:\Daten\Älter\Bilder\Eigene Aufnahmen\IMG20241130090508.jpg";"E:\OpenCloud\Persönlich (2)\Fotos\Verschiedenes\IMG20241130090508.jpg";"5836779";"CB1DB5B986D55BACDDB53539D92FABD17E2A17F1DDEC928CBA622F02F61B3E82";"CB1DB5B986D55BACDDB53539D92FABD17E2A17F1DDEC928CBA622F02F61B3E82";"Würde gelöscht werden"
"2026-09-28 23:26:58";"DryRun";"F:\Daten\Älter\Bilder\Eigene Aufnahmen\IMG20241130090708 1.jpg";"E:\OpenCloud\Persönlich (2)\Fotos\Verschiedenes\IMG20241130090708 1.jpg";"3513536";"958982AA31116BF023DC6E37B81E56333F1BEC5FBF717E244671A6F640BB2F1A";"958982AA31116BF023DC6E37B81E56333F1BEC5FBF717E244671A6F640BB2F1A";"Würde gelöscht werden"
"2026-09-28 23:26:58";"DryRun";"F:\Daten\Älter\Bilder\Eigene Aufnahmen\IMG20241130214226 1.jpg";"E:\OpenCloud\Persönlich (2)\Fotos\Dogos\IMG20241130214226 1.jpg";"3401523";"2B94C085D42BBA571422DC94CB3B138BFC1A641476360D7D335B1F17BEB2D7F0";"2B94C085D42BBA571422DC94CB3B138BFC1A641476360D7D335B1F17BEB2D7F0";"Würde gelöscht werden"
"2026-09-28 23:26:58";"DryRun";"F:\Daten\Älter\Bilder\Eigene Aufnahmen\IMG20241130214226.jpg";"E:\OpenCloud\Persönlich (2)\Fotos\Dogos\IMG20241130214226.jpg";"3401523";"2B94C085D42BBA571422DC94CB3B138BFC1A641476360D7D335B1F17BEB2D7F0";"2B94C085D42BBA571422DC94CB3B138BFC1A641476360D7D335B1F17BEB2D7F0";"Würde gelöscht werden"
"2026-09-28 23:26:58";"DryRun";"F:\Daten\Älter\Bilder\Eigene Aufnahmen\IMG20241130214229 1.jpg";"E:\OpenCloud\Persönlich (2)\Fotos\Dogos\IMG20241130214229 1.jpg";"3235602";"A9B088E63637B18D9E6FBA7BE37993BD62A11DEFBB645571066EDB4DDFA6FFCC";"A9B088E63637B18D9E6FBA7BE37993BD62A11DEFBB645571066EDB4DDFA6FFCC";"Würde gelöscht werden"
"2026-09-28 23:26:58";"DryRun";"F:\Daten\Älter\Bilder\Eigene Aufnahmen\IMG20241130214229.jpg";"E:\OpenCloud\Persönlich (2)\Fotos\Dogos\IMG20241130214229.jpg";"3235602";"A9B088E63637B18D9E6FBA7BE37993BD62A11DEFBB645571066EDB4DDFA6FFCC";"A9B088E63637B18D9E6FBA7BE37993BD62A11DEFBB645571066EDB4DDFA6FFCC";"Würde gelöscht werden"
"2026-09-28 23:26:59";"DryRun";"F:\Daten\Älter\Bilder\Eigene Aufnahmen\IMG20241206121905.jpg";"E:\OpenCloud\Persönlich (2)\Dokumente\Arbeit\Ausbildung\Schule\Ap1\Berichtsheft (2).jpg";"3502471";"E388F21D3A3B17C2FD7DB59E59A04726CBF571040900EEB96AAA3CC807EDD9A2";"E388F21D3A3B17C2FD7DB59E59A04726CBF571040900EEB96AAA3CC807EDD9A2";"Würde gelöscht werden"
"2026-09-28 23:26:59";"DryRun";"F:\Daten\Älter\Bilder\Eigene Aufnahmen\IMG20241206121912.jpg";"E:\OpenCloud\Persönlich (2)\Dokumente\Arbeit\Ausbildung\Schule\Ap1\Berichtsheft (3).jpg";"3746170";"2BC6152AFB72582F0CEFC322B8BF48F3AD6FD938E04FB50786E134089400FA61";"2BC6152AFB72582F0CEFC322B8BF48F3AD6FD938E04FB50786E134089400FA61";"Würde gelöscht werden"
"2026-09-28 23:26:59";"DryRun";"F:\Daten\Älter\Bilder\Eigene Aufnahmen\IMG20241206124634.jpg";"E:\OpenCloud\Persönlich (2)\Dokumente\Arbeit\Ausbildung\Schule\Ap1\Berichtsheft (4).jpg";"4137801";"26D907C22BEAE5D7E0B8F458D58B2FBD5AF5569997B0D94761AD67FA04BB0226";"26D907C22BEAE5D7E0B8F458D58B2FBD5AF5569997B0D94761AD67FA04BB0226";"Würde gelöscht werden"
"2026-09-28 23:26:59";"DryRun";"F:\Daten\Älter\Bilder\Eigene Aufnahmen\IMG20241206124647.jpg";"E:\OpenCloud\Persönlich (2)\Dokumente\Arbeit\Ausbildung\Schule\Ap1\Berichtsheft (5).jpg";"4132696";"AE0B483D854D10EB964C91F4C50C84E6461470635BF161E590FD62BC24BA7486";"AE0B483D854D10EB964C91F4C50C84E6461470635BF161E590FD62BC24BA7486";"Würde gelöscht werden"
"2026-09-28 23:26:59";"DryRun";"F:\Daten\Älter\Bilder\Eigene Aufnahmen\IMG20241206124704.jpg";"E:\OpenCloud\Persönlich (2)\Dokumente\Arbeit\Ausbildung\Schule\Ap1\Berichtsheft (6).jpg";"3920849";"0428DD8340C0BCB67880EA8A85D2829BC8FC8BAF7B374304AD970D02F7B09FA4";"0428DD8340C0BCB67880EA8A85D2829BC8FC8BAF7B374304AD970D02F7B09FA4";"Würde gelöscht werden"
"2026-09-28 23:27:00";"DryRun";"F:\Daten\Älter\Bilder\Eigene Aufnahmen\IMG20241206124714.jpg";"E:\OpenCloud\Persönlich (2)\Dokumente\Arbeit\Ausbildung\Schule\Ap1\Berichtsheft (7).jpg";"4035005";"3E6BE177DFAFD27F5632868B8A29E60DD8444935DD58A4CE4A261F0C4E8DA964";"3E6BE177DFAFD27F5632868B8A29E60DD8444935DD58A4CE4A261F0C4E8DA964";"Würde gelöscht werden"
"2026-09-28 23:27:00";"DryRun";"F:\Daten\Älter\Bilder\Eigene Aufnahmen\IMG20241206124727.jpg";"E:\OpenCloud\Persönlich (2)\Dokumente\Arbeit\Ausbildung\Schule\Ap1\Berichtsheft (8).jpg";"4132860";"4AC9E0EA525A1A19958AB6439C72083B288AF220CFAE61AD423D9387B3CF6B5C";"4AC9E0EA525A1A19958AB6439C72083B288AF220CFAE61AD423D9387B3CF6B5C";"Würde gelöscht werden"
"2026-09-28 23:27:00";"DryRun";"F:\Daten\Älter\Bilder\Eigene Aufnahmen\IMG20241206124745.jpg";"E:\OpenCloud\Persönlich (2)\Dokumente\Arbeit\Ausbildung\Schule\Ap1\Berichtsheft (10).jpg";"4084468";"DCF9BB46F1A1233876647A88D846A84C75E34955F1B1E528AC2A6FF29006B3A9";"DCF9BB46F1A1233876647A88D846A84C75E34955F1B1E528AC2A6FF29006B3A9";"Würde gelöscht werden"
"2026-09-28 23:27:00";"DryRun";"F:\Daten\Älter\Bilder\Eigene Aufnahmen\IMG20241206124753.jpg";"E:\OpenCloud\Persönlich (2)\Dokumente\Arbeit\Ausbildung\Schule\Ap1\Berichtsheft (11).jpg";"4110808";"7412EFB275D3CC79B2B58077D85C7923947236D8F98B5F9049681FA474C3E45F";"7412EFB275D3CC79B2B58077D85C7923947236D8F98B5F9049681FA474C3E45F";"Würde gelöscht werden"
"2026-09-28 23:27:00";"DryRun";"F:\Daten\Älter\Bilder\Eigene Aufnahmen\IMG20241206124801.jpg";"E:\OpenCloud\Persönlich (2)\Dokumente\Arbeit\Ausbildung\Schule\Ap1\Berichtsheft (12).jpg";"4079861";"2B47E6BAFF03BCE6216A543B248456BE39377D2C6374262CE98923315668C3E3";"2B47E6BAFF03BCE6216A543B248456BE39377D2C6374262CE98923315668C3E3";"Würde gelöscht werden"
"2026-09-28 23:27:00";"DryRun";"F:\Daten\Älter\Bilder\Eigene Aufnahmen\IMG20241206124811.jpg";"E:\OpenCloud\Persönlich (2)\Dokumente\Arbeit\Ausbildung\Schule\Ap1\Berichtsheft (13).jpg";"3895453";"FCFA2A6C2F4212C2A7C3117C579001823E15EA33C88C6D6FDCEEA47B1CB333D6";"FCFA2A6C2F4212C2A7C3117C579001823E15EA33C88C6D6FDCEEA47B1CB333D6";"Würde gelöscht werden"
"2026-09-28 23:27:01";"DryRun";"F:\Daten\Älter\Bilder\Eigene Aufnahmen\IMG20241206124822.jpg";"E:\OpenCloud\Persönlich (2)\Dokumente\Arbeit\Ausbildung\Schule\Ap1\Berichtsheft (14).jpg";"4055023";"56CA09DACEFE13F4397D8F0EC9055638C21C59B1977A1632DAAE845C715D94D3";"56CA09DACEFE13F4397D8F0EC9055638C21C59B1977A1632DAAE845C715D94D3";"Würde gelöscht werden"
"2026-09-28 23:27:01";"DryRun";"F:\Daten\Älter\Bilder\Eigene Aufnahmen\IMG20241206124832.jpg";"E:\OpenCloud\Persönlich (2)\Dokumente\Arbeit\Ausbildung\Schule\Ap1\Berichtsheft (15).jpg";"4120742";"32B62E31FA31F387AE0B8EFF2E0A23FDACC040D87D57F2C5B173E8B8933787D3";"32B62E31FA31F387AE0B8EFF2E0A23FDACC040D87D57F2C5B173E8B8933787D3";"Würde gelöscht werden"
"2026-09-28 23:27:01";"DryRun";"F:\Daten\Älter\Bilder\Eigene Aufnahmen\IMG20241206124841.jpg";"E:\OpenCloud\Persönlich (2)\Dokumente\Arbeit\Ausbildung\Schule\Ap1\Berichtsheft (16).jpg";"4018243";"C2D292AB880F484726D1676D9C70027EA70BA110343A1A730DE9084C4CD5633A";"C2D292AB880F484726D1676D9C70027EA70BA110343A1A730DE9084C4CD5633A";"Würde gelöscht werden"
"2026-09-28 23:27:01";"DryRun";"F:\Daten\Älter\Bilder\Eigene Aufnahmen\IMG20241206124851.jpg";"E:\OpenCloud\Persönlich (2)\Dokumente\Arbeit\Ausbildung\Schule\Ap1\Berichtsheft (17).jpg";"4128754";"4E619F74A04A85FE656323A2FD3C27977C1120A230D99798077830DA8867B8B6";"4E619F74A04A85FE656323A2FD3C27977C1120A230D99798077830DA8867B8B6";"Würde gelöscht werden"
"2026-09-28 23:27:01";"DryRun";"F:\Daten\Älter\Bilder\Eigene Aufnahmen\IMG20241206124920.jpg";"E:\OpenCloud\Persönlich (2)\Dokumente\Arbeit\Ausbildung\Schule\Ap1\Berichtsheft (18).jpg";"4070657";"C96BBEE705D0FCD5A94FB2C5401BDAA7E3DF139E6D1C324456F2673B46CB013D";"C96BBEE705D0FCD5A94FB2C5401BDAA7E3DF139E6D1C324456F2673B46CB013D";"Würde gelöscht werden"
"2026-09-28 23:27:01";"DryRun";"F:\Daten\Älter\Bilder\Eigene Aufnahmen\IMG20241206124930.jpg";"E:\OpenCloud\Persönlich (2)\Dokumente\Arbeit\Ausbildung\Schule\Ap1\Berichtsheft (19).jpg";"4145412";"3A9855D589B1E16C94D24AF2DE5A2C67DA9D4A47BEA5791DB7380E55B2AB42AE";"3A9855D589B1E16C94D24AF2DE5A2C67DA9D4A47BEA5791DB7380E55B2AB42AE";"Würde gelöscht werden"
"2026-09-28 23:27:02";"DryRun";"F:\Daten\Älter\Bilder\Eigene Aufnahmen\IMG20241206124938.jpg";"E:\OpenCloud\Persönlich (2)\Dokumente\Arbeit\Ausbildung\Schule\Ap1\Berichtsheft (20).jpg";"4003685";"DD37A1FA490F584BDEA49522AF893653B6BCF593FC50A11881F3CCE1D9DB3D06";"DD37A1FA490F584BDEA49522AF893653B6BCF593FC50A11881F3CCE1D9DB3D06";"Würde gelöscht werden"
"2026-09-28 23:27:02";"DryRun";"F:\Daten\Älter\Bilder\Eigene Aufnahmen\IMG20241206124945.jpg";"E:\OpenCloud\Persönlich (2)\Dokumente\Arbeit\Ausbildung\Schule\Ap1\Berichtsheft (21).jpg";"3896008";"60A06C315DA77E7EF91F9AFAFAFB7C9A60DB4B67B5C75F7918CA254A487DA7FC";"60A06C315DA77E7EF91F9AFAFAFB7C9A60DB4B67B5C75F7918CA254A487DA7FC";"Würde gelöscht werden"
"2026-09-28 23:27:02";"DryRun";"F:\Daten\Älter\Bilder\Eigene Aufnahmen\IMG20241206124951.jpg";"E:\OpenCloud\Persönlich (2)\Dokumente\Arbeit\Ausbildung\Schule\Ap1\Berichtsheft (22).jpg";"3996395";"6D2EE43D4A25FECC245F95D741C9BD1B8CBDEFFFE55ED25592E28A576C17A7AF";"6D2EE43D4A25FECC245F95D741C9BD1B8CBDEFFFE55ED25592E28A576C17A7AF";"Würde gelöscht werden"
"2026-09-28 23:27:02";"DryRun";"F:\Daten\Älter\Bilder\Eigene Aufnahmen\IMG20241206124957.jpg";"E:\OpenCloud\Persönlich (2)\Dokumente\Arbeit\Ausbildung\Schule\Ap1\Berichtsheft (23).jpg";"4019328";"D3BD7223688008472289D2B77B424779573A535B693DFEE505B49FC377CCCCAA";"D3BD7223688008472289D2B77B424779573A535B693DFEE505B49FC377CCCCAA";"Würde gelöscht werden"
"2026-09-28 23:27:02";"DryRun";"F:\Daten\Älter\Bilder\Eigene Aufnahmen\IMG20241206125005.jpg";"E:\OpenCloud\Persönlich (2)\Dokumente\Arbeit\Ausbildung\Schule\Ap1\Berichtsheft (24).jpg";"4120787";"FC8AD07EA0481F644792CDD5B3F7E46F7FAB91386A37B12AC4E233705EE38663";"FC8AD07EA0481F644792CDD5B3F7E46F7FAB91386A37B12AC4E233705EE38663";"Würde gelöscht werden"
"2026-09-28 23:27:03";"DryRun";"F:\Daten\Älter\Bilder\Eigene Aufnahmen\IMG20241206125013.jpg";"E:\OpenCloud\Persönlich (2)\Dokumente\Arbeit\Ausbildung\Schule\Ap1\Berichtsheft (25).jpg";"4096458";"42B25DE97EBDA9FF24335CD24D989126D974B1AD5463371EB86ECA8B5885828B";"42B25DE97EBDA9FF24335CD24D989126D974B1AD5463371EB86ECA8B5885828B";"Würde gelöscht werden"
"2026-09-28 23:27:03";"DryRun";"F:\Daten\Älter\Bilder\Eigene Aufnahmen\IMG20241206125021.jpg";"E:\OpenCloud\Persönlich (2)\Dokumente\Arbeit\Ausbildung\Schule\Ap1\Berichtsheft (26).jpg";"4075317";"9D3A47FA0F25662706C7EABFE7BE0AA61638D81169C1A0EA4C7560A6B13FAD9B";"9D3A47FA0F25662706C7EABFE7BE0AA61638D81169C1A0EA4C7560A6B13FAD9B";"Würde gelöscht werden"
"2026-09-28 23:27:03";"DryRun";"F:\Daten\Älter\Bilder\Eigene Aufnahmen\IMG20241206125029.jpg";"E:\OpenCloud\Persönlich (2)\Dokumente\Arbeit\Ausbildung\Schule\Ap1\Berichtsheft (27).jpg";"4090688";"DEDECBE39D8D99D9FF667EA2E0878EEEE3A4FFE9007223C562BCA11246437422";"DEDECBE39D8D99D9FF667EA2E0878EEEE3A4FFE9007223C562BCA11246437422";"Würde gelöscht werden"
"2026-09-28 23:27:03";"DryRun";"F:\Daten\Älter\Bilder\Eigene Aufnahmen\IMG20241206125038.jpg";"E:\OpenCloud\Persönlich (2)\Dokumente\Arbeit\Ausbildung\Schule\Ap1\Berichtsheft (28).jpg";"4060973";"E2945C28429F092E3FF5D9A33C6A79220E401BD140D166E2B5758FC4C8112A8C";"E2945C28429F092E3FF5D9A33C6A79220E401BD140D166E2B5758FC4C8112A8C";"Würde gelöscht werden"
"2026-09-28 23:27:03";"DryRun";"F:\Daten\Älter\Bilder\Eigene Aufnahmen\IMG20241206125045.jpg";"E:\OpenCloud\Persönlich (2)\Dokumente\Arbeit\Ausbildung\Schule\Ap1\Berichtsheft (29).jpg";"4044745";"B6319DCC815AB6BF0EBD5259231F47794F405D799A45A31D13986AD649A7D72E";"B6319DCC815AB6BF0EBD5259231F47794F405D799A45A31D13986AD649A7D72E";"Würde gelöscht werden"
"2026-09-28 23:27:03";"DryRun";"F:\Daten\Älter\Bilder\Eigene Aufnahmen\IMG20241206125052.jpg";"E:\OpenCloud\Persönlich (2)\Dokumente\Arbeit\Ausbildung\Schule\Ap1\Berichtsheft (30).jpg";"3718407";"AB1F30A9810699024B6CB8C6B2B38C2961D4D89C19C21987CF4B36F1B8C79838";"AB1F30A9810699024B6CB8C6B2B38C2961D4D89C19C21987CF4B36F1B8C79838";"Würde gelöscht werden"
"2026-09-28 23:27:04";"DryRun";"F:\Daten\Älter\Bilder\Eigene Aufnahmen\IMG20241206125059.jpg";"E:\OpenCloud\Persönlich (2)\Dokumente\Arbeit\Ausbildung\Schule\Ap1\Berichtsheft (31).jpg";"4177624";"2469B9295A5C296E33BEEDA428AE63F9FBE3430C210097A90713FF0F41493BC3";"2469B9295A5C296E33BEEDA428AE63F9FBE3430C210097A90713FF0F41493BC3";"Würde gelöscht werden"
"2026-09-28 23:27:04";"DryRun";"F:\Daten\Älter\Bilder\Eigene Aufnahmen\IMG20241206125105.jpg";"E:\OpenCloud\Persönlich (2)\Dokumente\Arbeit\Ausbildung\Schule\Ap1\Berichtsheft (32).jpg";"4001935";"E6C63F2EFA1838F2D284366371C9D7B85205610D0FF77DB6BFCAF4CD6B156ED6";"E6C63F2EFA1838F2D284366371C9D7B85205610D0FF77DB6BFCAF4CD6B156ED6";"Würde gelöscht werden"
"2026-09-28 23:27:04";"DryRun";"F:\Daten\Älter\Bilder\Eigene Aufnahmen\IMG20241206125113.jpg";"E:\OpenCloud\Persönlich (2)\Dokumente\Arbeit\Ausbildung\Schule\Ap1\Berichtsheft (33).jpg";"4131403";"0559BCEBD23D0B1C662A4C2E73CE7DE66099976177A1A75EC81C28BDB6EA1739";"0559BCEBD23D0B1C662A4C2E73CE7DE66099976177A1A75EC81C28BDB6EA1739";"Würde gelöscht werden"
"2026-09-28 23:27:04";"DryRun";"F:\Daten\Älter\Bilder\Eigene Aufnahmen\IMG20241206125127.jpg";"E:\OpenCloud\Persönlich (2)\Dokumente\Arbeit\Ausbildung\Schule\Ap1\Berichtsheft (35).jpg";"3638649";"1B805FB5615E835F9D5CFF6EBD12A12EB3E31B68F229B10AD805BEA716A102A7";"1B805FB5615E835F9D5CFF6EBD12A12EB3E31B68F229B10AD805BEA716A102A7";"Würde gelöscht werden"
"2026-09-28 23:27:04";"DryRun";"F:\Daten\Älter\Bilder\Eigene Aufnahmen\IMG20241206125136.jpg";"E:\OpenCloud\Persönlich (2)\Dokumente\Arbeit\Ausbildung\Schule\Ap1\Berichtsheft (36).jpg";"3745896";"CD87ED50047F5BEC8FC311C786A8BDA76E558DB780D1C85C127359197920D4E7";"CD87ED50047F5BEC8FC311C786A8BDA76E558DB780D1C85C127359197920D4E7";"Würde gelöscht werden"
"2026-09-28 23:27:05";"DryRun";"F:\Daten\Älter\Bilder\Eigene Aufnahmen\IMG20241206125142 1.jpg";"E:\OpenCloud\Persönlich (2)\Dokumente\Arbeit\Ausbildung\Schule\Ap1\Berichtsheft (37).jpg";"4019560";"A155BB5A5DD12D0EA55F22154B1AB84E5FE750253C378F0165A1A44F8656BA7F";"A155BB5A5DD12D0EA55F22154B1AB84E5FE750253C378F0165A1A44F8656BA7F";"Würde gelöscht werden"
"2026-09-28 23:27:05";"DryRun";"F:\Daten\Älter\Bilder\Eigene Aufnahmen\IMG20241206125142.jpg";"E:\OpenCloud\Persönlich (2)\Dokumente\Arbeit\Ausbildung\Schule\Ap1\Berichtsheft (37).jpg";"4019560";"A155BB5A5DD12D0EA55F22154B1AB84E5FE750253C378F0165A1A44F8656BA7F";"A155BB5A5DD12D0EA55F22154B1AB84E5FE750253C378F0165A1A44F8656BA7F";"Würde gelöscht werden"
"2026-09-28 23:27:05";"DryRun";"F:\Daten\Älter\Bilder\Eigene Aufnahmen\IMG20241206125149.jpg";"E:\OpenCloud\Persönlich (2)\Dokumente\Arbeit\Ausbildung\Schule\Ap1\Berichtsheft (38).jpg";"4099060";"81DB981D6779C4B7D296E08F31CABC32BDDA444FDC2579A60C78A4A188ACB78E";"81DB981D6779C4B7D296E08F31CABC32BDDA444FDC2579A60C78A4A188ACB78E";"Würde gelöscht werden"
"2026-09-28 23:27:05";"DryRun";"F:\Daten\Älter\Bilder\Eigene Aufnahmen\IMG20241206125156.jpg";"E:\OpenCloud\Persönlich (2)\Dokumente\Arbeit\Ausbildung\Schule\Ap1\Berichtsheft (39).jpg";"3771868";"CD313D3188CB3024CCFCD30F13AD6BAAFFF4494C28BD658493BF210C7A8B51FC";"CD313D3188CB3024CCFCD30F13AD6BAAFFF4494C28BD658493BF210C7A8B51FC";"Würde gelöscht werden"
"2026-09-28 23:27:05";"DryRun";"F:\Daten\Älter\Bilder\Eigene Aufnahmen\IMG20241206125221.jpg";"E:\OpenCloud\Persönlich (2)\Dokumente\Arbeit\Ausbildung\Schule\Ap1\Berichtsheft (40).jpg";"3915104";"A8A39DF20E5E7D670AB53DE33814A9169133C5683C09D7AC6EF69B29E5B27DE4";"A8A39DF20E5E7D670AB53DE33814A9169133C5683C09D7AC6EF69B29E5B27DE4";"Würde gelöscht werden"
"2026-09-28 23:27:05";"DryRun";"F:\Daten\Älter\Bilder\Eigene Aufnahmen\IMG20241206125229.jpg";"E:\OpenCloud\Persönlich (2)\Dokumente\Arbeit\Ausbildung\Schule\Ap1\Berichtsheft (41).jpg";"3854122";"F5FF99F5F9C7C8C9A95CB68D5AC5967741558EAE4326E67976C676BB0C5077AA";"F5FF99F5F9C7C8C9A95CB68D5AC5967741558EAE4326E67976C676BB0C5077AA";"Würde gelöscht werden"
"2026-09-28 23:27:06";"DryRun";"F:\Daten\Älter\Bilder\Eigene Aufnahmen\IMG20241206125253.jpg";"E:\OpenCloud\Persönlich (2)\Dokumente\Arbeit\Ausbildung\Schule\Ap1\Berichtsheft (42).jpg";"3952684";"3522F0C9AF3936354A9ABC642EE8FA765F6F5AE304FC791CBB07115AD267B211";"3522F0C9AF3936354A9ABC642EE8FA765F6F5AE304FC791CBB07115AD267B211";"Würde gelöscht werden"
"2026-09-28 23:27:06";"DryRun";"F:\Daten\Älter\Bilder\Eigene Aufnahmen\IMG20241206125303.jpg";"E:\OpenCloud\Persönlich (2)\Dokumente\Arbeit\Ausbildung\Schule\Ap1\Berichtsheft (43).jpg";"4064633";"69A4D7E433ACE1F77A2B1B16F3E3A985DEB1F22FE3FF8FB8219C64C6685AA697";"69A4D7E433ACE1F77A2B1B16F3E3A985DEB1F22FE3FF8FB8219C64C6685AA697";"Würde gelöscht werden"
"2026-09-28 23:27:06";"DryRun";"F:\Daten\Älter\Bilder\Eigene Aufnahmen\IMG20241206125321.jpg";"E:\OpenCloud\Persönlich (2)\Dokumente\Arbeit\Ausbildung\Schule\Ap1\Berichtsheft (44).jpg";"4227667";"01DE39843B4118F0166E442EC05A985B4FDB0E82C459AE2CF492C035C6A400A4";"01DE39843B4118F0166E442EC05A985B4FDB0E82C459AE2CF492C035C6A400A4";"Würde gelöscht werden"
"2026-09-28 23:27:06";"DryRun";"F:\Daten\Älter\Bilder\Eigene Aufnahmen\IMG20241206125328.jpg";"E:\OpenCloud\Persönlich (2)\Dokumente\Arbeit\Ausbildung\Schule\Ap1\Berichtsheft (45).jpg";"3860184";"DCAE9EDEFF4889F7D7C6409E2433B7AD483CA8AD668A238AC5A7EB4CF3B42745";"DCAE9EDEFF4889F7D7C6409E2433B7AD483CA8AD668A238AC5A7EB4CF3B42745";"Würde gelöscht werden"
"2026-09-28 23:27:06";"DryRun";"F:\Daten\Älter\Bilder\Eigene Aufnahmen\IMG20241206125336.jpg";"E:\OpenCloud\Persönlich (2)\Dokumente\Arbeit\Ausbildung\Schule\Ap1\Berichtsheft (46).jpg";"4002347";"74BE194719FBC7743B2307BCFB0387E9A4794E1B9E7D9B77CE12AA18EB6ADA82";"74BE194719FBC7743B2307BCFB0387E9A4794E1B9E7D9B77CE12AA18EB6ADA82";"Würde gelöscht werden"
"2026-09-28 23:27:06";"DryRun";"F:\Daten\Älter\Bilder\Eigene Aufnahmen\IMG20241206125343.jpg";"E:\OpenCloud\Persönlich (2)\Dokumente\Arbeit\Ausbildung\Schule\Ap1\Berichtsheft (47).jpg";"4216332";"7C361F95BF3EA5EF83E48D28A147438875BB65A55D060910FAEDBCD437D17EF8";"7C361F95BF3EA5EF83E48D28A147438875BB65A55D060910FAEDBCD437D17EF8";"Würde gelöscht werden"
"2026-09-28 23:27:07";"DryRun";"F:\Daten\Älter\Bilder\Eigene Aufnahmen\IMG20241206125352.jpg";"E:\OpenCloud\Persönlich (2)\Dokumente\Arbeit\Ausbildung\Schule\Ap1\Berichtsheft (48).jpg";"3945577";"A2BAE88E81DBB04DFCCF8B119676847CF66727E62D678FFF44AA2A80E57F2A54";"A2BAE88E81DBB04DFCCF8B119676847CF66727E62D678FFF44AA2A80E57F2A54";"Würde gelöscht werden"
"2026-09-28 23:27:07";"DryRun";"F:\Daten\Älter\Bilder\Eigene Aufnahmen\IMG20241206125400.jpg";"E:\OpenCloud\Persönlich (2)\Dokumente\Arbeit\Ausbildung\Schule\Ap1\Berichtsheft (49).jpg";"3917444";"3725627FCBA4A47A84400048133E4BEE70E118CC176B7053E8DCD2D2BC2AEF14";"3725627FCBA4A47A84400048133E4BEE70E118CC176B7053E8DCD2D2BC2AEF14";"Würde gelöscht werden"
"2026-09-28 23:27:07";"DryRun";"F:\Daten\Älter\Bilder\Eigene Aufnahmen\IMG20241206125408.jpg";"E:\OpenCloud\Persönlich (2)\Dokumente\Arbeit\Ausbildung\Schule\Ap1\Berichtsheft (50).jpg";"3805641";"7F922E2C54380489C88BE837ECE331A435B7E8EC2D8F6B93782C57C5CAE11130";"7F922E2C54380489C88BE837ECE331A435B7E8EC2D8F6B93782C57C5CAE11130";"Würde gelöscht werden"
"2026-09-28 23:27:07";"DryRun";"F:\Daten\Älter\Bilder\Eigene Aufnahmen\IMG20241206125415.jpg";"E:\OpenCloud\Persönlich (2)\Dokumente\Arbeit\Ausbildung\Schule\Ap1\Berichtsheft (51).jpg";"4123935";"9E464FD5D249453394C47507EF9EF87E4E02F2C7D0BF6DC1F0FDCC5597F08C9D";"9E464FD5D249453394C47507EF9EF87E4E02F2C7D0BF6DC1F0FDCC5597F08C9D";"Würde gelöscht werden"
"2026-09-28 23:27:07";"DryRun";"F:\Daten\Älter\Bilder\Eigene Aufnahmen\IMG20241206125440.jpg";"E:\OpenCloud\Persönlich (2)\Dokumente\Arbeit\Ausbildung\Schule\Ap1\Berichtsheft (53).jpg";"4104800";"64686B35742EF6AC096066B641A22D5C0BEE9448501BBD0E248CE110F831B232";"64686B35742EF6AC096066B641A22D5C0BEE9448501BBD0E248CE110F831B232";"Würde gelöscht werden"
"2026-09-28 23:27:08";"DryRun";"F:\Daten\Älter\Bilder\Eigene Aufnahmen\IMG20241206125452.jpg";"E:\OpenCloud\Persönlich (2)\Dokumente\Arbeit\Ausbildung\Schule\Ap1\Berichtsheft (54).jpg";"4103416";"74236C70CB1C0CE74F303B40E52C734ABE6C6DBFFED8B1775EB57AFF5B97BA6E";"74236C70CB1C0CE74F303B40E52C734ABE6C6DBFFED8B1775EB57AFF5B97BA6E";"Würde gelöscht werden"
"2026-09-28 23:27:08";"DryRun";"F:\Daten\Älter\Bilder\Eigene Aufnahmen\IMG20241206125459.jpg";"E:\OpenCloud\Persönlich (2)\Dokumente\Arbeit\Ausbildung\Schule\Ap1\Berichtsheft (55).jpg";"4047396";"A26FA82D75DA04412F8D83A86A1DFFB53BDBC78C2E461B20FB1C8FC8F6EBB352";"A26FA82D75DA04412F8D83A86A1DFFB53BDBC78C2E461B20FB1C8FC8F6EBB352";"Würde gelöscht werden"
"2026-09-28 23:27:08";"DryRun";"F:\Daten\Älter\Bilder\Eigene Aufnahmen\IMG20241206125506.jpg";"E:\OpenCloud\Persönlich (2)\Dokumente\Arbeit\Ausbildung\Schule\Ap1\Berichtsheft (56).jpg";"3905106";"E683B586607DEC9E7D65585295ED6628B18FDF981EC3B9BE8A71565219BF52AE";"E683B586607DEC9E7D65585295ED6628B18FDF981EC3B9BE8A71565219BF52AE";"Würde gelöscht werden"
"2026-09-28 23:27:08";"DryRun";"F:\Daten\Älter\Bilder\Eigene Aufnahmen\IMG20241206125512.jpg";"E:\OpenCloud\Persönlich (2)\Dokumente\Arbeit\Ausbildung\Schule\Ap1\Berichtsheft (57).jpg";"4185824";"CB09E03624CFF0985EB07BE95DACFF95600367AB53660AC596EF5C67BA159B1B";"CB09E03624CFF0985EB07BE95DACFF95600367AB53660AC596EF5C67BA159B1B";"Würde gelöscht werden"
"2026-09-28 23:27:08";"DryRun";"F:\Daten\Älter\Bilder\Eigene Aufnahmen\IMG20241206125519.jpg";"E:\OpenCloud\Persönlich (2)\Dokumente\Arbeit\Ausbildung\Schule\Ap1\Berichtsheft (58).jpg";"3858710";"1D8ABA610C99CA21C01963127F3D22598E4F79A4A51D5E7445F1D0B8B0837CAD";"1D8ABA610C99CA21C01963127F3D22598E4F79A4A51D5E7445F1D0B8B0837CAD";"Würde gelöscht werden"
"2026-09-28 23:27:08";"DryRun";"F:\Daten\Älter\Bilder\Eigene Aufnahmen\IMG20241206125526.jpg";"E:\OpenCloud\Persönlich (2)\Dokumente\Arbeit\Ausbildung\Schule\Ap1\Berichtsheft (59).jpg";"3911379";"610C1A4740D18FAC0194013E5CB84EFB0292D632CD2D2613D8DF560A79779938";"610C1A4740D18FAC0194013E5CB84EFB0292D632CD2D2613D8DF560A79779938";"Würde gelöscht werden"
"2026-09-28 23:27:09";"DryRun";"F:\Daten\Älter\Bilder\Eigene Aufnahmen\IMG20241206125533.jpg";"E:\OpenCloud\Persönlich (2)\Dokumente\Arbeit\Ausbildung\Schule\Ap1\Berichtsheft (60).jpg";"4098598";"BF2EE78C820705ACCE878E8CE7AFD7BD37E896A8A1C26B7FEFFE8EC4A86BB184";"BF2EE78C820705ACCE878E8CE7AFD7BD37E896A8A1C26B7FEFFE8EC4A86BB184";"Würde gelöscht werden"
"2026-09-28 23:27:09";"DryRun";"F:\Daten\Älter\Bilder\Eigene Aufnahmen\IMG20241206125540.jpg";"E:\OpenCloud\Persönlich (2)\Dokumente\Arbeit\Ausbildung\Schule\Ap1\Berichtsheft (61).jpg";"4227748";"CC31DD999126DA9B3F2379237D85711D72B5445EEDB8FF60EE80AEA4393E6E07";"CC31DD999126DA9B3F2379237D85711D72B5445EEDB8FF60EE80AEA4393E6E07";"Würde gelöscht werden"
"2026-09-28 23:27:09";"DryRun";"F:\Daten\Älter\Bilder\Eigene Aufnahmen\IMG20241206125554.jpg";"E:\OpenCloud\Persönlich (2)\Dokumente\Arbeit\Ausbildung\Schule\Ap1\Berichtsheft (63).jpg";"4078094";"FDA4A1986649025DA9C720CB3F5597690300F9E8D099DB8C3C8BDB3A68AFA7E2";"FDA4A1986649025DA9C720CB3F5597690300F9E8D099DB8C3C8BDB3A68AFA7E2";"Würde gelöscht werden"
"2026-09-28 23:27:09";"DryRun";"F:\Daten\Älter\Bilder\Eigene Aufnahmen\IMG20241206125601.jpg";"E:\OpenCloud\Persönlich (2)\Dokumente\Arbeit\Ausbildung\Schule\Ap1\Berichtsheft (64).jpg";"4291986";"8C1001FADA3C3FF2BE718CEBCBDE5F297CDFA3CC5247780C48050156EBF8E671";"8C1001FADA3C3FF2BE718CEBCBDE5F297CDFA3CC5247780C48050156EBF8E671";"Würde gelöscht werden"
"2026-09-28 23:27:09";"DryRun";"F:\Daten\Älter\Bilder\Eigene Aufnahmen\IMG20241207161049.jpg";"E:\OpenCloud\Persönlich (2)\Fotos\Verschiedenes\IMG20241207161049.jpg";"5471853";"53FD4EEF1C54DD069AC84249ABA7C623382517432DE0BA34285C680160125824";"53FD4EEF1C54DD069AC84249ABA7C623382517432DE0BA34285C680160125824";"Würde gelöscht werden"
"2026-09-28 23:27:09";"DryRun";"F:\Daten\Älter\Bilder\Eigene Aufnahmen\IMG20241221192518 1.jpg";"E:\OpenCloud\Persönlich (2)\Fotos\Verschiedenes\IMG20241221192518 1.jpg";"4554260";"E82F53EECCF366EAA886715A3F9849DB40E4908F89316B31F586AC2A915AFC0B";"E82F53EECCF366EAA886715A3F9849DB40E4908F89316B31F586AC2A915AFC0B";"Würde gelöscht werden"
"2026-09-28 23:27:10";"DryRun";"F:\Daten\Älter\Bilder\Eigene Aufnahmen\IMG20241221192518.jpg";"E:\OpenCloud\Persönlich (2)\Fotos\Verschiedenes\IMG20241221192518.jpg";"4554260";"E82F53EECCF366EAA886715A3F9849DB40E4908F89316B31F586AC2A915AFC0B";"E82F53EECCF366EAA886715A3F9849DB40E4908F89316B31F586AC2A915AFC0B";"Würde gelöscht werden"
"2026-09-28 23:27:10";"DryRun";"F:\Daten\Älter\Bilder\Eigene Aufnahmen\IMG20241224161931 1.jpg";"E:\OpenCloud\Persönlich (2)\Fotos\Dogos\IMG20241224161931 1.jpg";"5057985";"4B10F19CDC024D66C54CFF97EADB20298A21469A8A458B0B23B44DF3FCF1880B";"4B10F19CDC024D66C54CFF97EADB20298A21469A8A458B0B23B44DF3FCF1880B";"Würde gelöscht werden"
"2026-09-28 23:27:10";"DryRun";"F:\Daten\Älter\Bilder\Eigene Aufnahmen\IMG20241224161931.jpg";"E:\OpenCloud\Persönlich (2)\Fotos\Dogos\IMG20241224161931.jpg";"5057985";"4B10F19CDC024D66C54CFF97EADB20298A21469A8A458B0B23B44DF3FCF1880B";"4B10F19CDC024D66C54CFF97EADB20298A21469A8A458B0B23B44DF3FCF1880B";"Würde gelöscht werden"
"2026-09-28 23:27:10";"DryRun";"F:\Daten\Älter\Bilder\Eigene Aufnahmen\IMG20250111155112 1.jpg";"E:\OpenCloud\Persönlich (2)\Fotos\Verschiedenes\IMG20250111155112.jpg";"4197041";"F86C1417C2441B10BFA94893E3EBA3CBDCD7A5394F069AF508D99AA2EAF244CD";"F86C1417C2441B10BFA94893E3EBA3CBDCD7A5394F069AF508D99AA2EAF244CD";"Würde gelöscht werden"
"2026-09-28 23:27:10";"DryRun";"F:\Daten\Älter\Bilder\Eigene Aufnahmen\IMG20250111155112.jpg";"E:\OpenCloud\Persönlich (2)\Fotos\Verschiedenes\IMG20250111155112.jpg";"4197041";"F86C1417C2441B10BFA94893E3EBA3CBDCD7A5394F069AF508D99AA2EAF244CD";"F86C1417C2441B10BFA94893E3EBA3CBDCD7A5394F069AF508D99AA2EAF244CD";"Würde gelöscht werden"
"2026-09-28 23:27:11";"DryRun";"F:\Daten\Älter\Bilder\Eigene Aufnahmen\IMG20250125195943 1.jpg";"E:\OpenCloud\Persönlich (2)\Fotos\Dokumente\IMG20250125195943 1.jpg";"3836296";"0534139DFCCC80D61C887FAA1E71FDFAE303F23C379CAABD3F03C947E755F507";"0534139DFCCC80D61C887FAA1E71FDFAE303F23C379CAABD3F03C947E755F507";"Würde gelöscht werden"
"2026-09-28 23:27:11";"DryRun";"F:\Daten\Älter\Bilder\Eigene Aufnahmen\IMG20250125195943.jpg";"E:\OpenCloud\Persönlich (2)\Fotos\Dokumente\IMG20250125195943.jpg";"3836296";"0534139DFCCC80D61C887FAA1E71FDFAE303F23C379CAABD3F03C947E755F507";"0534139DFCCC80D61C887FAA1E71FDFAE303F23C379CAABD3F03C947E755F507";"Würde gelöscht werden"
"2026-09-28 23:27:11";"DryRun";"F:\Daten\Älter\Bilder\Eigene Aufnahmen\IMG20250126150711 1.jpg";"E:\OpenCloud\Persönlich (2)\Fotos\Dokumente\IMG20250126150711 1.jpg";"4383512";"5F6156F3B12F4EBECBECEC90228C777400A52628FA89E28BD0B4506F0E6C5E7C";"5F6156F3B12F4EBECBECEC90228C777400A52628FA89E28BD0B4506F0E6C5E7C";"Würde gelöscht werden"
"2026-09-28 23:27:11";"DryRun";"F:\Daten\Älter\Bilder\Eigene Aufnahmen\IMG20250126150711.jpg";"E:\OpenCloud\Persönlich (2)\Fotos\Dokumente\IMG20250126150711.jpg";"4383512";"5F6156F3B12F4EBECBECEC90228C777400A52628FA89E28BD0B4506F0E6C5E7C";"5F6156F3B12F4EBECBECEC90228C777400A52628FA89E28BD0B4506F0E6C5E7C";"Würde gelöscht werden"
"2026-09-28 23:27:11";"DryRun";"F:\Daten\Älter\Bilder\Eigene Aufnahmen\IMG20250126150714 1.jpg";"E:\OpenCloud\Persönlich (2)\Fotos\Dokumente\IMG20250126150714 1.jpg";"4541189";"D20F58C51DEBDF0C2826E86A727CF3309D0B9DF1A8F39FCD9046DB9E81D6A8B7";"D20F58C51DEBDF0C2826E86A727CF3309D0B9DF1A8F39FCD9046DB9E81D6A8B7";"Würde gelöscht werden"
"2026-09-28 23:27:11";"DryRun";"F:\Daten\Älter\Bilder\Eigene Aufnahmen\IMG20250126150714.jpg";"E:\OpenCloud\Persönlich (2)\Fotos\Dokumente\IMG20250126150714.jpg";"4545443";"08EED44C4DC2A53B29F78F810ED70668243F565B71D9A5DFD1E24D039A6E5000";"08EED44C4DC2A53B29F78F810ED70668243F565B71D9A5DFD1E24D039A6E5000";"Würde gelöscht werden"
"2026-09-28 23:27:12";"DryRun";"F:\Daten\Älter\Bilder\Eigene Aufnahmen\IMG20250126150739 1.jpg";"E:\OpenCloud\Persönlich (2)\Fotos\Dokumente\IMG20250126150739 1.jpg";"4210300";"4E7C46B48C5480C2500D235E0F5EB4B4890CC9B89EBCC9FAAA9DDA1815050926";"4E7C46B48C5480C2500D235E0F5EB4B4890CC9B89EBCC9FAAA9DDA1815050926";"Würde gelöscht werden"
"2026-09-28 23:27:12";"DryRun";"F:\Daten\Älter\Bilder\Eigene Aufnahmen\IMG20250126150739.jpg";"E:\OpenCloud\Persönlich (2)\Fotos\Dokumente\IMG20250126150739.jpg";"4210300";"4E7C46B48C5480C2500D235E0F5EB4B4890CC9B89EBCC9FAAA9DDA1815050926";"4E7C46B48C5480C2500D235E0F5EB4B4890CC9B89EBCC9FAAA9DDA1815050926";"Würde gelöscht werden"
"2026-09-28 23:27:12";"DryRun";"F:\Daten\Älter\Bilder\Eigene Aufnahmen\IMG20250203212642.jpg";"E:\OpenCloud\Persönlich (2)\Fotos\Verschiedenes\IMG20250203212642.jpg";"3920605";"B15D3358C309173D2BD1F3BB741B02EC26FA61B02A97AC4224E296AF74C850FA";"B15D3358C309173D2BD1F3BB741B02EC26FA61B02A97AC4224E296AF74C850FA";"Würde gelöscht werden"
"2026-09-28 23:27:12";"DryRun";"F:\Daten\Älter\Bilder\Eigene Aufnahmen\IMG20250210163939 1.jpg";"E:\OpenCloud\Persönlich (2)\Fotos\Dokumente\IMG20250210163939.jpg";"3649700";"6D4E9ECA57A4CA9A2568BFE7DD59F44CE8E1728F5E2C86F5ABC6F588654FEC91";"6D4E9ECA57A4CA9A2568BFE7DD59F44CE8E1728F5E2C86F5ABC6F588654FEC91";"Würde gelöscht werden"
"2026-09-28 23:27:12";"DryRun";"F:\Daten\Älter\Bilder\Eigene Aufnahmen\IMG20250210163939.jpg";"E:\OpenCloud\Persönlich (2)\Fotos\Dokumente\IMG20250210163939.jpg";"3649700";"6D4E9ECA57A4CA9A2568BFE7DD59F44CE8E1728F5E2C86F5ABC6F588654FEC91";"6D4E9ECA57A4CA9A2568BFE7DD59F44CE8E1728F5E2C86F5ABC6F588654FEC91";"Würde gelöscht werden"
"2026-09-28 23:27:12";"DryRun";"F:\Daten\Älter\Bilder\Eigene Aufnahmen\IMG20250213182525 1.jpg";"E:\OpenCloud\Persönlich (2)\Fotos\Verschiedenes\2025\02\Camera\IMG20250213182525.jpg";"4379800";"193E4E94A85E36BA5F552B6A4348A8221869C41E8DAD68D6F2E128971B29E1D6";"193E4E94A85E36BA5F552B6A4348A8221869C41E8DAD68D6F2E128971B29E1D6";"Würde gelöscht werden"
"2026-09-28 23:27:12";"DryRun";"F:\Daten\Älter\Bilder\Eigene Aufnahmen\IMG20250213182525.jpg";"E:\OpenCloud\Persönlich (2)\Fotos\Verschiedenes\2025\02\Camera\IMG20250213182525.jpg";"4379800";"193E4E94A85E36BA5F552B6A4348A8221869C41E8DAD68D6F2E128971B29E1D6";"193E4E94A85E36BA5F552B6A4348A8221869C41E8DAD68D6F2E128971B29E1D6";"Würde gelöscht werden"
"2026-09-28 23:27:13";"DryRun";"F:\Daten\Älter\Bilder\Eigene Aufnahmen\IMG20250213182529 1.jpg";"E:\OpenCloud\Persönlich (2)\Fotos\Verschiedenes\2025\02\Camera\IMG20250213182529.jpg";"4318257";"03930CE9557B84437C69FD189DC2EA494C48E48140C8A75C1884944161A00091";"03930CE9557B84437C69FD189DC2EA494C48E48140C8A75C1884944161A00091";"Würde gelöscht werden"
"2026-09-28 23:27:13";"DryRun";"F:\Daten\Älter\Bilder\Eigene Aufnahmen\IMG20250213182529.jpg";"E:\OpenCloud\Persönlich (2)\Fotos\Verschiedenes\2025\02\Camera\IMG20250213182529.jpg";"4318257";"03930CE9557B84437C69FD189DC2EA494C48E48140C8A75C1884944161A00091";"03930CE9557B84437C69FD189DC2EA494C48E48140C8A75C1884944161A00091";"Würde gelöscht werden"
"2026-09-28 23:27:13";"DryRun";"F:\Daten\Älter\Bilder\Eigene Aufnahmen\IMG20250213182544 1.jpg";"E:\OpenCloud\Persönlich (2)\Fotos\Verschiedenes\2025\02\Camera\IMG20250213182544.jpg";"4830319";"95A710B936E9053A61E4FE7B6A9406962253F984BC0F9879F9A8AF1C7DF21422";"95A710B936E9053A61E4FE7B6A9406962253F984BC0F9879F9A8AF1C7DF21422";"Würde gelöscht werden"
"2026-09-28 23:27:13";"DryRun";"F:\Daten\Älter\Bilder\Eigene Aufnahmen\IMG20250213182544.jpg";"E:\OpenCloud\Persönlich (2)\Fotos\Verschiedenes\2025\02\Camera\IMG20250213182544.jpg";"4830319";"95A710B936E9053A61E4FE7B6A9406962253F984BC0F9879F9A8AF1C7DF21422";"95A710B936E9053A61E4FE7B6A9406962253F984BC0F9879F9A8AF1C7DF21422";"Würde gelöscht werden"
"2026-09-28 23:27:13";"DryRun";"F:\Daten\Älter\Bilder\Eigene Aufnahmen\IMG20250213182626 1.jpg";"E:\OpenCloud\Persönlich (2)\Fotos\Verschiedenes\2025\02\Camera\IMG20250213182626.jpg";"4603157";"E5E7A736E18011CC01EAA042B262D81B44D7128DC897F57BD704DCA3CED3F1A2";"E5E7A736E18011CC01EAA042B262D81B44D7128DC897F57BD704DCA3CED3F1A2";"Würde gelöscht werden"
"2026-09-28 23:27:14";"DryRun";"F:\Daten\Älter\Bilder\Eigene Aufnahmen\IMG20250213182626.jpg";"E:\OpenCloud\Persönlich (2)\Fotos\Verschiedenes\2025\02\Camera\IMG20250213182626.jpg";"4603157";"E5E7A736E18011CC01EAA042B262D81B44D7128DC897F57BD704DCA3CED3F1A2";"E5E7A736E18011CC01EAA042B262D81B44D7128DC897F57BD704DCA3CED3F1A2";"Würde gelöscht werden"
"2026-09-28 23:27:14";"DryRun";"F:\Daten\Älter\Bilder\Eigene Aufnahmen\IMG20250314195709 1.jpg";"E:\OpenCloud\Persönlich (2)\Fotos\Verschiedenes\IMG20250314195709 1.jpg";"4794755";"183930E0CC43AAD6524BC35CF607CF7CB6006CC70C05827141B01EECC5BBA142";"183930E0CC43AAD6524BC35CF607CF7CB6006CC70C05827141B01EECC5BBA142";"Würde gelöscht werden"
"2026-09-28 23:27:14";"DryRun";"F:\Daten\Älter\Bilder\Eigene Aufnahmen\IMG20250314195709.jpg";"E:\OpenCloud\Persönlich (2)\Fotos\Verschiedenes\IMG20250314195709.jpg";"4794755";"183930E0CC43AAD6524BC35CF607CF7CB6006CC70C05827141B01EECC5BBA142";"183930E0CC43AAD6524BC35CF607CF7CB6006CC70C05827141B01EECC5BBA142";"Würde gelöscht werden"
"2026-09-28 23:27:14";"DryRun";"F:\Daten\Älter\Bilder\Eigene Aufnahmen\IMG20250314203302.jpg";"E:\OpenCloud\Persönlich (2)\Fotos\Verschiedenes\IMG20250314203302.jpg";"5034306";"EDC5F692E9D471050B99DD84816005A56F7D25CD4DD384F98FFC02F9CA10A6EA";"EDC5F692E9D471050B99DD84816005A56F7D25CD4DD384F98FFC02F9CA10A6EA";"Würde gelöscht werden"
"2026-09-28 23:27:14";"DryRun";"F:\Daten\Älter\Bilder\Eigene Aufnahmen\IMG20250320125607 1.jpg";"E:\OpenCloud\Persönlich (2)\Fotos\Verschiedenes\IMG20250320125607 1.jpg";"4054395";"28F6D81805B0BBD15BF8794096E31B9FF2FD6E14CE1AE909B910ADE45C2D1978";"28F6D81805B0BBD15BF8794096E31B9FF2FD6E14CE1AE909B910ADE45C2D1978";"Würde gelöscht werden"
"2026-09-28 23:27:15";"DryRun";"F:\Daten\Älter\Bilder\Eigene Aufnahmen\IMG20250320125607.jpg";"E:\OpenCloud\Persönlich (2)\Fotos\Verschiedenes\IMG20250320125607.jpg";"4054395";"28F6D81805B0BBD15BF8794096E31B9FF2FD6E14CE1AE909B910ADE45C2D1978";"28F6D81805B0BBD15BF8794096E31B9FF2FD6E14CE1AE909B910ADE45C2D1978";"Würde gelöscht werden"
"2026-09-28 23:27:15";"DryRun";"F:\Daten\Älter\Bilder\Eigene Aufnahmen\IMG20250320125613 1.jpg";"E:\OpenCloud\Persönlich (2)\Fotos\Verschiedenes\IMG20250320125613 1.jpg";"4105229";"F964515D023F5579C1C026DBA51E325A0CEC82AA4B3ED232538666FD2330902B";"F964515D023F5579C1C026DBA51E325A0CEC82AA4B3ED232538666FD2330902B";"Würde gelöscht werden"
"2026-09-28 23:27:15";"DryRun";"F:\Daten\Älter\Bilder\Eigene Aufnahmen\IMG20250320125613.jpg";"E:\OpenCloud\Persönlich (2)\Fotos\Verschiedenes\IMG20250320125613.jpg";"4105229";"F964515D023F5579C1C026DBA51E325A0CEC82AA4B3ED232538666FD2330902B";"F964515D023F5579C1C026DBA51E325A0CEC82AA4B3ED232538666FD2330902B";"Würde gelöscht werden"
"2026-09-28 23:27:15";"DryRun";"F:\Daten\Älter\Bilder\Eigene Aufnahmen\IMG20250401164741.jpg";"E:\OpenCloud\Persönlich (2)\Fotos\Dokumente\IMG20250401164741.jpg";"14246133";"903478470A1F092FFA3937223928F9ECC2FFF08F31A3194B003C6C94FA737865";"903478470A1F092FFA3937223928F9ECC2FFF08F31A3194B003C6C94FA737865";"Würde gelöscht werden"
"2026-09-28 23:27:16";"DryRun";"F:\Daten\Älter\Bilder\Eigene Aufnahmen\IMG20250401164747.jpg";"E:\OpenCloud\Persönlich (2)\Fotos\Dokumente\IMG20250401164747.jpg";"12866523";"1095EA8BA247F66B6D86788E9D6D8B365F1DCF911279E01E14E6222B18DB481B";"1095EA8BA247F66B6D86788E9D6D8B365F1DCF911279E01E14E6222B18DB481B";"Würde gelöscht werden"
"2026-09-28 23:27:16";"DryRun";"F:\Daten\Älter\Bilder\Eigene Aufnahmen\IMG20250401164753.jpg";"E:\OpenCloud\Persönlich (2)\Fotos\Dokumente\IMG20250401164753.jpg";"20716130";"3EB2B1877390038E4C04511A1B33590E86CC61AEBC185ED34A40585DFA9122FE";"3EB2B1877390038E4C04511A1B33590E86CC61AEBC185ED34A40585DFA9122FE";"Würde gelöscht werden"
"2026-09-28 23:27:17";"DryRun";"F:\Daten\Älter\Bilder\Eigene Aufnahmen\IMG20250401164758.jpg";"E:\OpenCloud\Persönlich (2)\Fotos\Dokumente\IMG20250401164758.jpg";"13871859";"F9E110ACD764707B89EC0B1C70DF8433AC4C26A2282D3DB75719BC84D492AEF5";"F9E110ACD764707B89EC0B1C70DF8433AC4C26A2282D3DB75719BC84D492AEF5";"Würde gelöscht werden"
"2026-09-28 23:27:18";"DryRun";"F:\Daten\Älter\Bilder\Eigene Aufnahmen\IMG20250401164803.jpg";"E:\OpenCloud\Persönlich (2)\Fotos\Dokumente\IMG20250401164803.jpg";"14790093";"C126EB1641DCABB13AA3030C003AFFFE1FFE67CA2184DFD71DEC1A0E7C0B1E98";"C126EB1641DCABB13AA3030C003AFFFE1FFE67CA2184DFD71DEC1A0E7C0B1E98";"Würde gelöscht werden"
"2026-09-28 23:27:19";"DryRun";"F:\Daten\Älter\Bilder\Eigene Aufnahmen\IMG20250401164810.jpg";"E:\OpenCloud\Persönlich (2)\Fotos\Dokumente\IMG20250401164810.jpg";"16278738";"E609CA28324B6E73240A19AB59F19058B790FAD510EA8B9052C0CB7BFE4D1ABB";"E609CA28324B6E73240A19AB59F19058B790FAD510EA8B9052C0CB7BFE4D1ABB";"Würde gelöscht werden"
"2026-09-28 23:27:20";"DryRun";"F:\Daten\Älter\Bilder\Eigene Aufnahmen\IMG20250401164814.jpg";"E:\OpenCloud\Persönlich (2)\Fotos\Dokumente\IMG20250401164814.jpg";"15808508";"2C2C4B47FBF809A4921A2126F68A051C26515E7A573DA553E2C0D746D2AA4CEB";"2C2C4B47FBF809A4921A2126F68A051C26515E7A573DA553E2C0D746D2AA4CEB";"Würde gelöscht werden"
"2026-09-28 23:27:21";"DryRun";"F:\Daten\Älter\Bilder\Eigene Aufnahmen\IMG20250424181100.jpg";"E:\OpenCloud\Persönlich (2)\Fotos\Verschiedenes\2025\04\Camera\IMG20250424181100.jpg";"11888152";"0D2B7979D28C6A4866AEF859C3779BB51BE2127D4D92B30BE840F4DD9E71892B";"0D2B7979D28C6A4866AEF859C3779BB51BE2127D4D92B30BE840F4DD9E71892B";"Würde gelöscht werden"
"2026-09-28 23:27:22";"DryRun";"F:\Daten\Älter\Bilder\Eigene Aufnahmen\IMG20250426192010.jpg";"E:\OpenCloud\Persönlich (2)\Fotos\Verschiedenes\2025\04\Camera\IMG20250426192010.jpg";"13455834";"FDC31911E65D94D2113E4F62B53243191586909B612C096450263609F55074BB";"FDC31911E65D94D2113E4F62B53243191586909B612C096450263609F55074BB";"Würde gelöscht werden"
"2026-09-28 23:27:22";"DryRun";"F:\Daten\Älter\Bilder\Eigene Aufnahmen\IMG20250427170801.jpg";"E:\OpenCloud\Persönlich (2)\Fotos\Dogos\IMG20250427170801.jpg";"13094843";"04A2535D59AB5D16BF0878C13AB594E9E0BD5C73DF7852D9123362E86E430390";"04A2535D59AB5D16BF0878C13AB594E9E0BD5C73DF7852D9123362E86E430390";"Würde gelöscht werden"
"2026-09-28 23:27:23";"DryRun";"F:\Daten\Älter\Bilder\Eigene Aufnahmen\IMG20250427170807.jpg";"E:\OpenCloud\Persönlich (2)\Fotos\Dogos\IMG20250427170807.jpg";"11381087";"13734332A0DA533770F492830EB450C0F2864F1A0F29FE3220439819B812F8D1";"13734332A0DA533770F492830EB450C0F2864F1A0F29FE3220439819B812F8D1";"Würde gelöscht werden"
"2026-09-28 23:27:25";"DryRun";"F:\Daten\Älter\Bilder\Eigene Aufnahmen\VID_20220803_150955.mp4";"E:\OpenCloud\Persönlich (2)\Fotos\Wandern\Berchtdesgarden 22\VID_20220803_150955.mp4";"44986274";"7B5F427300EE76E3FD67D0542521A807EABA13A80C1F312981BABCD1A2F715A8";"7B5F427300EE76E3FD67D0542521A807EABA13A80C1F312981BABCD1A2F715A8";"Würde gelöscht werden"
"2026-09-28 23:27:30";"DryRun";"F:\Daten\Älter\Bilder\Eigene Aufnahmen\VID_20220803_151007.mp4";"E:\OpenCloud\Persönlich (2)\Fotos\Wandern\Berchtdesgarden 22\VID_20220803_151007.mp4";"122514306";"1A84610D08E6A9213AA64E8EBAE3B5418F345176D294819047BA6BAD6F0212CB";"1A84610D08E6A9213AA64E8EBAE3B5418F345176D294819047BA6BAD6F0212CB";"Würde gelöscht werden"
"2026-09-28 23:27:35";"DryRun";"F:\Daten\Älter\Bilder\Eigene Aufnahmen\VID_20220803_160414.mp4";"E:\OpenCloud\Persönlich (2)\Fotos\Wandern\Berchtdesgarden 22\VID_20220803_160414.mp4";"172814878";"26EE714A3631D3C945FA7205C7D4BF951C8B26AF15715B80076EE6345D517E9C";"26EE714A3631D3C945FA7205C7D4BF951C8B26AF15715B80076EE6345D517E9C";"Würde gelöscht werden"
"2026-09-28 23:27:37";"DryRun";"F:\Daten\Älter\Bilder\Eigene Aufnahmen\VID_20220803_162606.mp4";"E:\OpenCloud\Persönlich (2)\Fotos\Wandern\Berchtdesgarden 22\VID_20220803_162606.mp4";"56887442";"965D94F06F802D66202948BA916B66E3215C47B2601A25931E1DFB12185638E8";"965D94F06F802D66202948BA916B66E3215C47B2601A25931E1DFB12185638E8";"Würde gelöscht werden"
"2026-09-28 23:27:41";"DryRun";"F:\Daten\Älter\Bilder\Eigene Aufnahmen\VID_20220803_162958.mp4";"E:\OpenCloud\Persönlich (2)\Fotos\Wandern\Berchtdesgarden 22\VID_20220803_162958.mp4";"73630931";"79B88969486E490C4098E04AE18F5E93D4066490535F7033F7EEB0D717CDCA4B";"79B88969486E490C4098E04AE18F5E93D4066490535F7033F7EEB0D717CDCA4B";"Würde gelöscht werden"
"2026-09-28 23:27:41";"DryRun";"F:\Daten\Älter\Bilder\Eigene Aufnahmen\VID_20220811_152224.mp4";"E:\OpenCloud\Persönlich (2)\Fotos\Verschiedenes\VID_20220811_152224.mp4";"13954617";"0486D69EAB4F376668B599FA3D6A734BDA8B1617B0958C22B77C63172901B57A";"0486D69EAB4F376668B599FA3D6A734BDA8B1617B0958C22B77C63172901B57A";"Würde gelöscht werden"
"2026-09-28 23:27:42";"DryRun";"F:\Daten\Älter\Bilder\Eigene Aufnahmen\VID_20220811_152239.mp4";"E:\OpenCloud\Persönlich (2)\Fotos\Verschiedenes\VID_20220811_152239.mp4";"16784404";"A3C56D16F3580124396B962578AFD5B6D9B1235C248E6262748ED2E0AF40A535";"A3C56D16F3580124396B962578AFD5B6D9B1235C248E6262748ED2E0AF40A535";"Würde gelöscht werden"
"2026-09-28 23:27:47";"DryRun";"F:\Daten\Älter\Bilder\Eigene Aufnahmen\VID_20231209_102945.mp4";"E:\OpenCloud\Persönlich (2)\Fotos\Verschiedenes\VID_20231209_102945.mp4";"89743330";"0590A0FE0051472379687174530F03ECFDD52D725D5AC033A0FCE5A8C4D733BF";"0590A0FE0051472379687174530F03ECFDD52D725D5AC033A0FCE5A8C4D733BF";"Würde gelöscht werden"
"2026-09-28 23:27:51";"DryRun";"F:\Daten\Älter\Bilder\Eigene Aufnahmen\VID_20231209_103011.mp4";"E:\OpenCloud\Persönlich (2)\Fotos\Verschiedenes\VID_20231209_103011.mp4";"129700434";"E1CCA62F84CB2E70CF02A1F25BA20BDAA3464880770B861A4DF4C9795D75918A";"E1CCA62F84CB2E70CF02A1F25BA20BDAA3464880770B861A4DF4C9795D75918A";"Würde gelöscht werden"
"2026-09-28 23:27:52";"DryRun";"F:\Daten\Älter\Bilder\Eigene Aufnahmen\VID20240420154359.mp4";"E:\OpenCloud\Persönlich (2)\Fotos\Dogos\VID20240420154359.mp4";"44930382";"10C17FAA5AA5F3BD25D3CA22A3D2229C99AB461B6BE5018A9C56DDFF347932B1";"10C17FAA5AA5F3BD25D3CA22A3D2229C99AB461B6BE5018A9C56DDFF347932B1";"Würde gelöscht werden"
"2026-09-28 23:27:54";"DryRun";"F:\Daten\Älter\Bilder\Eigene Aufnahmen\VID20240525114324.mp4";"E:\OpenCloud\Persönlich (2)\Fotos\Dogos\VID20240525114324.mp4";"56833671";"3D122B079013F29D18D7F9D11A86671CDD32BDDE326C2E132840BAEA04150763";"3D122B079013F29D18D7F9D11A86671CDD32BDDE326C2E132840BAEA04150763";"Würde gelöscht werden"
"2026-09-28 23:28:05";"DryRun";"F:\Daten\Älter\Bilder\Eigene Aufnahmen\VID20240615184330.mp4";"E:\OpenCloud\Persönlich (2)\Fotos\Dogos\VID20240615184330.mp4";"333998745";"8D6A252E3CD839DF764DF8FDDB8A00C2399D2F4EE02E3283B432BBE0800396FB";"8D6A252E3CD839DF764DF8FDDB8A00C2399D2F4EE02E3283B432BBE0800396FB";"Würde gelöscht werden"
"2026-09-28 23:28:22";"DryRun";"F:\Daten\Älter\Bilder\Eigene Aufnahmen\VID20240629192231.mp4";"E:\OpenCloud\Persönlich (2)\Fotos\Dogos\VID20240629192231.mp4";"562775917";"99218DC7E8A15B049D468D2BE9139AAEBB4415E2BD98950BD899740180EE2ACE";"99218DC7E8A15B049D468D2BE9139AAEBB4415E2BD98950BD899740180EE2ACE";"Würde gelöscht werden"
"2026-09-28 23:28:24";"DryRun";"F:\Daten\Älter\Bilder\Eigene Aufnahmen\VID20240704155231.mp4";"E:\OpenCloud\Persönlich (2)\Fotos\Wandern\Walchsee 24\VID20240704155231.mp4";"58445140";"26B3D5D77090D474870F3BB1FDB18D0E29A027E7F17958384804C3F3048C9EEB";"26B3D5D77090D474870F3BB1FDB18D0E29A027E7F17958384804C3F3048C9EEB";"Würde gelöscht werden"
"2026-09-28 23:28:26";"DryRun";"F:\Daten\Älter\Bilder\Eigene Aufnahmen\VID20240711194713.mp4";"E:\OpenCloud\Persönlich (2)\Fotos\Verschiedenes\VID20240711194713.mp4";"38528370";"B0ADDB3BA23B96580B5AE5825269D9C96BA633FEDBC2FA419620E3CBA951EDF7";"B0ADDB3BA23B96580B5AE5825269D9C96BA633FEDBC2FA419620E3CBA951EDF7";"Würde gelöscht werden"
"2026-09-28 23:28:28";"DryRun";"F:\Daten\Älter\Bilder\Eigene Aufnahmen\VID20240713145513.mp4";"E:\OpenCloud\Persönlich (2)\Fotos\Fesitval\VID20240713145513.mp4";"56071651";"CDC0ED0D4CACF155ACBB6A9AEDE385617821D6F5DA976E40CB1141D882D835BD";"CDC0ED0D4CACF155ACBB6A9AEDE385617821D6F5DA976E40CB1141D882D835BD";"Würde gelöscht werden"
"2026-09-28 23:28:30";"DryRun";"F:\Daten\Älter\Bilder\Eigene Aufnahmen\VID20240713231933.mp4";"E:\OpenCloud\Persönlich (2)\Fotos\Fesitval\VID20240713231933.mp4";"85811042";"3FAC7FFE8986D7F2FEDACC29EE42B26E90753BAD6AA1EF7A628890227CB1B827";"3FAC7FFE8986D7F2FEDACC29EE42B26E90753BAD6AA1EF7A628890227CB1B827";"Würde gelöscht werden"
"2026-09-28 23:28:41";"DryRun";"F:\Daten\Älter\Bilder\Eigene Aufnahmen\VID20240718233748.mp4";"E:\OpenCloud\Persönlich (2)\Fotos\Fesitval\Tomorrowland\VID20240718233748.mp4";"344846544";"CADA5C62542D41F799DC98B4577DBAB929A48DE0AAC635A58DFE27975E4E727C";"CADA5C62542D41F799DC98B4577DBAB929A48DE0AAC635A58DFE27975E4E727C";"Würde gelöscht werden"
"2026-09-28 23:28:47";"DryRun";"F:\Daten\Älter\Bilder\Eigene Aufnahmen\VID20240718234204.mp4";"E:\OpenCloud\Persönlich (2)\Fotos\Fesitval\Tomorrowland\VID20240718234204.mp4";"148939572";"74C12788A4C4B93CAD0E48980FBA5ECB43C8E62CF9DC9A52DD18C201538EB18C";"74C12788A4C4B93CAD0E48980FBA5ECB43C8E62CF9DC9A52DD18C201538EB18C";"Würde gelöscht werden"
"2026-09-28 23:28:47";"DryRun";"F:\Daten\Älter\Bilder\Eigene Aufnahmen\VID20240718234845.mp4";"E:\OpenCloud\Persönlich (2)\Fotos\Fesitval\Tomorrowland\VID20240718234845.mp4";"1219538";"D77C91489682FD2411527344823F6E85EE28B97EF2246C2F32FAAF3020AFC4BA";"D77C91489682FD2411527344823F6E85EE28B97EF2246C2F32FAAF3020AFC4BA";"Würde gelöscht werden"
"2026-09-28 23:28:49";"DryRun";"F:\Daten\Älter\Bilder\Eigene Aufnahmen\VID20240718234849.mp4";"E:\OpenCloud\Persönlich (2)\Fotos\Fesitval\Tomorrowland\VID20240718234849.mp4";"81162625";"AEB2DD72B5AAC9181F819478F6BE2CD4DF53927662541F53A785D318F4ACFA48";"AEB2DD72B5AAC9181F819478F6BE2CD4DF53927662541F53A785D318F4ACFA48";"Würde gelöscht werden"
"2026-09-28 23:29:01";"DryRun";"F:\Daten\Älter\Bilder\Eigene Aufnahmen\VID20240718234901.mp4";"E:\OpenCloud\Persönlich (2)\Fotos\Fesitval\Tomorrowland\VID20240718234901.mp4";"376323431";"7B7CD017814BFA3AE9B8B6472C8D0DACC4684376860A5C61061C96876BAD3AEF";"7B7CD017814BFA3AE9B8B6472C8D0DACC4684376860A5C61061C96876BAD3AEF";"Würde gelöscht werden"
